run,scenario,config,arrival_s,ttft_s,status,served_by,upstream_calls
1,hang,no breaker,0.0,5.0583,200,beta,2
1,hang,first-token timeout,0.0,1.0655,200,beta,2
1,hang,breaker,0.0,5.0579,200,beta,2
1,hang,breaker + first-token timeout,0.0,1.0652,200,beta,2
1,hang,no breaker,0.26,5.065,200,beta,2
1,hang,first-token timeout,0.26,1.0718,200,beta,2
1,hang,breaker,0.26,5.0653,200,beta,2
1,hang,breaker + first-token timeout,0.26,1.0716,200,beta,2
1,hang,no breaker,0.51,5.0582,200,beta,2
1,hang,first-token timeout,0.51,1.0578,200,beta,2
1,hang,breaker,0.51,5.0578,200,beta,2
1,hang,breaker + first-token timeout,0.51,1.0575,200,beta,2
1,hang,no breaker,0.76,5.0625,200,beta,2
1,hang,first-token timeout,0.76,1.0614,200,beta,2
1,hang,breaker,0.76,5.0621,200,beta,2
1,hang,breaker + first-token timeout,0.76,1.0613,200,beta,2
1,hang,no breaker,1.01,5.0577,200,beta,2
1,hang,first-token timeout,1.01,1.0547,200,beta,2
1,hang,breaker,1.01,5.0587,200,beta,2
1,hang,breaker + first-token timeout,1.01,1.0552,200,beta,2
1,hang,no breaker,1.27,5.0768,200,beta,2
1,hang,first-token timeout,1.27,1.0499,200,beta,2
1,hang,breaker,1.27,5.076,200,beta,2
1,hang,breaker + first-token timeout,1.27,1.0497,200,beta,2
1,hang,no breaker,1.52,5.0791,200,beta,2
1,hang,first-token timeout,1.52,1.0654,200,beta,2
1,hang,breaker,1.52,5.0783,200,beta,2
1,hang,breaker + first-token timeout,1.52,0.0612,200,beta,1
1,hang,no breaker,1.76,5.0664,200,beta,2
1,hang,first-token timeout,1.76,1.0811,200,beta,2
1,hang,breaker,1.76,5.0675,200,beta,2
1,hang,breaker + first-token timeout,1.76,0.0632,200,beta,1
1,hang,no breaker,2.01,5.056,200,beta,2
1,hang,first-token timeout,2.01,1.069,200,beta,2
1,hang,breaker,2.01,5.0564,200,beta,2
1,hang,breaker + first-token timeout,2.01,0.0573,200,beta,1
1,hang,no breaker,2.25,5.0588,200,beta,2
1,hang,first-token timeout,2.25,1.0395,200,beta,2
1,hang,breaker,2.25,5.0593,200,beta,2
1,hang,breaker + first-token timeout,2.25,0.0688,200,beta,1
1,hang,no breaker,2.5,5.0724,200,beta,2
1,hang,first-token timeout,2.5,1.0583,200,beta,2
1,hang,breaker,2.5,5.0723,200,beta,2
1,hang,breaker + first-token timeout,2.5,0.0478,200,beta,1
1,hang,no breaker,2.75,5.0701,200,beta,2
1,hang,first-token timeout,2.75,1.0572,200,beta,2
1,hang,breaker,2.75,5.0705,200,beta,2
1,hang,breaker + first-token timeout,2.75,0.0501,200,beta,1
1,hang,no breaker,3.0,5.0492,200,beta,2
1,hang,first-token timeout,3.0,1.0516,200,beta,2
1,hang,breaker,3.0,5.0487,200,beta,2
1,hang,breaker + first-token timeout,3.0,0.0526,200,beta,1
1,hang,no breaker,3.25,5.0719,200,beta,2
1,hang,first-token timeout,3.25,1.053,200,beta,2
1,hang,breaker,3.25,5.048,200,beta,2
1,hang,breaker + first-token timeout,3.25,0.0398,200,beta,1
1,hang,no breaker,3.5,5.0525,200,beta,2
1,hang,first-token timeout,3.5,1.0545,200,beta,2
1,hang,breaker,3.5,5.0517,200,beta,2
1,hang,breaker + first-token timeout,3.5,0.0565,200,beta,1
1,hang,no breaker,3.75,5.0731,200,beta,2
1,hang,first-token timeout,3.75,1.0561,200,beta,2
1,hang,breaker,3.75,5.0505,200,beta,2
1,hang,breaker + first-token timeout,3.75,0.0571,200,beta,1
1,hang,no breaker,4.01,5.0511,200,beta,2
1,hang,first-token timeout,4.01,1.0433,200,beta,2
1,hang,breaker,4.01,5.0511,200,beta,2
1,hang,breaker + first-token timeout,4.01,0.0392,200,beta,1
1,hang,no breaker,4.25,5.0635,200,beta,2
1,hang,first-token timeout,4.25,1.0733,200,beta,2
1,hang,breaker,4.25,5.0642,200,beta,2
1,hang,breaker + first-token timeout,4.25,0.0562,200,beta,1
1,hang,no breaker,4.5,5.0577,200,beta,2
1,hang,first-token timeout,4.5,1.0669,200,beta,2
1,hang,breaker,4.5,5.0576,200,beta,2
1,hang,breaker + first-token timeout,4.5,0.0558,200,beta,1
1,hang,no breaker,4.75,5.0577,200,beta,2
1,hang,first-token timeout,4.75,1.0509,200,beta,2
1,hang,breaker,4.75,5.0578,200,beta,2
1,hang,breaker + first-token timeout,4.75,0.0571,200,beta,1
1,hang,no breaker,5.01,5.0513,200,beta,2
1,hang,first-token timeout,5.01,1.0557,200,beta,2
1,hang,breaker,5.01,5.0502,200,beta,2
1,hang,breaker + first-token timeout,5.01,0.0468,200,beta,1
1,hang,no breaker,5.26,5.0607,200,beta,2
1,hang,first-token timeout,5.26,1.0536,200,beta,2
1,hang,breaker,5.26,5.0612,200,beta,2
1,hang,breaker + first-token timeout,5.26,0.0627,200,beta,1
1,hang,no breaker,5.51,5.0645,200,beta,2
1,hang,first-token timeout,5.51,1.0774,200,beta,2
1,hang,breaker,5.51,5.0649,200,beta,2
1,hang,breaker + first-token timeout,5.51,0.0583,200,beta,1
1,hang,no breaker,5.78,5.0779,200,beta,2
1,hang,first-token timeout,5.78,1.049,200,beta,2
1,hang,breaker,5.78,0.0451,200,beta,1
1,hang,breaker + first-token timeout,5.78,0.0442,200,beta,1
1,hang,no breaker,6.01,5.0657,200,beta,2
1,hang,first-token timeout,6.01,1.0535,200,beta,2
1,hang,breaker,6.01,0.0579,200,beta,1
1,hang,breaker + first-token timeout,6.01,0.0563,200,beta,1
1,hang,no breaker,6.26,5.0644,200,beta,2
1,hang,first-token timeout,6.26,1.0561,200,beta,2
1,hang,breaker,6.26,0.0575,200,beta,1
1,hang,breaker + first-token timeout,6.26,0.0573,200,beta,1
1,hang,no breaker,6.49,5.0493,200,beta,2
1,hang,first-token timeout,6.49,1.0802,200,beta,2
1,hang,breaker,6.49,0.0481,200,beta,1
1,hang,breaker + first-token timeout,6.49,0.0475,200,beta,1
1,hang,no breaker,6.76,5.0624,200,beta,2
1,hang,first-token timeout,6.76,1.0653,200,beta,2
1,hang,breaker,6.76,0.0674,200,beta,1
1,hang,breaker + first-token timeout,6.76,0.0669,200,beta,1
1,hang,no breaker,7.0,5.0689,200,beta,2
1,hang,first-token timeout,7.0,1.047,200,beta,2
1,hang,breaker,7.0,0.0583,200,beta,1
1,hang,breaker + first-token timeout,7.0,0.0573,200,beta,1
1,hang,no breaker,7.25,5.0635,200,beta,2
1,hang,first-token timeout,7.25,1.0709,200,beta,2
1,hang,breaker,7.25,0.0595,200,beta,1
1,hang,breaker + first-token timeout,7.25,0.0581,200,beta,1
1,hang,no breaker,7.51,5.0743,200,beta,2
1,hang,first-token timeout,7.51,1.0591,200,beta,2
1,hang,breaker,7.51,0.0558,200,beta,1
1,hang,breaker + first-token timeout,7.51,1.0586,200,beta,2
1,hang,no breaker,7.76,5.0557,200,beta,2
1,hang,first-token timeout,7.76,1.0604,200,beta,2
1,hang,breaker,7.76,0.058,200,beta,1
1,hang,breaker + first-token timeout,7.76,0.0589,200,beta,1
1,hang,no breaker,8.01,5.0639,200,beta,2
1,hang,first-token timeout,8.01,1.053,200,beta,2
1,hang,breaker,8.01,0.062,200,beta,1
1,hang,breaker + first-token timeout,8.01,0.0618,200,beta,1
1,hang,no breaker,8.26,5.0547,200,beta,2
1,hang,first-token timeout,8.26,1.0532,200,beta,2
1,hang,breaker,8.26,0.0621,200,beta,1
1,hang,breaker + first-token timeout,8.26,0.062,200,beta,1
1,hang,no breaker,8.51,5.0627,200,beta,2
1,hang,first-token timeout,8.51,1.0458,200,beta,2
1,hang,breaker,8.51,0.0624,200,beta,1
1,hang,breaker + first-token timeout,8.51,0.0625,200,beta,1
1,hang,no breaker,8.76,5.0535,200,beta,2
1,hang,first-token timeout,8.76,1.0458,200,beta,2
1,hang,breaker,8.76,0.0612,200,beta,1
1,hang,breaker + first-token timeout,8.76,0.0615,200,beta,1
1,hang,no breaker,9.01,5.0632,200,beta,2
1,hang,first-token timeout,9.01,1.0532,200,beta,2
1,hang,breaker,9.01,0.058,200,beta,1
1,hang,breaker + first-token timeout,9.01,0.0566,200,beta,1
1,hang,no breaker,9.25,5.0521,200,beta,2
1,hang,first-token timeout,9.25,1.0668,200,beta,2
1,hang,breaker,9.25,0.0576,200,beta,1
1,hang,breaker + first-token timeout,9.25,0.0579,200,beta,1
1,hang,no breaker,9.51,5.055,200,beta,2
1,hang,first-token timeout,9.51,1.0573,200,beta,2
1,hang,breaker,9.51,0.0413,200,beta,1
1,hang,breaker + first-token timeout,9.51,0.0408,200,beta,1
1,hang,no breaker,9.76,5.0473,200,beta,2
1,hang,first-token timeout,9.76,1.053,200,beta,2
1,hang,breaker,9.76,0.0416,200,beta,1
1,hang,breaker + first-token timeout,9.76,0.0406,200,beta,1
1,hang,no breaker,10.01,5.0743,200,beta,2
1,hang,first-token timeout,10.01,1.0606,200,beta,2
1,hang,breaker,10.01,0.0465,200,beta,1
1,hang,breaker + first-token timeout,10.01,0.0459,200,beta,1
1,hang,no breaker,10.26,5.0576,200,beta,2
1,hang,first-token timeout,10.26,1.0558,200,beta,2
1,hang,breaker,10.26,0.0556,200,beta,1
1,hang,breaker + first-token timeout,10.26,0.0553,200,beta,1
1,hang,no breaker,10.51,5.0713,200,beta,2
1,hang,first-token timeout,10.51,1.0459,200,beta,2
1,hang,breaker,10.51,0.0563,200,beta,1
1,hang,breaker + first-token timeout,10.51,0.0549,200,beta,1
1,hang,no breaker,10.76,5.0579,200,beta,2
1,hang,first-token timeout,10.76,1.0517,200,beta,2
1,hang,breaker,10.76,0.0533,200,beta,1
1,hang,breaker + first-token timeout,10.76,0.0527,200,beta,1
1,hang,no breaker,11.0,5.0456,200,beta,2
1,hang,first-token timeout,11.0,1.0509,200,beta,2
1,hang,breaker,11.0,0.0526,200,beta,1
1,hang,breaker + first-token timeout,11.0,0.0521,200,beta,1
1,hang,no breaker,11.26,5.059,200,beta,2
1,hang,first-token timeout,11.26,1.0557,200,beta,2
1,hang,breaker,11.26,0.0586,200,beta,1
1,hang,breaker + first-token timeout,11.26,0.0585,200,beta,1
1,hang,no breaker,11.51,5.0723,200,beta,2
1,hang,first-token timeout,11.51,1.077,200,beta,2
1,hang,breaker,11.51,0.05,200,beta,1
1,hang,breaker + first-token timeout,11.51,0.0496,200,beta,1
1,hang,no breaker,11.76,5.0712,200,beta,2
1,hang,first-token timeout,11.76,1.0561,200,beta,2
1,hang,breaker,11.76,0.0563,200,beta,1
1,hang,breaker + first-token timeout,11.76,0.0557,200,beta,1
1,hang,no breaker,12.01,5.0685,200,beta,2
1,hang,first-token timeout,12.01,1.0639,200,beta,2
1,hang,breaker,12.01,0.0604,200,beta,1
1,hang,breaker + first-token timeout,12.01,0.0604,200,beta,1
1,hang,no breaker,12.26,5.0716,200,beta,2
1,hang,first-token timeout,12.26,1.0774,200,beta,2
1,hang,breaker,12.26,0.0566,200,beta,1
1,hang,breaker + first-token timeout,12.26,0.057,200,beta,1
1,hang,no breaker,12.52,5.0721,200,beta,2
1,hang,first-token timeout,12.52,1.0485,200,beta,2
1,hang,breaker,12.52,0.0646,200,beta,1
1,hang,breaker + first-token timeout,12.52,0.0638,200,beta,1
1,hang,no breaker,12.76,5.0562,200,beta,2
1,hang,first-token timeout,12.76,1.0546,200,beta,2
1,hang,breaker,12.76,0.0576,200,beta,1
1,hang,breaker + first-token timeout,12.76,0.0566,200,beta,1
1,hang,no breaker,13.01,5.0732,200,beta,2
1,hang,first-token timeout,13.01,1.0623,200,beta,2
1,hang,breaker,13.01,0.0669,200,beta,1
1,hang,breaker + first-token timeout,13.01,0.0674,200,beta,1
1,hang,no breaker,13.27,5.0799,200,beta,2
1,hang,first-token timeout,13.27,1.0726,200,beta,2
1,hang,breaker,13.27,0.0614,200,beta,1
1,hang,breaker + first-token timeout,13.27,0.0608,200,beta,1
1,hang,no breaker,13.51,5.0731,200,beta,2
1,hang,first-token timeout,13.51,1.0642,200,beta,2
1,hang,breaker,13.51,0.0666,200,beta,1
1,hang,breaker + first-token timeout,13.51,0.0664,200,beta,1
1,hang,no breaker,13.76,5.072,200,beta,2
1,hang,first-token timeout,13.76,1.0562,200,beta,2
1,hang,breaker,13.76,0.0569,200,beta,1
1,hang,breaker + first-token timeout,13.76,1.0559,200,beta,2
1,hang,no breaker,14.0,5.0829,200,beta,2
1,hang,first-token timeout,14.0,1.0829,200,beta,2
1,hang,breaker,14.0,0.0637,200,beta,1
1,hang,breaker + first-token timeout,14.0,0.0641,200,beta,1
1,hang,no breaker,14.24,5.0824,200,beta,2
1,hang,first-token timeout,14.24,1.0804,200,beta,2
1,hang,breaker,14.24,0.063,200,beta,1
1,hang,breaker + first-token timeout,14.24,0.0628,200,beta,1
1,hang,no breaker,14.51,5.0837,200,beta,2
1,hang,first-token timeout,14.51,1.0797,200,beta,2
1,hang,breaker,14.51,0.0635,200,beta,1
1,hang,breaker + first-token timeout,14.51,0.0644,200,beta,1
1,hang,no breaker,14.75,5.039,200,beta,2
1,hang,first-token timeout,14.75,1.0671,200,beta,2
1,hang,breaker,14.75,0.0573,200,beta,1
1,hang,breaker + first-token timeout,14.75,0.0574,200,beta,1
1,503,no breaker,0.0,0.4545,200,beta,4
1,503,first-token timeout,0.0,1.172,200,beta,4
1,503,breaker,0.0,1.3008,200,beta,3
1,503,breaker + first-token timeout,0.0,1.1153,200,beta,3
1,503,no breaker,0.26,0.7485,200,beta,4
1,503,first-token timeout,0.26,0.6907,200,beta,4
1,503,breaker,0.26,0.504,200,beta,2
1,503,breaker + first-token timeout,0.26,0.2882,200,beta,2
1,503,no breaker,0.51,0.5009,200,beta,4
1,503,first-token timeout,0.51,0.7726,200,beta,4
1,503,breaker,0.51,0.0608,200,beta,1
1,503,breaker + first-token timeout,0.51,0.06,200,beta,1
1,503,no breaker,0.76,1.4035,200,beta,4
1,503,first-token timeout,0.76,1.0337,200,beta,4
1,503,breaker,0.76,0.0549,200,beta,1
1,503,breaker + first-token timeout,0.76,0.0548,200,beta,1
1,503,no breaker,1.0,0.8461,200,beta,4
1,503,first-token timeout,1.0,0.7306,200,beta,4
1,503,breaker,1.0,0.0563,200,beta,1
1,503,breaker + first-token timeout,1.0,0.0561,200,beta,1
1,503,no breaker,1.25,1.073,200,beta,4
1,503,first-token timeout,1.25,0.9848,200,beta,4
1,503,breaker,1.25,0.0482,200,beta,1
1,503,breaker + first-token timeout,1.25,0.0478,200,beta,1
1,503,no breaker,1.52,0.9291,200,beta,4
1,503,first-token timeout,1.52,0.5507,200,beta,4
1,503,breaker,1.52,0.0512,200,beta,1
1,503,breaker + first-token timeout,1.52,0.0511,200,beta,1
1,503,no breaker,1.73,1.0644,200,beta,4
1,503,first-token timeout,1.73,0.334,200,beta,4
1,503,breaker,1.73,0.0564,200,beta,1
1,503,breaker + first-token timeout,1.73,0.0564,200,beta,1
1,503,no breaker,2.01,0.9237,200,beta,4
1,503,first-token timeout,2.01,1.0029,200,beta,4
1,503,breaker,2.01,0.0525,200,beta,1
1,503,breaker + first-token timeout,2.01,0.0521,200,beta,1
1,503,no breaker,2.26,0.8979,200,beta,4
1,503,first-token timeout,2.26,0.5366,200,beta,4
1,503,breaker,2.26,0.0628,200,beta,1
1,503,breaker + first-token timeout,2.26,0.0624,200,beta,1
1,503,no breaker,2.52,0.3624,200,beta,4
1,503,first-token timeout,2.52,0.7154,200,beta,4
1,503,breaker,2.52,0.0406,200,beta,1
1,503,breaker + first-token timeout,2.52,0.0616,200,beta,1
1,503,no breaker,2.75,0.7069,200,beta,4
1,503,first-token timeout,2.75,0.4845,200,beta,4
1,503,breaker,2.75,0.045,200,beta,1
1,503,breaker + first-token timeout,2.75,0.0455,200,beta,1
1,503,no breaker,3.01,0.8685,200,beta,4
1,503,first-token timeout,3.01,0.78,200,beta,4
1,503,breaker,3.01,0.0567,200,beta,1
1,503,breaker + first-token timeout,3.01,0.0566,200,beta,1
1,503,no breaker,3.26,1.1981,200,beta,4
1,503,first-token timeout,3.26,0.5349,200,beta,4
1,503,breaker,3.26,0.0634,200,beta,1
1,503,breaker + first-token timeout,3.26,0.0633,200,beta,1
1,503,no breaker,3.5,1.1496,200,beta,4
1,503,first-token timeout,3.5,0.8766,200,beta,4
1,503,breaker,3.5,0.0547,200,beta,1
1,503,breaker + first-token timeout,3.5,0.0545,200,beta,1
1,503,no breaker,3.75,0.5005,200,beta,4
1,503,first-token timeout,3.75,0.9605,200,beta,4
1,503,breaker,3.75,0.0406,200,beta,1
1,503,breaker + first-token timeout,3.75,0.0403,200,beta,1
1,503,no breaker,4.02,1.2622,200,beta,4
1,503,first-token timeout,4.02,1.3989,200,beta,4
1,503,breaker,4.02,0.0554,200,beta,1
1,503,breaker + first-token timeout,4.02,0.0551,200,beta,1
1,503,no breaker,4.25,0.3563,200,beta,4
1,503,first-token timeout,4.25,0.2368,200,beta,4
1,503,breaker,4.25,0.0512,200,beta,1
1,503,breaker + first-token timeout,4.25,0.0509,200,beta,1
1,503,no breaker,4.51,0.5694,200,beta,4
1,503,first-token timeout,4.51,0.5693,200,beta,4
1,503,breaker,4.51,0.0463,200,beta,1
1,503,breaker + first-token timeout,4.51,0.046,200,beta,1
1,503,no breaker,4.76,1.4811,200,beta,4
1,503,first-token timeout,4.76,0.571,200,beta,4
1,503,breaker,4.76,0.0646,200,beta,1
1,503,breaker + first-token timeout,4.76,0.0643,200,beta,1
1,503,no breaker,4.99,0.316,200,beta,4
1,503,first-token timeout,4.99,0.445,200,beta,4
1,503,breaker,4.99,0.068,200,beta,1
1,503,breaker + first-token timeout,4.99,0.0678,200,beta,1
1,503,no breaker,5.26,0.7605,200,beta,4
1,503,first-token timeout,5.26,1.0923,200,beta,4
1,503,breaker,5.26,0.0525,200,beta,1
1,503,breaker + first-token timeout,5.26,0.0523,200,beta,1
1,503,no breaker,5.5,0.6217,200,beta,4
1,503,first-token timeout,5.5,1.2804,200,beta,4
1,503,breaker,5.5,0.057,200,beta,2
1,503,breaker + first-token timeout,5.5,0.0569,200,beta,2
1,503,no breaker,5.75,1.0714,200,beta,4
1,503,first-token timeout,5.75,1.3136,200,beta,4
1,503,breaker,5.75,0.0616,200,beta,1
1,503,breaker + first-token timeout,5.75,0.0615,200,beta,1
1,503,no breaker,6.01,0.504,200,beta,4
1,503,first-token timeout,6.01,0.4756,200,beta,4
1,503,breaker,6.01,0.0558,200,beta,1
1,503,breaker + first-token timeout,6.01,0.0558,200,beta,1
1,503,no breaker,6.26,0.7972,200,beta,4
1,503,first-token timeout,6.26,0.981,200,beta,4
1,503,breaker,6.26,0.0542,200,beta,1
1,503,breaker + first-token timeout,6.26,0.0542,200,beta,1
1,503,no breaker,6.51,0.6317,200,beta,4
1,503,first-token timeout,6.51,0.3635,200,beta,4
1,503,breaker,6.51,0.0483,200,beta,1
1,503,breaker + first-token timeout,6.51,0.0481,200,beta,1
1,503,no breaker,6.76,1.2939,200,beta,4
1,503,first-token timeout,6.76,0.7972,200,beta,4
1,503,breaker,6.76,0.0591,200,beta,1
1,503,breaker + first-token timeout,6.76,0.0589,200,beta,1
1,503,no breaker,6.99,0.8487,200,beta,4
1,503,first-token timeout,6.99,0.9016,200,beta,4
1,503,breaker,6.99,0.0687,200,beta,1
1,503,breaker + first-token timeout,6.99,0.0683,200,beta,1
1,503,no breaker,7.25,0.931,200,beta,4
1,503,first-token timeout,7.25,1.3921,200,beta,4
1,503,breaker,7.25,0.0531,200,beta,1
1,503,breaker + first-token timeout,7.25,0.0531,200,beta,1
1,503,no breaker,7.5,0.6804,200,beta,4
1,503,first-token timeout,7.5,0.9146,200,beta,4
1,503,breaker,7.5,0.0622,200,beta,1
1,503,breaker + first-token timeout,7.5,0.0627,200,beta,1
1,503,no breaker,7.75,0.5405,200,beta,4
1,503,first-token timeout,7.75,1.1084,200,beta,4
1,503,breaker,7.75,0.0511,200,beta,1
1,503,breaker + first-token timeout,7.75,0.051,200,beta,1
1,503,no breaker,8.01,0.5399,200,beta,4
1,503,first-token timeout,8.01,0.7828,200,beta,4
1,503,breaker,8.01,0.0605,200,beta,1
1,503,breaker + first-token timeout,8.01,0.0605,200,beta,1
1,503,no breaker,8.26,1.1236,200,beta,4
1,503,first-token timeout,8.26,0.7551,200,beta,4
1,503,breaker,8.26,0.0466,200,beta,1
1,503,breaker + first-token timeout,8.26,0.0464,200,beta,1
1,503,no breaker,8.51,0.5274,200,beta,4
1,503,first-token timeout,8.51,0.9859,200,beta,4
1,503,breaker,8.51,0.0601,200,beta,1
1,503,breaker + first-token timeout,8.51,0.0598,200,beta,1
1,503,no breaker,8.76,0.8998,200,beta,4
1,503,first-token timeout,8.76,0.2545,200,beta,4
1,503,breaker,8.76,0.0547,200,beta,1
1,503,breaker + first-token timeout,8.76,0.0544,200,beta,1
1,503,no breaker,9.02,0.4567,200,beta,4
1,503,first-token timeout,9.02,0.4831,200,beta,4
1,503,breaker,9.02,0.0611,200,beta,1
1,503,breaker + first-token timeout,9.02,0.0608,200,beta,1
1,503,no breaker,9.26,0.938,200,beta,4
1,503,first-token timeout,9.26,0.7467,200,beta,4
1,503,breaker,9.26,0.0547,200,beta,1
1,503,breaker + first-token timeout,9.26,0.0544,200,beta,1
1,503,no breaker,9.5,1.2144,200,beta,4
1,503,first-token timeout,9.5,0.9698,200,beta,4
1,503,breaker,9.5,0.0559,200,beta,1
1,503,breaker + first-token timeout,9.5,0.0556,200,beta,1
1,503,no breaker,9.77,1.085,200,beta,4
1,503,first-token timeout,9.77,0.4277,200,beta,4
1,503,breaker,9.77,0.0555,200,beta,1
1,503,breaker + first-token timeout,9.77,0.0555,200,beta,1
1,503,no breaker,10.01,1.3927,200,beta,4
1,503,first-token timeout,10.01,1.0943,200,beta,4
1,503,breaker,10.01,0.0629,200,beta,1
1,503,breaker + first-token timeout,10.01,0.0626,200,beta,1
1,503,no breaker,10.26,1.4575,200,beta,4
1,503,first-token timeout,10.26,1.0856,200,beta,4
1,503,breaker,10.26,0.0562,200,beta,1
1,503,breaker + first-token timeout,10.26,0.056,200,beta,1
1,503,no breaker,10.51,0.6733,200,beta,4
1,503,first-token timeout,10.51,0.816,200,beta,4
1,503,breaker,10.51,0.0582,200,beta,2
1,503,breaker + first-token timeout,10.51,0.0581,200,beta,2
1,503,no breaker,10.77,1.2242,200,beta,4
1,503,first-token timeout,10.77,0.2831,200,beta,4
1,503,breaker,10.77,0.0548,200,beta,1
1,503,breaker + first-token timeout,10.77,0.0544,200,beta,1
1,503,no breaker,11.0,0.5544,200,beta,4
1,503,first-token timeout,11.0,0.6525,200,beta,4
1,503,breaker,11.0,0.0486,200,beta,1
1,503,breaker + first-token timeout,11.0,0.0483,200,beta,1
1,503,no breaker,11.27,0.7021,200,beta,4
1,503,first-token timeout,11.27,0.7583,200,beta,4
1,503,breaker,11.27,0.0522,200,beta,1
1,503,breaker + first-token timeout,11.27,0.0523,200,beta,1
1,503,no breaker,11.52,0.7115,200,beta,4
1,503,first-token timeout,11.52,0.7645,200,beta,4
1,503,breaker,11.52,0.0605,200,beta,1
1,503,breaker + first-token timeout,11.52,0.0602,200,beta,1
1,503,no breaker,11.76,0.5192,200,beta,4
1,503,first-token timeout,11.76,0.7021,200,beta,4
1,503,breaker,11.76,0.0621,200,beta,1
1,503,breaker + first-token timeout,11.76,0.0617,200,beta,1
1,503,no breaker,12.02,1.0791,200,beta,4
1,503,first-token timeout,12.02,1.1539,200,beta,4
1,503,breaker,12.02,0.0643,200,beta,1
1,503,breaker + first-token timeout,12.02,0.0642,200,beta,1
1,503,no breaker,12.26,1.0529,200,beta,4
1,503,first-token timeout,12.26,0.8252,200,beta,4
1,503,breaker,12.26,0.0449,200,beta,1
1,503,breaker + first-token timeout,12.26,0.0446,200,beta,1
1,503,no breaker,12.5,0.623,200,beta,4
1,503,first-token timeout,12.5,0.8917,200,beta,4
1,503,breaker,12.5,0.0554,200,beta,1
1,503,breaker + first-token timeout,12.5,0.0553,200,beta,1
1,503,no breaker,12.75,0.2977,200,beta,4
1,503,first-token timeout,12.75,0.6424,200,beta,4
1,503,breaker,12.75,0.0519,200,beta,1
1,503,breaker + first-token timeout,12.75,0.0518,200,beta,1
1,503,no breaker,13.0,0.7298,200,beta,4
1,503,first-token timeout,13.0,0.3542,200,beta,4
1,503,breaker,13.0,0.0469,200,beta,1
1,503,breaker + first-token timeout,13.0,0.0468,200,beta,1
1,503,no breaker,13.27,0.4182,200,beta,4
1,503,first-token timeout,13.27,0.7284,200,beta,4
1,503,breaker,13.27,0.0431,200,beta,1
1,503,breaker + first-token timeout,13.27,0.0431,200,beta,1
1,503,no breaker,13.51,1.3123,200,beta,4
1,503,first-token timeout,13.51,1.2262,200,beta,4
1,503,breaker,13.51,0.0558,200,beta,1
1,503,breaker + first-token timeout,13.51,0.0554,200,beta,1
1,503,no breaker,13.76,1.0301,200,beta,4
1,503,first-token timeout,13.76,0.4789,200,beta,4
1,503,breaker,13.76,0.0629,200,beta,1
1,503,breaker + first-token timeout,13.76,0.0628,200,beta,1
1,503,no breaker,13.99,0.4618,200,beta,4
1,503,first-token timeout,13.99,0.5678,200,beta,4
1,503,breaker,13.99,0.0515,200,beta,1
1,503,breaker + first-token timeout,13.99,0.0514,200,beta,1
1,503,no breaker,14.24,0.6404,200,beta,4
1,503,first-token timeout,14.24,0.8685,200,beta,4
1,503,breaker,14.24,0.0547,200,beta,1
1,503,breaker + first-token timeout,14.24,0.0547,200,beta,1
1,503,no breaker,14.5,1.2193,200,beta,4
1,503,first-token timeout,14.5,0.567,200,beta,4
1,503,breaker,14.5,0.0557,200,beta,1
1,503,breaker + first-token timeout,14.5,0.0554,200,beta,1
1,503,no breaker,14.74,1.1545,200,beta,4
1,503,first-token timeout,14.74,0.6434,200,beta,4
1,503,breaker,14.74,0.0499,200,beta,1
1,503,breaker + first-token timeout,14.74,0.0497,200,beta,1
2,hang,no breaker,0.0,5.0479,200,beta,2
2,hang,first-token timeout,0.0,1.0654,200,beta,2
2,hang,breaker,0.0,5.0667,200,beta,2
2,hang,breaker + first-token timeout,0.0,1.0653,200,beta,2
2,hang,no breaker,0.27,5.0628,200,beta,2
2,hang,first-token timeout,0.27,1.0475,200,beta,2
2,hang,breaker,0.27,5.0623,200,beta,2
2,hang,breaker + first-token timeout,0.27,1.0843,200,beta,2
2,hang,no breaker,0.5,5.0592,200,beta,2
2,hang,first-token timeout,0.5,1.0739,200,beta,2
2,hang,breaker,0.5,5.0587,200,beta,2
2,hang,breaker + first-token timeout,0.5,1.0726,200,beta,2
2,hang,no breaker,0.77,5.0539,200,beta,2
2,hang,first-token timeout,0.77,1.0502,200,beta,2
2,hang,breaker,0.77,5.0552,200,beta,2
2,hang,breaker + first-token timeout,0.77,1.0507,200,beta,2
2,hang,no breaker,1.02,5.0471,200,beta,2
2,hang,first-token timeout,1.02,1.0364,200,beta,2
2,hang,breaker,1.02,5.0468,200,beta,2
2,hang,breaker + first-token timeout,1.02,1.0369,200,beta,2
2,hang,no breaker,1.26,5.0739,200,beta,2
2,hang,first-token timeout,1.26,1.0503,200,beta,2
2,hang,breaker,1.26,5.0732,200,beta,2
2,hang,breaker + first-token timeout,1.26,1.0501,200,beta,2
2,hang,no breaker,1.5,5.0435,200,beta,2
2,hang,first-token timeout,1.5,1.0512,200,beta,2
2,hang,breaker,1.5,5.043,200,beta,2
2,hang,breaker + first-token timeout,1.5,1.069,200,beta,2
2,hang,no breaker,1.76,5.0588,200,beta,2
2,hang,first-token timeout,1.76,1.0532,200,beta,2
2,hang,breaker,1.76,5.0583,200,beta,2
2,hang,breaker + first-token timeout,1.76,0.057,200,beta,1
2,hang,no breaker,2.01,5.0651,200,beta,2
2,hang,first-token timeout,2.01,1.0547,200,beta,2
2,hang,breaker,2.01,5.0646,200,beta,2
2,hang,breaker + first-token timeout,2.01,0.0467,200,beta,1
2,hang,no breaker,2.26,5.0617,200,beta,2
2,hang,first-token timeout,2.26,1.0543,200,beta,2
2,hang,breaker,2.26,5.061,200,beta,2
2,hang,breaker + first-token timeout,2.26,0.0574,200,beta,1
2,hang,no breaker,2.51,5.0637,200,beta,2
2,hang,first-token timeout,2.51,1.0495,200,beta,2
2,hang,breaker,2.51,5.0636,200,beta,2
2,hang,breaker + first-token timeout,2.51,0.0582,200,beta,1
2,hang,no breaker,2.76,5.0624,200,beta,2
2,hang,first-token timeout,2.76,1.0831,200,beta,2
2,hang,breaker,2.76,5.0627,200,beta,2
2,hang,breaker + first-token timeout,2.76,0.0565,200,beta,1
2,hang,no breaker,3.01,5.0649,200,beta,2
2,hang,first-token timeout,3.01,1.0805,200,beta,2
2,hang,breaker,3.01,5.0653,200,beta,2
2,hang,breaker + first-token timeout,3.01,0.0564,200,beta,1
2,hang,no breaker,3.25,5.0613,200,beta,2
2,hang,first-token timeout,3.25,1.0394,200,beta,2
2,hang,breaker,3.25,5.0617,200,beta,2
2,hang,breaker + first-token timeout,3.25,0.0563,200,beta,1
2,hang,no breaker,3.5,5.088,200,beta,2
2,hang,first-token timeout,3.5,1.0582,200,beta,2
2,hang,breaker,3.5,5.0682,200,beta,2
2,hang,breaker + first-token timeout,3.5,0.0551,200,beta,1
2,hang,no breaker,3.75,5.0447,200,beta,2
2,hang,first-token timeout,3.75,1.0639,200,beta,2
2,hang,breaker,3.75,5.0636,200,beta,2
2,hang,breaker + first-token timeout,3.75,0.0655,200,beta,1
2,hang,no breaker,4.0,5.0698,200,beta,2
2,hang,first-token timeout,4.0,1.0469,200,beta,2
2,hang,breaker,4.0,5.0701,200,beta,2
2,hang,breaker + first-token timeout,4.0,0.0512,200,beta,1
2,hang,no breaker,4.25,5.053,200,beta,2
2,hang,first-token timeout,4.25,1.0597,200,beta,2
2,hang,breaker,4.25,5.0713,200,beta,2
2,hang,breaker + first-token timeout,4.25,0.0421,200,beta,1
2,hang,no breaker,4.51,5.0626,200,beta,2
2,hang,first-token timeout,4.51,1.0493,200,beta,2
2,hang,breaker,4.51,5.0616,200,beta,2
2,hang,breaker + first-token timeout,4.51,0.0463,200,beta,1
2,hang,no breaker,4.76,5.0796,200,beta,2
2,hang,first-token timeout,4.76,1.061,200,beta,2
2,hang,breaker,4.76,5.0787,200,beta,2
2,hang,breaker + first-token timeout,4.76,0.0557,200,beta,1
2,hang,no breaker,5.02,5.0796,200,beta,2
2,hang,first-token timeout,5.02,1.0809,200,beta,2
2,hang,breaker,5.02,5.0791,200,beta,2
2,hang,breaker + first-token timeout,5.02,0.0655,200,beta,1
2,hang,no breaker,5.27,5.0493,200,beta,2
2,hang,first-token timeout,5.27,1.0683,200,beta,2
2,hang,breaker,5.27,5.049,200,beta,2
2,hang,breaker + first-token timeout,5.27,0.0615,200,beta,1
2,hang,no breaker,5.52,5.0518,200,beta,2
2,hang,first-token timeout,5.52,1.0442,200,beta,2
2,hang,breaker,5.52,0.0462,200,beta,1
2,hang,breaker + first-token timeout,5.52,0.0457,200,beta,1
2,hang,no breaker,5.76,5.0649,200,beta,2
2,hang,first-token timeout,5.76,1.0553,200,beta,2
2,hang,breaker,5.76,0.0567,200,beta,1
2,hang,breaker + first-token timeout,5.76,0.058,200,beta,1
2,hang,no breaker,6.01,5.0594,200,beta,2
2,hang,first-token timeout,6.01,1.0597,200,beta,2
2,hang,breaker,6.01,0.0514,200,beta,1
2,hang,breaker + first-token timeout,6.01,0.0507,200,beta,1
2,hang,no breaker,6.25,5.0633,200,beta,2
2,hang,first-token timeout,6.25,1.0687,200,beta,2
2,hang,breaker,6.25,0.0543,200,beta,1
2,hang,breaker + first-token timeout,6.25,0.0539,200,beta,1
2,hang,no breaker,6.51,5.0624,200,beta,2
2,hang,first-token timeout,6.51,1.0605,200,beta,2
2,hang,breaker,6.51,0.0484,200,beta,1
2,hang,breaker + first-token timeout,6.51,0.0485,200,beta,1
2,hang,no breaker,6.76,5.054,200,beta,2
2,hang,first-token timeout,6.76,1.0568,200,beta,2
2,hang,breaker,6.76,0.058,200,beta,1
2,hang,breaker + first-token timeout,6.76,0.0568,200,beta,1
2,hang,no breaker,7.01,5.0763,200,beta,2
2,hang,first-token timeout,7.01,1.0607,200,beta,2
2,hang,breaker,7.01,0.0643,200,beta,1
2,hang,breaker + first-token timeout,7.01,0.0638,200,beta,1
2,hang,no breaker,7.26,5.0706,200,beta,2
2,hang,first-token timeout,7.26,1.0544,200,beta,2
2,hang,breaker,7.26,0.0582,200,beta,1
2,hang,breaker + first-token timeout,7.26,0.0566,200,beta,1
2,hang,no breaker,7.51,5.062,200,beta,2
2,hang,first-token timeout,7.51,1.0616,200,beta,2
2,hang,breaker,7.51,0.0624,200,beta,1
2,hang,breaker + first-token timeout,7.51,1.0803,200,beta,2
2,hang,no breaker,7.76,5.0526,200,beta,2
2,hang,first-token timeout,7.76,1.0576,200,beta,2
2,hang,breaker,7.76,0.059,200,beta,1
2,hang,breaker + first-token timeout,7.76,0.0592,200,beta,1
2,hang,no breaker,8.01,5.0531,200,beta,2
2,hang,first-token timeout,8.01,1.0629,200,beta,2
2,hang,breaker,8.01,0.0633,200,beta,1
2,hang,breaker + first-token timeout,8.01,0.064,200,beta,1
2,hang,no breaker,8.26,5.0596,200,beta,2
2,hang,first-token timeout,8.26,1.0648,200,beta,2
2,hang,breaker,8.26,0.0569,200,beta,1
2,hang,breaker + first-token timeout,8.26,0.0577,200,beta,1
2,hang,no breaker,8.51,5.0776,200,beta,2
2,hang,first-token timeout,8.51,1.0702,200,beta,2
2,hang,breaker,8.51,0.0845,200,beta,1
2,hang,breaker + first-token timeout,8.51,0.0652,200,beta,1
2,hang,no breaker,8.75,5.0869,200,beta,2
2,hang,first-token timeout,8.75,1.0841,200,beta,2
2,hang,breaker,8.75,0.0613,200,beta,1
2,hang,breaker + first-token timeout,8.75,0.0605,200,beta,1
2,hang,no breaker,9.0,5.052,200,beta,2
2,hang,first-token timeout,9.0,1.0617,200,beta,2
2,hang,breaker,9.0,0.0674,200,beta,1
2,hang,breaker + first-token timeout,9.0,0.0658,200,beta,1
2,hang,no breaker,9.25,5.0389,200,beta,2
2,hang,first-token timeout,9.25,1.0467,200,beta,2
2,hang,breaker,9.25,0.0694,200,beta,1
2,hang,breaker + first-token timeout,9.25,0.0689,200,beta,1
2,hang,no breaker,9.5,5.0706,200,beta,2
2,hang,first-token timeout,9.5,1.0474,200,beta,2
2,hang,breaker,9.5,0.0533,200,beta,1
2,hang,breaker + first-token timeout,9.5,0.0528,200,beta,1
2,hang,no breaker,9.75,5.065,200,beta,2
2,hang,first-token timeout,9.75,1.0432,200,beta,2
2,hang,breaker,9.75,0.0525,200,beta,1
2,hang,breaker + first-token timeout,9.75,0.052,200,beta,1
2,hang,no breaker,10.01,5.0738,200,beta,2
2,hang,first-token timeout,10.01,1.0615,200,beta,2
2,hang,breaker,10.01,0.0523,200,beta,1
2,hang,breaker + first-token timeout,10.01,0.0518,200,beta,1
2,hang,no breaker,10.26,5.0632,200,beta,2
2,hang,first-token timeout,10.26,1.0531,200,beta,2
2,hang,breaker,10.26,0.0586,200,beta,1
2,hang,breaker + first-token timeout,10.26,0.058,200,beta,1
2,hang,no breaker,10.51,5.0767,200,beta,2
2,hang,first-token timeout,10.51,1.0653,200,beta,2
2,hang,breaker,10.51,0.0599,200,beta,1
2,hang,breaker + first-token timeout,10.51,0.0595,200,beta,1
2,hang,no breaker,10.74,5.0749,200,beta,2
2,hang,first-token timeout,10.74,1.0733,200,beta,2
2,hang,breaker,10.74,0.0524,200,beta,1
2,hang,breaker + first-token timeout,10.74,0.0521,200,beta,1
2,hang,no breaker,11.01,5.0688,200,beta,2
2,hang,first-token timeout,11.01,1.0781,200,beta,2
2,hang,breaker,11.01,0.0643,200,beta,1
2,hang,breaker + first-token timeout,11.01,0.0644,200,beta,1
2,hang,no breaker,11.26,5.0744,200,beta,2
2,hang,first-token timeout,11.26,1.0738,200,beta,2
2,hang,breaker,11.26,0.0556,200,beta,1
2,hang,breaker + first-token timeout,11.26,0.055,200,beta,1
2,hang,no breaker,11.51,5.0641,200,beta,2
2,hang,first-token timeout,11.51,1.0612,200,beta,2
2,hang,breaker,11.51,0.0633,200,beta,1
2,hang,breaker + first-token timeout,11.51,0.0621,200,beta,1
2,hang,no breaker,11.76,5.0774,200,beta,2
2,hang,first-token timeout,11.76,1.0548,200,beta,2
2,hang,breaker,11.76,0.0551,200,beta,1
2,hang,breaker + first-token timeout,11.76,0.0555,200,beta,1
2,hang,no breaker,12.02,5.0588,200,beta,2
2,hang,first-token timeout,12.02,1.0749,200,beta,2
2,hang,breaker,12.02,0.0625,200,beta,1
2,hang,breaker + first-token timeout,12.02,0.0628,200,beta,1
2,hang,no breaker,12.24,5.0743,200,beta,2
2,hang,first-token timeout,12.24,1.0555,200,beta,2
2,hang,breaker,12.24,0.0534,200,beta,1
2,hang,breaker + first-token timeout,12.24,0.053,200,beta,1
2,hang,no breaker,12.5,5.0645,200,beta,2
2,hang,first-token timeout,12.5,1.0775,200,beta,2
2,hang,breaker,12.5,0.065,200,beta,1
2,hang,breaker + first-token timeout,12.5,0.0645,200,beta,1
2,hang,no breaker,12.75,5.0745,200,beta,2
2,hang,first-token timeout,12.75,1.0859,200,beta,2
2,hang,breaker,12.75,0.0572,200,beta,1
2,hang,breaker + first-token timeout,12.75,0.0568,200,beta,1
2,hang,no breaker,13.01,5.0743,200,beta,2
2,hang,first-token timeout,13.01,1.0475,200,beta,2
2,hang,breaker,13.01,0.0512,200,beta,1
2,hang,breaker + first-token timeout,13.01,0.0507,200,beta,1
2,hang,no breaker,13.27,5.0563,200,beta,2
2,hang,first-token timeout,13.27,1.0784,200,beta,2
2,hang,breaker,13.27,0.065,200,beta,1
2,hang,breaker + first-token timeout,13.27,0.0649,200,beta,1
2,hang,no breaker,13.49,5.057,200,beta,2
2,hang,first-token timeout,13.49,1.0794,200,beta,2
2,hang,breaker,13.49,0.0552,200,beta,1
2,hang,breaker + first-token timeout,13.49,0.0548,200,beta,1
2,hang,no breaker,13.75,5.0576,200,beta,2
2,hang,first-token timeout,13.75,1.0422,200,beta,2
2,hang,breaker,13.75,0.0669,200,beta,1
2,hang,breaker + first-token timeout,13.75,1.0611,200,beta,2
2,hang,no breaker,14.01,5.0632,200,beta,2
2,hang,first-token timeout,14.01,1.0792,200,beta,2
2,hang,breaker,14.01,0.0498,200,beta,1
2,hang,breaker + first-token timeout,14.01,0.0495,200,beta,1
2,hang,no breaker,14.24,5.0556,200,beta,2
2,hang,first-token timeout,14.24,1.0609,200,beta,2
2,hang,breaker,14.24,0.0474,200,beta,1
2,hang,breaker + first-token timeout,14.24,0.0474,200,beta,1
2,hang,no breaker,14.51,5.064,200,beta,2
2,hang,first-token timeout,14.51,1.0766,200,beta,2
2,hang,breaker,14.51,0.0643,200,beta,1
2,hang,breaker + first-token timeout,14.51,0.0635,200,beta,1
2,hang,no breaker,14.75,5.0573,200,beta,2
2,hang,first-token timeout,14.75,1.0619,200,beta,2
2,hang,breaker,14.75,0.0607,200,beta,1
2,hang,breaker + first-token timeout,14.75,0.0608,200,beta,1
2,503,no breaker,0.0,0.8919,200,beta,4
2,503,first-token timeout,0.0,1.3387,200,beta,4
2,503,breaker,0.0,0.4519,200,beta,2
2,503,breaker + first-token timeout,0.0,0.517,200,beta,2
2,503,no breaker,0.25,1.4431,200,beta,4
2,503,first-token timeout,0.25,0.9733,200,beta,4
2,503,breaker,0.25,0.1225,200,beta,3
2,503,breaker + first-token timeout,0.25,0.8904,200,beta,3
2,503,no breaker,0.51,0.3272,200,beta,4
2,503,first-token timeout,0.51,0.671,200,beta,4
2,503,breaker,0.51,0.066,200,beta,1
2,503,breaker + first-token timeout,0.51,0.0657,200,beta,1
2,503,no breaker,0.75,0.4969,200,beta,4
2,503,first-token timeout,0.75,1.3062,200,beta,4
2,503,breaker,0.75,0.048,200,beta,1
2,503,breaker + first-token timeout,0.75,0.0477,200,beta,1
2,503,no breaker,0.99,0.5815,200,beta,4
2,503,first-token timeout,0.99,0.6581,200,beta,4
2,503,breaker,0.99,0.0429,200,beta,1
2,503,breaker + first-token timeout,0.99,0.0429,200,beta,1
2,503,no breaker,1.24,0.9966,200,beta,4
2,503,first-token timeout,1.24,0.6477,200,beta,4
2,503,breaker,1.24,0.0497,200,beta,1
2,503,breaker + first-token timeout,1.24,0.0496,200,beta,1
2,503,no breaker,1.51,1.2236,200,beta,4
2,503,first-token timeout,1.51,0.3263,200,beta,4
2,503,breaker,1.51,0.0453,200,beta,1
2,503,breaker + first-token timeout,1.51,0.0452,200,beta,1
2,503,no breaker,1.76,0.6622,200,beta,4
2,503,first-token timeout,1.76,0.445,200,beta,4
2,503,breaker,1.76,0.0519,200,beta,1
2,503,breaker + first-token timeout,1.76,0.0515,200,beta,1
2,503,no breaker,2.02,0.9913,200,beta,4
2,503,first-token timeout,2.02,0.8781,200,beta,4
2,503,breaker,2.02,0.0482,200,beta,1
2,503,breaker + first-token timeout,2.02,0.0475,200,beta,1
2,503,no breaker,2.24,0.8964,200,beta,4
2,503,first-token timeout,2.24,0.5204,200,beta,4
2,503,breaker,2.24,0.0578,200,beta,1
2,503,breaker + first-token timeout,2.24,0.0578,200,beta,1
2,503,no breaker,2.53,0.5547,200,beta,4
2,503,first-token timeout,2.53,0.914,200,beta,4
2,503,breaker,2.53,0.0474,200,beta,1
2,503,breaker + first-token timeout,2.53,0.0471,200,beta,1
2,503,no breaker,2.76,0.2581,200,beta,4
2,503,first-token timeout,2.76,0.6828,200,beta,4
2,503,breaker,2.76,0.0562,200,beta,1
2,503,breaker + first-token timeout,2.76,0.0561,200,beta,1
2,503,no breaker,3.01,1.1149,200,beta,4
2,503,first-token timeout,3.01,0.9355,200,beta,4
2,503,breaker,3.01,0.065,200,beta,1
2,503,breaker + first-token timeout,3.01,0.0649,200,beta,1
2,503,no breaker,3.25,0.8269,200,beta,4
2,503,first-token timeout,3.25,0.8506,200,beta,4
2,503,breaker,3.25,0.0552,200,beta,1
2,503,breaker + first-token timeout,3.25,0.0548,200,beta,1
2,503,no breaker,3.51,1.4527,200,beta,4
2,503,first-token timeout,3.51,1.4521,200,beta,4
2,503,breaker,3.51,0.0554,200,beta,1
2,503,breaker + first-token timeout,3.51,0.0554,200,beta,1
2,503,no breaker,3.75,0.6023,200,beta,4
2,503,first-token timeout,3.75,0.9163,200,beta,4
2,503,breaker,3.75,0.0563,200,beta,1
2,503,breaker + first-token timeout,3.75,0.0559,200,beta,1
2,503,no breaker,4.01,0.7965,200,beta,4
2,503,first-token timeout,4.01,1.4177,200,beta,4
2,503,breaker,4.01,0.0682,200,beta,1
2,503,breaker + first-token timeout,4.01,0.0465,200,beta,1
2,503,no breaker,4.26,0.6542,200,beta,4
2,503,first-token timeout,4.26,0.9643,200,beta,4
2,503,breaker,4.26,0.0475,200,beta,1
2,503,breaker + first-token timeout,4.26,0.0472,200,beta,1
2,503,no breaker,4.5,0.5126,200,beta,4
2,503,first-token timeout,4.5,1.2182,200,beta,4
2,503,breaker,4.5,0.0627,200,beta,1
2,503,breaker + first-token timeout,4.5,0.0627,200,beta,1
2,503,no breaker,4.76,0.6856,200,beta,4
2,503,first-token timeout,4.76,0.3513,200,beta,4
2,503,breaker,4.76,0.0618,200,beta,1
2,503,breaker + first-token timeout,4.76,0.0616,200,beta,1
2,503,no breaker,5.01,0.8421,200,beta,4
2,503,first-token timeout,5.01,1.4686,200,beta,4
2,503,breaker,5.01,0.0556,200,beta,1
2,503,breaker + first-token timeout,5.01,0.0552,200,beta,1
2,503,no breaker,5.25,0.7058,200,beta,4
2,503,first-token timeout,5.25,0.6549,200,beta,4
2,503,breaker,5.25,0.0555,200,beta,1
2,503,breaker + first-token timeout,5.25,0.0554,200,beta,1
2,503,no breaker,5.51,0.4406,200,beta,4
2,503,first-token timeout,5.51,1.2987,200,beta,4
2,503,breaker,5.51,0.0585,200,beta,2
2,503,breaker + first-token timeout,5.51,0.0584,200,beta,2
2,503,no breaker,5.74,0.4559,200,beta,4
2,503,first-token timeout,5.74,0.4898,200,beta,4
2,503,breaker,5.74,0.0547,200,beta,1
2,503,breaker + first-token timeout,5.74,0.0543,200,beta,1
2,503,no breaker,5.99,1.0288,200,beta,4
2,503,first-token timeout,5.99,1.2748,200,beta,4
2,503,breaker,5.99,0.042,200,beta,1
2,503,breaker + first-token timeout,5.99,0.0419,200,beta,1
2,503,no breaker,6.24,0.6343,200,beta,4
2,503,first-token timeout,6.24,1.3052,200,beta,4
2,503,breaker,6.24,0.057,200,beta,1
2,503,breaker + first-token timeout,6.24,0.0568,200,beta,1
2,503,no breaker,6.52,0.5559,200,beta,4
2,503,first-token timeout,6.52,0.6928,200,beta,4
2,503,breaker,6.52,0.0545,200,beta,1
2,503,breaker + first-token timeout,6.52,0.0544,200,beta,1
2,503,no breaker,6.77,1.1092,200,beta,4
2,503,first-token timeout,6.77,0.4431,200,beta,4
2,503,breaker,6.77,0.0487,200,beta,1
2,503,breaker + first-token timeout,6.77,0.0483,200,beta,1
2,503,no breaker,7.02,0.9495,200,beta,4
2,503,first-token timeout,7.02,1.1683,200,beta,4
2,503,breaker,7.02,0.0566,200,beta,1
2,503,breaker + first-token timeout,7.02,0.0562,200,beta,1
2,503,no breaker,7.27,0.7247,200,beta,4
2,503,first-token timeout,7.27,0.5456,200,beta,4
2,503,breaker,7.27,0.0524,200,beta,1
2,503,breaker + first-token timeout,7.27,0.0521,200,beta,1
2,503,no breaker,7.52,1.0165,200,beta,4
2,503,first-token timeout,7.52,0.4527,200,beta,4
2,503,breaker,7.52,0.0605,200,beta,1
2,503,breaker + first-token timeout,7.52,0.0604,200,beta,1
2,503,no breaker,7.75,0.6769,200,beta,4
2,503,first-token timeout,7.75,0.4043,200,beta,4
2,503,breaker,7.75,0.066,200,beta,1
2,503,breaker + first-token timeout,7.75,0.0658,200,beta,1
2,503,no breaker,7.99,0.4523,200,beta,4
2,503,first-token timeout,7.99,0.432,200,beta,4
2,503,breaker,7.99,0.0558,200,beta,1
2,503,breaker + first-token timeout,7.99,0.0555,200,beta,1
2,503,no breaker,8.25,1.2142,200,beta,4
2,503,first-token timeout,8.25,0.9721,200,beta,4
2,503,breaker,8.25,0.0552,200,beta,1
2,503,breaker + first-token timeout,8.25,0.0548,200,beta,1
2,503,no breaker,8.51,0.7915,200,beta,4
2,503,first-token timeout,8.51,1.1275,200,beta,4
2,503,breaker,8.51,0.0452,200,beta,1
2,503,breaker + first-token timeout,8.51,0.0452,200,beta,1
2,503,no breaker,8.76,1.1817,200,beta,4
2,503,first-token timeout,8.76,0.786,200,beta,4
2,503,breaker,8.76,0.0546,200,beta,1
2,503,breaker + first-token timeout,8.76,0.0543,200,beta,1
2,503,no breaker,9.01,0.759,200,beta,4
2,503,first-token timeout,9.01,1.0122,200,beta,4
2,503,breaker,9.01,0.0482,200,beta,1
2,503,breaker + first-token timeout,9.01,0.0478,200,beta,1
2,503,no breaker,9.26,0.2499,200,beta,4
2,503,first-token timeout,9.26,1.0479,200,beta,4
2,503,breaker,9.26,0.0393,200,beta,1
2,503,breaker + first-token timeout,9.26,0.039,200,beta,1
2,503,no breaker,9.51,0.5682,200,beta,4
2,503,first-token timeout,9.51,0.4347,200,beta,4
2,503,breaker,9.51,0.0604,200,beta,1
2,503,breaker + first-token timeout,9.51,0.0603,200,beta,1
2,503,no breaker,9.77,0.9055,200,beta,4
2,503,first-token timeout,9.77,0.9576,200,beta,4
2,503,breaker,9.77,0.0566,200,beta,1
2,503,breaker + first-token timeout,9.77,0.0566,200,beta,1
2,503,no breaker,10.02,1.0238,200,beta,4
2,503,first-token timeout,10.02,1.2956,200,beta,4
2,503,breaker,10.02,0.056,200,beta,1
2,503,breaker + first-token timeout,10.02,0.0556,200,beta,1
2,503,no breaker,10.27,0.7186,200,beta,4
2,503,first-token timeout,10.27,0.4563,200,beta,4
2,503,breaker,10.27,0.0585,200,beta,1
2,503,breaker + first-token timeout,10.27,0.0582,200,beta,1
2,503,no breaker,10.5,0.6231,200,beta,4
2,503,first-token timeout,10.5,1.0196,200,beta,4
2,503,breaker,10.5,0.0556,200,beta,1
2,503,breaker + first-token timeout,10.5,0.0555,200,beta,1
2,503,no breaker,10.76,0.706,200,beta,4
2,503,first-token timeout,10.76,0.642,200,beta,4
2,503,breaker,10.76,0.0591,200,beta,2
2,503,breaker + first-token timeout,10.76,0.0586,200,beta,2
2,503,no breaker,10.99,0.9191,200,beta,4
2,503,first-token timeout,10.99,0.8595,200,beta,4
2,503,breaker,10.99,0.0555,200,beta,1
2,503,breaker + first-token timeout,10.99,0.0549,200,beta,1
2,503,no breaker,11.26,0.3888,200,beta,4
2,503,first-token timeout,11.26,0.7358,200,beta,4
2,503,breaker,11.26,0.054,200,beta,1
2,503,breaker + first-token timeout,11.26,0.0537,200,beta,1
2,503,no breaker,11.5,0.8542,200,beta,4
2,503,first-token timeout,11.5,1.48,200,beta,4
2,503,breaker,11.5,0.0476,200,beta,1
2,503,breaker + first-token timeout,11.5,0.047,200,beta,1
2,503,no breaker,11.76,0.4846,200,beta,4
2,503,first-token timeout,11.76,0.4308,200,beta,4
2,503,breaker,11.76,0.0472,200,beta,1
2,503,breaker + first-token timeout,11.76,0.047,200,beta,1
2,503,no breaker,11.99,0.356,200,beta,4
2,503,first-token timeout,11.99,0.3034,200,beta,4
2,503,breaker,11.99,0.0537,200,beta,1
2,503,breaker + first-token timeout,11.99,0.0533,200,beta,1
2,503,no breaker,12.24,0.8229,200,beta,4
2,503,first-token timeout,12.24,0.9462,200,beta,4
2,503,breaker,12.24,0.055,200,beta,1
2,503,breaker + first-token timeout,12.24,0.0545,200,beta,1
2,503,no breaker,12.51,0.6386,200,beta,4
2,503,first-token timeout,12.51,0.6161,200,beta,4
2,503,breaker,12.51,0.0436,200,beta,1
2,503,breaker + first-token timeout,12.51,0.044,200,beta,1
2,503,no breaker,12.76,0.6311,200,beta,4
2,503,first-token timeout,12.76,1.382,200,beta,4
2,503,breaker,12.76,0.0565,200,beta,1
2,503,breaker + first-token timeout,12.76,0.0564,200,beta,1
2,503,no breaker,13.01,0.2851,200,beta,4
2,503,first-token timeout,13.01,1.3114,200,beta,4
2,503,breaker,13.01,0.0543,200,beta,1
2,503,breaker + first-token timeout,13.01,0.0541,200,beta,1
2,503,no breaker,13.24,0.2985,200,beta,4
2,503,first-token timeout,13.24,1.1681,200,beta,4
2,503,breaker,13.24,0.0493,200,beta,1
2,503,breaker + first-token timeout,13.24,0.0494,200,beta,1
2,503,no breaker,13.5,0.713,200,beta,4
2,503,first-token timeout,13.5,0.9179,200,beta,4
2,503,breaker,13.5,0.0471,200,beta,1
2,503,breaker + first-token timeout,13.5,0.047,200,beta,1
2,503,no breaker,13.76,0.7373,200,beta,4
2,503,first-token timeout,13.76,0.963,200,beta,4
2,503,breaker,13.76,0.048,200,beta,1
2,503,breaker + first-token timeout,13.76,0.0479,200,beta,1
2,503,no breaker,14.02,0.4748,200,beta,4
2,503,first-token timeout,14.02,0.5958,200,beta,4
2,503,breaker,14.02,0.0557,200,beta,1
2,503,breaker + first-token timeout,14.02,0.0554,200,beta,1
2,503,no breaker,14.27,0.8955,200,beta,4
2,503,first-token timeout,14.27,1.0224,200,beta,4
2,503,breaker,14.27,0.0558,200,beta,1
2,503,breaker + first-token timeout,14.27,0.0554,200,beta,1
2,503,no breaker,14.49,1.0612,200,beta,4
2,503,first-token timeout,14.49,0.4816,200,beta,4
2,503,breaker,14.49,0.0552,200,beta,1
2,503,breaker + first-token timeout,14.49,0.0549,200,beta,1
2,503,no breaker,14.75,1.1857,200,beta,4
2,503,first-token timeout,14.75,0.948,200,beta,4
2,503,breaker,14.75,0.0561,200,beta,1
2,503,breaker + first-token timeout,14.75,0.0559,200,beta,1
3,hang,no breaker,0.0,5.0559,200,beta,2
3,hang,first-token timeout,0.0,1.0709,200,beta,2
3,hang,breaker,0.0,5.0557,200,beta,2
3,hang,breaker + first-token timeout,0.0,1.0707,200,beta,2
3,hang,no breaker,0.26,5.0446,200,beta,2
3,hang,first-token timeout,0.26,1.0699,200,beta,2
3,hang,breaker,0.26,5.0443,200,beta,2
3,hang,breaker + first-token timeout,0.26,1.0692,200,beta,2
3,hang,no breaker,0.51,5.059,200,beta,2
3,hang,first-token timeout,0.51,1.0593,200,beta,2
3,hang,breaker,0.51,5.0582,200,beta,2
3,hang,breaker + first-token timeout,0.51,1.0588,200,beta,2
3,hang,no breaker,0.77,5.0429,200,beta,2
3,hang,first-token timeout,0.77,1.0527,200,beta,2
3,hang,breaker,0.77,5.043,200,beta,2
3,hang,breaker + first-token timeout,0.77,1.053,200,beta,2
3,hang,no breaker,1.01,5.0544,200,beta,2
3,hang,first-token timeout,1.01,1.0546,200,beta,2
3,hang,breaker,1.01,5.0534,200,beta,2
3,hang,breaker + first-token timeout,1.01,1.055,200,beta,2
3,hang,no breaker,1.25,5.0673,200,beta,2
3,hang,first-token timeout,1.25,1.0642,200,beta,2
3,hang,breaker,1.25,5.0666,200,beta,2
3,hang,breaker + first-token timeout,1.25,1.0639,200,beta,2
3,hang,no breaker,1.5,5.0668,200,beta,2
3,hang,first-token timeout,1.5,1.0653,200,beta,2
3,hang,breaker,1.5,5.0672,200,beta,2
3,hang,breaker + first-token timeout,1.5,1.0651,200,beta,2
3,hang,no breaker,1.76,5.0612,200,beta,2
3,hang,first-token timeout,1.76,1.0537,200,beta,2
3,hang,breaker,1.76,5.0609,200,beta,2
3,hang,breaker + first-token timeout,1.76,0.0572,200,beta,1
3,hang,no breaker,2.01,5.0565,200,beta,2
3,hang,first-token timeout,2.01,1.0491,200,beta,2
3,hang,breaker,2.01,5.0552,200,beta,2
3,hang,breaker + first-token timeout,2.01,0.0574,200,beta,1
3,hang,no breaker,2.26,5.065,200,beta,2
3,hang,first-token timeout,2.26,1.0668,200,beta,2
3,hang,breaker,2.26,5.0655,200,beta,2
3,hang,breaker + first-token timeout,2.26,0.0561,200,beta,1
3,hang,no breaker,2.52,5.0566,200,beta,2
3,hang,first-token timeout,2.52,1.0498,200,beta,2
3,hang,breaker,2.52,5.0562,200,beta,2
3,hang,breaker + first-token timeout,2.52,0.0631,200,beta,1
3,hang,no breaker,2.76,5.0806,200,beta,2
3,hang,first-token timeout,2.76,1.0535,200,beta,2
3,hang,breaker,2.76,5.0805,200,beta,2
3,hang,breaker + first-token timeout,2.76,0.057,200,beta,1
3,hang,no breaker,3.02,5.0575,200,beta,2
3,hang,first-token timeout,3.02,1.0718,200,beta,2
3,hang,breaker,3.02,5.0571,200,beta,2
3,hang,breaker + first-token timeout,3.02,0.0616,200,beta,1
3,hang,no breaker,3.27,5.054,200,beta,2
3,hang,first-token timeout,3.27,1.0699,200,beta,2
3,hang,breaker,3.27,5.0747,200,beta,2
3,hang,breaker + first-token timeout,3.27,0.0556,200,beta,1
3,hang,no breaker,3.5,5.0655,200,beta,2
3,hang,first-token timeout,3.5,1.0672,200,beta,2
3,hang,breaker,3.5,5.0658,200,beta,2
3,hang,breaker + first-token timeout,3.5,0.0672,200,beta,1
3,hang,no breaker,3.75,5.0649,200,beta,2
3,hang,first-token timeout,3.75,1.0843,200,beta,2
3,hang,breaker,3.75,5.065,200,beta,2
3,hang,breaker + first-token timeout,3.75,0.057,200,beta,1
3,hang,no breaker,4.0,5.065,200,beta,2
3,hang,first-token timeout,4.0,1.0546,200,beta,2
3,hang,breaker,4.0,5.0645,200,beta,2
3,hang,breaker + first-token timeout,4.0,0.0397,200,beta,1
3,hang,no breaker,4.25,5.0618,200,beta,2
3,hang,first-token timeout,4.25,1.0384,200,beta,2
3,hang,breaker,4.25,5.0608,200,beta,2
3,hang,breaker + first-token timeout,4.25,0.0521,200,beta,1
3,hang,no breaker,4.5,5.0467,200,beta,2
3,hang,first-token timeout,4.5,1.0502,200,beta,2
3,hang,breaker,4.5,5.0678,200,beta,2
3,hang,breaker + first-token timeout,4.5,0.0695,200,beta,1
3,hang,no breaker,4.75,5.0548,200,beta,2
3,hang,first-token timeout,4.75,1.0569,200,beta,2
3,hang,breaker,4.75,5.0544,200,beta,2
3,hang,breaker + first-token timeout,4.75,0.0513,200,beta,1
3,hang,no breaker,5.0,5.0684,200,beta,2
3,hang,first-token timeout,5.0,1.0697,200,beta,2
3,hang,breaker,5.0,5.0675,200,beta,2
3,hang,breaker + first-token timeout,5.0,0.0578,200,beta,1
3,hang,no breaker,5.26,5.053,200,beta,2
3,hang,first-token timeout,5.26,1.0568,200,beta,2
3,hang,breaker,5.26,5.0524,200,beta,2
3,hang,breaker + first-token timeout,5.26,0.0482,200,beta,1
3,hang,no breaker,5.51,5.0608,200,beta,2
3,hang,first-token timeout,5.51,1.0533,200,beta,2
3,hang,breaker,5.51,5.0612,200,beta,2
3,hang,breaker + first-token timeout,5.51,0.0603,200,beta,1
3,hang,no breaker,5.76,5.0677,200,beta,2
3,hang,first-token timeout,5.76,1.0611,200,beta,2
3,hang,breaker,5.76,0.0469,200,beta,1
3,hang,breaker + first-token timeout,5.76,0.0463,200,beta,1
3,hang,no breaker,6.01,5.0598,200,beta,2
3,hang,first-token timeout,6.01,1.0551,200,beta,2
3,hang,breaker,6.01,0.0569,200,beta,1
3,hang,breaker + first-token timeout,6.01,0.0559,200,beta,1
3,hang,no breaker,6.26,5.0628,200,beta,2
3,hang,first-token timeout,6.26,1.0631,200,beta,2
3,hang,breaker,6.26,0.0579,200,beta,1
3,hang,breaker + first-token timeout,6.26,0.0573,200,beta,1
3,hang,no breaker,6.51,5.0619,200,beta,2
3,hang,first-token timeout,6.51,1.0693,200,beta,2
3,hang,breaker,6.51,0.0565,200,beta,1
3,hang,breaker + first-token timeout,6.51,0.0561,200,beta,1
3,hang,no breaker,6.76,5.0602,200,beta,2
3,hang,first-token timeout,6.76,1.0804,200,beta,2
3,hang,breaker,6.76,0.0657,200,beta,1
3,hang,breaker + first-token timeout,6.76,0.065,200,beta,1
3,hang,no breaker,7.01,5.0563,200,beta,2
3,hang,first-token timeout,7.01,1.0663,200,beta,2
3,hang,breaker,7.01,0.058,200,beta,1
3,hang,breaker + first-token timeout,7.01,0.057,200,beta,1
3,hang,no breaker,7.26,5.0565,200,beta,2
3,hang,first-token timeout,7.26,1.0661,200,beta,2
3,hang,breaker,7.26,0.0666,200,beta,1
3,hang,breaker + first-token timeout,7.26,0.0649,200,beta,1
3,hang,no breaker,7.52,5.0687,200,beta,2
3,hang,first-token timeout,7.52,1.0693,200,beta,2
3,hang,breaker,7.52,0.0562,200,beta,1
3,hang,breaker + first-token timeout,7.52,1.0474,200,beta,2
3,hang,no breaker,7.77,5.0686,200,beta,2
3,hang,first-token timeout,7.77,1.0659,200,beta,2
3,hang,breaker,7.77,0.0651,200,beta,1
3,hang,breaker + first-token timeout,7.77,0.0647,200,beta,1
3,hang,no breaker,8.02,5.0843,200,beta,2
3,hang,first-token timeout,8.02,1.0702,200,beta,2
3,hang,breaker,8.02,0.0571,200,beta,1
3,hang,breaker + first-token timeout,8.02,0.057,200,beta,1
3,hang,no breaker,8.27,5.0565,200,beta,2
3,hang,first-token timeout,8.27,1.0453,200,beta,2
3,hang,breaker,8.27,0.0553,200,beta,1
3,hang,breaker + first-token timeout,8.27,0.0552,200,beta,1
3,hang,no breaker,8.52,5.0439,200,beta,2
3,hang,first-token timeout,8.52,1.0527,200,beta,2
3,hang,breaker,8.52,0.0528,200,beta,1
3,hang,breaker + first-token timeout,8.52,0.0523,200,beta,1
3,hang,no breaker,8.76,5.0446,200,beta,2
3,hang,first-token timeout,8.76,1.0407,200,beta,2
3,hang,breaker,8.76,0.0533,200,beta,1
3,hang,breaker + first-token timeout,8.76,0.0528,200,beta,1
3,hang,no breaker,9.01,5.0602,200,beta,2
3,hang,first-token timeout,9.01,1.0527,200,beta,2
3,hang,breaker,9.01,0.0537,200,beta,1
3,hang,breaker + first-token timeout,9.01,0.0531,200,beta,1
3,hang,no breaker,9.26,5.0608,200,beta,2
3,hang,first-token timeout,9.26,1.05,200,beta,2
3,hang,breaker,9.26,0.0504,200,beta,1
3,hang,breaker + first-token timeout,9.26,0.0497,200,beta,1
3,hang,no breaker,9.52,5.0775,200,beta,2
3,hang,first-token timeout,9.52,1.0482,200,beta,2
3,hang,breaker,9.52,0.0451,200,beta,1
3,hang,breaker + first-token timeout,9.52,0.0436,200,beta,1
3,hang,no breaker,9.76,5.0492,200,beta,2
3,hang,first-token timeout,9.76,1.0699,200,beta,2
3,hang,breaker,9.76,0.0461,200,beta,1
3,hang,breaker + first-token timeout,9.76,0.0452,200,beta,1
3,hang,no breaker,10.02,5.054,200,beta,2
3,hang,first-token timeout,10.02,1.0674,200,beta,2
3,hang,breaker,10.02,0.0619,200,beta,1
3,hang,breaker + first-token timeout,10.02,0.0619,200,beta,1
3,hang,no breaker,10.25,5.0811,200,beta,2
3,hang,first-token timeout,10.25,1.0663,200,beta,2
3,hang,breaker,10.25,0.0577,200,beta,1
3,hang,breaker + first-token timeout,10.25,0.056,200,beta,1
3,hang,no breaker,10.5,5.0712,200,beta,2
3,hang,first-token timeout,10.5,1.0671,200,beta,2
3,hang,breaker,10.5,0.0684,200,beta,1
3,hang,breaker + first-token timeout,10.5,0.068,200,beta,1
3,hang,no breaker,10.75,5.0583,200,beta,2
3,hang,first-token timeout,10.75,1.0663,200,beta,2
3,hang,breaker,10.75,0.0554,200,beta,1
3,hang,breaker + first-token timeout,10.75,0.0551,200,beta,1
3,hang,no breaker,11.02,5.0714,200,beta,2
3,hang,first-token timeout,11.02,1.0476,200,beta,2
3,hang,breaker,11.02,0.053,200,beta,1
3,hang,breaker + first-token timeout,11.02,0.0525,200,beta,1
3,hang,no breaker,11.26,5.0694,200,beta,2
3,hang,first-token timeout,11.26,1.0475,200,beta,2
3,hang,breaker,11.26,0.0574,200,beta,1
3,hang,breaker + first-token timeout,11.26,0.0572,200,beta,1
3,hang,no breaker,11.51,5.076,200,beta,2
3,hang,first-token timeout,11.51,1.0573,200,beta,2
3,hang,breaker,11.51,0.0576,200,beta,1
3,hang,breaker + first-token timeout,11.51,0.0574,200,beta,1
3,hang,no breaker,11.76,5.068,200,beta,2
3,hang,first-token timeout,11.76,1.0607,200,beta,2
3,hang,breaker,11.76,0.0589,200,beta,1
3,hang,breaker + first-token timeout,11.76,0.0578,200,beta,1
3,hang,no breaker,12.01,5.0784,200,beta,2
3,hang,first-token timeout,12.01,1.0591,200,beta,2
3,hang,breaker,12.01,0.0575,200,beta,1
3,hang,breaker + first-token timeout,12.01,0.0577,200,beta,1
3,hang,no breaker,12.25,5.0686,200,beta,2
3,hang,first-token timeout,12.25,1.0705,200,beta,2
3,hang,breaker,12.25,0.0581,200,beta,1
3,hang,breaker + first-token timeout,12.25,0.0582,200,beta,1
3,hang,no breaker,12.52,5.0629,200,beta,2
3,hang,first-token timeout,12.52,1.0429,200,beta,2
3,hang,breaker,12.52,0.0519,200,beta,1
3,hang,breaker + first-token timeout,12.52,0.0517,200,beta,1
3,hang,no breaker,12.76,5.0599,200,beta,2
3,hang,first-token timeout,12.76,1.0447,200,beta,2
3,hang,breaker,12.76,0.0541,200,beta,1
3,hang,breaker + first-token timeout,12.76,0.0538,200,beta,1
3,hang,no breaker,13.01,5.0584,200,beta,2
3,hang,first-token timeout,13.01,1.0604,200,beta,2
3,hang,breaker,13.01,0.0528,200,beta,1
3,hang,breaker + first-token timeout,13.01,0.0527,200,beta,1
3,hang,no breaker,13.26,5.0634,200,beta,2
3,hang,first-token timeout,13.26,1.065,200,beta,2
3,hang,breaker,13.26,0.0651,200,beta,1
3,hang,breaker + first-token timeout,13.26,0.0653,200,beta,1
3,hang,no breaker,13.52,5.0625,200,beta,2
3,hang,first-token timeout,13.52,1.047,200,beta,2
3,hang,breaker,13.52,0.0616,200,beta,1
3,hang,breaker + first-token timeout,13.52,0.0612,200,beta,1
3,hang,no breaker,13.76,5.0487,200,beta,2
3,hang,first-token timeout,13.76,1.0433,200,beta,2
3,hang,breaker,13.76,0.0436,200,beta,1
3,hang,breaker + first-token timeout,13.76,1.043,200,beta,2
3,hang,no breaker,14.01,5.0638,200,beta,2
3,hang,first-token timeout,14.01,1.0635,200,beta,2
3,hang,breaker,14.01,0.0592,200,beta,1
3,hang,breaker + first-token timeout,14.01,0.0579,200,beta,1
3,hang,no breaker,14.26,5.0627,200,beta,2
3,hang,first-token timeout,14.26,1.0706,200,beta,2
3,hang,breaker,14.26,0.0571,200,beta,1
3,hang,breaker + first-token timeout,14.26,0.0566,200,beta,1
3,hang,no breaker,14.51,5.0566,200,beta,2
3,hang,first-token timeout,14.51,1.0621,200,beta,2
3,hang,breaker,14.51,0.0526,200,beta,1
3,hang,breaker + first-token timeout,14.51,0.0525,200,beta,1
3,hang,no breaker,14.76,5.0654,200,beta,2
3,hang,first-token timeout,14.76,1.0684,200,beta,2
3,hang,breaker,14.76,0.0468,200,beta,1
3,hang,breaker + first-token timeout,14.76,0.0468,200,beta,1
3,503,no breaker,0.0,0.4982,200,beta,4
3,503,first-token timeout,0.0,1.4616,200,beta,4
3,503,breaker,0.0,0.9628,200,beta,3
3,503,breaker + first-token timeout,0.0,0.4067,200,beta,3
3,503,no breaker,0.26,1.0283,200,beta,4
3,503,first-token timeout,0.26,0.474,200,beta,4
3,503,breaker,0.26,0.4116,200,beta,2
3,503,breaker + first-token timeout,0.26,0.5314,200,beta,2
3,503,no breaker,0.49,0.6967,200,beta,4
3,503,first-token timeout,0.49,1.4941,200,beta,4
3,503,breaker,0.49,0.0638,200,beta,1
3,503,breaker + first-token timeout,0.49,0.0636,200,beta,1
3,503,no breaker,0.73,1.0875,200,beta,4
3,503,first-token timeout,0.73,0.7282,200,beta,4
3,503,breaker,0.73,0.0581,200,beta,1
3,503,breaker + first-token timeout,0.73,0.0587,200,beta,1
3,503,no breaker,1.03,0.3996,200,beta,4
3,503,first-token timeout,1.03,0.4897,200,beta,4
3,503,breaker,1.03,0.0548,200,beta,1
3,503,breaker + first-token timeout,1.03,0.0547,200,beta,1
3,503,no breaker,1.25,0.5771,200,beta,4
3,503,first-token timeout,1.25,0.9251,200,beta,4
3,503,breaker,1.25,0.0619,200,beta,1
3,503,breaker + first-token timeout,1.25,0.0619,200,beta,1
3,503,no breaker,1.51,0.7915,200,beta,4
3,503,first-token timeout,1.51,1.1427,200,beta,4
3,503,breaker,1.51,0.0564,200,beta,1
3,503,breaker + first-token timeout,1.51,0.0561,200,beta,1
3,503,no breaker,1.76,1.0083,200,beta,4
3,503,first-token timeout,1.76,0.9548,200,beta,4
3,503,breaker,1.76,0.0588,200,beta,1
3,503,breaker + first-token timeout,1.76,0.0588,200,beta,1
3,503,no breaker,2.01,1.2,200,beta,4
3,503,first-token timeout,2.01,1.3061,200,beta,4
3,503,breaker,2.01,0.0557,200,beta,1
3,503,breaker + first-token timeout,2.01,0.0556,200,beta,1
3,503,no breaker,2.24,0.9676,200,beta,4
3,503,first-token timeout,2.24,0.1656,200,beta,4
3,503,breaker,2.24,0.0412,200,beta,1
3,503,breaker + first-token timeout,2.24,0.0411,200,beta,1
3,503,no breaker,2.51,0.7865,200,beta,4
3,503,first-token timeout,2.51,1.2821,200,beta,4
3,503,breaker,2.51,0.055,200,beta,1
3,503,breaker + first-token timeout,2.51,0.0547,200,beta,1
3,503,no breaker,2.74,0.5001,200,beta,4
3,503,first-token timeout,2.74,0.5244,200,beta,4
3,503,breaker,2.74,0.0489,200,beta,1
3,503,breaker + first-token timeout,2.74,0.0489,200,beta,1
3,503,no breaker,2.99,1.295,200,beta,4
3,503,first-token timeout,2.99,0.798,200,beta,4
3,503,breaker,2.99,0.0421,200,beta,1
3,503,breaker + first-token timeout,2.99,0.0597,200,beta,1
3,503,no breaker,3.24,1.0445,200,beta,4
3,503,first-token timeout,3.24,1.2506,200,beta,4
3,503,breaker,3.24,0.0502,200,beta,1
3,503,breaker + first-token timeout,3.24,0.0501,200,beta,1
3,503,no breaker,3.5,0.5143,200,beta,4
3,503,first-token timeout,3.5,1.2263,200,beta,4
3,503,breaker,3.5,0.0534,200,beta,1
3,503,breaker + first-token timeout,3.5,0.0532,200,beta,1
3,503,no breaker,3.77,1.0687,200,beta,4
3,503,first-token timeout,3.77,0.4592,200,beta,4
3,503,breaker,3.77,0.049,200,beta,1
3,503,breaker + first-token timeout,3.77,0.0489,200,beta,1
3,503,no breaker,4.01,0.6778,200,beta,4
3,503,first-token timeout,4.01,0.578,200,beta,4
3,503,breaker,4.01,0.0504,200,beta,1
3,503,breaker + first-token timeout,4.01,0.0503,200,beta,1
3,503,no breaker,4.26,1.0893,200,beta,4
3,503,first-token timeout,4.26,0.9574,200,beta,4
3,503,breaker,4.26,0.0585,200,beta,1
3,503,breaker + first-token timeout,4.26,0.0582,200,beta,1
3,503,no breaker,4.53,0.459,200,beta,4
3,503,first-token timeout,4.53,0.7688,200,beta,4
3,503,breaker,4.53,0.0631,200,beta,1
3,503,breaker + first-token timeout,4.53,0.063,200,beta,1
3,503,no breaker,4.78,0.7939,200,beta,4
3,503,first-token timeout,4.78,0.4867,200,beta,4
3,503,breaker,4.78,0.0547,200,beta,1
3,503,breaker + first-token timeout,4.78,0.0544,200,beta,1
3,503,no breaker,5.01,0.7197,200,beta,4
3,503,first-token timeout,5.01,1.2191,200,beta,4
3,503,breaker,5.01,0.056,200,beta,1
3,503,breaker + first-token timeout,5.01,0.0559,200,beta,1
3,503,no breaker,5.26,1.0225,200,beta,4
3,503,first-token timeout,5.26,0.5313,200,beta,4
3,503,breaker,5.26,0.0545,200,beta,1
3,503,breaker + first-token timeout,5.26,0.0544,200,beta,1
3,503,no breaker,5.51,0.6206,200,beta,4
3,503,first-token timeout,5.51,0.2401,200,beta,4
3,503,breaker,5.51,0.0589,200,beta,2
3,503,breaker + first-token timeout,5.51,0.0588,200,beta,2
3,503,no breaker,5.75,0.5324,200,beta,4
3,503,first-token timeout,5.75,0.5322,200,beta,4
3,503,breaker,5.75,0.0414,200,beta,1
3,503,breaker + first-token timeout,5.75,0.0412,200,beta,1
3,503,no breaker,6.01,0.8439,200,beta,4
3,503,first-token timeout,6.01,0.4329,200,beta,4
3,503,breaker,6.01,0.0513,200,beta,1
3,503,breaker + first-token timeout,6.01,0.0512,200,beta,1
3,503,no breaker,6.26,0.8892,200,beta,4
3,503,first-token timeout,6.26,0.24,200,beta,4
3,503,breaker,6.26,0.0599,200,beta,1
3,503,breaker + first-token timeout,6.26,0.0602,200,beta,1
3,503,no breaker,6.5,1.4258,200,beta,4
3,503,first-token timeout,6.5,0.1998,200,beta,4
3,503,breaker,6.5,0.0556,200,beta,1
3,503,breaker + first-token timeout,6.5,0.0553,200,beta,1
3,503,no breaker,6.76,0.5004,200,beta,4
3,503,first-token timeout,6.76,0.6672,200,beta,4
3,503,breaker,6.76,0.0474,200,beta,1
3,503,breaker + first-token timeout,6.76,0.047,200,beta,1
3,503,no breaker,7.01,0.7691,200,beta,4
3,503,first-token timeout,7.01,0.7693,200,beta,4
3,503,breaker,7.01,0.0496,200,beta,1
3,503,breaker + first-token timeout,7.01,0.0493,200,beta,1
3,503,no breaker,7.25,0.4103,200,beta,4
3,503,first-token timeout,7.25,0.8427,200,beta,4
3,503,breaker,7.25,0.0445,200,beta,1
3,503,breaker + first-token timeout,7.25,0.0445,200,beta,1
3,503,no breaker,7.5,1.0061,200,beta,4
3,503,first-token timeout,7.5,0.2723,200,beta,4
3,503,breaker,7.5,0.0507,200,beta,1
3,503,breaker + first-token timeout,7.5,0.0505,200,beta,1
3,503,no breaker,7.77,0.9004,200,beta,4
3,503,first-token timeout,7.77,0.7021,200,beta,4
3,503,breaker,7.77,0.0492,200,beta,1
3,503,breaker + first-token timeout,7.77,0.0489,200,beta,1
3,503,no breaker,8.0,0.6248,200,beta,4
3,503,first-token timeout,8.0,0.8055,200,beta,4
3,503,breaker,8.0,0.0486,200,beta,1
3,503,breaker + first-token timeout,8.0,0.0483,200,beta,1
3,503,no breaker,8.27,0.927,200,beta,4
3,503,first-token timeout,8.27,1.1638,200,beta,4
3,503,breaker,8.27,0.0614,200,beta,1
3,503,breaker + first-token timeout,8.27,0.0611,200,beta,1
3,503,no breaker,8.51,1.1104,200,beta,4
3,503,first-token timeout,8.51,0.3001,200,beta,4
3,503,breaker,8.51,0.0376,200,beta,1
3,503,breaker + first-token timeout,8.51,0.0374,200,beta,1
3,503,no breaker,8.74,0.9279,200,beta,4
3,503,first-token timeout,8.74,1.253,200,beta,4
3,503,breaker,8.74,0.0642,200,beta,1
3,503,breaker + first-token timeout,8.74,0.0638,200,beta,1
3,503,no breaker,8.99,0.4736,200,beta,4
3,503,first-token timeout,8.99,1.2616,200,beta,4
3,503,breaker,8.99,0.055,200,beta,1
3,503,breaker + first-token timeout,8.99,0.0548,200,beta,1
3,503,no breaker,9.26,0.7656,200,beta,4
3,503,first-token timeout,9.26,0.9093,200,beta,4
3,503,breaker,9.26,0.047,200,beta,1
3,503,breaker + first-token timeout,9.26,0.0469,200,beta,1
3,503,no breaker,9.51,0.7275,200,beta,4
3,503,first-token timeout,9.51,0.7486,200,beta,4
3,503,breaker,9.51,0.0542,200,beta,1
3,503,breaker + first-token timeout,9.51,0.0542,200,beta,1
3,503,no breaker,9.76,0.4431,200,beta,4
3,503,first-token timeout,9.76,1.3648,200,beta,4
3,503,breaker,9.76,0.0469,200,beta,1
3,503,breaker + first-token timeout,9.76,0.0469,200,beta,1
3,503,no breaker,10.0,0.8466,200,beta,4
3,503,first-token timeout,10.0,0.7856,200,beta,4
3,503,breaker,10.0,0.0583,200,beta,1
3,503,breaker + first-token timeout,10.0,0.058,200,beta,1
3,503,no breaker,10.23,0.6687,200,beta,4
3,503,first-token timeout,10.23,0.668,200,beta,4
3,503,breaker,10.23,0.0479,200,beta,1
3,503,breaker + first-token timeout,10.23,0.0477,200,beta,1
3,503,no breaker,10.51,0.632,200,beta,4
3,503,first-token timeout,10.51,0.5523,200,beta,4
3,503,breaker,10.51,0.0547,200,beta,1
3,503,breaker + first-token timeout,10.51,0.0544,200,beta,1
3,503,no breaker,10.75,0.2022,200,beta,4
3,503,first-token timeout,10.75,1.245,200,beta,4
3,503,breaker,10.75,0.0512,200,beta,2
3,503,breaker + first-token timeout,10.75,0.0511,200,beta,2
3,503,no breaker,11.0,0.5153,200,beta,4
3,503,first-token timeout,11.0,1.4023,200,beta,4
3,503,breaker,11.0,0.0556,200,beta,1
3,503,breaker + first-token timeout,11.0,0.0553,200,beta,1
3,503,no breaker,11.25,0.7197,200,beta,4
3,503,first-token timeout,11.25,0.7475,200,beta,4
3,503,breaker,11.25,0.0546,200,beta,1
3,503,breaker + first-token timeout,11.25,0.0545,200,beta,1
3,503,no breaker,11.51,0.6838,200,beta,4
3,503,first-token timeout,11.51,1.3894,200,beta,4
3,503,breaker,11.51,0.0488,200,beta,1
3,503,breaker + first-token timeout,11.51,0.0486,200,beta,1
3,503,no breaker,11.76,1.0388,200,beta,4
3,503,first-token timeout,11.76,1.359,200,beta,4
3,503,breaker,11.76,0.053,200,beta,1
3,503,breaker + first-token timeout,11.76,0.0531,200,beta,1
3,503,no breaker,12.0,0.2037,200,beta,4
3,503,first-token timeout,12.0,0.7065,200,beta,4
3,503,breaker,12.0,0.064,200,beta,1
3,503,breaker + first-token timeout,12.0,0.0637,200,beta,1
3,503,no breaker,12.24,1.1554,200,beta,4
3,503,first-token timeout,12.24,0.8772,200,beta,4
3,503,breaker,12.24,0.0551,200,beta,1
3,503,breaker + first-token timeout,12.24,0.0547,200,beta,1
3,503,no breaker,12.51,0.9705,200,beta,4
3,503,first-token timeout,12.51,0.3967,200,beta,4
3,503,breaker,12.51,0.0467,200,beta,1
3,503,breaker + first-token timeout,12.51,0.0467,200,beta,1
3,503,no breaker,12.74,0.8888,200,beta,4
3,503,first-token timeout,12.74,0.8882,200,beta,4
3,503,breaker,12.74,0.0559,200,beta,1
3,503,breaker + first-token timeout,12.74,0.0557,200,beta,1
3,503,no breaker,13.01,0.7668,200,beta,4
3,503,first-token timeout,13.01,1.0488,200,beta,4
3,503,breaker,13.01,0.0434,200,beta,1
3,503,breaker + first-token timeout,13.01,0.043,200,beta,1
3,503,no breaker,13.25,0.7461,200,beta,4
3,503,first-token timeout,13.25,0.7088,200,beta,4
3,503,breaker,13.25,0.0546,200,beta,1
3,503,breaker + first-token timeout,13.25,0.0543,200,beta,1
3,503,no breaker,13.52,0.981,200,beta,4
3,503,first-token timeout,13.52,0.4111,200,beta,4
3,503,breaker,13.52,0.0526,200,beta,1
3,503,breaker + first-token timeout,13.52,0.0523,200,beta,1
3,503,no breaker,13.77,1.0495,200,beta,4
3,503,first-token timeout,13.77,0.6444,200,beta,4
3,503,breaker,13.77,0.0548,200,beta,1
3,503,breaker + first-token timeout,13.77,0.0547,200,beta,1
3,503,no breaker,14.0,0.6325,200,beta,4
3,503,first-token timeout,14.0,1.052,200,beta,4
3,503,breaker,14.0,0.0558,200,beta,1
3,503,breaker + first-token timeout,14.0,0.0555,200,beta,1
3,503,no breaker,14.27,1.1094,200,beta,4
3,503,first-token timeout,14.27,0.425,200,beta,4
3,503,breaker,14.27,0.0547,200,beta,1
3,503,breaker + first-token timeout,14.27,0.0544,200,beta,1
3,503,no breaker,14.5,1.2164,200,beta,4
3,503,first-token timeout,14.5,0.5524,200,beta,4
3,503,breaker,14.5,0.0556,200,beta,1
3,503,breaker + first-token timeout,14.5,0.0553,200,beta,1
3,503,no breaker,14.77,0.3587,200,beta,4
3,503,first-token timeout,14.77,0.5642,200,beta,4
3,503,breaker,14.77,0.052,200,beta,1
3,503,breaker + first-token timeout,14.77,0.0511,200,beta,1
4,hang,no breaker,0.0,5.069,200,beta,2
4,hang,first-token timeout,0.0,1.0741,200,beta,2
4,hang,breaker,0.0,5.0693,200,beta,2
4,hang,breaker + first-token timeout,0.0,1.0741,200,beta,2
4,hang,no breaker,0.26,5.0584,200,beta,2
4,hang,first-token timeout,0.26,1.0507,200,beta,2
4,hang,breaker,0.26,5.0575,200,beta,2
4,hang,breaker + first-token timeout,0.26,1.0712,200,beta,2
4,hang,no breaker,0.51,5.0552,200,beta,2
4,hang,first-token timeout,0.51,1.0594,200,beta,2
4,hang,breaker,0.51,5.054,200,beta,2
4,hang,breaker + first-token timeout,0.51,1.0591,200,beta,2
4,hang,no breaker,0.76,5.0677,200,beta,2
4,hang,first-token timeout,0.76,1.0809,200,beta,2
4,hang,breaker,0.76,5.0673,200,beta,2
4,hang,breaker + first-token timeout,0.76,1.0805,200,beta,2
4,hang,no breaker,1.01,5.0601,200,beta,2
4,hang,first-token timeout,1.01,1.0566,200,beta,2
4,hang,breaker,1.01,5.0596,200,beta,2
4,hang,breaker + first-token timeout,1.01,1.0786,200,beta,2
4,hang,no breaker,1.24,5.0612,200,beta,2
4,hang,first-token timeout,1.24,1.0667,200,beta,2
4,hang,breaker,1.24,5.0828,200,beta,2
4,hang,breaker + first-token timeout,1.24,1.0665,200,beta,2
4,hang,no breaker,1.51,5.0637,200,beta,2
4,hang,first-token timeout,1.51,1.0527,200,beta,2
4,hang,breaker,1.51,5.0633,200,beta,2
4,hang,breaker + first-token timeout,1.51,1.053,200,beta,2
4,hang,no breaker,1.74,5.0616,200,beta,2
4,hang,first-token timeout,1.74,1.0581,200,beta,2
4,hang,breaker,1.74,5.0612,200,beta,2
4,hang,breaker + first-token timeout,1.74,0.0524,200,beta,1
4,hang,no breaker,1.99,5.0583,200,beta,2
4,hang,first-token timeout,1.99,1.0659,200,beta,2
4,hang,breaker,1.99,5.0579,200,beta,2
4,hang,breaker + first-token timeout,1.99,0.0522,200,beta,1
4,hang,no breaker,2.24,5.0577,200,beta,2
4,hang,first-token timeout,2.24,1.0553,200,beta,2
4,hang,breaker,2.24,5.057,200,beta,2
4,hang,breaker + first-token timeout,2.24,0.0644,200,beta,1
4,hang,no breaker,2.49,5.0589,200,beta,2
4,hang,first-token timeout,2.49,1.0676,200,beta,2
4,hang,breaker,2.49,5.0587,200,beta,2
4,hang,breaker + first-token timeout,2.49,0.068,200,beta,1
4,hang,no breaker,2.76,5.0502,200,beta,2
4,hang,first-token timeout,2.76,1.0398,200,beta,2
4,hang,breaker,2.76,5.0498,200,beta,2
4,hang,breaker + first-token timeout,2.76,0.0666,200,beta,1
4,hang,no breaker,3.0,5.057,200,beta,2
4,hang,first-token timeout,3.0,1.0435,200,beta,2
4,hang,breaker,3.0,5.0567,200,beta,2
4,hang,breaker + first-token timeout,3.0,0.0557,200,beta,1
4,hang,no breaker,3.25,5.0701,200,beta,2
4,hang,first-token timeout,3.25,1.0419,200,beta,2
4,hang,breaker,3.25,5.0691,200,beta,2
4,hang,breaker + first-token timeout,3.25,0.0445,200,beta,1
4,hang,no breaker,3.5,5.0746,200,beta,2
4,hang,first-token timeout,3.5,1.0443,200,beta,2
4,hang,breaker,3.5,5.075,200,beta,2
4,hang,breaker + first-token timeout,3.5,0.0556,200,beta,1
4,hang,no breaker,3.76,5.0422,200,beta,2
4,hang,first-token timeout,3.76,1.0424,200,beta,2
4,hang,breaker,3.76,5.041,200,beta,2
4,hang,breaker + first-token timeout,3.76,0.0605,200,beta,1
4,hang,no breaker,4.01,5.0499,200,beta,2
4,hang,first-token timeout,4.01,1.0625,200,beta,2
4,hang,breaker,4.01,5.0504,200,beta,2
4,hang,breaker + first-token timeout,4.01,0.06,200,beta,1
4,hang,no breaker,4.26,5.0485,200,beta,2
4,hang,first-token timeout,4.26,1.0446,200,beta,2
4,hang,breaker,4.26,5.048,200,beta,2
4,hang,breaker + first-token timeout,4.26,0.062,200,beta,1
4,hang,no breaker,4.51,5.072,200,beta,2
4,hang,first-token timeout,4.51,1.0596,200,beta,2
4,hang,breaker,4.51,5.0711,200,beta,2
4,hang,breaker + first-token timeout,4.51,0.0603,200,beta,1
4,hang,no breaker,4.76,5.0485,200,beta,2
4,hang,first-token timeout,4.76,1.0713,200,beta,2
4,hang,breaker,4.76,5.0854,200,beta,2
4,hang,breaker + first-token timeout,4.76,0.0603,200,beta,1
4,hang,no breaker,5.01,5.0557,200,beta,2
4,hang,first-token timeout,5.01,1.0601,200,beta,2
4,hang,breaker,5.01,5.0567,200,beta,2
4,hang,breaker + first-token timeout,5.01,0.0586,200,beta,1
4,hang,no breaker,5.26,5.0785,200,beta,2
4,hang,first-token timeout,5.26,1.067,200,beta,2
4,hang,breaker,5.26,5.0781,200,beta,2
4,hang,breaker + first-token timeout,5.26,0.0615,200,beta,1
4,hang,no breaker,5.51,5.0671,200,beta,2
4,hang,first-token timeout,5.51,1.0617,200,beta,2
4,hang,breaker,5.51,5.0663,200,beta,2
4,hang,breaker + first-token timeout,5.51,0.0572,200,beta,1
4,hang,no breaker,5.76,5.0596,200,beta,2
4,hang,first-token timeout,5.76,1.0794,200,beta,2
4,hang,breaker,5.76,0.0675,200,beta,1
4,hang,breaker + first-token timeout,5.76,0.0671,200,beta,1
4,hang,no breaker,6.01,5.0482,200,beta,2
4,hang,first-token timeout,6.01,1.0755,200,beta,2
4,hang,breaker,6.01,0.0565,200,beta,1
4,hang,breaker + first-token timeout,6.01,0.056,200,beta,1
4,hang,no breaker,6.26,5.0635,200,beta,2
4,hang,first-token timeout,6.26,1.0753,200,beta,2
4,hang,breaker,6.26,0.0621,200,beta,1
4,hang,breaker + first-token timeout,6.26,0.0611,200,beta,1
4,hang,no breaker,6.52,5.0497,200,beta,2
4,hang,first-token timeout,6.52,1.0728,200,beta,2
4,hang,breaker,6.52,0.0568,200,beta,1
4,hang,breaker + first-token timeout,6.52,0.0562,200,beta,1
4,hang,no breaker,6.75,5.0644,200,beta,2
4,hang,first-token timeout,6.75,1.0541,200,beta,2
4,hang,breaker,6.75,0.0536,200,beta,1
4,hang,breaker + first-token timeout,6.75,0.0532,200,beta,1
4,hang,no breaker,7.0,5.0575,200,beta,2
4,hang,first-token timeout,7.0,1.0588,200,beta,2
4,hang,breaker,7.0,0.0507,200,beta,1
4,hang,breaker + first-token timeout,7.0,0.0501,200,beta,1
4,hang,no breaker,7.25,5.0557,200,beta,2
4,hang,first-token timeout,7.25,1.0537,200,beta,2
4,hang,breaker,7.25,0.0531,200,beta,1
4,hang,breaker + first-token timeout,7.25,1.053,200,beta,2
4,hang,no breaker,7.5,5.0597,200,beta,2
4,hang,first-token timeout,7.5,1.079,200,beta,2
4,hang,breaker,7.5,0.0515,200,beta,1
4,hang,breaker + first-token timeout,7.5,0.0514,200,beta,1
4,hang,no breaker,7.75,5.0573,200,beta,2
4,hang,first-token timeout,7.75,1.0701,200,beta,2
4,hang,breaker,7.75,0.0578,200,beta,1
4,hang,breaker + first-token timeout,7.75,0.0572,200,beta,1
4,hang,no breaker,8.01,5.0826,200,beta,2
4,hang,first-token timeout,8.01,1.0666,200,beta,2
4,hang,breaker,8.01,0.048,200,beta,1
4,hang,breaker + first-token timeout,8.01,0.0463,200,beta,1
4,hang,no breaker,8.26,5.0806,200,beta,2
4,hang,first-token timeout,8.26,1.0784,200,beta,2
4,hang,breaker,8.26,0.062,200,beta,1
4,hang,breaker + first-token timeout,8.26,0.061,200,beta,1
4,hang,no breaker,8.51,5.0771,200,beta,2
4,hang,first-token timeout,8.51,1.0682,200,beta,2
4,hang,breaker,8.51,0.0675,200,beta,1
4,hang,breaker + first-token timeout,8.51,0.0655,200,beta,1
4,hang,no breaker,8.77,5.0667,200,beta,2
4,hang,first-token timeout,8.77,1.0706,200,beta,2
4,hang,breaker,8.77,0.0658,200,beta,1
4,hang,breaker + first-token timeout,8.77,0.0656,200,beta,1
4,hang,no breaker,9.0,5.0523,200,beta,2
4,hang,first-token timeout,9.0,1.0599,200,beta,2
4,hang,breaker,9.0,0.0513,200,beta,1
4,hang,breaker + first-token timeout,9.0,0.0508,200,beta,1
4,hang,no breaker,9.25,5.0749,200,beta,2
4,hang,first-token timeout,9.25,1.0643,200,beta,2
4,hang,breaker,9.25,0.0511,200,beta,1
4,hang,breaker + first-token timeout,9.25,0.0506,200,beta,1
4,hang,no breaker,9.5,5.0445,200,beta,2
4,hang,first-token timeout,9.5,1.0512,200,beta,2
4,hang,breaker,9.5,0.053,200,beta,1
4,hang,breaker + first-token timeout,9.5,0.0525,200,beta,1
4,hang,no breaker,9.75,5.0497,200,beta,2
4,hang,first-token timeout,9.75,1.0689,200,beta,2
4,hang,breaker,9.75,0.0518,200,beta,1
4,hang,breaker + first-token timeout,9.75,0.0514,200,beta,1
4,hang,no breaker,10.01,5.0618,200,beta,2
4,hang,first-token timeout,10.01,1.0467,200,beta,2
4,hang,breaker,10.01,0.0515,200,beta,1
4,hang,breaker + first-token timeout,10.01,0.0508,200,beta,1
4,hang,no breaker,10.28,5.0672,200,beta,2
4,hang,first-token timeout,10.28,1.0521,200,beta,2
4,hang,breaker,10.28,0.0616,200,beta,1
4,hang,breaker + first-token timeout,10.28,0.0609,200,beta,1
4,hang,no breaker,10.5,5.0528,200,beta,2
4,hang,first-token timeout,10.5,1.0597,200,beta,2
4,hang,breaker,10.5,0.0721,200,beta,1
4,hang,breaker + first-token timeout,10.5,0.0712,200,beta,1
4,hang,no breaker,10.76,5.0624,200,beta,2
4,hang,first-token timeout,10.76,1.0513,200,beta,2
4,hang,breaker,10.76,0.0569,200,beta,1
4,hang,breaker + first-token timeout,10.77,0.0557,200,beta,1
4,hang,no breaker,11.01,5.0771,200,beta,2
4,hang,first-token timeout,11.01,1.0645,200,beta,2
4,hang,breaker,11.01,0.0474,200,beta,1
4,hang,breaker + first-token timeout,11.01,0.0463,200,beta,1
4,hang,no breaker,11.26,5.0789,200,beta,2
4,hang,first-token timeout,11.26,1.0815,200,beta,2
4,hang,breaker,11.26,0.0669,200,beta,1
4,hang,breaker + first-token timeout,11.26,0.0662,200,beta,1
4,hang,no breaker,11.51,5.0478,200,beta,2
4,hang,first-token timeout,11.51,1.0516,200,beta,2
4,hang,breaker,11.51,0.0572,200,beta,1
4,hang,breaker + first-token timeout,11.51,0.056,200,beta,1
4,hang,no breaker,11.76,5.0565,200,beta,2
4,hang,first-token timeout,11.76,1.0858,200,beta,2
4,hang,breaker,11.76,0.0579,200,beta,1
4,hang,breaker + first-token timeout,11.76,0.0578,200,beta,1
4,hang,no breaker,12.01,5.0676,200,beta,2
4,hang,first-token timeout,12.01,1.0504,200,beta,2
4,hang,breaker,12.01,0.071,200,beta,1
4,hang,breaker + first-token timeout,12.01,0.0706,200,beta,1
4,hang,no breaker,12.25,5.0748,200,beta,2
4,hang,first-token timeout,12.25,1.0499,200,beta,2
4,hang,breaker,12.25,0.0496,200,beta,1
4,hang,breaker + first-token timeout,12.25,0.0492,200,beta,1
4,hang,no breaker,12.5,5.0492,200,beta,2
4,hang,first-token timeout,12.5,1.0481,200,beta,2
4,hang,breaker,12.5,0.0562,200,beta,1
4,hang,breaker + first-token timeout,12.5,0.0553,200,beta,1
4,hang,no breaker,12.75,5.0464,200,beta,2
4,hang,first-token timeout,12.75,1.0473,200,beta,2
4,hang,breaker,12.75,0.0509,200,beta,1
4,hang,breaker + first-token timeout,12.75,0.0504,200,beta,1
4,hang,no breaker,13.0,5.0635,200,beta,2
4,hang,first-token timeout,13.0,1.0541,200,beta,2
4,hang,breaker,13.0,0.0538,200,beta,1
4,hang,breaker + first-token timeout,13.0,0.0534,200,beta,1
4,hang,no breaker,13.25,5.0732,200,beta,2
4,hang,first-token timeout,13.25,1.0727,200,beta,2
4,hang,breaker,13.25,0.0502,200,beta,1
4,hang,breaker + first-token timeout,13.25,1.0722,200,beta,2
4,hang,no breaker,13.5,5.0645,200,beta,2
4,hang,first-token timeout,13.5,1.049,200,beta,2
4,hang,breaker,13.5,0.0507,200,beta,1
4,hang,breaker + first-token timeout,13.5,0.0504,200,beta,1
4,hang,no breaker,13.75,5.0722,200,beta,2
4,hang,first-token timeout,13.75,1.0515,200,beta,2
4,hang,breaker,13.75,0.0501,200,beta,1
4,hang,breaker + first-token timeout,13.75,0.0499,200,beta,1
4,hang,no breaker,14.0,5.0643,200,beta,2
4,hang,first-token timeout,14.0,1.0765,200,beta,2
4,hang,breaker,14.0,0.0567,200,beta,1
4,hang,breaker + first-token timeout,14.0,0.0563,200,beta,1
4,hang,no breaker,14.26,5.073,200,beta,2
4,hang,first-token timeout,14.26,1.081,200,beta,2
4,hang,breaker,14.26,0.0657,200,beta,1
4,hang,breaker + first-token timeout,14.26,0.0656,200,beta,1
4,hang,no breaker,14.51,5.0678,200,beta,2
4,hang,first-token timeout,14.51,1.0491,200,beta,2
4,hang,breaker,14.51,0.0622,200,beta,1
4,hang,breaker + first-token timeout,14.51,0.0617,200,beta,1
4,hang,no breaker,14.76,5.0501,200,beta,2
4,hang,first-token timeout,14.76,1.049,200,beta,2
4,hang,breaker,14.76,0.0665,200,beta,1
4,hang,breaker + first-token timeout,14.76,0.0664,200,beta,1
4,503,no breaker,0.0,0.2616,200,beta,4
4,503,first-token timeout,0.0,0.3119,200,beta,4
4,503,breaker,0.0,0.6512,200,beta,3
4,503,breaker + first-token timeout,0.0,0.4908,200,beta,3
4,503,no breaker,0.26,1.0685,200,beta,4
4,503,first-token timeout,0.26,0.5032,200,beta,4
4,503,breaker,0.26,0.0721,200,beta,2
4,503,breaker + first-token timeout,0.26,0.5026,200,beta,2
4,503,no breaker,0.49,0.7927,200,beta,4
4,503,first-token timeout,0.49,1.1006,200,beta,4
4,503,breaker,0.49,0.0557,200,beta,1
4,503,breaker + first-token timeout,0.49,0.0557,200,beta,1
4,503,no breaker,0.76,0.2988,200,beta,4
4,503,first-token timeout,0.76,0.9398,200,beta,4
4,503,breaker,0.76,0.0569,200,beta,1
4,503,breaker + first-token timeout,0.76,0.0565,200,beta,1
4,503,no breaker,1.02,0.6283,200,beta,4
4,503,first-token timeout,1.02,1.3231,200,beta,4
4,503,breaker,1.02,0.0405,200,beta,1
4,503,breaker + first-token timeout,1.02,0.0395,200,beta,1
4,503,no breaker,1.25,0.5042,200,beta,4
4,503,first-token timeout,1.25,0.9557,200,beta,4
4,503,breaker,1.25,0.0571,200,beta,1
4,503,breaker + first-token timeout,1.25,0.0568,200,beta,1
4,503,no breaker,1.5,1.2836,200,beta,4
4,503,first-token timeout,1.5,0.8162,200,beta,4
4,503,breaker,1.5,0.0486,200,beta,1
4,503,breaker + first-token timeout,1.5,0.0484,200,beta,1
4,503,no breaker,1.76,1.3096,200,beta,4
4,503,first-token timeout,1.76,1.0672,200,beta,4
4,503,breaker,1.76,0.0614,200,beta,1
4,503,breaker + first-token timeout,1.76,0.0611,200,beta,1
4,503,no breaker,2.01,0.562,200,beta,4
4,503,first-token timeout,2.01,0.5236,200,beta,4
4,503,breaker,2.01,0.053,200,beta,1
4,503,breaker + first-token timeout,2.01,0.053,200,beta,1
4,503,no breaker,2.26,0.6231,200,beta,4
4,503,first-token timeout,2.26,1.1157,200,beta,4
4,503,breaker,2.26,0.0529,200,beta,1
4,503,breaker + first-token timeout,2.26,0.0525,200,beta,1
4,503,no breaker,2.51,0.5737,200,beta,4
4,503,first-token timeout,2.51,0.5516,200,beta,4
4,503,breaker,2.51,0.062,200,beta,1
4,503,breaker + first-token timeout,2.51,0.062,200,beta,1
4,503,no breaker,2.76,0.9425,200,beta,4
4,503,first-token timeout,2.76,1.1828,200,beta,4
4,503,breaker,2.76,0.0598,200,beta,1
4,503,breaker + first-token timeout,2.76,0.0594,200,beta,1
4,503,no breaker,3.01,0.2894,200,beta,4
4,503,first-token timeout,3.01,0.8418,200,beta,4
4,503,breaker,3.01,0.0567,200,beta,1
4,503,breaker + first-token timeout,3.01,0.0565,200,beta,1
4,503,no breaker,3.26,0.6478,200,beta,4
4,503,first-token timeout,3.26,0.3247,200,beta,4
4,503,breaker,3.26,0.0602,200,beta,1
4,503,breaker + first-token timeout,3.26,0.0599,200,beta,1
4,503,no breaker,3.53,1.1685,200,beta,4
4,503,first-token timeout,3.53,0.9879,200,beta,4
4,503,breaker,3.53,0.0565,200,beta,1
4,503,breaker + first-token timeout,3.53,0.0561,200,beta,1
4,503,no breaker,3.76,0.6155,200,beta,4
4,503,first-token timeout,3.76,0.9747,200,beta,4
4,503,breaker,3.76,0.055,200,beta,1
4,503,breaker + first-token timeout,3.76,0.0545,200,beta,1
4,503,no breaker,4.03,0.6894,200,beta,4
4,503,first-token timeout,4.03,1.0349,200,beta,4
4,503,breaker,4.03,0.0557,200,beta,1
4,503,breaker + first-token timeout,4.03,0.0554,200,beta,1
4,503,no breaker,4.27,0.8612,200,beta,4
4,503,first-token timeout,4.27,0.8609,200,beta,4
4,503,breaker,4.27,0.0492,200,beta,1
4,503,breaker + first-token timeout,4.27,0.0487,200,beta,1
4,503,no breaker,4.51,0.6808,200,beta,4
4,503,first-token timeout,4.51,0.6806,200,beta,4
4,503,breaker,4.51,0.0566,200,beta,1
4,503,breaker + first-token timeout,4.51,0.0565,200,beta,1
4,503,no breaker,4.76,0.7041,200,beta,4
4,503,first-token timeout,4.76,0.9035,200,beta,4
4,503,breaker,4.76,0.055,200,beta,1
4,503,breaker + first-token timeout,4.76,0.0546,200,beta,1
4,503,no breaker,5.01,0.7543,200,beta,4
4,503,first-token timeout,5.01,0.9128,200,beta,4
4,503,breaker,5.01,0.055,200,beta,1
4,503,breaker + first-token timeout,5.01,0.0549,200,beta,1
4,503,no breaker,5.25,0.6885,200,beta,4
4,503,first-token timeout,5.25,0.4548,200,beta,4
4,503,breaker,5.25,0.0557,200,beta,1
4,503,breaker + first-token timeout,5.25,0.0554,200,beta,1
4,503,no breaker,5.52,1.1508,200,beta,4
4,503,first-token timeout,5.52,1.15,200,beta,4
4,503,breaker,5.52,0.0584,200,beta,2
4,503,breaker + first-token timeout,5.52,0.0584,200,beta,2
4,503,no breaker,5.76,0.4372,200,beta,4
4,503,first-token timeout,5.76,0.1093,200,beta,4
4,503,breaker,5.76,0.0484,200,beta,1
4,503,breaker + first-token timeout,5.76,0.0484,200,beta,1
4,503,no breaker,6.0,1.0116,200,beta,4
4,503,first-token timeout,6.0,0.4373,200,beta,4
4,503,breaker,6.0,0.0485,200,beta,1
4,503,breaker + first-token timeout,6.0,0.0485,200,beta,1
4,503,no breaker,6.25,1.0084,200,beta,4
4,503,first-token timeout,6.25,0.8732,200,beta,4
4,503,breaker,6.25,0.0546,200,beta,1
4,503,breaker + first-token timeout,6.25,0.0543,200,beta,1
4,503,no breaker,6.5,1.1906,200,beta,4
4,503,first-token timeout,6.5,0.4849,200,beta,4
4,503,breaker,6.5,0.044,200,beta,1
4,503,breaker + first-token timeout,6.5,0.0439,200,beta,1
4,503,no breaker,6.76,0.4008,200,beta,4
4,503,first-token timeout,6.76,1.1899,200,beta,4
4,503,breaker,6.76,0.0561,200,beta,1
4,503,breaker + first-token timeout,6.76,0.0558,200,beta,1
4,503,no breaker,7.01,0.9878,200,beta,4
4,503,first-token timeout,7.01,1.2524,200,beta,4
4,503,breaker,7.01,0.064,200,beta,1
4,503,breaker + first-token timeout,7.01,0.0638,200,beta,1
4,503,no breaker,7.26,0.7783,200,beta,4
4,503,first-token timeout,7.26,1.1146,200,beta,4
4,503,breaker,7.26,0.0491,200,beta,1
4,503,breaker + first-token timeout,7.26,0.0487,200,beta,1
4,503,no breaker,7.51,0.7723,200,beta,4
4,503,first-token timeout,7.51,1.2205,200,beta,4
4,503,breaker,7.51,0.0549,200,beta,1
4,503,breaker + first-token timeout,7.51,0.0548,200,beta,1
4,503,no breaker,7.76,1.1211,200,beta,4
4,503,first-token timeout,7.76,0.5579,200,beta,4
4,503,breaker,7.76,0.047,200,beta,1
4,503,breaker + first-token timeout,7.76,0.0467,200,beta,1
4,503,no breaker,8.0,0.7638,200,beta,4
4,503,first-token timeout,8.0,0.8865,200,beta,4
4,503,breaker,8.0,0.0607,200,beta,1
4,503,breaker + first-token timeout,8.0,0.0607,200,beta,1
4,503,no breaker,8.26,1.3285,200,beta,4
4,503,first-token timeout,8.26,1.0164,200,beta,4
4,503,breaker,8.26,0.0605,200,beta,1
4,503,breaker + first-token timeout,8.26,0.0606,200,beta,1
4,503,no breaker,8.51,0.8157,200,beta,4
4,503,first-token timeout,8.51,0.5617,200,beta,4
4,503,breaker,8.51,0.0557,200,beta,1
4,503,breaker + first-token timeout,8.51,0.0554,200,beta,1
4,503,no breaker,8.76,1.384,200,beta,4
4,503,first-token timeout,8.76,0.6404,200,beta,4
4,503,breaker,8.76,0.0548,200,beta,1
4,503,breaker + first-token timeout,8.76,0.0547,200,beta,1
4,503,no breaker,9.01,0.5177,200,beta,4
4,503,first-token timeout,9.01,1.2203,200,beta,4
4,503,breaker,9.01,0.0642,200,beta,1
4,503,breaker + first-token timeout,9.01,0.0642,200,beta,1
4,503,no breaker,9.25,0.9406,200,beta,4
4,503,first-token timeout,9.25,0.5759,200,beta,4
4,503,breaker,9.25,0.0533,200,beta,1
4,503,breaker + first-token timeout,9.25,0.0532,200,beta,1
4,503,no breaker,9.5,0.9019,200,beta,4
4,503,first-token timeout,9.5,0.3748,200,beta,4
4,503,breaker,9.5,0.0534,200,beta,1
4,503,breaker + first-token timeout,9.5,0.0533,200,beta,1
4,503,no breaker,9.75,0.6143,200,beta,4
4,503,first-token timeout,9.75,1.2224,200,beta,4
4,503,breaker,9.75,0.0536,200,beta,1
4,503,breaker + first-token timeout,9.75,0.0534,200,beta,1
4,503,no breaker,10.01,1.037,200,beta,4
4,503,first-token timeout,10.01,0.3505,200,beta,4
4,503,breaker,10.01,0.0546,200,beta,1
4,503,breaker + first-token timeout,10.01,0.0544,200,beta,1
4,503,no breaker,10.25,0.6629,200,beta,4
4,503,first-token timeout,10.25,0.4292,200,beta,4
4,503,breaker,10.25,0.0426,200,beta,1
4,503,breaker + first-token timeout,10.25,0.0423,200,beta,1
4,503,no breaker,10.51,0.6534,200,beta,4
4,503,first-token timeout,10.51,1.1557,200,beta,4
4,503,breaker,10.51,0.0558,200,beta,1
4,503,breaker + first-token timeout,10.51,0.0554,200,beta,1
4,503,no breaker,10.76,0.4608,200,beta,4
4,503,first-token timeout,10.76,1.2293,200,beta,4
4,503,breaker,10.76,0.0537,200,beta,2
4,503,breaker + first-token timeout,10.76,0.0534,200,beta,2
4,503,no breaker,11.01,0.9353,200,beta,4
4,503,first-token timeout,11.01,1.0665,200,beta,4
4,503,breaker,11.01,0.0597,200,beta,1
4,503,breaker + first-token timeout,11.01,0.0595,200,beta,1
4,503,no breaker,11.27,1.1456,200,beta,4
4,503,first-token timeout,11.27,0.3952,200,beta,4
4,503,breaker,11.27,0.0556,200,beta,1
4,503,breaker + first-token timeout,11.27,0.0553,200,beta,1
4,503,no breaker,11.52,0.8533,200,beta,4
4,503,first-token timeout,11.52,1.3077,200,beta,4
4,503,breaker,11.52,0.0673,200,beta,1
4,503,breaker + first-token timeout,11.52,0.0672,200,beta,1
4,503,no breaker,11.76,1.3895,200,beta,4
4,503,first-token timeout,11.76,0.8698,200,beta,4
4,503,breaker,11.76,0.063,200,beta,1
4,503,breaker + first-token timeout,11.76,0.0627,200,beta,1
4,503,no breaker,11.99,0.5277,200,beta,4
4,503,first-token timeout,11.99,1.2377,200,beta,4
4,503,breaker,11.99,0.0685,200,beta,1
4,503,breaker + first-token timeout,11.99,0.0685,200,beta,1
4,503,no breaker,12.26,0.852,200,beta,4
4,503,first-token timeout,12.26,0.2615,200,beta,4
4,503,breaker,12.26,0.0631,200,beta,1
4,503,breaker + first-token timeout,12.26,0.0628,200,beta,1
4,503,no breaker,12.49,0.5632,200,beta,4
4,503,first-token timeout,12.49,0.5371,200,beta,4
4,503,breaker,12.49,0.0584,200,beta,1
4,503,breaker + first-token timeout,12.49,0.0582,200,beta,1
4,503,no breaker,12.77,0.5106,200,beta,4
4,503,first-token timeout,12.77,0.5098,200,beta,4
4,503,breaker,12.77,0.0555,200,beta,1
4,503,breaker + first-token timeout,12.77,0.0554,200,beta,1
4,503,no breaker,13.01,0.5425,200,beta,4
4,503,first-token timeout,13.01,0.8235,200,beta,4
4,503,breaker,13.01,0.0494,200,beta,1
4,503,breaker + first-token timeout,13.01,0.0493,200,beta,1
4,503,no breaker,13.23,1.4038,200,beta,4
4,503,first-token timeout,13.23,0.5824,200,beta,4
4,503,breaker,13.23,0.0558,200,beta,1
4,503,breaker + first-token timeout,13.23,0.056,200,beta,1
4,503,no breaker,13.52,1.1084,200,beta,4
4,503,first-token timeout,13.52,0.7822,200,beta,4
4,503,breaker,13.52,0.0614,200,beta,1
4,503,breaker + first-token timeout,13.52,0.0611,200,beta,1
4,503,no breaker,13.74,0.968,200,beta,4
4,503,first-token timeout,13.74,1.0408,200,beta,4
4,503,breaker,13.74,0.0678,200,beta,1
4,503,breaker + first-token timeout,13.74,0.0676,200,beta,1
4,503,no breaker,14.0,0.7564,200,beta,4
4,503,first-token timeout,14.0,1.1753,200,beta,4
4,503,breaker,14.0,0.04,200,beta,1
4,503,breaker + first-token timeout,14.0,0.06,200,beta,1
4,503,no breaker,14.25,0.8423,200,beta,4
4,503,first-token timeout,14.25,0.6106,200,beta,4
4,503,breaker,14.25,0.0532,200,beta,1
4,503,breaker + first-token timeout,14.25,0.0529,200,beta,1
4,503,no breaker,14.5,0.6814,200,beta,4
4,503,first-token timeout,14.5,0.2837,200,beta,4
4,503,breaker,14.5,0.0449,200,beta,1
4,503,breaker + first-token timeout,14.5,0.0449,200,beta,1
4,503,no breaker,14.76,1.3612,200,beta,4
4,503,first-token timeout,14.76,0.609,200,beta,4
4,503,breaker,14.76,0.0553,200,beta,1
4,503,breaker + first-token timeout,14.76,0.0553,200,beta,1
5,hang,no breaker,0.0,5.0665,200,beta,2
5,hang,first-token timeout,0.0,1.0637,200,beta,2
5,hang,breaker,0.0,5.0673,200,beta,2
5,hang,breaker + first-token timeout,0.0,1.0633,200,beta,2
5,hang,no breaker,0.24,5.074,200,beta,2
5,hang,first-token timeout,0.24,1.0722,200,beta,2
5,hang,breaker,0.24,5.0748,200,beta,2
5,hang,breaker + first-token timeout,0.24,1.0718,200,beta,2
5,hang,no breaker,0.51,5.063,200,beta,2
5,hang,first-token timeout,0.51,1.0618,200,beta,2
5,hang,breaker,0.51,5.0635,200,beta,2
5,hang,breaker + first-token timeout,0.51,1.0616,200,beta,2
5,hang,no breaker,0.77,5.0706,200,beta,2
5,hang,first-token timeout,0.77,1.0578,200,beta,2
5,hang,breaker,0.77,5.0699,200,beta,2
5,hang,breaker + first-token timeout,0.77,1.0581,200,beta,2
5,hang,no breaker,1.0,5.0695,200,beta,2
5,hang,first-token timeout,1.0,1.0614,200,beta,2
5,hang,breaker,1.0,5.0686,200,beta,2
5,hang,breaker + first-token timeout,1.0,1.061,200,beta,2
5,hang,no breaker,1.26,5.0572,200,beta,2
5,hang,first-token timeout,1.26,1.0767,200,beta,2
5,hang,breaker,1.26,5.0562,200,beta,2
5,hang,breaker + first-token timeout,1.26,1.0764,200,beta,2
5,hang,no breaker,1.5,5.0569,200,beta,2
5,hang,first-token timeout,1.5,1.0543,200,beta,2
5,hang,breaker,1.5,5.0577,200,beta,2
5,hang,breaker + first-token timeout,1.5,1.0543,200,beta,2
5,hang,no breaker,1.77,5.0575,200,beta,2
5,hang,first-token timeout,1.77,1.0624,200,beta,2
5,hang,breaker,1.77,5.0582,200,beta,2
5,hang,breaker + first-token timeout,1.77,0.0581,200,beta,1
5,hang,no breaker,2.02,5.0629,200,beta,2
5,hang,first-token timeout,2.02,1.0795,200,beta,2
5,hang,breaker,2.02,5.0624,200,beta,2
5,hang,breaker + first-token timeout,2.02,0.0628,200,beta,1
5,hang,no breaker,2.24,5.0644,200,beta,2
5,hang,first-token timeout,2.24,1.0509,200,beta,2
5,hang,breaker,2.24,5.0645,200,beta,2
5,hang,breaker + first-token timeout,2.24,0.053,200,beta,1
5,hang,no breaker,2.51,5.0766,200,beta,2
5,hang,first-token timeout,2.51,1.06,200,beta,2
5,hang,breaker,2.51,5.076,200,beta,2
5,hang,breaker + first-token timeout,2.51,0.0502,200,beta,1
5,hang,no breaker,2.77,5.0716,200,beta,2
5,hang,first-token timeout,2.77,1.0463,200,beta,2
5,hang,breaker,2.77,5.071,200,beta,2
5,hang,breaker + first-token timeout,2.77,0.0562,200,beta,1
5,hang,no breaker,3.01,5.0777,200,beta,2
5,hang,first-token timeout,3.01,1.0648,200,beta,2
5,hang,breaker,3.01,5.0773,200,beta,2
5,hang,breaker + first-token timeout,3.01,0.053,200,beta,1
5,hang,no breaker,3.25,5.0562,200,beta,2
5,hang,first-token timeout,3.25,1.0489,200,beta,2
5,hang,breaker,3.25,5.0564,200,beta,2
5,hang,breaker + first-token timeout,3.25,0.0611,200,beta,1
5,hang,no breaker,3.5,5.0821,200,beta,2
5,hang,first-token timeout,3.5,1.0519,200,beta,2
5,hang,breaker,3.5,5.0812,200,beta,2
5,hang,breaker + first-token timeout,3.5,0.0645,200,beta,1
5,hang,no breaker,3.75,5.0588,200,beta,2
5,hang,first-token timeout,3.75,1.065,200,beta,2
5,hang,breaker,3.75,5.0596,200,beta,2
5,hang,breaker + first-token timeout,3.75,0.0685,200,beta,1
5,hang,no breaker,4.0,5.0443,200,beta,2
5,hang,first-token timeout,4.0,1.0706,200,beta,2
5,hang,breaker,4.0,5.0649,200,beta,2
5,hang,breaker + first-token timeout,4.0,0.0536,200,beta,1
5,hang,no breaker,4.26,5.0461,200,beta,2
5,hang,first-token timeout,4.26,1.0549,200,beta,2
5,hang,breaker,4.26,5.0463,200,beta,2
5,hang,breaker + first-token timeout,4.26,0.0614,200,beta,1
5,hang,no breaker,4.51,5.0705,200,beta,2
5,hang,first-token timeout,4.51,1.0567,200,beta,2
5,hang,breaker,4.51,5.0705,200,beta,2
5,hang,breaker + first-token timeout,4.51,0.0414,200,beta,1
5,hang,no breaker,4.76,5.0621,200,beta,2
5,hang,first-token timeout,4.76,1.0608,200,beta,2
5,hang,breaker,4.76,5.0617,200,beta,2
5,hang,breaker + first-token timeout,4.76,0.0578,200,beta,1
5,hang,no breaker,5.01,5.0779,200,beta,2
5,hang,first-token timeout,5.01,1.057,200,beta,2
5,hang,breaker,5.01,5.0547,200,beta,2
5,hang,breaker + first-token timeout,5.01,0.0583,200,beta,1
5,hang,no breaker,5.26,5.0458,200,beta,2
5,hang,first-token timeout,5.26,1.0532,200,beta,2
5,hang,breaker,5.26,5.0668,200,beta,2
5,hang,breaker + first-token timeout,5.26,0.0558,200,beta,1
5,hang,no breaker,5.51,5.053,200,beta,2
5,hang,first-token timeout,5.51,1.0475,200,beta,2
5,hang,breaker,5.51,0.0567,200,beta,1
5,hang,breaker + first-token timeout,5.51,0.0551,200,beta,1
5,hang,no breaker,5.76,5.0567,200,beta,2
5,hang,first-token timeout,5.76,1.0627,200,beta,2
5,hang,breaker,5.76,0.0551,200,beta,1
5,hang,breaker + first-token timeout,5.76,0.055,200,beta,1
5,hang,no breaker,6.01,5.0565,200,beta,2
5,hang,first-token timeout,6.01,1.0478,200,beta,2
5,hang,breaker,6.01,0.0566,200,beta,1
5,hang,breaker + first-token timeout,6.01,0.0558,200,beta,1
5,hang,no breaker,6.26,5.0619,200,beta,2
5,hang,first-token timeout,6.26,1.0521,200,beta,2
5,hang,breaker,6.26,0.0577,200,beta,1
5,hang,breaker + first-token timeout,6.26,0.0568,200,beta,1
5,hang,no breaker,6.5,5.0516,200,beta,2
5,hang,first-token timeout,6.5,1.0799,200,beta,2
5,hang,breaker,6.5,0.058,200,beta,1
5,hang,breaker + first-token timeout,6.5,0.0575,200,beta,1
5,hang,no breaker,6.76,5.0842,200,beta,2
5,hang,first-token timeout,6.77,1.0776,200,beta,2
5,hang,breaker,6.77,0.0581,200,beta,1
5,hang,breaker + first-token timeout,6.77,0.0565,200,beta,1
5,hang,no breaker,7.01,5.0811,200,beta,2
5,hang,first-token timeout,7.01,1.0685,200,beta,2
5,hang,breaker,7.01,0.0627,200,beta,1
5,hang,breaker + first-token timeout,7.01,0.0625,200,beta,1
5,hang,no breaker,7.25,5.0615,200,beta,2
5,hang,first-token timeout,7.25,1.0596,200,beta,2
5,hang,breaker,7.25,0.0581,200,beta,1
5,hang,breaker + first-token timeout,7.25,0.0568,200,beta,1
5,hang,no breaker,7.52,5.0499,200,beta,2
5,hang,first-token timeout,7.52,1.0682,200,beta,2
5,hang,breaker,7.52,0.0656,200,beta,1
5,hang,breaker + first-token timeout,7.52,1.0678,200,beta,2
5,hang,no breaker,7.75,5.0585,200,beta,2
5,hang,first-token timeout,7.75,1.0551,200,beta,2
5,hang,breaker,7.75,0.0528,200,beta,1
5,hang,breaker + first-token timeout,7.75,0.0529,200,beta,1
5,hang,no breaker,8.02,5.0641,200,beta,2
5,hang,first-token timeout,8.02,1.065,200,beta,2
5,hang,breaker,8.02,0.0662,200,beta,1
5,hang,breaker + first-token timeout,8.02,0.0644,200,beta,1
5,hang,no breaker,8.25,5.0575,200,beta,2
5,hang,first-token timeout,8.25,1.0559,200,beta,2
5,hang,breaker,8.25,0.0588,200,beta,1
5,hang,breaker + first-token timeout,8.25,0.0582,200,beta,1
5,hang,no breaker,8.52,5.0675,200,beta,2
5,hang,first-token timeout,8.52,1.065,200,beta,2
5,hang,breaker,8.52,0.0683,200,beta,1
5,hang,breaker + first-token timeout,8.52,0.0664,200,beta,1
5,hang,no breaker,8.75,5.0716,200,beta,2
5,hang,first-token timeout,8.75,1.0683,200,beta,2
5,hang,breaker,8.75,0.058,200,beta,1
5,hang,breaker + first-token timeout,8.75,0.0576,200,beta,1
5,hang,no breaker,9.01,5.0644,200,beta,2
5,hang,first-token timeout,9.01,1.0715,200,beta,2
5,hang,breaker,9.01,0.0672,200,beta,1
5,hang,breaker + first-token timeout,9.01,0.0669,200,beta,1
5,hang,no breaker,9.25,5.0487,200,beta,2
5,hang,first-token timeout,9.25,1.0553,200,beta,2
5,hang,breaker,9.25,0.0573,200,beta,1
5,hang,breaker + first-token timeout,9.25,0.0573,200,beta,1
5,hang,no breaker,9.51,5.0724,200,beta,2
5,hang,first-token timeout,9.51,1.0696,200,beta,2
5,hang,breaker,9.51,0.0666,200,beta,1
5,hang,breaker + first-token timeout,9.51,0.0652,200,beta,1
5,hang,no breaker,9.75,5.0616,200,beta,2
5,hang,first-token timeout,9.75,1.0681,200,beta,2
5,hang,breaker,9.75,0.0696,200,beta,1
5,hang,breaker + first-token timeout,9.75,0.0683,200,beta,1
5,hang,no breaker,10.01,5.086,200,beta,2
5,hang,first-token timeout,10.01,1.072,200,beta,2
5,hang,breaker,10.01,0.0713,200,beta,1
5,hang,breaker + first-token timeout,10.01,0.0712,200,beta,1
5,hang,no breaker,10.26,5.0384,200,beta,2
5,hang,first-token timeout,10.26,1.0547,200,beta,2
5,hang,breaker,10.26,0.0635,200,beta,1
5,hang,breaker + first-token timeout,10.26,0.0634,200,beta,1
5,hang,no breaker,10.51,5.0684,200,beta,2
5,hang,first-token timeout,10.51,1.0424,200,beta,2
5,hang,breaker,10.51,0.0523,200,beta,1
5,hang,breaker + first-token timeout,10.51,0.0518,200,beta,1
5,hang,no breaker,10.76,5.058,200,beta,2
5,hang,first-token timeout,10.76,1.0548,200,beta,2
5,hang,breaker,10.76,0.0579,200,beta,1
5,hang,breaker + first-token timeout,10.76,0.0575,200,beta,1
5,hang,no breaker,11.01,5.0648,200,beta,2
5,hang,first-token timeout,11.01,1.0462,200,beta,2
5,hang,breaker,11.01,0.052,200,beta,1
5,hang,breaker + first-token timeout,11.01,0.0514,200,beta,1
5,hang,no breaker,11.26,5.0741,200,beta,2
5,hang,first-token timeout,11.26,1.0504,200,beta,2
5,hang,breaker,11.26,0.0572,200,beta,1
5,hang,breaker + first-token timeout,11.26,0.0559,200,beta,1
5,hang,no breaker,11.51,5.0666,200,beta,2
5,hang,first-token timeout,11.51,1.056,200,beta,2
5,hang,breaker,11.51,0.0443,200,beta,1
5,hang,breaker + first-token timeout,11.51,0.0437,200,beta,1
5,hang,no breaker,11.76,5.0721,200,beta,2
5,hang,first-token timeout,11.76,1.0516,200,beta,2
5,hang,breaker,11.76,0.0535,200,beta,1
5,hang,breaker + first-token timeout,11.76,0.0531,200,beta,1
5,hang,no breaker,12.0,5.0802,200,beta,2
5,hang,first-token timeout,12.0,1.0755,200,beta,2
5,hang,breaker,12.0,0.0532,200,beta,1
5,hang,breaker + first-token timeout,12.0,0.053,200,beta,1
5,hang,no breaker,12.25,5.0815,200,beta,2
5,hang,first-token timeout,12.25,1.056,200,beta,2
5,hang,breaker,12.25,0.0581,200,beta,1
5,hang,breaker + first-token timeout,12.25,0.0572,200,beta,1
5,hang,no breaker,12.51,5.0783,200,beta,2
5,hang,first-token timeout,12.51,1.0673,200,beta,2
5,hang,breaker,12.51,0.0494,200,beta,1
5,hang,breaker + first-token timeout,12.51,0.0488,200,beta,1
5,hang,no breaker,12.75,5.0682,200,beta,2
5,hang,first-token timeout,12.75,1.0681,200,beta,2
5,hang,breaker,12.75,0.0581,200,beta,1
5,hang,breaker + first-token timeout,12.75,0.0572,200,beta,1
5,hang,no breaker,13.02,5.0798,200,beta,2
5,hang,first-token timeout,13.02,1.0623,200,beta,2
5,hang,breaker,13.02,0.0642,200,beta,1
5,hang,breaker + first-token timeout,13.02,0.0635,200,beta,1
5,hang,no breaker,13.25,5.0823,200,beta,2
5,hang,first-token timeout,13.25,1.0818,200,beta,2
5,hang,breaker,13.25,0.0563,200,beta,1
5,hang,breaker + first-token timeout,13.25,0.0569,200,beta,1
5,hang,no breaker,13.52,5.0898,200,beta,2
5,hang,first-token timeout,13.52,1.0694,200,beta,2
5,hang,breaker,13.52,0.0642,200,beta,1
5,hang,breaker + first-token timeout,13.52,0.0651,200,beta,1
5,hang,no breaker,13.75,5.0495,200,beta,2
5,hang,first-token timeout,13.75,1.0606,200,beta,2
5,hang,breaker,13.75,0.0519,200,beta,1
5,hang,breaker + first-token timeout,13.75,1.0393,200,beta,2
5,hang,no breaker,14.01,5.044,200,beta,2
5,hang,first-token timeout,14.01,1.0667,200,beta,2
5,hang,breaker,14.01,0.0653,200,beta,1
5,hang,breaker + first-token timeout,14.01,0.0652,200,beta,1
5,hang,no breaker,14.25,5.0667,200,beta,2
5,hang,first-token timeout,14.25,1.0545,200,beta,2
5,hang,breaker,14.25,0.0512,200,beta,1
5,hang,breaker + first-token timeout,14.25,0.051,200,beta,1
5,hang,no breaker,14.51,5.0617,200,beta,2
5,hang,first-token timeout,14.51,1.066,200,beta,2
5,hang,breaker,14.51,0.054,200,beta,1
5,hang,breaker + first-token timeout,14.51,0.0536,200,beta,1
5,hang,no breaker,14.76,5.0544,200,beta,2
5,hang,first-token timeout,14.76,1.0525,200,beta,2
5,hang,breaker,14.76,0.0664,200,beta,1
5,hang,breaker + first-token timeout,14.76,0.0662,200,beta,1
5,503,no breaker,0.0,0.5757,200,beta,4
5,503,first-token timeout,0.0,0.9367,200,beta,4
5,503,breaker,0.0,0.3765,200,beta,3
5,503,breaker + first-token timeout,0.0,1.1136,200,beta,3
5,503,no breaker,0.25,1.2845,200,beta,4
5,503,first-token timeout,0.25,1.2034,200,beta,4
5,503,breaker,0.25,0.1238,200,beta,2
5,503,breaker + first-token timeout,0.25,0.4066,200,beta,2
5,503,no breaker,0.52,0.3519,200,beta,4
5,503,first-token timeout,0.52,0.9575,200,beta,4
5,503,breaker,0.52,0.0569,200,beta,1
5,503,breaker + first-token timeout,0.52,0.0564,200,beta,1
5,503,no breaker,0.77,0.5558,200,beta,4
5,503,first-token timeout,0.77,1.1086,200,beta,4
5,503,breaker,0.77,0.0487,200,beta,1
5,503,breaker + first-token timeout,0.77,0.0483,200,beta,1
5,503,no breaker,1.02,0.8054,200,beta,4
5,503,first-token timeout,1.02,0.3051,200,beta,4
5,503,breaker,1.02,0.0539,200,beta,1
5,503,breaker + first-token timeout,1.02,0.0538,200,beta,1
5,503,no breaker,1.26,0.4755,200,beta,4
5,503,first-token timeout,1.26,0.7599,200,beta,4
5,503,breaker,1.26,0.0574,200,beta,1
5,503,breaker + first-token timeout,1.26,0.0578,200,beta,1
5,503,no breaker,1.5,1.2865,200,beta,4
5,503,first-token timeout,1.5,1.0357,200,beta,4
5,503,breaker,1.5,0.0409,200,beta,1
5,503,breaker + first-token timeout,1.5,0.0407,200,beta,1
5,503,no breaker,1.74,0.6068,200,beta,4
5,503,first-token timeout,1.74,1.0795,200,beta,4
5,503,breaker,1.74,0.063,200,beta,1
5,503,breaker + first-token timeout,1.74,0.0629,200,beta,1
5,503,no breaker,2.0,1.0974,200,beta,4
5,503,first-token timeout,2.0,1.0607,200,beta,4
5,503,breaker,2.0,0.0611,200,beta,1
5,503,breaker + first-token timeout,2.0,0.0608,200,beta,1
5,503,no breaker,2.26,1.4398,200,beta,4
5,503,first-token timeout,2.26,0.6091,200,beta,4
5,503,breaker,2.26,0.0518,200,beta,1
5,503,breaker + first-token timeout,2.26,0.0515,200,beta,1
5,503,no breaker,2.51,1.2658,200,beta,4
5,503,first-token timeout,2.51,1.2112,200,beta,4
5,503,breaker,2.51,0.0479,200,beta,1
5,503,breaker + first-token timeout,2.51,0.0478,200,beta,1
5,503,no breaker,2.76,0.7663,200,beta,4
5,503,first-token timeout,2.76,1.264,200,beta,4
5,503,breaker,2.76,0.06,200,beta,1
5,503,breaker + first-token timeout,2.76,0.0598,200,beta,1
5,503,no breaker,3.01,1.4241,200,beta,4
5,503,first-token timeout,3.01,0.9054,200,beta,4
5,503,breaker,3.01,0.0511,200,beta,1
5,503,breaker + first-token timeout,3.01,0.0507,200,beta,1
5,503,no breaker,3.25,0.8042,200,beta,4
5,503,first-token timeout,3.25,0.7678,200,beta,4
5,503,breaker,3.25,0.0557,200,beta,1
5,503,breaker + first-token timeout,3.25,0.0557,200,beta,1
5,503,no breaker,3.52,1.3029,200,beta,4
5,503,first-token timeout,3.52,1.34,200,beta,4
5,503,breaker,3.52,0.0558,200,beta,1
5,503,breaker + first-token timeout,3.52,0.0555,200,beta,1
5,503,no breaker,3.77,0.7217,200,beta,4
5,503,first-token timeout,3.77,1.1917,200,beta,4
5,503,breaker,3.77,0.0545,200,beta,1
5,503,breaker + first-token timeout,3.77,0.0545,200,beta,1
5,503,no breaker,4.02,0.6769,200,beta,4
5,503,first-token timeout,4.02,0.4348,200,beta,4
5,503,breaker,4.02,0.0602,200,beta,1
5,503,breaker + first-token timeout,4.02,0.0601,200,beta,1
5,503,no breaker,4.25,0.8023,200,beta,4
5,503,first-token timeout,4.25,1.4764,200,beta,4
5,503,breaker,4.25,0.0608,200,beta,1
5,503,breaker + first-token timeout,4.25,0.0605,200,beta,1
5,503,no breaker,4.49,0.7003,200,beta,4
5,503,first-token timeout,4.49,1.3218,200,beta,4
5,503,breaker,4.49,0.0559,200,beta,1
5,503,breaker + first-token timeout,4.49,0.0556,200,beta,1
5,503,no breaker,4.77,0.7378,200,beta,4
5,503,first-token timeout,4.77,0.5673,200,beta,4
5,503,breaker,4.77,0.0534,200,beta,1
5,503,breaker + first-token timeout,4.77,0.0532,200,beta,1
5,503,no breaker,5.02,0.3377,200,beta,4
5,503,first-token timeout,5.02,1.0386,200,beta,4
5,503,breaker,5.02,0.0562,200,beta,1
5,503,breaker + first-token timeout,5.02,0.0558,200,beta,1
5,503,no breaker,5.27,1.3651,200,beta,4
5,503,first-token timeout,5.27,0.837,200,beta,4
5,503,breaker,5.27,0.0698,200,beta,2
5,503,breaker + first-token timeout,5.27,0.0699,200,beta,2
5,503,no breaker,5.5,0.8487,200,beta,4
5,503,first-token timeout,5.5,0.2523,200,beta,4
5,503,breaker,5.5,0.0475,200,beta,1
5,503,breaker + first-token timeout,5.5,0.0473,200,beta,1
5,503,no breaker,5.73,0.8382,200,beta,4
5,503,first-token timeout,5.73,1.0254,200,beta,4
5,503,breaker,5.73,0.0486,200,beta,1
5,503,breaker + first-token timeout,5.73,0.0485,200,beta,1
5,503,no breaker,6.02,0.274,200,beta,4
5,503,first-token timeout,6.02,1.022,200,beta,4
5,503,breaker,6.02,0.0636,200,beta,1
5,503,breaker + first-token timeout,6.02,0.0635,200,beta,1
5,503,no breaker,6.25,0.5385,200,beta,4
5,503,first-token timeout,6.25,1.1944,200,beta,4
5,503,breaker,6.25,0.0616,200,beta,1
5,503,breaker + first-token timeout,6.25,0.0616,200,beta,1
5,503,no breaker,6.5,1.3742,200,beta,4
5,503,first-token timeout,6.5,0.2483,200,beta,4
5,503,breaker,6.5,0.0625,200,beta,1
5,503,breaker + first-token timeout,6.5,0.0625,200,beta,1
5,503,no breaker,6.75,0.5037,200,beta,4
5,503,first-token timeout,6.75,1.0996,200,beta,4
5,503,breaker,6.75,0.0592,200,beta,1
5,503,breaker + first-token timeout,6.75,0.0588,200,beta,1
5,503,no breaker,7.0,1.1916,200,beta,4
5,503,first-token timeout,7.0,1.2109,200,beta,4
5,503,breaker,7.0,0.0579,200,beta,1
5,503,breaker + first-token timeout,7.0,0.0575,200,beta,1
5,503,no breaker,7.25,0.2532,200,beta,4
5,503,first-token timeout,7.25,0.3394,200,beta,4
5,503,breaker,7.25,0.0673,200,beta,1
5,503,breaker + first-token timeout,7.25,0.0672,200,beta,1
5,503,no breaker,7.5,0.6915,200,beta,4
5,503,first-token timeout,7.5,1.4389,200,beta,4
5,503,breaker,7.5,0.0684,200,beta,1
5,503,breaker + first-token timeout,7.5,0.0683,200,beta,1
5,503,no breaker,7.75,0.9555,200,beta,4
5,503,first-token timeout,7.75,0.8768,200,beta,4
5,503,breaker,7.75,0.0686,200,beta,1
5,503,breaker + first-token timeout,7.75,0.0685,200,beta,1
5,503,no breaker,8.0,1.0685,200,beta,4
5,503,first-token timeout,8.0,0.629,200,beta,4
5,503,breaker,8.0,0.0553,200,beta,1
5,503,breaker + first-token timeout,8.0,0.055,200,beta,1
5,503,no breaker,8.25,1.2566,200,beta,4
5,503,first-token timeout,8.25,0.6285,200,beta,4
5,503,breaker,8.25,0.0461,200,beta,1
5,503,breaker + first-token timeout,8.25,0.046,200,beta,1
5,503,no breaker,8.51,0.5547,200,beta,4
5,503,first-token timeout,8.51,1.1255,200,beta,4
5,503,breaker,8.51,0.0553,200,beta,1
5,503,breaker + first-token timeout,8.51,0.0552,200,beta,1
5,503,no breaker,8.75,0.3186,200,beta,4
5,503,first-token timeout,8.75,0.2829,200,beta,4
5,503,breaker,8.75,0.0427,200,beta,1
5,503,breaker + first-token timeout,8.75,0.0424,200,beta,1
5,503,no breaker,9.0,0.6341,200,beta,4
5,503,first-token timeout,9.0,1.3755,200,beta,4
5,503,breaker,9.0,0.0621,200,beta,1
5,503,breaker + first-token timeout,9.0,0.0619,200,beta,1
5,503,no breaker,9.27,0.5927,200,beta,4
5,503,first-token timeout,9.27,0.9021,200,beta,4
5,503,breaker,9.27,0.0545,200,beta,1
5,503,breaker + first-token timeout,9.27,0.0544,200,beta,1
5,503,no breaker,9.5,0.74,200,beta,4
5,503,first-token timeout,9.5,0.9744,200,beta,4
5,503,breaker,9.5,0.0569,200,beta,1
5,503,breaker + first-token timeout,9.5,0.0567,200,beta,1
5,503,no breaker,9.77,0.6542,200,beta,4
5,503,first-token timeout,9.77,0.1604,200,beta,4
5,503,breaker,9.77,0.0532,200,beta,1
5,503,breaker + first-token timeout,9.77,0.0529,200,beta,1
5,503,no breaker,10.02,0.5827,200,beta,4
5,503,first-token timeout,10.02,0.4571,200,beta,4
5,503,breaker,10.02,0.0634,200,beta,1
5,503,breaker + first-token timeout,10.02,0.0631,200,beta,1
5,503,no breaker,10.24,1.238,200,beta,4
5,503,first-token timeout,10.24,0.4031,200,beta,4
5,503,breaker,10.24,0.0559,200,beta,1
5,503,breaker + first-token timeout,10.24,0.0556,200,beta,1
5,503,no breaker,10.52,0.4266,200,beta,4
5,503,first-token timeout,10.52,1.3888,200,beta,4
5,503,breaker,10.52,0.0641,200,beta,2
5,503,breaker + first-token timeout,10.52,0.0636,200,beta,2
5,503,no breaker,10.75,1.5023,200,beta,4
5,503,first-token timeout,10.75,0.6144,200,beta,4
5,503,breaker,10.75,0.055,200,beta,1
5,503,breaker + first-token timeout,10.75,0.0547,200,beta,1
5,503,no breaker,11.0,0.479,200,beta,4
5,503,first-token timeout,11.0,0.4574,200,beta,4
5,503,breaker,11.0,0.0557,200,beta,1
5,503,breaker + first-token timeout,11.0,0.0555,200,beta,1
5,503,no breaker,11.25,0.3049,200,beta,4
5,503,first-token timeout,11.25,1.1701,200,beta,4
5,503,breaker,11.25,0.0772,200,beta,1
5,503,breaker + first-token timeout,11.25,0.0512,200,beta,1
5,503,no breaker,11.48,0.2012,200,beta,4
5,503,first-token timeout,11.48,0.6818,200,beta,4
5,503,breaker,11.48,0.0568,200,beta,1
5,503,breaker + first-token timeout,11.48,0.0566,200,beta,1
5,503,no breaker,11.76,0.3996,200,beta,4
5,503,first-token timeout,11.76,0.5558,200,beta,4
5,503,breaker,11.76,0.0564,200,beta,1
5,503,breaker + first-token timeout,11.76,0.0562,200,beta,1
5,503,no breaker,12.01,1.1341,200,beta,4
5,503,first-token timeout,12.01,0.1488,200,beta,4
5,503,breaker,12.01,0.0481,200,beta,1
5,503,breaker + first-token timeout,12.01,0.0481,200,beta,1
5,503,no breaker,12.25,0.4839,200,beta,4
5,503,first-token timeout,12.25,0.6118,200,beta,4
5,503,breaker,12.25,0.0628,200,beta,1
5,503,breaker + first-token timeout,12.25,0.0624,200,beta,1
5,503,no breaker,12.51,0.3739,200,beta,4
5,503,first-token timeout,12.51,1.148,200,beta,4
5,503,breaker,12.51,0.0552,200,beta,1
5,503,breaker + first-token timeout,12.51,0.0551,200,beta,1
5,503,no breaker,12.74,0.9428,200,beta,4
5,503,first-token timeout,12.74,0.7416,200,beta,4
5,503,breaker,12.74,0.0648,200,beta,1
5,503,breaker + first-token timeout,12.74,0.0645,200,beta,1
5,503,no breaker,13.01,0.8362,200,beta,4
5,503,first-token timeout,13.01,0.131,200,beta,4
5,503,breaker,13.01,0.0472,200,beta,1
5,503,breaker + first-token timeout,13.01,0.0473,200,beta,1
5,503,no breaker,13.25,0.7096,200,beta,4
5,503,first-token timeout,13.25,1.137,200,beta,4
5,503,breaker,13.25,0.0544,200,beta,1
5,503,breaker + first-token timeout,13.25,0.0541,200,beta,1
5,503,no breaker,13.51,0.9685,200,beta,4
5,503,first-token timeout,13.51,0.7101,200,beta,4
5,503,breaker,13.51,0.0548,200,beta,1
5,503,breaker + first-token timeout,13.51,0.0547,200,beta,1
5,503,no breaker,13.76,0.6766,200,beta,4
5,503,first-token timeout,13.76,1.2256,200,beta,4
5,503,breaker,13.76,0.0526,200,beta,1
5,503,breaker + first-token timeout,13.76,0.0519,200,beta,1
5,503,no breaker,14.01,0.4267,200,beta,4
5,503,first-token timeout,14.01,1.3472,200,beta,4
5,503,breaker,14.01,0.0515,200,beta,1
5,503,breaker + first-token timeout,14.01,0.0512,200,beta,1
5,503,no breaker,14.26,0.3274,200,beta,4
5,503,first-token timeout,14.26,0.9266,200,beta,4
5,503,breaker,14.26,0.0529,200,beta,1
5,503,breaker + first-token timeout,14.26,0.0528,200,beta,1
5,503,no breaker,14.51,0.8815,200,beta,4
5,503,first-token timeout,14.51,0.9739,200,beta,4
5,503,breaker,14.51,0.0531,200,beta,1
5,503,breaker + first-token timeout,14.51,0.0528,200,beta,1
5,503,no breaker,14.76,0.5209,200,beta,4
5,503,first-token timeout,14.76,1.0671,200,beta,4
5,503,breaker,14.76,0.0442,200,beta,1
5,503,breaker + first-token timeout,14.76,0.0442,200,beta,1
6,hang,no breaker,0.0,5.0676,200,beta,2
6,hang,first-token timeout,0.0,1.0756,200,beta,2
6,hang,breaker,0.0,5.0671,200,beta,2
6,hang,breaker + first-token timeout,0.0,1.0755,200,beta,2
6,hang,no breaker,0.25,5.0654,200,beta,2
6,hang,first-token timeout,0.25,1.0607,200,beta,2
6,hang,breaker,0.25,5.0651,200,beta,2
6,hang,breaker + first-token timeout,0.25,1.0604,200,beta,2
6,hang,no breaker,0.52,5.0519,200,beta,2
6,hang,first-token timeout,0.52,1.0801,200,beta,2
6,hang,breaker,0.52,5.0512,200,beta,2
6,hang,breaker + first-token timeout,0.52,1.0796,200,beta,2
6,hang,no breaker,0.74,5.064,200,beta,2
6,hang,first-token timeout,0.74,1.0695,200,beta,2
6,hang,breaker,0.74,5.0636,200,beta,2
6,hang,breaker + first-token timeout,0.74,1.0693,200,beta,2
6,hang,no breaker,1.02,5.0721,200,beta,2
6,hang,first-token timeout,1.02,1.0759,200,beta,2
6,hang,breaker,1.02,5.0716,200,beta,2
6,hang,breaker + first-token timeout,1.02,1.0752,200,beta,2
6,hang,no breaker,1.25,5.0593,200,beta,2
6,hang,first-token timeout,1.25,1.0638,200,beta,2
6,hang,breaker,1.25,5.059,200,beta,2
6,hang,breaker + first-token timeout,1.25,1.0636,200,beta,2
6,hang,no breaker,1.5,5.0693,200,beta,2
6,hang,first-token timeout,1.5,1.0631,200,beta,2
6,hang,breaker,1.5,5.0673,200,beta,2
6,hang,breaker + first-token timeout,1.5,1.0631,200,beta,2
6,hang,no breaker,1.75,5.0526,200,beta,2
6,hang,first-token timeout,1.75,1.0617,200,beta,2
6,hang,breaker,1.75,5.0517,200,beta,2
6,hang,breaker + first-token timeout,1.75,0.0552,200,beta,1
6,hang,no breaker,2.0,5.0523,200,beta,2
6,hang,first-token timeout,2.0,1.0521,200,beta,2
6,hang,breaker,2.0,5.0743,200,beta,2
6,hang,breaker + first-token timeout,2.0,0.0535,200,beta,1
6,hang,no breaker,2.27,5.0729,200,beta,2
6,hang,first-token timeout,2.27,1.0734,200,beta,2
6,hang,breaker,2.27,5.0719,200,beta,2
6,hang,breaker + first-token timeout,2.27,0.0609,200,beta,1
6,hang,no breaker,2.51,5.0564,200,beta,2
6,hang,first-token timeout,2.51,1.0433,200,beta,2
6,hang,breaker,2.51,5.0568,200,beta,2
6,hang,breaker + first-token timeout,2.51,0.0557,200,beta,1
6,hang,no breaker,2.76,5.0811,200,beta,2
6,hang,first-token timeout,2.76,1.0562,200,beta,2
6,hang,breaker,2.76,5.0577,200,beta,2
6,hang,breaker + first-token timeout,2.76,0.0568,200,beta,1
6,hang,no breaker,3.01,5.0584,200,beta,2
6,hang,first-token timeout,3.01,1.0752,200,beta,2
6,hang,breaker,3.01,5.0572,200,beta,2
6,hang,breaker + first-token timeout,3.01,0.0437,200,beta,1
6,hang,no breaker,3.26,5.0567,200,beta,2
6,hang,first-token timeout,3.26,1.0659,200,beta,2
6,hang,breaker,3.26,5.0573,200,beta,2
6,hang,breaker + first-token timeout,3.26,0.0505,200,beta,1
6,hang,no breaker,3.51,5.0599,200,beta,2
6,hang,first-token timeout,3.51,1.0762,200,beta,2
6,hang,breaker,3.51,5.06,200,beta,2
6,hang,breaker + first-token timeout,3.51,0.0444,200,beta,1
6,hang,no breaker,3.76,5.0589,200,beta,2
6,hang,first-token timeout,3.76,1.052,200,beta,2
6,hang,breaker,3.76,5.0569,200,beta,2
6,hang,breaker + first-token timeout,3.76,0.056,200,beta,1
6,hang,no breaker,4.02,5.068,200,beta,2
6,hang,first-token timeout,4.02,1.049,200,beta,2
6,hang,breaker,4.02,5.0672,200,beta,2
6,hang,breaker + first-token timeout,4.02,0.0647,200,beta,1
6,hang,no breaker,4.27,5.0827,200,beta,2
6,hang,first-token timeout,4.27,1.0503,200,beta,2
6,hang,breaker,4.27,5.082,200,beta,2
6,hang,breaker + first-token timeout,4.27,0.0555,200,beta,1
6,hang,no breaker,4.52,5.0825,200,beta,2
6,hang,first-token timeout,4.52,1.0517,200,beta,2
6,hang,breaker,4.52,5.0817,200,beta,2
6,hang,breaker + first-token timeout,4.52,0.0646,200,beta,1
6,hang,no breaker,4.75,5.0557,200,beta,2
6,hang,first-token timeout,4.75,1.0716,200,beta,2
6,hang,breaker,4.75,5.0548,200,beta,2
6,hang,breaker + first-token timeout,4.75,0.0562,200,beta,1
6,hang,no breaker,5.0,5.0691,200,beta,2
6,hang,first-token timeout,5.0,1.0675,200,beta,2
6,hang,breaker,5.0,5.0696,200,beta,2
6,hang,breaker + first-token timeout,5.0,0.068,200,beta,1
6,hang,no breaker,5.25,5.0512,200,beta,2
6,hang,first-token timeout,5.25,1.0398,200,beta,2
6,hang,breaker,5.25,5.0505,200,beta,2
6,hang,breaker + first-token timeout,5.25,0.0679,200,beta,1
6,hang,no breaker,5.5,5.0682,200,beta,2
6,hang,first-token timeout,5.5,1.0687,200,beta,2
6,hang,breaker,5.5,5.0664,200,beta,2
6,hang,breaker + first-token timeout,5.5,0.0687,200,beta,1
6,hang,no breaker,5.75,5.0555,200,beta,2
6,hang,first-token timeout,5.75,1.0547,200,beta,2
6,hang,breaker,5.75,0.0526,200,beta,1
6,hang,breaker + first-token timeout,5.75,0.0519,200,beta,1
6,hang,no breaker,6.01,5.0468,200,beta,2
6,hang,first-token timeout,6.01,1.0419,200,beta,2
6,hang,breaker,6.01,0.0547,200,beta,1
6,hang,breaker + first-token timeout,6.01,0.0536,200,beta,1
6,hang,no breaker,6.26,5.0499,200,beta,2
6,hang,first-token timeout,6.26,1.0473,200,beta,2
6,hang,breaker,6.26,0.0468,200,beta,1
6,hang,breaker + first-token timeout,6.26,0.0459,200,beta,1
6,hang,no breaker,6.51,5.0584,200,beta,2
6,hang,first-token timeout,6.51,1.0518,200,beta,2
6,hang,breaker,6.51,0.0576,200,beta,1
6,hang,breaker + first-token timeout,6.51,0.0558,200,beta,1
6,hang,no breaker,6.76,5.0451,200,beta,2
6,hang,first-token timeout,6.76,1.0521,200,beta,2
6,hang,breaker,6.76,0.0418,200,beta,1
6,hang,breaker + first-token timeout,6.76,0.0411,200,beta,1
6,hang,no breaker,7.01,5.0412,200,beta,2
6,hang,first-token timeout,7.01,1.0549,200,beta,2
6,hang,breaker,7.01,0.0413,200,beta,1
6,hang,breaker + first-token timeout,7.01,0.0407,200,beta,1
6,hang,no breaker,7.26,5.0482,200,beta,2
6,hang,first-token timeout,7.26,1.0561,200,beta,2
6,hang,breaker,7.26,0.0507,200,beta,1
6,hang,breaker + first-token timeout,7.26,1.0553,200,beta,2
6,hang,no breaker,7.51,5.059,200,beta,2
6,hang,first-token timeout,7.51,1.0577,200,beta,2
6,hang,breaker,7.51,0.057,200,beta,1
6,hang,breaker + first-token timeout,7.51,0.0568,200,beta,1
6,hang,no breaker,7.76,5.0598,200,beta,2
6,hang,first-token timeout,7.76,1.0539,200,beta,2
6,hang,breaker,7.76,0.054,200,beta,1
6,hang,breaker + first-token timeout,7.76,0.0536,200,beta,1
6,hang,no breaker,8.01,5.0587,200,beta,2
6,hang,first-token timeout,8.01,1.0555,200,beta,2
6,hang,breaker,8.01,0.0571,200,beta,1
6,hang,breaker + first-token timeout,8.01,0.0579,200,beta,1
6,hang,no breaker,8.26,5.0595,200,beta,2
6,hang,first-token timeout,8.26,1.0538,200,beta,2
6,hang,breaker,8.26,0.0573,200,beta,1
6,hang,breaker + first-token timeout,8.26,0.0572,200,beta,1
6,hang,no breaker,8.51,5.0607,200,beta,2
6,hang,first-token timeout,8.51,1.0538,200,beta,2
6,hang,breaker,8.51,0.0565,200,beta,1
6,hang,breaker + first-token timeout,8.51,0.056,200,beta,1
6,hang,no breaker,8.76,5.0605,200,beta,2
6,hang,first-token timeout,8.76,1.0503,200,beta,2
6,hang,breaker,8.76,0.0572,200,beta,1
6,hang,breaker + first-token timeout,8.76,0.0562,200,beta,1
6,hang,no breaker,9.01,5.0582,200,beta,2
6,hang,first-token timeout,9.01,1.0586,200,beta,2
6,hang,breaker,9.01,0.0542,200,beta,1
6,hang,breaker + first-token timeout,9.01,0.0539,200,beta,1
6,hang,no breaker,9.26,5.0573,200,beta,2
6,hang,first-token timeout,9.26,1.0426,200,beta,2
6,hang,breaker,9.26,0.0701,200,beta,1
6,hang,breaker + first-token timeout,9.26,0.0702,200,beta,1
6,hang,no breaker,9.51,5.0549,200,beta,2
6,hang,first-token timeout,9.51,1.0587,200,beta,2
6,hang,breaker,9.51,0.0524,200,beta,1
6,hang,breaker + first-token timeout,9.51,0.0519,200,beta,1
6,hang,no breaker,9.76,5.0544,200,beta,2
6,hang,first-token timeout,9.76,1.0413,200,beta,2
6,hang,breaker,9.76,0.0457,200,beta,1
6,hang,breaker + first-token timeout,9.76,0.0449,200,beta,1
6,hang,no breaker,10.01,5.05,200,beta,2
6,hang,first-token timeout,10.01,1.0491,200,beta,2
6,hang,breaker,10.01,0.0595,200,beta,1
6,hang,breaker + first-token timeout,10.01,0.0579,200,beta,1
6,hang,no breaker,10.26,5.0714,200,beta,2
6,hang,first-token timeout,10.26,1.0727,200,beta,2
6,hang,breaker,10.26,0.0415,200,beta,1
6,hang,breaker + first-token timeout,10.26,0.0404,200,beta,1
6,hang,no breaker,10.51,5.059,200,beta,2
6,hang,first-token timeout,10.51,1.0586,200,beta,2
6,hang,breaker,10.51,0.0578,200,beta,1
6,hang,breaker + first-token timeout,10.51,0.0568,200,beta,1
6,hang,no breaker,10.76,5.0608,200,beta,2
6,hang,first-token timeout,10.76,1.0435,200,beta,2
6,hang,breaker,10.76,0.0402,200,beta,1
6,hang,breaker + first-token timeout,10.76,0.0388,200,beta,1
6,hang,no breaker,11.0,5.0608,200,beta,2
6,hang,first-token timeout,11.0,1.0535,200,beta,2
6,hang,breaker,11.0,0.0582,200,beta,1
6,hang,breaker + first-token timeout,11.0,0.0571,200,beta,1
6,hang,no breaker,11.26,5.0545,200,beta,2
6,hang,first-token timeout,11.26,1.0425,200,beta,2
6,hang,breaker,11.26,0.0675,200,beta,1
6,hang,breaker + first-token timeout,11.26,0.0669,200,beta,1
6,hang,no breaker,11.5,5.0395,200,beta,2
6,hang,first-token timeout,11.5,1.0676,200,beta,2
6,hang,breaker,11.5,0.0695,200,beta,1
6,hang,breaker + first-token timeout,11.5,0.0687,200,beta,1
6,hang,no breaker,11.76,5.0604,200,beta,2
6,hang,first-token timeout,11.76,1.0568,200,beta,2
6,hang,breaker,11.76,0.0453,200,beta,1
6,hang,breaker + first-token timeout,11.76,0.0437,200,beta,1
6,hang,no breaker,12.01,5.0535,200,beta,2
6,hang,first-token timeout,12.01,1.0546,200,beta,2
6,hang,breaker,12.01,0.0393,200,beta,1
6,hang,breaker + first-token timeout,12.01,0.0395,200,beta,1
6,hang,no breaker,12.26,5.0613,200,beta,2
6,hang,first-token timeout,12.26,1.056,200,beta,2
6,hang,breaker,12.26,0.0456,200,beta,1
6,hang,breaker + first-token timeout,12.26,0.0455,200,beta,1
6,hang,no breaker,12.51,5.0766,200,beta,2
6,hang,first-token timeout,12.51,1.0597,200,beta,2
6,hang,breaker,12.51,0.0564,200,beta,1
6,hang,breaker + first-token timeout,12.51,0.0566,200,beta,1
6,hang,no breaker,12.76,5.0605,200,beta,2
6,hang,first-token timeout,12.76,1.0555,200,beta,2
6,hang,breaker,12.76,0.0575,200,beta,1
6,hang,breaker + first-token timeout,12.76,0.0564,200,beta,1
6,hang,no breaker,13.01,5.0556,200,beta,2
6,hang,first-token timeout,13.01,1.0572,200,beta,2
6,hang,breaker,13.01,0.0571,200,beta,1
6,hang,breaker + first-token timeout,13.01,0.0571,200,beta,1
6,hang,no breaker,13.26,5.0483,200,beta,2
6,hang,first-token timeout,13.26,1.0563,200,beta,2
6,hang,breaker,13.26,0.0569,200,beta,1
6,hang,breaker + first-token timeout,13.26,1.0556,200,beta,2
6,hang,no breaker,13.51,5.0523,200,beta,2
6,hang,first-token timeout,13.51,1.0521,200,beta,2
6,hang,breaker,13.51,0.0569,200,beta,1
6,hang,breaker + first-token timeout,13.51,0.0569,200,beta,1
6,hang,no breaker,13.76,5.0494,200,beta,2
6,hang,first-token timeout,13.76,1.0549,200,beta,2
6,hang,breaker,13.76,0.0569,200,beta,1
6,hang,breaker + first-token timeout,13.76,0.0564,200,beta,1
6,hang,no breaker,14.01,5.0717,200,beta,2
6,hang,first-token timeout,14.01,1.0493,200,beta,2
6,hang,breaker,14.01,0.0578,200,beta,1
6,hang,breaker + first-token timeout,14.01,0.0573,200,beta,1
6,hang,no breaker,14.26,5.0646,200,beta,2
6,hang,first-token timeout,14.26,1.0708,200,beta,2
6,hang,breaker,14.26,0.0565,200,beta,1
6,hang,breaker + first-token timeout,14.26,0.0564,200,beta,1
6,hang,no breaker,14.51,5.0737,200,beta,2
6,hang,first-token timeout,14.51,1.0622,200,beta,2
6,hang,breaker,14.51,0.0574,200,beta,1
6,hang,breaker + first-token timeout,14.51,0.0564,200,beta,1
6,hang,no breaker,14.76,5.052,200,beta,2
6,hang,first-token timeout,14.76,1.0645,200,beta,2
6,hang,breaker,14.76,0.0572,200,beta,1
6,hang,breaker + first-token timeout,14.76,0.0558,200,beta,1
6,503,no breaker,0.0,0.9994,200,beta,4
6,503,first-token timeout,0.0,0.4726,200,beta,4
6,503,breaker,0.0,1.0525,200,beta,3
6,503,breaker + first-token timeout,0.0,0.6149,200,beta,3
6,503,no breaker,0.26,1.4097,200,beta,4
6,503,first-token timeout,0.26,0.5606,200,beta,4
6,503,breaker,0.26,0.3504,200,beta,2
6,503,breaker + first-token timeout,0.26,0.9395,200,beta,3
6,503,no breaker,0.51,0.3789,200,beta,4
6,503,first-token timeout,0.51,0.7561,200,beta,4
6,503,breaker,0.51,0.0499,200,beta,1
6,503,breaker + first-token timeout,0.51,0.0484,200,beta,1
6,503,no breaker,0.76,1.0091,200,beta,4
6,503,first-token timeout,0.76,0.2908,200,beta,4
6,503,breaker,0.76,0.0638,200,beta,1
6,503,breaker + first-token timeout,0.76,0.0637,200,beta,1
6,503,no breaker,1.0,1.1987,200,beta,4
6,503,first-token timeout,1.0,0.415,200,beta,4
6,503,breaker,1.0,0.0561,200,beta,1
6,503,breaker + first-token timeout,1.0,0.0561,200,beta,1
6,503,no breaker,1.25,1.3012,200,beta,4
6,503,first-token timeout,1.25,0.7391,200,beta,4
6,503,breaker,1.25,0.0608,200,beta,1
6,503,breaker + first-token timeout,1.25,0.0608,200,beta,1
6,503,no breaker,1.5,0.2739,200,beta,4
6,503,first-token timeout,1.5,1.16,200,beta,4
6,503,breaker,1.5,0.0706,200,beta,1
6,503,breaker + first-token timeout,1.5,0.0705,200,beta,1
6,503,no breaker,1.75,0.5415,200,beta,4
6,503,first-token timeout,1.75,0.6267,200,beta,4
6,503,breaker,1.75,0.07,200,beta,1
6,503,breaker + first-token timeout,1.75,0.0697,200,beta,1
6,503,no breaker,1.98,1.3642,200,beta,4
6,503,first-token timeout,1.98,0.8076,200,beta,4
6,503,breaker,1.98,0.0617,200,beta,1
6,503,breaker + first-token timeout,1.98,0.0616,200,beta,1
6,503,no breaker,2.26,0.3382,200,beta,4
6,503,first-token timeout,2.26,0.8029,200,beta,4
6,503,breaker,2.26,0.0589,200,beta,1
6,503,breaker + first-token timeout,2.26,0.0585,200,beta,1
6,503,no breaker,2.5,0.611,200,beta,4
6,503,first-token timeout,2.5,0.329,200,beta,4
6,503,breaker,2.5,0.0484,200,beta,1
6,503,breaker + first-token timeout,2.5,0.0481,200,beta,1
6,503,no breaker,2.77,0.7834,200,beta,4
6,503,first-token timeout,2.77,0.7829,200,beta,4
6,503,breaker,2.77,0.0612,200,beta,1
6,503,breaker + first-token timeout,2.77,0.0611,200,beta,1
6,503,no breaker,3.01,1.4302,200,beta,4
6,503,first-token timeout,3.01,0.5971,200,beta,4
6,503,breaker,3.01,0.0519,200,beta,1
6,503,breaker + first-token timeout,3.01,0.0518,200,beta,1
6,503,no breaker,3.25,0.5168,200,beta,4
6,503,first-token timeout,3.25,0.7537,200,beta,4
6,503,breaker,3.25,0.0633,200,beta,1
6,503,breaker + first-token timeout,3.25,0.0629,200,beta,1
6,503,no breaker,3.51,0.1207,200,beta,4
6,503,first-token timeout,3.51,0.9134,200,beta,4
6,503,breaker,3.51,0.0384,200,beta,1
6,503,breaker + first-token timeout,3.51,0.0388,200,beta,1
6,503,no breaker,3.76,0.2384,200,beta,4
6,503,first-token timeout,3.76,1.01,200,beta,4
6,503,breaker,3.76,0.0557,200,beta,1
6,503,breaker + first-token timeout,3.76,0.0554,200,beta,1
6,503,no breaker,4.0,0.7497,200,beta,4
6,503,first-token timeout,4.0,0.2504,200,beta,4
6,503,breaker,4.0,0.0666,200,beta,1
6,503,breaker + first-token timeout,4.0,0.0663,200,beta,1
6,503,no breaker,4.25,1.079,200,beta,4
6,503,first-token timeout,4.25,0.7208,200,beta,4
6,503,breaker,4.25,0.0562,200,beta,1
6,503,breaker + first-token timeout,4.25,0.0561,200,beta,1
6,503,no breaker,4.51,1.1753,200,beta,4
6,503,first-token timeout,4.51,1.1954,200,beta,4
6,503,breaker,4.51,0.053,200,beta,1
6,503,breaker + first-token timeout,4.51,0.0527,200,beta,1
6,503,no breaker,4.75,0.8815,200,beta,4
6,503,first-token timeout,4.75,0.7259,200,beta,4
6,503,breaker,4.75,0.0617,200,beta,1
6,503,breaker + first-token timeout,4.75,0.0613,200,beta,1
6,503,no breaker,5.0,0.6244,200,beta,4
6,503,first-token timeout,5.0,0.7866,200,beta,4
6,503,breaker,5.0,0.0637,200,beta,1
6,503,breaker + first-token timeout,5.0,0.0636,200,beta,1
6,503,no breaker,5.27,1.2037,200,beta,4
6,503,first-token timeout,5.27,1.1346,200,beta,4
6,503,breaker,5.27,0.058,200,beta,1
6,503,breaker + first-token timeout,5.27,0.0579,200,beta,1
6,503,no breaker,5.52,0.977,200,beta,4
6,503,first-token timeout,5.52,0.4703,200,beta,4
6,503,breaker,5.52,0.0489,200,beta,2
6,503,breaker + first-token timeout,5.52,0.0486,200,beta,2
6,503,no breaker,5.75,1.1552,200,beta,4
6,503,first-token timeout,5.75,0.6696,200,beta,4
6,503,breaker,5.75,0.0606,200,beta,1
6,503,breaker + first-token timeout,5.75,0.0605,200,beta,1
6,503,no breaker,6.01,0.3219,200,beta,4
6,503,first-token timeout,6.01,0.2361,200,beta,4
6,503,breaker,6.01,0.0626,200,beta,1
6,503,breaker + first-token timeout,6.01,0.0622,200,beta,1
6,503,no breaker,6.25,0.5761,200,beta,4
6,503,first-token timeout,6.25,0.5556,200,beta,4
6,503,breaker,6.25,0.0686,200,beta,1
6,503,breaker + first-token timeout,6.25,0.0686,200,beta,1
6,503,no breaker,6.49,0.3841,200,beta,4
6,503,first-token timeout,6.49,0.5257,200,beta,4
6,503,breaker,6.49,0.0552,200,beta,1
6,503,breaker + first-token timeout,6.49,0.0552,200,beta,1
6,503,no breaker,6.76,0.2996,200,beta,4
6,503,first-token timeout,6.76,0.929,200,beta,4
6,503,breaker,6.76,0.0419,200,beta,1
6,503,breaker + first-token timeout,6.76,0.0612,200,beta,1
6,503,no breaker,6.99,1.1263,200,beta,4
6,503,first-token timeout,6.99,0.5656,200,beta,4
6,503,breaker,6.99,0.0447,200,beta,1
6,503,breaker + first-token timeout,6.99,0.0445,200,beta,1
6,503,no breaker,7.26,1.0024,200,beta,4
6,503,first-token timeout,7.26,0.7149,200,beta,4
6,503,breaker,7.26,0.0488,200,beta,1
6,503,breaker + first-token timeout,7.26,0.0485,200,beta,1
6,503,no breaker,7.52,1.0651,200,beta,4
6,503,first-token timeout,7.52,0.7176,200,beta,4
6,503,breaker,7.52,0.0608,200,beta,1
6,503,breaker + first-token timeout,7.52,0.0605,200,beta,1
6,503,no breaker,7.76,0.3555,200,beta,4
6,503,first-token timeout,7.76,0.4072,200,beta,4
6,503,breaker,7.76,0.0508,200,beta,1
6,503,breaker + first-token timeout,7.76,0.0505,200,beta,1
6,503,no breaker,8.01,0.6275,200,beta,4
6,503,first-token timeout,8.01,0.6622,200,beta,4
6,503,breaker,8.01,0.0542,200,beta,1
6,503,breaker + first-token timeout,8.01,0.0539,200,beta,1
6,503,no breaker,8.23,0.8139,200,beta,4
6,503,first-token timeout,8.23,1.4366,200,beta,4
6,503,breaker,8.23,0.047,200,beta,1
6,503,breaker + first-token timeout,8.23,0.0467,200,beta,1
6,503,no breaker,8.51,1.3657,200,beta,4
6,503,first-token timeout,8.51,0.5404,200,beta,4
6,503,breaker,8.51,0.0538,200,beta,1
6,503,breaker + first-token timeout,8.51,0.0535,200,beta,1
6,503,no breaker,8.76,0.5858,200,beta,4
6,503,first-token timeout,8.76,1.059,200,beta,4
6,503,breaker,8.76,0.0483,200,beta,1
6,503,breaker + first-token timeout,8.76,0.0482,200,beta,1
6,503,no breaker,9.01,0.5047,200,beta,4
6,503,first-token timeout,9.01,1.0416,200,beta,4
6,503,breaker,9.01,0.041,200,beta,1
6,503,breaker + first-token timeout,9.01,0.0408,200,beta,1
6,503,no breaker,9.26,0.3111,200,beta,4
6,503,first-token timeout,9.26,0.3108,200,beta,4
6,503,breaker,9.26,0.052,200,beta,1
6,503,breaker + first-token timeout,9.26,0.0519,200,beta,1
6,503,no breaker,9.51,1.1521,200,beta,4
6,503,first-token timeout,9.51,0.6624,200,beta,4
6,503,breaker,9.51,0.0581,200,beta,1
6,503,breaker + first-token timeout,9.51,0.0582,200,beta,1
6,503,no breaker,9.74,0.4477,200,beta,4
6,503,first-token timeout,9.74,1.1368,200,beta,4
6,503,breaker,9.74,0.055,200,beta,1
6,503,breaker + first-token timeout,9.74,0.0548,200,beta,1
6,503,no breaker,9.99,1.0728,200,beta,4
6,503,first-token timeout,9.99,1.2578,200,beta,4
6,503,breaker,9.99,0.0556,200,beta,1
6,503,breaker + first-token timeout,9.99,0.055,200,beta,1
6,503,no breaker,10.26,0.9405,200,beta,4
6,503,first-token timeout,10.26,1.0761,200,beta,4
6,503,breaker,10.26,0.0551,200,beta,1
6,503,breaker + first-token timeout,10.26,0.055,200,beta,1
6,503,no breaker,10.51,0.6339,200,beta,4
6,503,first-token timeout,10.51,0.9265,200,beta,4
6,503,breaker,10.51,0.0397,200,beta,1
6,503,breaker + first-token timeout,10.51,0.0396,200,beta,1
6,503,no breaker,10.76,0.8092,200,beta,4
6,503,first-token timeout,10.76,0.7871,200,beta,4
6,503,breaker,10.76,0.0578,200,beta,2
6,503,breaker + first-token timeout,10.76,0.0574,200,beta,2
6,503,no breaker,11.01,1.0542,200,beta,4
6,503,first-token timeout,11.01,0.7979,200,beta,4
6,503,breaker,11.01,0.0558,200,beta,1
6,503,breaker + first-token timeout,11.01,0.056,200,beta,1
6,503,no breaker,11.25,0.6993,200,beta,4
6,503,first-token timeout,11.25,1.0506,200,beta,4
6,503,breaker,11.25,0.0626,200,beta,1
6,503,breaker + first-token timeout,11.25,0.0625,200,beta,1
6,503,no breaker,11.51,0.7149,200,beta,4
6,503,first-token timeout,11.51,1.2192,200,beta,4
6,503,breaker,11.51,0.0606,200,beta,1
6,503,breaker + first-token timeout,11.51,0.0605,200,beta,1
6,503,no breaker,11.76,0.3266,200,beta,4
6,503,first-token timeout,11.76,0.2445,200,beta,4
6,503,breaker,11.76,0.0489,200,beta,1
6,503,breaker + first-token timeout,11.76,0.0489,200,beta,1
6,503,no breaker,12.0,1.4598,200,beta,4
6,503,first-token timeout,12.0,0.3834,200,beta,4
6,503,breaker,12.0,0.0612,200,beta,1
6,503,breaker + first-token timeout,12.0,0.0608,200,beta,1
6,503,no breaker,12.25,1.1257,200,beta,4
6,503,first-token timeout,12.25,1.144,200,beta,4
6,503,breaker,12.25,0.045,200,beta,1
6,503,breaker + first-token timeout,12.25,0.0448,200,beta,1
6,503,no breaker,12.52,0.6049,200,beta,4
6,503,first-token timeout,12.52,1.2189,200,beta,4
6,503,breaker,12.52,0.0551,200,beta,1
6,503,breaker + first-token timeout,12.52,0.055,200,beta,1
6,503,no breaker,12.77,0.6948,200,beta,4
6,503,first-token timeout,12.77,0.8735,200,beta,4
6,503,breaker,12.77,0.0627,200,beta,1
6,503,breaker + first-token timeout,12.77,0.0627,200,beta,1
6,503,no breaker,13.01,0.2535,200,beta,4
6,503,first-token timeout,13.01,0.6742,200,beta,4
6,503,breaker,13.01,0.0559,200,beta,1
6,503,breaker + first-token timeout,13.01,0.0559,200,beta,1
6,503,no breaker,13.26,1.1734,200,beta,4
6,503,first-token timeout,13.26,0.5274,200,beta,4
6,503,breaker,13.26,0.064,200,beta,1
6,503,breaker + first-token timeout,13.26,0.0637,200,beta,1
6,503,no breaker,13.51,1.0165,200,beta,4
6,503,first-token timeout,13.51,0.6969,200,beta,4
6,503,breaker,13.51,0.0558,200,beta,1
6,503,breaker + first-token timeout,13.51,0.0557,200,beta,1
6,503,no breaker,13.73,1.0711,200,beta,4
6,503,first-token timeout,13.73,0.6506,200,beta,4
6,503,breaker,13.73,0.0555,200,beta,1
6,503,breaker + first-token timeout,13.73,0.0549,200,beta,1
6,503,no breaker,14.03,0.6647,200,beta,4
6,503,first-token timeout,14.03,0.8677,200,beta,4
6,503,breaker,14.03,0.0558,200,beta,1
6,503,breaker + first-token timeout,14.03,0.0557,200,beta,1
6,503,no breaker,14.26,1.1488,200,beta,4
6,503,first-token timeout,14.26,1.3639,200,beta,4
6,503,breaker,14.26,0.0618,200,beta,1
6,503,breaker + first-token timeout,14.26,0.0616,200,beta,1
6,503,no breaker,14.49,1.1953,200,beta,4
6,503,first-token timeout,14.49,0.4038,200,beta,4
6,503,breaker,14.49,0.0589,200,beta,1
6,503,breaker + first-token timeout,14.49,0.0586,200,beta,1
6,503,no breaker,14.76,1.0914,200,beta,4
6,503,first-token timeout,14.76,0.7259,200,beta,4
6,503,breaker,14.76,0.0482,200,beta,1
6,503,breaker + first-token timeout,14.76,0.0481,200,beta,1
7,hang,no breaker,0.0,5.078,200,beta,2
7,hang,first-token timeout,0.0,1.0514,200,beta,2
7,hang,breaker,0.0,5.0783,200,beta,2
7,hang,breaker + first-token timeout,0.0,1.0511,200,beta,2
7,hang,no breaker,0.26,5.075,200,beta,2
7,hang,first-token timeout,0.26,1.0577,200,beta,2
7,hang,breaker,0.26,5.0743,200,beta,2
7,hang,breaker + first-token timeout,0.26,1.0573,200,beta,2
7,hang,no breaker,0.5,5.0653,200,beta,2
7,hang,first-token timeout,0.5,1.0385,200,beta,2
7,hang,breaker,0.5,5.0663,200,beta,2
7,hang,breaker + first-token timeout,0.5,1.0738,200,beta,2
7,hang,no breaker,0.76,5.0423,200,beta,2
7,hang,first-token timeout,0.76,1.042,200,beta,2
7,hang,breaker,0.76,5.0788,200,beta,2
7,hang,breaker + first-token timeout,0.76,1.0613,200,beta,2
7,hang,no breaker,1.01,5.069,200,beta,2
7,hang,first-token timeout,1.01,1.0506,200,beta,2
7,hang,breaker,1.01,5.0693,200,beta,2
7,hang,breaker + first-token timeout,1.01,1.0701,200,beta,2
7,hang,no breaker,1.26,5.0472,200,beta,2
7,hang,first-token timeout,1.26,1.054,200,beta,2
7,hang,breaker,1.26,5.0679,200,beta,2
7,hang,breaker + first-token timeout,1.26,1.0541,200,beta,2
7,hang,no breaker,1.51,5.0668,200,beta,2
7,hang,first-token timeout,1.51,1.0416,200,beta,2
7,hang,breaker,1.51,5.0658,200,beta,2
7,hang,breaker + first-token timeout,1.51,1.0407,200,beta,2
7,hang,no breaker,1.76,5.0534,200,beta,2
7,hang,first-token timeout,1.76,1.0602,200,beta,2
7,hang,breaker,1.76,5.0528,200,beta,2
7,hang,breaker + first-token timeout,1.76,0.043,200,beta,1
7,hang,no breaker,2.01,5.0679,200,beta,2
7,hang,first-token timeout,2.01,1.0435,200,beta,2
7,hang,breaker,2.01,5.0665,200,beta,2
7,hang,breaker + first-token timeout,2.01,0.0552,200,beta,1
7,hang,no breaker,2.26,5.0496,200,beta,2
7,hang,first-token timeout,2.26,1.0444,200,beta,2
7,hang,breaker,2.26,5.0489,200,beta,2
7,hang,breaker + first-token timeout,2.26,0.0574,200,beta,1
7,hang,no breaker,2.51,5.0705,200,beta,2
7,hang,first-token timeout,2.51,1.0689,200,beta,2
7,hang,breaker,2.51,5.0473,200,beta,2
7,hang,breaker + first-token timeout,2.51,0.0419,200,beta,1
7,hang,no breaker,2.76,5.0652,200,beta,2
7,hang,first-token timeout,2.76,1.0514,200,beta,2
7,hang,breaker,2.76,5.0669,200,beta,2
7,hang,breaker + first-token timeout,2.76,0.0568,200,beta,1
7,hang,no breaker,3.01,5.0639,200,beta,2
7,hang,first-token timeout,3.01,1.051,200,beta,2
7,hang,breaker,3.01,5.0643,200,beta,2
7,hang,breaker + first-token timeout,3.01,0.06,200,beta,1
7,hang,no breaker,3.26,5.0703,200,beta,2
7,hang,first-token timeout,3.26,1.0497,200,beta,2
7,hang,breaker,3.26,5.0693,200,beta,2
7,hang,breaker + first-token timeout,3.26,0.0594,200,beta,1
7,hang,no breaker,3.51,5.063,200,beta,2
7,hang,first-token timeout,3.51,1.0603,200,beta,2
7,hang,breaker,3.51,5.063,200,beta,2
7,hang,breaker + first-token timeout,3.51,0.0651,200,beta,1
7,hang,no breaker,3.74,5.0772,200,beta,2
7,hang,first-token timeout,3.74,1.0593,200,beta,2
7,hang,breaker,3.74,5.0763,200,beta,2
7,hang,breaker + first-token timeout,3.74,0.0686,200,beta,1
7,hang,no breaker,4.0,5.0556,200,beta,2
7,hang,first-token timeout,4.0,1.082,200,beta,2
7,hang,breaker,4.0,5.0553,200,beta,2
7,hang,breaker + first-token timeout,4.0,0.0634,200,beta,1
7,hang,no breaker,4.25,5.0631,200,beta,2
7,hang,first-token timeout,4.25,1.0556,200,beta,2
7,hang,breaker,4.25,5.0626,200,beta,2
7,hang,breaker + first-token timeout,4.25,0.0657,200,beta,1
7,hang,no breaker,4.49,5.0641,200,beta,2
7,hang,first-token timeout,4.49,1.0659,200,beta,2
7,hang,breaker,4.49,5.0633,200,beta,2
7,hang,breaker + first-token timeout,4.49,0.0559,200,beta,1
7,hang,no breaker,4.76,5.0633,200,beta,2
7,hang,first-token timeout,4.76,1.0771,200,beta,2
7,hang,breaker,4.76,5.0639,200,beta,2
7,hang,breaker + first-token timeout,4.76,0.0607,200,beta,1
7,hang,no breaker,5.01,5.0695,200,beta,2
7,hang,first-token timeout,5.01,1.0676,200,beta,2
7,hang,breaker,5.01,5.0702,200,beta,2
7,hang,breaker + first-token timeout,5.01,0.0672,200,beta,1
7,hang,no breaker,5.25,5.0571,200,beta,2
7,hang,first-token timeout,5.25,1.0823,200,beta,2
7,hang,breaker,5.25,5.0785,200,beta,2
7,hang,breaker + first-token timeout,5.25,0.054,200,beta,1
7,hang,no breaker,5.51,5.0752,200,beta,2
7,hang,first-token timeout,5.51,1.0634,200,beta,2
7,hang,breaker,5.51,0.0498,200,beta,1
7,hang,breaker + first-token timeout,5.51,0.0487,200,beta,1
7,hang,no breaker,5.75,5.075,200,beta,2
7,hang,first-token timeout,5.75,1.0635,200,beta,2
7,hang,breaker,5.75,0.0545,200,beta,1
7,hang,breaker + first-token timeout,5.75,0.0541,200,beta,1
7,hang,no breaker,6.01,5.0596,200,beta,2
7,hang,first-token timeout,6.01,1.0585,200,beta,2
7,hang,breaker,6.01,0.0651,200,beta,1
7,hang,breaker + first-token timeout,6.01,0.064,200,beta,1
7,hang,no breaker,6.27,5.0549,200,beta,2
7,hang,first-token timeout,6.27,1.062,200,beta,2
7,hang,breaker,6.27,0.0616,200,beta,1
7,hang,breaker + first-token timeout,6.27,0.0614,200,beta,1
7,hang,no breaker,6.52,5.0538,200,beta,2
7,hang,first-token timeout,6.52,1.0605,200,beta,2
7,hang,breaker,6.52,0.0575,200,beta,1
7,hang,breaker + first-token timeout,6.52,0.0559,200,beta,1
7,hang,no breaker,6.75,5.0656,200,beta,2
7,hang,first-token timeout,6.75,1.0737,200,beta,2
7,hang,breaker,6.75,0.0573,200,beta,1
7,hang,breaker + first-token timeout,6.75,0.0569,200,beta,1
7,hang,no breaker,7.02,5.0608,200,beta,2
7,hang,first-token timeout,7.02,1.0582,200,beta,2
7,hang,breaker,7.02,0.0579,200,beta,1
7,hang,breaker + first-token timeout,7.02,0.057,200,beta,1
7,hang,no breaker,7.27,5.0652,200,beta,2
7,hang,first-token timeout,7.27,1.0655,200,beta,2
7,hang,breaker,7.27,0.0624,200,beta,1
7,hang,breaker + first-token timeout,7.27,1.0642,200,beta,2
7,hang,no breaker,7.52,5.0781,200,beta,2
7,hang,first-token timeout,7.52,1.0574,200,beta,2
7,hang,breaker,7.52,0.0604,200,beta,1
7,hang,breaker + first-token timeout,7.52,0.0615,200,beta,1
7,hang,no breaker,7.77,5.0718,200,beta,2
7,hang,first-token timeout,7.77,1.0551,200,beta,2
7,hang,breaker,7.77,0.0583,200,beta,1
7,hang,breaker + first-token timeout,7.77,0.0603,200,beta,1
7,hang,no breaker,8.02,5.0784,200,beta,2
7,hang,first-token timeout,8.02,1.0576,200,beta,2
7,hang,breaker,8.02,0.0558,200,beta,1
7,hang,breaker + first-token timeout,8.02,0.0556,200,beta,1
7,hang,no breaker,8.25,5.0582,200,beta,2
7,hang,first-token timeout,8.25,1.0544,200,beta,2
7,hang,breaker,8.25,0.0523,200,beta,1
7,hang,breaker + first-token timeout,8.25,0.052,200,beta,1
7,hang,no breaker,8.52,5.0777,200,beta,2
7,hang,first-token timeout,8.52,1.0645,200,beta,2
7,hang,breaker,8.52,0.0587,200,beta,1
7,hang,breaker + first-token timeout,8.52,0.0572,200,beta,1
7,hang,no breaker,8.76,5.0773,200,beta,2
7,hang,first-token timeout,8.76,1.0616,200,beta,2
7,hang,breaker,8.76,0.0591,200,beta,1
7,hang,breaker + first-token timeout,8.76,0.0569,200,beta,1
7,hang,no breaker,9.0,5.0676,200,beta,2
7,hang,first-token timeout,9.0,1.0846,200,beta,2
7,hang,breaker,9.0,0.0556,200,beta,1
7,hang,breaker + first-token timeout,9.0,0.0554,200,beta,1
7,hang,no breaker,9.25,5.0781,200,beta,2
7,hang,first-token timeout,9.25,1.0764,200,beta,2
7,hang,breaker,9.25,0.0592,200,beta,1
7,hang,breaker + first-token timeout,9.25,0.0582,200,beta,1
7,hang,no breaker,9.52,5.0584,200,beta,2
7,hang,first-token timeout,9.52,1.0702,200,beta,2
7,hang,breaker,9.52,0.0626,200,beta,1
7,hang,breaker + first-token timeout,9.52,0.0624,200,beta,1
7,hang,no breaker,9.76,5.0804,200,beta,2
7,hang,first-token timeout,9.76,1.0551,200,beta,2
7,hang,breaker,9.76,0.0602,200,beta,1
7,hang,breaker + first-token timeout,9.76,0.0582,200,beta,1
7,hang,no breaker,10.01,5.0829,200,beta,2
7,hang,first-token timeout,10.01,1.0585,200,beta,2
7,hang,breaker,10.01,0.0663,200,beta,1
7,hang,breaker + first-token timeout,10.01,0.0657,200,beta,1
7,hang,no breaker,10.26,5.0981,200,beta,2
7,hang,first-token timeout,10.26,1.0592,200,beta,2
7,hang,breaker,10.26,0.0621,200,beta,1
7,hang,breaker + first-token timeout,10.26,0.0617,200,beta,1
7,hang,no breaker,10.5,5.0558,200,beta,2
7,hang,first-token timeout,10.5,1.0743,200,beta,2
7,hang,breaker,10.5,0.0538,200,beta,1
7,hang,breaker + first-token timeout,10.5,0.0533,200,beta,1
7,hang,no breaker,10.76,5.0622,200,beta,2
7,hang,first-token timeout,10.76,1.0749,200,beta,2
7,hang,breaker,10.76,0.055,200,beta,1
7,hang,breaker + first-token timeout,10.76,0.0553,200,beta,1
7,hang,no breaker,11.02,5.0661,200,beta,2
7,hang,first-token timeout,11.02,1.08,200,beta,2
7,hang,breaker,11.02,0.0571,200,beta,1
7,hang,breaker + first-token timeout,11.02,0.0563,200,beta,1
7,hang,no breaker,11.26,5.0823,200,beta,2
7,hang,first-token timeout,11.26,1.0658,200,beta,2
7,hang,breaker,11.26,0.0553,200,beta,1
7,hang,breaker + first-token timeout,11.26,0.0556,200,beta,1
7,hang,no breaker,11.51,5.0816,200,beta,2
7,hang,first-token timeout,11.51,1.0795,200,beta,2
7,hang,breaker,11.51,0.056,200,beta,1
7,hang,breaker + first-token timeout,11.51,0.0565,200,beta,1
7,hang,no breaker,11.78,5.085,200,beta,2
7,hang,first-token timeout,11.78,1.0802,200,beta,2
7,hang,breaker,11.78,0.0624,200,beta,1
7,hang,breaker + first-token timeout,11.78,0.0618,200,beta,1
7,hang,no breaker,11.99,5.0716,200,beta,2
7,hang,first-token timeout,11.99,1.0653,200,beta,2
7,hang,breaker,11.99,0.0463,200,beta,1
7,hang,breaker + first-token timeout,11.99,0.0454,200,beta,1
7,hang,no breaker,12.25,5.0601,200,beta,2
7,hang,first-token timeout,12.25,1.0581,200,beta,2
7,hang,breaker,12.25,0.0534,200,beta,1
7,hang,breaker + first-token timeout,12.25,0.0532,200,beta,1
7,hang,no breaker,12.5,5.0733,200,beta,2
7,hang,first-token timeout,12.5,1.0506,200,beta,2
7,hang,breaker,12.5,0.0524,200,beta,1
7,hang,breaker + first-token timeout,12.5,0.0522,200,beta,1
7,hang,no breaker,12.75,5.0585,200,beta,2
7,hang,first-token timeout,12.75,1.0483,200,beta,2
7,hang,breaker,12.75,0.0468,200,beta,1
7,hang,breaker + first-token timeout,12.75,0.0466,200,beta,1
7,hang,no breaker,13.0,5.0615,200,beta,2
7,hang,first-token timeout,13.0,1.0593,200,beta,2
7,hang,breaker,13.0,0.0537,200,beta,1
7,hang,breaker + first-token timeout,13.0,0.0532,200,beta,1
7,hang,no breaker,13.25,5.066,200,beta,2
7,hang,first-token timeout,13.25,1.0512,200,beta,2
7,hang,breaker,13.25,0.0576,200,beta,1
7,hang,breaker + first-token timeout,13.25,0.0568,200,beta,1
7,hang,no breaker,13.5,5.077,200,beta,2
7,hang,first-token timeout,13.5,1.0489,200,beta,2
7,hang,breaker,13.5,0.0518,200,beta,1
7,hang,breaker + first-token timeout,13.5,1.0699,200,beta,2
7,hang,no breaker,13.75,5.0665,200,beta,2
7,hang,first-token timeout,13.75,1.0504,200,beta,2
7,hang,breaker,13.75,0.0527,200,beta,1
7,hang,breaker + first-token timeout,13.75,0.0523,200,beta,1
7,hang,no breaker,14.02,5.0662,200,beta,2
7,hang,first-token timeout,14.02,1.081,200,beta,2
7,hang,breaker,14.02,0.0468,200,beta,1
7,hang,breaker + first-token timeout,14.02,0.0455,200,beta,1
7,hang,no breaker,14.26,5.0757,200,beta,2
7,hang,first-token timeout,14.26,1.0751,200,beta,2
7,hang,breaker,14.26,0.0613,200,beta,1
7,hang,breaker + first-token timeout,14.26,0.0603,200,beta,1
7,hang,no breaker,14.51,5.0684,200,beta,2
7,hang,first-token timeout,14.51,1.074,200,beta,2
7,hang,breaker,14.51,0.0607,200,beta,1
7,hang,breaker + first-token timeout,14.51,0.0605,200,beta,1
7,hang,no breaker,14.75,5.0935,200,beta,2
7,hang,first-token timeout,14.75,1.0789,200,beta,2
7,hang,breaker,14.75,0.0532,200,beta,1
7,hang,breaker + first-token timeout,14.75,0.0529,200,beta,1
7,503,no breaker,0.0,0.3901,200,beta,4
7,503,first-token timeout,0.0,0.882,200,beta,4
7,503,breaker,0.0,1.2991,200,beta,3
7,503,breaker + first-token timeout,0.0,0.7274,200,beta,3
7,503,no breaker,0.25,0.7209,200,beta,4
7,503,first-token timeout,0.25,0.1377,200,beta,4
7,503,breaker,0.25,0.475,200,beta,2
7,503,breaker + first-token timeout,0.25,0.093,200,beta,2
7,503,no breaker,0.5,0.3809,200,beta,4
7,503,first-token timeout,0.5,0.9601,200,beta,4
7,503,breaker,0.5,0.535,200,beta,2
7,503,breaker + first-token timeout,0.5,0.0543,200,beta,1
7,503,no breaker,0.73,1.2545,200,beta,4
7,503,first-token timeout,0.73,0.7146,200,beta,4
7,503,breaker,0.73,0.0467,200,beta,1
7,503,breaker + first-token timeout,0.73,0.0467,200,beta,1
7,503,no breaker,1.01,1.2794,200,beta,4
7,503,first-token timeout,1.01,0.8454,200,beta,4
7,503,breaker,1.01,0.0449,200,beta,1
7,503,breaker + first-token timeout,1.01,0.0446,200,beta,1
7,503,no breaker,1.26,0.9739,200,beta,4
7,503,first-token timeout,1.26,0.4117,200,beta,4
7,503,breaker,1.26,0.0562,200,beta,1
7,503,breaker + first-token timeout,1.26,0.0564,200,beta,1
7,503,no breaker,1.51,0.7259,200,beta,4
7,503,first-token timeout,1.51,1.2231,200,beta,4
7,503,breaker,1.51,0.0554,200,beta,1
7,503,breaker + first-token timeout,1.51,0.0554,200,beta,1
7,503,no breaker,1.74,0.9562,200,beta,4
7,503,first-token timeout,1.74,1.1263,200,beta,4
7,503,breaker,1.74,0.047,200,beta,1
7,503,breaker + first-token timeout,1.74,0.0469,200,beta,1
7,503,no breaker,2.01,0.8819,200,beta,4
7,503,first-token timeout,2.01,1.0741,200,beta,4
7,503,breaker,2.01,0.0549,200,beta,1
7,503,breaker + first-token timeout,2.01,0.0549,200,beta,1
7,503,no breaker,2.24,0.8231,200,beta,4
7,503,first-token timeout,2.24,0.1354,200,beta,4
7,503,breaker,2.24,0.0533,200,beta,1
7,503,breaker + first-token timeout,2.24,0.0531,200,beta,1
7,503,no breaker,2.52,1.1141,200,beta,4
7,503,first-token timeout,2.52,0.6133,200,beta,4
7,503,breaker,2.52,0.0446,200,beta,1
7,503,breaker + first-token timeout,2.52,0.0443,200,beta,1
7,503,no breaker,2.77,0.9095,200,beta,4
7,503,first-token timeout,2.77,0.548,200,beta,4
7,503,breaker,2.77,0.0486,200,beta,1
7,503,breaker + first-token timeout,2.77,0.0483,200,beta,1
7,503,no breaker,3.02,0.7117,200,beta,4
7,503,first-token timeout,3.02,0.9872,200,beta,4
7,503,breaker,3.02,0.062,200,beta,1
7,503,breaker + first-token timeout,3.02,0.0614,200,beta,1
7,503,no breaker,3.27,0.3655,200,beta,4
7,503,first-token timeout,3.27,1.0343,200,beta,4
7,503,breaker,3.27,0.0473,200,beta,1
7,503,breaker + first-token timeout,3.27,0.0469,200,beta,1
7,503,no breaker,3.5,0.4555,200,beta,4
7,503,first-token timeout,3.5,0.8588,200,beta,4
7,503,breaker,3.5,0.0521,200,beta,1
7,503,breaker + first-token timeout,3.5,0.0519,200,beta,1
7,503,no breaker,3.77,0.4387,200,beta,4
7,503,first-token timeout,3.77,0.5351,200,beta,4
7,503,breaker,3.77,0.0541,200,beta,1
7,503,breaker + first-token timeout,3.77,0.054,200,beta,1
7,503,no breaker,4.0,0.6339,200,beta,4
7,503,first-token timeout,4.0,0.8924,200,beta,4
7,503,breaker,4.0,0.0566,200,beta,1
7,503,breaker + first-token timeout,4.0,0.0563,200,beta,1
7,503,no breaker,4.26,0.3833,200,beta,4
7,503,first-token timeout,4.26,0.3055,200,beta,4
7,503,breaker,4.26,0.0486,200,beta,1
7,503,breaker + first-token timeout,4.26,0.0484,200,beta,1
7,503,no breaker,4.51,1.419,200,beta,4
7,503,first-token timeout,4.51,1.1436,200,beta,4
7,503,breaker,4.51,0.0554,200,beta,1
7,503,breaker + first-token timeout,4.51,0.0548,200,beta,1
7,503,no breaker,4.77,0.7145,200,beta,4
7,503,first-token timeout,4.77,1.034,200,beta,4
7,503,breaker,4.77,0.0553,200,beta,1
7,503,breaker + first-token timeout,4.77,0.055,200,beta,1
7,503,no breaker,5.0,0.4243,200,beta,4
7,503,first-token timeout,5.0,0.9761,200,beta,4
7,503,breaker,5.0,0.0533,200,beta,1
7,503,breaker + first-token timeout,5.0,0.0529,200,beta,1
7,503,no breaker,5.25,0.617,200,beta,4
7,503,first-token timeout,5.25,1.4028,200,beta,4
7,503,breaker,5.25,0.0541,200,beta,1
7,503,breaker + first-token timeout,5.25,0.0538,200,beta,1
7,503,no breaker,5.49,0.7178,200,beta,4
7,503,first-token timeout,5.49,0.4905,200,beta,4
7,503,breaker,5.49,0.0576,200,beta,1
7,503,breaker + first-token timeout,5.49,0.0575,200,beta,2
7,503,no breaker,5.76,1.0782,200,beta,4
7,503,first-token timeout,5.76,0.6277,200,beta,4
7,503,breaker,5.76,0.0632,200,beta,2
7,503,breaker + first-token timeout,5.76,0.0629,200,beta,1
7,503,no breaker,6.02,0.9802,200,beta,4
7,503,first-token timeout,6.02,0.719,200,beta,4
7,503,breaker,6.02,0.0558,200,beta,1
7,503,breaker + first-token timeout,6.02,0.0554,200,beta,1
7,503,no breaker,6.25,1.034,200,beta,4
7,503,first-token timeout,6.25,0.614,200,beta,4
7,503,breaker,6.25,0.0439,200,beta,1
7,503,breaker + first-token timeout,6.25,0.0439,200,beta,1
7,503,no breaker,6.51,0.2463,200,beta,4
7,503,first-token timeout,6.51,0.6757,200,beta,4
7,503,breaker,6.51,0.0538,200,beta,1
7,503,breaker + first-token timeout,6.51,0.0535,200,beta,1
7,503,no breaker,6.76,0.9305,200,beta,4
7,503,first-token timeout,6.76,0.6103,200,beta,4
7,503,breaker,6.76,0.0504,200,beta,1
7,503,breaker + first-token timeout,6.76,0.0503,200,beta,1
7,503,no breaker,6.99,1.1606,200,beta,4
7,503,first-token timeout,6.99,0.5575,200,beta,4
7,503,breaker,6.99,0.0551,200,beta,1
7,503,breaker + first-token timeout,6.99,0.0551,200,beta,1
7,503,no breaker,7.26,0.6788,200,beta,4
7,503,first-token timeout,7.26,1.43,200,beta,4
7,503,breaker,7.26,0.0592,200,beta,1
7,503,breaker + first-token timeout,7.26,0.0589,200,beta,1
7,503,no breaker,7.51,0.8984,200,beta,4
7,503,first-token timeout,7.51,0.9333,200,beta,4
7,503,breaker,7.51,0.0442,200,beta,1
7,503,breaker + first-token timeout,7.51,0.0439,200,beta,1
7,503,no breaker,7.77,0.1275,200,beta,4
7,503,first-token timeout,7.77,1.2242,200,beta,4
7,503,breaker,7.77,0.0526,200,beta,1
7,503,breaker + first-token timeout,7.77,0.0525,200,beta,1
7,503,no breaker,8.02,0.5643,200,beta,4
7,503,first-token timeout,8.02,0.8775,200,beta,4
7,503,breaker,8.02,0.0434,200,beta,1
7,503,breaker + first-token timeout,8.02,0.0433,200,beta,1
7,503,no breaker,8.27,1.1573,200,beta,4
7,503,first-token timeout,8.27,0.9009,200,beta,4
7,503,breaker,8.27,0.0542,200,beta,1
7,503,breaker + first-token timeout,8.27,0.0539,200,beta,1
7,503,no breaker,8.51,1.2142,200,beta,4
7,503,first-token timeout,8.51,0.4465,200,beta,4
7,503,breaker,8.51,0.0559,200,beta,1
7,503,breaker + first-token timeout,8.51,0.0556,200,beta,1
7,503,no breaker,8.78,0.9762,200,beta,4
7,503,first-token timeout,8.78,0.5882,200,beta,4
7,503,breaker,8.78,0.0551,200,beta,1
7,503,breaker + first-token timeout,8.78,0.0551,200,beta,1
7,503,no breaker,9.0,1.2484,200,beta,4
7,503,first-token timeout,9.0,1.0079,200,beta,4
7,503,breaker,9.0,0.0561,200,beta,1
7,503,breaker + first-token timeout,9.0,0.0558,200,beta,1
7,503,no breaker,9.25,0.8508,200,beta,4
7,503,first-token timeout,9.25,0.5757,200,beta,4
7,503,breaker,9.25,0.0511,200,beta,1
7,503,breaker + first-token timeout,9.25,0.0509,200,beta,1
7,503,no breaker,9.51,1.0557,200,beta,4
7,503,first-token timeout,9.51,1.0757,200,beta,4
7,503,breaker,9.51,0.0562,200,beta,1
7,503,breaker + first-token timeout,9.51,0.0559,200,beta,1
7,503,no breaker,9.75,0.4428,200,beta,4
7,503,first-token timeout,9.75,0.3716,200,beta,4
7,503,breaker,9.75,0.0524,200,beta,1
7,503,breaker + first-token timeout,9.75,0.0523,200,beta,1
7,503,no breaker,10.0,0.3942,200,beta,4
7,503,first-token timeout,10.0,0.8115,200,beta,4
7,503,breaker,10.0,0.0659,200,beta,1
7,503,breaker + first-token timeout,10.0,0.0659,200,beta,1
7,503,no breaker,10.24,0.5701,200,beta,4
7,503,first-token timeout,10.24,0.9937,200,beta,4
7,503,breaker,10.24,0.0538,200,beta,1
7,503,breaker + first-token timeout,10.24,0.0537,200,beta,1
7,503,no breaker,10.51,1.0559,200,beta,4
7,503,first-token timeout,10.51,0.661,200,beta,4
7,503,breaker,10.51,0.0523,200,beta,1
7,503,breaker + first-token timeout,10.51,0.0526,200,beta,2
7,503,no breaker,10.75,1.3166,200,beta,4
7,503,first-token timeout,10.75,1.1879,200,beta,4
7,503,breaker,10.75,0.064,200,beta,1
7,503,breaker + first-token timeout,10.75,0.0637,200,beta,1
7,503,no breaker,11.0,0.6789,200,beta,4
7,503,first-token timeout,11.0,0.8932,200,beta,4
7,503,breaker,11.0,0.062,200,beta,2
7,503,breaker + first-token timeout,11.0,0.0406,200,beta,1
7,503,no breaker,11.24,1.5029,200,beta,4
7,503,first-token timeout,11.24,0.7672,200,beta,4
7,503,breaker,11.24,0.0566,200,beta,1
7,503,breaker + first-token timeout,11.24,0.0566,200,beta,1
7,503,no breaker,11.51,1.1673,200,beta,4
7,503,first-token timeout,11.51,1.0558,200,beta,4
7,503,breaker,11.51,0.0551,200,beta,1
7,503,breaker + first-token timeout,11.51,0.0548,200,beta,1
7,503,no breaker,11.75,1.2414,200,beta,4
7,503,first-token timeout,11.75,1.1348,200,beta,4
7,503,breaker,11.75,0.0648,200,beta,1
7,503,breaker + first-token timeout,11.75,0.0645,200,beta,1
7,503,no breaker,12.01,1.154,200,beta,4
7,503,first-token timeout,12.01,0.6178,200,beta,4
7,503,breaker,12.01,0.0614,200,beta,1
7,503,breaker + first-token timeout,12.01,0.0612,200,beta,1
7,503,no breaker,12.27,1.4704,200,beta,4
7,503,first-token timeout,12.27,1.2782,200,beta,4
7,503,breaker,12.27,0.0685,200,beta,1
7,503,breaker + first-token timeout,12.27,0.0682,200,beta,1
7,503,no breaker,12.5,0.8451,200,beta,4
7,503,first-token timeout,12.5,1.1997,200,beta,4
7,503,breaker,12.5,0.0688,200,beta,1
7,503,breaker + first-token timeout,12.5,0.0678,200,beta,1
7,503,no breaker,12.74,0.5501,200,beta,4
7,503,first-token timeout,12.74,0.8584,200,beta,4
7,503,breaker,12.74,0.0594,200,beta,1
7,503,breaker + first-token timeout,12.74,0.059,200,beta,1
7,503,no breaker,12.99,0.8823,200,beta,4
7,503,first-token timeout,12.99,0.8081,200,beta,4
7,503,breaker,12.99,0.055,200,beta,1
7,503,breaker + first-token timeout,12.99,0.0549,200,beta,1
7,503,no breaker,13.25,0.5159,200,beta,4
7,503,first-token timeout,13.25,0.678,200,beta,4
7,503,breaker,13.25,0.0406,200,beta,1
7,503,breaker + first-token timeout,13.25,0.0405,200,beta,1
7,503,no breaker,13.5,1.0097,200,beta,4
7,503,first-token timeout,13.5,0.4279,200,beta,4
7,503,breaker,13.5,0.0456,200,beta,1
7,503,breaker + first-token timeout,13.5,0.0453,200,beta,1
7,503,no breaker,13.74,0.9713,200,beta,4
7,503,first-token timeout,13.74,0.9706,200,beta,4
7,503,breaker,13.74,0.0593,200,beta,1
7,503,breaker + first-token timeout,13.74,0.0587,200,beta,1
7,503,no breaker,14.01,1.0876,200,beta,4
7,503,first-token timeout,14.01,0.5578,200,beta,4
7,503,breaker,14.01,0.0467,200,beta,1
7,503,breaker + first-token timeout,14.01,0.0465,200,beta,1
7,503,no breaker,14.26,1.3041,200,beta,4
7,503,first-token timeout,14.26,0.7214,200,beta,4
7,503,breaker,14.26,0.0472,200,beta,1
7,503,breaker + first-token timeout,14.26,0.0473,200,beta,1
7,503,no breaker,14.51,1.2355,200,beta,4
7,503,first-token timeout,14.51,0.8683,200,beta,4
7,503,breaker,14.51,0.0648,200,beta,1
7,503,breaker + first-token timeout,14.51,0.064,200,beta,1
7,503,no breaker,14.76,0.803,200,beta,4
7,503,first-token timeout,14.76,1.2915,200,beta,4
7,503,breaker,14.76,0.055,200,beta,1
7,503,breaker + first-token timeout,14.76,0.0549,200,beta,1
8,hang,no breaker,0.0,5.0659,200,beta,2
8,hang,first-token timeout,0.0,1.0534,200,beta,2
8,hang,breaker,0.0,5.0658,200,beta,2
8,hang,breaker + first-token timeout,0.0,1.0534,200,beta,2
8,hang,no breaker,0.27,5.0658,200,beta,2
8,hang,first-token timeout,0.27,1.0441,200,beta,2
8,hang,breaker,0.27,5.0654,200,beta,2
8,hang,breaker + first-token timeout,0.27,1.0439,200,beta,2
8,hang,no breaker,0.51,5.0798,200,beta,2
8,hang,first-token timeout,0.51,1.0575,200,beta,2
8,hang,breaker,0.51,5.0792,200,beta,2
8,hang,breaker + first-token timeout,0.51,1.057,200,beta,2
8,hang,no breaker,0.76,5.0819,200,beta,2
8,hang,first-token timeout,0.76,1.0552,200,beta,2
8,hang,breaker,0.76,5.0813,200,beta,2
8,hang,breaker + first-token timeout,0.76,1.0555,200,beta,2
8,hang,no breaker,1.01,5.0821,200,beta,2
8,hang,first-token timeout,1.01,1.0521,200,beta,2
8,hang,breaker,1.01,5.0815,200,beta,2
8,hang,breaker + first-token timeout,1.01,1.0524,200,beta,2
8,hang,no breaker,1.26,5.065,200,beta,2
8,hang,first-token timeout,1.26,1.0521,200,beta,2
8,hang,breaker,1.26,5.0645,200,beta,2
8,hang,breaker + first-token timeout,1.26,1.0524,200,beta,2
8,hang,no breaker,1.51,5.0827,200,beta,2
8,hang,first-token timeout,1.51,1.0549,200,beta,2
8,hang,breaker,1.51,5.0817,200,beta,2
8,hang,breaker + first-token timeout,1.51,1.0548,200,beta,2
8,hang,no breaker,1.76,5.0809,200,beta,2
8,hang,first-token timeout,1.76,1.0657,200,beta,2
8,hang,breaker,1.76,5.0801,200,beta,2
8,hang,breaker + first-token timeout,1.76,0.0572,200,beta,1
8,hang,no breaker,2.01,5.0486,200,beta,2
8,hang,first-token timeout,2.01,1.0422,200,beta,2
8,hang,breaker,2.01,5.0851,200,beta,2
8,hang,breaker + first-token timeout,2.01,0.0563,200,beta,1
8,hang,no breaker,2.26,5.0809,200,beta,2
8,hang,first-token timeout,2.26,1.0568,200,beta,2
8,hang,breaker,2.26,5.0799,200,beta,2
8,hang,breaker + first-token timeout,2.26,0.0576,200,beta,1
8,hang,no breaker,2.51,5.0824,200,beta,2
8,hang,first-token timeout,2.51,1.0566,200,beta,2
8,hang,breaker,2.51,5.0816,200,beta,2
8,hang,breaker + first-token timeout,2.51,0.0562,200,beta,1
8,hang,no breaker,2.76,5.0517,200,beta,2
8,hang,first-token timeout,2.76,1.0587,200,beta,2
8,hang,breaker,2.76,5.0715,200,beta,2
8,hang,breaker + first-token timeout,2.76,0.067,200,beta,1
8,hang,no breaker,3.01,5.0857,200,beta,2
8,hang,first-token timeout,3.01,1.0435,200,beta,2
8,hang,breaker,3.01,5.085,200,beta,2
8,hang,breaker + first-token timeout,3.01,0.0609,200,beta,1
8,hang,no breaker,3.26,5.084,200,beta,2
8,hang,first-token timeout,3.26,1.0581,200,beta,2
8,hang,breaker,3.26,5.0832,200,beta,2
8,hang,breaker + first-token timeout,3.26,0.0566,200,beta,1
8,hang,no breaker,3.51,5.084,200,beta,2
8,hang,first-token timeout,3.51,1.0575,200,beta,2
8,hang,breaker,3.51,5.0829,200,beta,2
8,hang,breaker + first-token timeout,3.51,0.0557,200,beta,1
8,hang,no breaker,3.76,5.0712,200,beta,2
8,hang,first-token timeout,3.76,1.0842,200,beta,2
8,hang,breaker,3.76,5.0704,200,beta,2
8,hang,breaker + first-token timeout,3.76,0.0564,200,beta,1
8,hang,no breaker,4.01,5.0702,200,beta,2
8,hang,first-token timeout,4.01,1.0565,200,beta,2
8,hang,breaker,4.01,5.0693,200,beta,2
8,hang,breaker + first-token timeout,4.01,0.0595,200,beta,1
8,hang,no breaker,4.26,5.0837,200,beta,2
8,hang,first-token timeout,4.26,1.07,200,beta,2
8,hang,breaker,4.26,5.0828,200,beta,2
8,hang,breaker + first-token timeout,4.26,0.0554,200,beta,1
8,hang,no breaker,4.51,5.0528,200,beta,2
8,hang,first-token timeout,4.51,1.0813,200,beta,2
8,hang,breaker,4.51,5.0518,200,beta,2
8,hang,breaker + first-token timeout,4.51,0.0567,200,beta,1
8,hang,no breaker,4.76,5.0637,200,beta,2
8,hang,first-token timeout,4.76,1.0503,200,beta,2
8,hang,breaker,4.76,5.0626,200,beta,2
8,hang,breaker + first-token timeout,4.76,0.0656,200,beta,1
8,hang,no breaker,5.01,5.0525,200,beta,2
8,hang,first-token timeout,5.01,1.0858,200,beta,2
8,hang,breaker,5.01,5.0519,200,beta,2
8,hang,breaker + first-token timeout,5.01,0.0564,200,beta,1
8,hang,no breaker,5.26,5.056,200,beta,2
8,hang,first-token timeout,5.26,1.0524,200,beta,2
8,hang,breaker,5.26,5.0549,200,beta,2
8,hang,breaker + first-token timeout,5.26,0.0539,200,beta,1
8,hang,no breaker,5.5,5.0738,200,beta,2
8,hang,first-token timeout,5.5,1.0521,200,beta,2
8,hang,breaker,5.5,5.0724,200,beta,2
8,hang,breaker + first-token timeout,5.5,0.0502,200,beta,1
8,hang,no breaker,5.75,5.0451,200,beta,2
8,hang,first-token timeout,5.75,1.0499,200,beta,2
8,hang,breaker,5.75,0.0531,200,beta,1
8,hang,breaker + first-token timeout,5.75,0.0527,200,beta,1
8,hang,no breaker,6.01,5.0438,200,beta,2
8,hang,first-token timeout,6.01,1.0501,200,beta,2
8,hang,breaker,6.01,0.0527,200,beta,1
8,hang,breaker + first-token timeout,6.01,0.0525,200,beta,1
8,hang,no breaker,6.25,5.0461,200,beta,2
8,hang,first-token timeout,6.25,1.0493,200,beta,2
8,hang,breaker,6.25,0.0545,200,beta,1
8,hang,breaker + first-token timeout,6.25,0.0543,200,beta,1
8,hang,no breaker,6.5,5.0485,200,beta,2
8,hang,first-token timeout,6.5,1.0528,200,beta,2
8,hang,breaker,6.5,0.0529,200,beta,1
8,hang,breaker + first-token timeout,6.5,0.0531,200,beta,1
8,hang,no breaker,6.75,5.058,200,beta,2
8,hang,first-token timeout,6.75,1.0564,200,beta,2
8,hang,breaker,6.75,0.0499,200,beta,1
8,hang,breaker + first-token timeout,6.75,0.05,200,beta,1
8,hang,no breaker,7.0,5.0626,200,beta,2
8,hang,first-token timeout,7.0,1.0556,200,beta,2
8,hang,breaker,7.0,0.0546,200,beta,1
8,hang,breaker + first-token timeout,7.0,0.0541,200,beta,1
8,hang,no breaker,7.25,5.0612,200,beta,2
8,hang,first-token timeout,7.25,1.052,200,beta,2
8,hang,breaker,7.25,0.0506,200,beta,1
8,hang,breaker + first-token timeout,7.25,0.0503,200,beta,1
8,hang,no breaker,7.5,5.0446,200,beta,2
8,hang,first-token timeout,7.5,1.0527,200,beta,2
8,hang,breaker,7.5,0.0527,200,beta,1
8,hang,breaker + first-token timeout,7.5,1.0517,200,beta,2
8,hang,no breaker,7.76,5.0434,200,beta,2
8,hang,first-token timeout,7.76,1.0525,200,beta,2
8,hang,breaker,7.76,0.0532,200,beta,1
8,hang,breaker + first-token timeout,7.76,0.0527,200,beta,1
8,hang,no breaker,8.0,5.0726,200,beta,2
8,hang,first-token timeout,8.0,1.0536,200,beta,2
8,hang,breaker,8.0,0.0517,200,beta,1
8,hang,breaker + first-token timeout,8.0,0.0525,200,beta,1
8,hang,no breaker,8.25,5.059,200,beta,2
8,hang,first-token timeout,8.25,1.0526,200,beta,2
8,hang,breaker,8.25,0.0496,200,beta,1
8,hang,breaker + first-token timeout,8.25,0.05,200,beta,1
8,hang,no breaker,8.5,5.0711,200,beta,2
8,hang,first-token timeout,8.5,1.0586,200,beta,2
8,hang,breaker,8.5,0.0525,200,beta,1
8,hang,breaker + first-token timeout,8.5,0.0525,200,beta,1
8,hang,no breaker,8.75,5.0458,200,beta,2
8,hang,first-token timeout,8.75,1.0661,200,beta,2
8,hang,breaker,8.75,0.0535,200,beta,1
8,hang,breaker + first-token timeout,8.75,0.0533,200,beta,1
8,hang,no breaker,9.0,5.0538,200,beta,2
8,hang,first-token timeout,9.0,1.0555,200,beta,2
8,hang,breaker,9.0,0.0521,200,beta,1
8,hang,breaker + first-token timeout,9.0,0.0516,200,beta,1
8,hang,no breaker,9.25,5.0569,200,beta,2
8,hang,first-token timeout,9.25,1.055,200,beta,2
8,hang,breaker,9.25,0.0513,200,beta,1
8,hang,breaker + first-token timeout,9.25,0.0509,200,beta,1
8,hang,no breaker,9.51,5.0789,200,beta,2
8,hang,first-token timeout,9.51,1.0644,200,beta,2
8,hang,breaker,9.51,0.0476,200,beta,1
8,hang,breaker + first-token timeout,9.51,0.0486,200,beta,1
8,hang,no breaker,9.76,5.0771,200,beta,2
8,hang,first-token timeout,9.76,1.0542,200,beta,2
8,hang,breaker,9.76,0.0582,200,beta,1
8,hang,breaker + first-token timeout,9.76,0.0573,200,beta,1
8,hang,no breaker,10.01,5.0721,200,beta,2
8,hang,first-token timeout,10.01,1.0553,200,beta,2
8,hang,breaker,10.01,0.048,200,beta,1
8,hang,breaker + first-token timeout,10.01,0.0474,200,beta,1
8,hang,no breaker,10.27,5.0512,200,beta,2
8,hang,first-token timeout,10.27,1.049,200,beta,2
8,hang,breaker,10.27,0.041,200,beta,1
8,hang,breaker + first-token timeout,10.27,0.0402,200,beta,1
8,hang,no breaker,10.51,5.0579,200,beta,2
8,hang,first-token timeout,10.51,1.0593,200,beta,2
8,hang,breaker,10.51,0.0654,200,beta,1
8,hang,breaker + first-token timeout,10.51,0.0645,200,beta,1
8,hang,no breaker,10.77,5.0706,200,beta,2
8,hang,first-token timeout,10.77,1.056,200,beta,2
8,hang,breaker,10.77,0.0624,200,beta,1
8,hang,breaker + first-token timeout,10.77,0.0619,200,beta,1
8,hang,no breaker,10.99,5.0509,200,beta,2
8,hang,first-token timeout,10.99,1.0681,200,beta,2
8,hang,breaker,10.99,0.0538,200,beta,1
8,hang,breaker + first-token timeout,10.99,0.054,200,beta,1
8,hang,no breaker,11.26,5.0643,200,beta,2
8,hang,first-token timeout,11.26,1.0545,200,beta,2
8,hang,breaker,11.26,0.0599,200,beta,1
8,hang,breaker + first-token timeout,11.26,0.0593,200,beta,1
8,hang,no breaker,11.51,5.0522,200,beta,2
8,hang,first-token timeout,11.51,1.0385,200,beta,2
8,hang,breaker,11.51,0.0627,200,beta,1
8,hang,breaker + first-token timeout,11.51,0.062,200,beta,1
8,hang,no breaker,11.74,5.0541,200,beta,2
8,hang,first-token timeout,11.74,1.0556,200,beta,2
8,hang,breaker,11.74,0.066,200,beta,1
8,hang,breaker + first-token timeout,11.74,0.0652,200,beta,1
8,hang,no breaker,12.0,5.0682,200,beta,2
8,hang,first-token timeout,12.0,1.0708,200,beta,2
8,hang,breaker,12.0,0.0578,200,beta,1
8,hang,breaker + first-token timeout,12.0,0.0575,200,beta,1
8,hang,no breaker,12.26,5.0608,200,beta,2
8,hang,first-token timeout,12.26,1.056,200,beta,2
8,hang,breaker,12.26,0.0568,200,beta,1
8,hang,breaker + first-token timeout,12.26,0.0558,200,beta,1
8,hang,no breaker,12.51,5.0652,200,beta,2
8,hang,first-token timeout,12.51,1.0655,200,beta,2
8,hang,breaker,12.51,0.0596,200,beta,1
8,hang,breaker + first-token timeout,12.51,0.0593,200,beta,1
8,hang,no breaker,12.76,5.0429,200,beta,2
8,hang,first-token timeout,12.76,1.041,200,beta,2
8,hang,breaker,12.76,0.0604,200,beta,1
8,hang,breaker + first-token timeout,12.76,0.0601,200,beta,1
8,hang,no breaker,13.01,5.0793,200,beta,2
8,hang,first-token timeout,13.01,1.0671,200,beta,2
8,hang,breaker,13.01,0.0652,200,beta,1
8,hang,breaker + first-token timeout,13.01,0.0645,200,beta,1
8,hang,no breaker,13.24,5.0502,200,beta,2
8,hang,first-token timeout,13.24,1.0686,200,beta,2
8,hang,breaker,13.24,0.069,200,beta,1
8,hang,breaker + first-token timeout,13.24,0.0681,200,beta,1
8,hang,no breaker,13.51,5.045,200,beta,2
8,hang,first-token timeout,13.51,1.0466,200,beta,2
8,hang,breaker,13.51,0.0645,200,beta,1
8,hang,breaker + first-token timeout,13.51,1.0463,200,beta,2
8,hang,no breaker,13.76,5.0604,200,beta,2
8,hang,first-token timeout,13.76,1.0458,200,beta,2
8,hang,breaker,13.76,0.0624,200,beta,1
8,hang,breaker + first-token timeout,13.76,0.0621,200,beta,1
8,hang,no breaker,14.01,5.0439,200,beta,2
8,hang,first-token timeout,14.01,1.0578,200,beta,2
8,hang,breaker,14.01,0.0703,200,beta,1
8,hang,breaker + first-token timeout,14.01,0.0697,200,beta,1
8,hang,no breaker,14.25,5.0587,200,beta,2
8,hang,first-token timeout,14.25,1.0462,200,beta,2
8,hang,breaker,14.25,0.0567,200,beta,1
8,hang,breaker + first-token timeout,14.25,0.0567,200,beta,1
8,hang,no breaker,14.5,5.0619,200,beta,2
8,hang,first-token timeout,14.5,1.0673,200,beta,2
8,hang,breaker,14.5,0.0516,200,beta,1
8,hang,breaker + first-token timeout,14.5,0.0515,200,beta,1
8,hang,no breaker,14.75,5.0771,200,beta,2
8,hang,first-token timeout,14.75,1.0749,200,beta,2
8,hang,breaker,14.75,0.0526,200,beta,1
8,hang,breaker + first-token timeout,14.75,0.0525,200,beta,1
8,503,no breaker,0.0,0.7234,200,beta,4
8,503,first-token timeout,0.0,1.2912,200,beta,4
8,503,breaker,0.0,1.366,200,beta,3
8,503,breaker + first-token timeout,0.0,0.9066,200,beta,3
8,503,no breaker,0.26,0.7437,200,beta,4
8,503,first-token timeout,0.26,0.8936,200,beta,4
8,503,breaker,0.26,0.3564,200,beta,2
8,503,breaker + first-token timeout,0.26,0.1637,200,beta,2
8,503,no breaker,0.5,0.3085,200,beta,4
8,503,first-token timeout,0.5,1.4475,200,beta,4
8,503,breaker,0.5,0.0677,200,beta,1
8,503,breaker + first-token timeout,0.5,0.0671,200,beta,1
8,503,no breaker,0.75,0.7562,200,beta,4
8,503,first-token timeout,0.75,0.6786,200,beta,4
8,503,breaker,0.75,0.0556,200,beta,1
8,503,breaker + first-token timeout,0.75,0.0555,200,beta,1
8,503,no breaker,1.0,1.1373,200,beta,4
8,503,first-token timeout,1.0,1.255,200,beta,4
8,503,breaker,1.0,0.0444,200,beta,1
8,503,breaker + first-token timeout,1.0,0.0443,200,beta,1
8,503,no breaker,1.25,0.891,200,beta,4
8,503,first-token timeout,1.25,0.4733,200,beta,4
8,503,breaker,1.25,0.0623,200,beta,1
8,503,breaker + first-token timeout,1.25,0.0622,200,beta,1
8,503,no breaker,1.5,1.5566,200,beta,4
8,503,first-token timeout,1.5,0.8848,200,beta,4
8,503,breaker,1.5,0.0482,200,beta,1
8,503,breaker + first-token timeout,1.5,0.0479,200,beta,1
8,503,no breaker,1.77,0.1995,200,beta,4
8,503,first-token timeout,1.77,0.3408,200,beta,4
8,503,breaker,1.77,0.0521,200,beta,1
8,503,breaker + first-token timeout,1.77,0.052,200,beta,1
8,503,no breaker,2.02,1.0433,200,beta,4
8,503,first-token timeout,2.02,0.3712,200,beta,4
8,503,breaker,2.02,0.0528,200,beta,1
8,503,breaker + first-token timeout,2.02,0.0525,200,beta,1
8,503,no breaker,2.26,0.9281,200,beta,4
8,503,first-token timeout,2.26,1.2614,200,beta,4
8,503,breaker,2.26,0.0434,200,beta,1
8,503,breaker + first-token timeout,2.26,0.0433,200,beta,1
8,503,no breaker,2.51,0.9081,200,beta,4
8,503,first-token timeout,2.51,1.0104,200,beta,4
8,503,breaker,2.51,0.0519,200,beta,1
8,503,breaker + first-token timeout,2.51,0.0515,200,beta,1
8,503,no breaker,2.76,0.5587,200,beta,4
8,503,first-token timeout,2.76,0.9188,200,beta,4
8,503,breaker,2.76,0.0519,200,beta,1
8,503,breaker + first-token timeout,2.76,0.0516,200,beta,1
8,503,no breaker,3.01,1.2738,200,beta,4
8,503,first-token timeout,3.01,0.3579,200,beta,4
8,503,breaker,3.01,0.0554,200,beta,1
8,503,breaker + first-token timeout,3.01,0.0551,200,beta,1
8,503,no breaker,3.27,1.3022,200,beta,4
8,503,first-token timeout,3.27,0.785,200,beta,4
8,503,breaker,3.27,0.0448,200,beta,1
8,503,breaker + first-token timeout,3.27,0.0445,200,beta,1
8,503,no breaker,3.52,1.3512,200,beta,4
8,503,first-token timeout,3.52,0.7412,200,beta,4
8,503,breaker,3.52,0.0587,200,beta,1
8,503,breaker + first-token timeout,3.52,0.0587,200,beta,1
8,503,no breaker,3.76,0.753,200,beta,4
8,503,first-token timeout,3.76,0.9891,200,beta,4
8,503,breaker,3.76,0.0626,200,beta,1
8,503,breaker + first-token timeout,3.76,0.0623,200,beta,1
8,503,no breaker,4.0,1.3306,200,beta,4
8,503,first-token timeout,4.0,0.5731,200,beta,4
8,503,breaker,4.0,0.0556,200,beta,1
8,503,breaker + first-token timeout,4.0,0.0555,200,beta,1
8,503,no breaker,4.26,0.69,200,beta,4
8,503,first-token timeout,4.26,0.8111,200,beta,4
8,503,breaker,4.26,0.0457,200,beta,1
8,503,breaker + first-token timeout,4.26,0.0454,200,beta,1
8,503,no breaker,4.51,0.9476,200,beta,4
8,503,first-token timeout,4.51,1.1499,200,beta,4
8,503,breaker,4.51,0.057,200,beta,1
8,503,breaker + first-token timeout,4.51,0.057,200,beta,1
8,503,no breaker,4.75,1.4921,200,beta,4
8,503,first-token timeout,4.75,0.812,200,beta,4
8,503,breaker,4.75,0.0634,200,beta,1
8,503,breaker + first-token timeout,4.75,0.0632,200,beta,1
8,503,no breaker,5.02,0.2098,200,beta,4
8,503,first-token timeout,5.02,0.2773,200,beta,4
8,503,breaker,5.02,0.0489,200,beta,1
8,503,breaker + first-token timeout,5.02,0.0488,200,beta,1
8,503,no breaker,5.27,1.1268,200,beta,4
8,503,first-token timeout,5.27,1.4795,200,beta,4
8,503,breaker,5.27,0.0626,200,beta,1
8,503,breaker + first-token timeout,5.27,0.0628,200,beta,2
8,503,no breaker,5.52,0.6692,200,beta,4
8,503,first-token timeout,5.52,0.5031,200,beta,4
8,503,breaker,5.52,0.0433,200,beta,2
8,503,breaker + first-token timeout,5.52,0.043,200,beta,1
8,503,no breaker,5.77,0.9254,200,beta,4
8,503,first-token timeout,5.77,1.4014,200,beta,4
8,503,breaker,5.77,0.055,200,beta,1
8,503,breaker + first-token timeout,5.77,0.0549,200,beta,1
8,503,no breaker,6.02,0.522,200,beta,4
8,503,first-token timeout,6.02,0.9141,200,beta,4
8,503,breaker,6.02,0.0435,200,beta,1
8,503,breaker + first-token timeout,6.02,0.0432,200,beta,1
8,503,no breaker,6.24,0.7102,200,beta,4
8,503,first-token timeout,6.24,1.1905,200,beta,4
8,503,breaker,6.24,0.0476,200,beta,1
8,503,breaker + first-token timeout,6.24,0.0476,200,beta,1
8,503,no breaker,6.5,0.5777,200,beta,4
8,503,first-token timeout,6.5,1.2357,200,beta,4
8,503,breaker,6.5,0.0589,200,beta,1
8,503,breaker + first-token timeout,6.5,0.0586,200,beta,1
8,503,no breaker,6.74,1.2899,200,beta,4
8,503,first-token timeout,6.74,1.2898,200,beta,4
8,503,breaker,6.74,0.0413,200,beta,1
8,503,breaker + first-token timeout,6.74,0.0411,200,beta,1
8,503,no breaker,6.99,0.5861,200,beta,4
8,503,first-token timeout,6.99,1.3174,200,beta,4
8,503,breaker,6.99,0.0537,200,beta,1
8,503,breaker + first-token timeout,6.99,0.0536,200,beta,1
8,503,no breaker,7.26,0.3203,200,beta,4
8,503,first-token timeout,7.26,0.4015,200,beta,4
8,503,breaker,7.26,0.0479,200,beta,1
8,503,breaker + first-token timeout,7.26,0.0478,200,beta,1
8,503,no breaker,7.52,1.0914,200,beta,4
8,503,first-token timeout,7.52,1.0298,200,beta,4
8,503,breaker,7.52,0.056,200,beta,1
8,503,breaker + first-token timeout,7.52,0.0558,200,beta,1
8,503,no breaker,7.74,1.0599,200,beta,4
8,503,first-token timeout,7.74,1.3139,200,beta,4
8,503,breaker,7.74,0.0552,200,beta,1
8,503,breaker + first-token timeout,7.74,0.055,200,beta,1
8,503,no breaker,8.01,1.0243,200,beta,4
8,503,first-token timeout,8.01,0.7684,200,beta,4
8,503,breaker,8.01,0.0478,200,beta,1
8,503,breaker + first-token timeout,8.01,0.0474,200,beta,1
8,503,no breaker,8.26,0.2918,200,beta,4
8,503,first-token timeout,8.26,0.2095,200,beta,4
8,503,breaker,8.26,0.0477,200,beta,1
8,503,breaker + first-token timeout,8.26,0.0476,200,beta,1
8,503,no breaker,8.49,0.6642,200,beta,4
8,503,first-token timeout,8.49,0.6451,200,beta,4
8,503,breaker,8.49,0.0542,200,beta,1
8,503,breaker + first-token timeout,8.49,0.0545,200,beta,1
8,503,no breaker,8.76,0.6452,200,beta,4
8,503,first-token timeout,8.76,0.6949,200,beta,4
8,503,breaker,8.76,0.0388,200,beta,1
8,503,breaker + first-token timeout,8.76,0.0387,200,beta,1
8,503,no breaker,9.01,1.1415,200,beta,4
8,503,first-token timeout,9.01,0.345,200,beta,4
8,503,breaker,9.01,0.0444,200,beta,1
8,503,breaker + first-token timeout,9.01,0.0443,200,beta,1
8,503,no breaker,9.26,1.4179,200,beta,4
8,503,first-token timeout,9.26,1.3608,200,beta,4
8,503,breaker,9.26,0.0474,200,beta,1
8,503,breaker + first-token timeout,9.26,0.0471,200,beta,1
8,503,no breaker,9.51,1.1229,200,beta,4
8,503,first-token timeout,9.51,0.5422,200,beta,4
8,503,breaker,9.51,0.0552,200,beta,1
8,503,breaker + first-token timeout,9.51,0.0549,200,beta,1
8,503,no breaker,9.75,1.072,200,beta,4
8,503,first-token timeout,9.75,0.9728,200,beta,4
8,503,breaker,9.75,0.056,200,beta,1
8,503,breaker + first-token timeout,9.75,0.0559,200,beta,1
8,503,no breaker,10.0,1.0878,200,beta,4
8,503,first-token timeout,10.0,0.5246,200,beta,4
8,503,breaker,10.0,0.0438,200,beta,1
8,503,breaker + first-token timeout,10.0,0.0436,200,beta,1
8,503,no breaker,10.27,1.3476,200,beta,4
8,503,first-token timeout,10.27,0.9049,200,beta,4
8,503,breaker,10.27,0.0551,200,beta,1
8,503,breaker + first-token timeout,10.27,0.0549,200,beta,1
8,503,no breaker,10.5,0.5894,200,beta,4
8,503,first-token timeout,10.5,1.2871,200,beta,4
8,503,breaker,10.5,0.0503,200,beta,1
8,503,breaker + first-token timeout,10.5,0.0501,200,beta,2
8,503,no breaker,10.77,0.9021,200,beta,4
8,503,first-token timeout,10.77,1.0435,200,beta,4
8,503,breaker,10.77,0.0573,200,beta,2
8,503,breaker + first-token timeout,10.77,0.0571,200,beta,1
8,503,no breaker,11.0,1.0139,200,beta,4
8,503,first-token timeout,11.0,0.3774,200,beta,4
8,503,breaker,11.0,0.0536,200,beta,1
8,503,breaker + first-token timeout,11.0,0.0534,200,beta,1
8,503,no breaker,11.26,1.0981,200,beta,4
8,503,first-token timeout,11.26,0.6925,200,beta,4
8,503,breaker,11.26,0.0511,200,beta,1
8,503,breaker + first-token timeout,11.26,0.0508,200,beta,1
8,503,no breaker,11.52,0.659,200,beta,4
8,503,first-token timeout,11.52,1.0034,200,beta,4
8,503,breaker,11.52,0.0474,200,beta,1
8,503,breaker + first-token timeout,11.52,0.0473,200,beta,1
8,503,no breaker,11.75,0.6106,200,beta,4
8,503,first-token timeout,11.75,0.8119,200,beta,4
8,503,breaker,11.75,0.0582,200,beta,1
8,503,breaker + first-token timeout,11.75,0.0584,200,beta,1
8,503,no breaker,12.02,0.6955,200,beta,4
8,503,first-token timeout,12.02,0.6001,200,beta,4
8,503,breaker,12.02,0.0554,200,beta,1
8,503,breaker + first-token timeout,12.02,0.0552,200,beta,1
8,503,no breaker,12.27,0.4442,200,beta,4
8,503,first-token timeout,12.27,0.1755,200,beta,4
8,503,breaker,12.27,0.0475,200,beta,1
8,503,breaker + first-token timeout,12.27,0.0474,200,beta,1
8,503,no breaker,12.52,0.5587,200,beta,4
8,503,first-token timeout,12.52,0.3356,200,beta,4
8,503,breaker,12.52,0.0471,200,beta,1
8,503,breaker + first-token timeout,12.52,0.0466,200,beta,1
8,503,no breaker,12.77,0.5609,200,beta,4
8,503,first-token timeout,12.77,1.3118,200,beta,4
8,503,breaker,12.77,0.0516,200,beta,1
8,503,breaker + first-token timeout,12.77,0.0515,200,beta,1
8,503,no breaker,13.02,0.4142,200,beta,4
8,503,first-token timeout,13.02,0.6328,200,beta,4
8,503,breaker,13.02,0.0561,200,beta,1
8,503,breaker + first-token timeout,13.02,0.056,200,beta,1
8,503,no breaker,13.27,0.4709,200,beta,4
8,503,first-token timeout,13.27,1.1644,200,beta,4
8,503,breaker,13.27,0.0557,200,beta,1
8,503,breaker + first-token timeout,13.27,0.0554,200,beta,1
8,503,no breaker,13.52,0.2667,200,beta,4
8,503,first-token timeout,13.52,1.1994,200,beta,4
8,503,breaker,13.52,0.0553,200,beta,1
8,503,breaker + first-token timeout,13.52,0.0552,200,beta,1
8,503,no breaker,13.74,1.1737,200,beta,4
8,503,first-token timeout,13.74,0.2095,200,beta,4
8,503,breaker,13.74,0.0468,200,beta,1
8,503,breaker + first-token timeout,13.74,0.0465,200,beta,1
8,503,no breaker,14.02,0.6997,200,beta,4
8,503,first-token timeout,14.02,0.3315,200,beta,4
8,503,breaker,14.02,0.0562,200,beta,1
8,503,breaker + first-token timeout,14.02,0.0557,200,beta,1
8,503,no breaker,14.26,0.4253,200,beta,4
8,503,first-token timeout,14.26,1.1577,200,beta,4
8,503,breaker,14.26,0.0482,200,beta,1
8,503,breaker + first-token timeout,14.26,0.0484,200,beta,1
8,503,no breaker,14.51,0.958,200,beta,4
8,503,first-token timeout,14.51,1.3498,200,beta,4
8,503,breaker,14.51,0.0549,200,beta,1
8,503,breaker + first-token timeout,14.51,0.0546,200,beta,1
8,503,no breaker,14.76,1.1686,200,beta,4
8,503,first-token timeout,14.76,0.7979,200,beta,4
8,503,breaker,14.76,0.0475,200,beta,1
8,503,breaker + first-token timeout,14.76,0.0473,200,beta,1
9,hang,no breaker,0.0,5.0584,200,beta,2
9,hang,first-token timeout,0.0,1.0649,200,beta,2
9,hang,breaker,0.0,5.058,200,beta,2
9,hang,breaker + first-token timeout,0.0,1.0646,200,beta,2
9,hang,no breaker,0.24,5.0626,200,beta,2
9,hang,first-token timeout,0.24,1.0721,200,beta,2
9,hang,breaker,0.24,5.0614,200,beta,2
9,hang,breaker + first-token timeout,0.24,1.072,200,beta,2
9,hang,no breaker,0.51,5.0541,200,beta,2
9,hang,first-token timeout,0.51,1.057,200,beta,2
9,hang,breaker,0.51,5.0538,200,beta,2
9,hang,breaker + first-token timeout,0.51,1.0569,200,beta,2
9,hang,no breaker,0.76,5.0559,200,beta,2
9,hang,first-token timeout,0.76,1.0567,200,beta,2
9,hang,breaker,0.76,5.056,200,beta,2
9,hang,breaker + first-token timeout,0.76,1.0566,200,beta,2
9,hang,no breaker,1.01,5.0745,200,beta,2
9,hang,first-token timeout,1.01,1.0543,200,beta,2
9,hang,breaker,1.01,5.0539,200,beta,2
9,hang,breaker + first-token timeout,1.01,1.0538,200,beta,2
9,hang,no breaker,1.26,5.0566,200,beta,2
9,hang,first-token timeout,1.26,1.0543,200,beta,2
9,hang,breaker,1.26,5.0567,200,beta,2
9,hang,breaker + first-token timeout,1.26,1.0535,200,beta,2
9,hang,no breaker,1.51,5.058,200,beta,2
9,hang,first-token timeout,1.51,1.055,200,beta,2
9,hang,breaker,1.51,5.0574,200,beta,2
9,hang,breaker + first-token timeout,1.51,0.0572,200,beta,1
9,hang,no breaker,1.76,5.0581,200,beta,2
9,hang,first-token timeout,1.76,1.0601,200,beta,2
9,hang,breaker,1.76,5.0577,200,beta,2
9,hang,breaker + first-token timeout,1.76,0.0576,200,beta,1
9,hang,no breaker,2.0,5.0522,200,beta,2
9,hang,first-token timeout,2.0,1.0484,200,beta,2
9,hang,breaker,2.0,5.0518,200,beta,2
9,hang,breaker + first-token timeout,2.0,0.0569,200,beta,1
9,hang,no breaker,2.25,5.0555,200,beta,2
9,hang,first-token timeout,2.25,1.0506,200,beta,2
9,hang,breaker,2.25,5.0551,200,beta,2
9,hang,breaker + first-token timeout,2.25,0.0578,200,beta,1
9,hang,no breaker,2.51,5.0527,200,beta,2
9,hang,first-token timeout,2.51,1.0489,200,beta,2
9,hang,breaker,2.51,5.052,200,beta,2
9,hang,breaker + first-token timeout,2.51,0.0558,200,beta,1
9,hang,no breaker,2.76,5.0547,200,beta,2
9,hang,first-token timeout,2.76,1.0711,200,beta,2
9,hang,breaker,2.76,5.0555,200,beta,2
9,hang,breaker + first-token timeout,2.76,0.0571,200,beta,1
9,hang,no breaker,3.01,5.0525,200,beta,2
9,hang,first-token timeout,3.01,1.0665,200,beta,2
9,hang,breaker,3.01,5.0714,200,beta,2
9,hang,breaker + first-token timeout,3.01,0.0423,200,beta,1
9,hang,no breaker,3.26,5.0817,200,beta,2
9,hang,first-token timeout,3.26,1.0774,200,beta,2
9,hang,breaker,3.26,5.0802,200,beta,2
9,hang,breaker + first-token timeout,3.26,0.0595,200,beta,1
9,hang,no breaker,3.51,5.0825,200,beta,2
9,hang,first-token timeout,3.51,1.0634,200,beta,2
9,hang,breaker,3.51,5.081,200,beta,2
9,hang,breaker + first-token timeout,3.51,0.0589,200,beta,1
9,hang,no breaker,3.77,5.0798,200,beta,2
9,hang,first-token timeout,3.77,1.0765,200,beta,2
9,hang,breaker,3.77,5.0792,200,beta,2
9,hang,breaker + first-token timeout,3.77,0.0639,200,beta,1
9,hang,no breaker,4.02,5.0768,200,beta,2
9,hang,first-token timeout,4.02,1.0744,200,beta,2
9,hang,breaker,4.02,5.0755,200,beta,2
9,hang,breaker + first-token timeout,4.02,0.0558,200,beta,1
9,hang,no breaker,4.25,5.0512,200,beta,2
9,hang,first-token timeout,4.25,1.0504,200,beta,2
9,hang,breaker,4.25,5.0505,200,beta,2
9,hang,breaker + first-token timeout,4.25,0.0519,200,beta,1
9,hang,no breaker,4.52,5.0575,200,beta,2
9,hang,first-token timeout,4.52,1.0638,200,beta,2
9,hang,breaker,4.52,5.057,200,beta,2
9,hang,breaker + first-token timeout,4.52,0.0556,200,beta,1
9,hang,no breaker,4.75,5.0562,200,beta,2
9,hang,first-token timeout,4.75,1.0571,200,beta,2
9,hang,breaker,4.75,5.0567,200,beta,2
9,hang,breaker + first-token timeout,4.75,0.053,200,beta,1
9,hang,no breaker,5.01,5.0523,200,beta,2
9,hang,first-token timeout,5.01,1.0754,200,beta,2
9,hang,breaker,5.01,5.0703,200,beta,2
9,hang,breaker + first-token timeout,5.01,0.0519,200,beta,1
9,hang,no breaker,5.26,5.0748,200,beta,2
9,hang,first-token timeout,5.26,1.0561,200,beta,2
9,hang,breaker,5.26,5.0744,200,beta,2
9,hang,breaker + first-token timeout,5.26,0.0445,200,beta,1
9,hang,no breaker,5.51,5.0459,200,beta,2
9,hang,first-token timeout,5.51,1.0576,200,beta,2
9,hang,breaker,5.51,0.0535,200,beta,1
9,hang,breaker + first-token timeout,5.51,0.053,200,beta,1
9,hang,no breaker,5.75,5.0542,200,beta,2
9,hang,first-token timeout,5.75,1.0587,200,beta,2
9,hang,breaker,5.75,0.0577,200,beta,1
9,hang,breaker + first-token timeout,5.75,0.0564,200,beta,1
9,hang,no breaker,6.02,5.0925,200,beta,2
9,hang,first-token timeout,6.02,1.0737,200,beta,2
9,hang,breaker,6.02,0.0607,200,beta,1
9,hang,breaker + first-token timeout,6.02,0.0605,200,beta,1
9,hang,no breaker,6.25,5.0601,200,beta,2
9,hang,first-token timeout,6.26,1.0527,200,beta,2
9,hang,breaker,6.26,0.0584,200,beta,1
9,hang,breaker + first-token timeout,6.26,0.0574,200,beta,1
9,hang,no breaker,6.51,5.0701,200,beta,2
9,hang,first-token timeout,6.51,1.0503,200,beta,2
9,hang,breaker,6.51,0.0581,200,beta,1
9,hang,breaker + first-token timeout,6.51,0.0576,200,beta,1
9,hang,no breaker,6.76,5.0516,200,beta,2
9,hang,first-token timeout,6.76,1.0582,200,beta,2
9,hang,breaker,6.76,0.0574,200,beta,1
9,hang,breaker + first-token timeout,6.76,0.0568,200,beta,1
9,hang,no breaker,7.0,5.0551,200,beta,2
9,hang,first-token timeout,7.0,1.0565,200,beta,2
9,hang,breaker,7.0,0.0512,200,beta,1
9,hang,breaker + first-token timeout,7.0,0.0512,200,beta,1
9,hang,no breaker,7.25,5.0552,200,beta,2
9,hang,first-token timeout,7.25,1.0576,200,beta,2
9,hang,breaker,7.25,0.058,200,beta,1
9,hang,breaker + first-token timeout,7.25,0.0573,200,beta,1
9,hang,no breaker,7.52,5.0579,200,beta,2
9,hang,first-token timeout,7.52,1.0779,200,beta,2
9,hang,breaker,7.52,0.0598,200,beta,1
9,hang,breaker + first-token timeout,7.52,1.0777,200,beta,2
9,hang,no breaker,7.75,5.0543,200,beta,2
9,hang,first-token timeout,7.75,1.054,200,beta,2
9,hang,breaker,7.75,0.0565,200,beta,1
9,hang,breaker + first-token timeout,7.75,0.056,200,beta,1
9,hang,no breaker,8.0,5.0583,200,beta,2
9,hang,first-token timeout,8.0,1.0561,200,beta,2
9,hang,breaker,8.0,0.0768,200,beta,1
9,hang,breaker + first-token timeout,8.0,0.0569,200,beta,1
9,hang,no breaker,8.25,5.0564,200,beta,2
9,hang,first-token timeout,8.25,1.0495,200,beta,2
9,hang,breaker,8.25,0.0546,200,beta,1
9,hang,breaker + first-token timeout,8.25,0.0544,200,beta,1
9,hang,no breaker,8.51,5.0559,200,beta,2
9,hang,first-token timeout,8.51,1.0706,200,beta,2
9,hang,breaker,8.51,0.0532,200,beta,1
9,hang,breaker + first-token timeout,8.51,0.053,200,beta,1
9,hang,no breaker,8.75,5.048,200,beta,2
9,hang,first-token timeout,8.75,1.0559,200,beta,2
9,hang,breaker,8.75,0.0546,200,beta,1
9,hang,breaker + first-token timeout,8.75,0.0544,200,beta,1
9,hang,no breaker,9.01,5.0481,200,beta,2
9,hang,first-token timeout,9.01,1.0702,200,beta,2
9,hang,breaker,9.01,0.0529,200,beta,1
9,hang,breaker + first-token timeout,9.01,0.0524,200,beta,1
9,hang,no breaker,9.26,5.0475,200,beta,2
9,hang,first-token timeout,9.26,1.075,200,beta,2
9,hang,breaker,9.26,0.0466,200,beta,1
9,hang,breaker + first-token timeout,9.26,0.0461,200,beta,1
9,hang,no breaker,9.52,5.0546,200,beta,2
9,hang,first-token timeout,9.52,1.0686,200,beta,2
9,hang,breaker,9.52,0.0574,200,beta,1
9,hang,breaker + first-token timeout,9.52,0.0568,200,beta,1
9,hang,no breaker,9.75,5.0795,200,beta,2
9,hang,first-token timeout,9.75,1.0558,200,beta,2
9,hang,breaker,9.75,0.0581,200,beta,1
9,hang,breaker + first-token timeout,9.75,0.0567,200,beta,1
9,hang,no breaker,10.02,5.0873,200,beta,2
9,hang,first-token timeout,10.02,1.0749,200,beta,2
9,hang,breaker,10.02,0.0599,200,beta,1
9,hang,breaker + first-token timeout,10.02,0.0588,200,beta,1
9,hang,no breaker,10.26,5.0717,200,beta,2
9,hang,first-token timeout,10.26,1.0501,200,beta,2
9,hang,breaker,10.26,0.0653,200,beta,1
9,hang,breaker + first-token timeout,10.26,0.0645,200,beta,1
9,hang,no breaker,10.5,5.0682,200,beta,2
9,hang,first-token timeout,10.5,1.0766,200,beta,2
9,hang,breaker,10.5,0.0515,200,beta,1
9,hang,breaker + first-token timeout,10.5,0.051,200,beta,1
9,hang,no breaker,10.77,5.0631,200,beta,2
9,hang,first-token timeout,10.77,1.075,200,beta,2
9,hang,breaker,10.77,0.0593,200,beta,1
9,hang,breaker + first-token timeout,10.77,0.059,200,beta,1
9,hang,no breaker,11.0,5.0705,200,beta,2
9,hang,first-token timeout,11.0,1.0554,200,beta,2
9,hang,breaker,11.0,0.052,200,beta,1
9,hang,breaker + first-token timeout,11.0,0.0514,200,beta,1
9,hang,no breaker,11.27,5.0785,200,beta,2
9,hang,first-token timeout,11.27,1.0562,200,beta,2
9,hang,breaker,11.27,0.0458,200,beta,1
9,hang,breaker + first-token timeout,11.27,0.0448,200,beta,1
9,hang,no breaker,11.52,5.0573,200,beta,2
9,hang,first-token timeout,11.52,1.0549,200,beta,2
9,hang,breaker,11.52,0.0565,200,beta,1
9,hang,breaker + first-token timeout,11.52,0.0567,200,beta,1
9,hang,no breaker,11.75,5.0608,200,beta,2
9,hang,first-token timeout,11.75,1.0556,200,beta,2
9,hang,breaker,11.75,0.052,200,beta,1
9,hang,breaker + first-token timeout,11.75,0.0516,200,beta,1
9,hang,no breaker,12.0,5.0791,200,beta,2
9,hang,first-token timeout,12.0,1.0597,200,beta,2
9,hang,breaker,12.0,0.0579,200,beta,1
9,hang,breaker + first-token timeout,12.0,0.0572,200,beta,1
9,hang,no breaker,12.27,5.0671,200,beta,2
9,hang,first-token timeout,12.27,1.0801,200,beta,2
9,hang,breaker,12.27,0.0585,200,beta,1
9,hang,breaker + first-token timeout,12.27,0.058,200,beta,1
9,hang,no breaker,12.52,5.0744,200,beta,2
9,hang,first-token timeout,12.52,1.0792,200,beta,2
9,hang,breaker,12.52,0.0575,200,beta,1
9,hang,breaker + first-token timeout,12.52,0.0573,200,beta,1
9,hang,no breaker,12.75,5.0595,200,beta,2
9,hang,first-token timeout,12.75,1.0481,200,beta,2
9,hang,breaker,12.75,0.0557,200,beta,1
9,hang,breaker + first-token timeout,12.75,0.0559,200,beta,1
9,hang,no breaker,13.0,5.048,200,beta,2
9,hang,first-token timeout,13.0,1.049,200,beta,2
9,hang,breaker,13.0,0.0565,200,beta,1
9,hang,breaker + first-token timeout,13.0,0.0565,200,beta,1
9,hang,no breaker,13.26,5.0702,200,beta,2
9,hang,first-token timeout,13.26,1.0468,200,beta,2
9,hang,breaker,13.26,0.0534,200,beta,1
9,hang,breaker + first-token timeout,13.26,0.0534,200,beta,1
9,hang,no breaker,13.51,5.0578,200,beta,2
9,hang,first-token timeout,13.51,1.0462,200,beta,2
9,hang,breaker,13.51,0.0533,200,beta,1
9,hang,breaker + first-token timeout,13.51,0.053,200,beta,1
9,hang,no breaker,13.76,5.0681,200,beta,2
9,hang,first-token timeout,13.76,1.0721,200,beta,2
9,hang,breaker,13.76,0.0428,200,beta,1
9,hang,breaker + first-token timeout,13.76,1.0731,200,beta,2
9,hang,no breaker,14.01,5.0524,200,beta,2
9,hang,first-token timeout,14.01,1.0556,200,beta,2
9,hang,breaker,14.01,0.0432,200,beta,1
9,hang,breaker + first-token timeout,14.01,0.0622,200,beta,1
9,hang,no breaker,14.26,5.0683,200,beta,2
9,hang,first-token timeout,14.26,1.0392,200,beta,2
9,hang,breaker,14.26,0.0615,200,beta,1
9,hang,breaker + first-token timeout,14.26,0.061,200,beta,1
9,hang,no breaker,14.51,5.0664,200,beta,2
9,hang,first-token timeout,14.51,1.0552,200,beta,2
9,hang,breaker,14.51,0.0602,200,beta,1
9,hang,breaker + first-token timeout,14.51,0.0599,200,beta,1
9,hang,no breaker,14.77,5.0635,200,beta,2
9,hang,first-token timeout,14.77,1.0636,200,beta,2
9,hang,breaker,14.77,0.0645,200,beta,1
9,hang,breaker + first-token timeout,14.77,0.0645,200,beta,1
9,503,no breaker,0.0,1.0367,200,beta,4
9,503,first-token timeout,0.0,1.4473,200,beta,4
9,503,breaker,0.0,1.2622,200,beta,3
9,503,breaker + first-token timeout,0.0,0.6768,200,beta,3
9,503,no breaker,0.27,0.4382,200,beta,4
9,503,first-token timeout,0.27,0.4899,200,beta,4
9,503,breaker,0.27,0.3076,200,beta,2
9,503,breaker + first-token timeout,0.27,0.3067,200,beta,2
9,503,no breaker,0.52,0.9845,200,beta,4
9,503,first-token timeout,0.52,0.7473,200,beta,4
9,503,breaker,0.52,0.0568,200,beta,1
9,503,breaker + first-token timeout,0.52,0.0569,200,beta,1
9,503,no breaker,0.75,1.0278,200,beta,4
9,503,first-token timeout,0.75,0.9248,200,beta,4
9,503,breaker,0.75,0.0556,200,beta,1
9,503,breaker + first-token timeout,0.75,0.0554,200,beta,1
9,503,no breaker,1.0,0.6222,200,beta,4
9,503,first-token timeout,1.0,0.7295,200,beta,4
9,503,breaker,1.0,0.0602,200,beta,1
9,503,breaker + first-token timeout,1.0,0.06,200,beta,1
9,503,no breaker,1.26,0.7633,200,beta,4
9,503,first-token timeout,1.26,1.4543,200,beta,4
9,503,breaker,1.26,0.049,200,beta,1
9,503,breaker + first-token timeout,1.26,0.0487,200,beta,1
9,503,no breaker,1.5,0.9348,200,beta,4
9,503,first-token timeout,1.5,0.5003,200,beta,4
9,503,breaker,1.5,0.0426,200,beta,1
9,503,breaker + first-token timeout,1.5,0.0423,200,beta,1
9,503,no breaker,1.76,1.4163,200,beta,4
9,503,first-token timeout,1.76,0.6959,200,beta,4
9,503,breaker,1.76,0.061,200,beta,1
9,503,breaker + first-token timeout,1.76,0.0609,200,beta,1
9,503,no breaker,2.0,1.1749,200,beta,4
9,503,first-token timeout,2.0,0.7956,200,beta,4
9,503,breaker,2.0,0.0463,200,beta,1
9,503,breaker + first-token timeout,2.0,0.0463,200,beta,1
9,503,no breaker,2.26,1.1561,200,beta,4
9,503,first-token timeout,2.26,0.5814,200,beta,4
9,503,breaker,2.26,0.0561,200,beta,1
9,503,breaker + first-token timeout,2.26,0.056,200,beta,1
9,503,no breaker,2.52,0.1159,200,beta,4
9,503,first-token timeout,2.52,0.9843,200,beta,4
9,503,breaker,2.52,0.0484,200,beta,1
9,503,breaker + first-token timeout,2.52,0.0483,200,beta,1
9,503,no breaker,2.75,0.8141,200,beta,4
9,503,first-token timeout,2.75,0.3741,200,beta,4
9,503,breaker,2.75,0.0637,200,beta,1
9,503,breaker + first-token timeout,2.75,0.0633,200,beta,1
9,503,no breaker,3.0,0.6262,200,beta,4
9,503,first-token timeout,3.0,0.5656,200,beta,4
9,503,breaker,3.0,0.0647,200,beta,1
9,503,breaker + first-token timeout,3.0,0.0643,200,beta,1
9,503,no breaker,3.27,0.9315,200,beta,4
9,503,first-token timeout,3.27,0.7761,200,beta,4
9,503,breaker,3.27,0.0558,200,beta,1
9,503,breaker + first-token timeout,3.27,0.0556,200,beta,1
9,503,no breaker,3.5,0.943,200,beta,4
9,503,first-token timeout,3.5,0.7802,200,beta,4
9,503,breaker,3.5,0.0638,200,beta,1
9,503,breaker + first-token timeout,3.5,0.0633,200,beta,1
9,503,no breaker,3.77,1.0014,200,beta,4
9,503,first-token timeout,3.77,0.8505,200,beta,4
9,503,breaker,3.77,0.0552,200,beta,1
9,503,breaker + first-token timeout,3.77,0.0549,200,beta,1
9,503,no breaker,4.0,0.2248,200,beta,4
9,503,first-token timeout,4.0,0.7276,200,beta,4
9,503,breaker,4.0,0.0597,200,beta,1
9,503,breaker + first-token timeout,4.0,0.0596,200,beta,1
9,503,no breaker,4.23,0.4208,200,beta,4
9,503,first-token timeout,4.23,1.2555,200,beta,4
9,503,breaker,4.23,0.0557,200,beta,1
9,503,breaker + first-token timeout,4.23,0.0555,200,beta,1
9,503,no breaker,4.51,0.4139,200,beta,4
9,503,first-token timeout,4.51,0.6379,200,beta,4
9,503,breaker,4.51,0.0623,200,beta,1
9,503,breaker + first-token timeout,4.51,0.0622,200,beta,1
9,503,no breaker,4.77,0.9008,200,beta,4
9,503,first-token timeout,4.77,1.3109,200,beta,4
9,503,breaker,4.77,0.0542,200,beta,1
9,503,breaker + first-token timeout,4.77,0.0541,200,beta,1
9,503,no breaker,5.01,0.8214,200,beta,4
9,503,first-token timeout,5.01,0.8216,200,beta,4
9,503,breaker,5.01,0.0543,200,beta,1
9,503,breaker + first-token timeout,5.01,0.0542,200,beta,1
9,503,no breaker,5.27,1.0219,200,beta,4
9,503,first-token timeout,5.27,1.4588,200,beta,4
9,503,breaker,5.27,0.0651,200,beta,1
9,503,breaker + first-token timeout,5.27,0.0648,200,beta,2
9,503,no breaker,5.52,0.9086,200,beta,4
9,503,first-token timeout,5.52,1.2107,200,beta,4
9,503,breaker,5.52,0.0523,200,beta,2
9,503,breaker + first-token timeout,5.52,0.0521,200,beta,1
9,503,no breaker,5.77,0.9609,200,beta,4
9,503,first-token timeout,5.77,0.7715,200,beta,4
9,503,breaker,5.77,0.0572,200,beta,1
9,503,breaker + first-token timeout,5.77,0.0572,200,beta,1
9,503,no breaker,6.02,0.7115,200,beta,4
9,503,first-token timeout,6.02,0.2504,200,beta,4
9,503,breaker,6.02,0.0539,200,beta,1
9,503,breaker + first-token timeout,6.02,0.0538,200,beta,1
9,503,no breaker,6.27,1.4978,200,beta,4
9,503,first-token timeout,6.27,1.0255,200,beta,4
9,503,breaker,6.27,0.0627,200,beta,1
9,503,breaker + first-token timeout,6.27,0.0623,200,beta,1
9,503,no breaker,6.5,0.9925,200,beta,4
9,503,first-token timeout,6.5,0.7915,200,beta,4
9,503,breaker,6.5,0.0615,200,beta,1
9,503,breaker + first-token timeout,6.5,0.0612,200,beta,1
9,503,no breaker,6.73,1.2784,200,beta,4
9,503,first-token timeout,6.73,1.1268,200,beta,4
9,503,breaker,6.73,0.057,200,beta,1
9,503,breaker + first-token timeout,6.73,0.0569,200,beta,1
9,503,no breaker,7.0,1.1502,200,beta,4
9,503,first-token timeout,7.0,1.245,200,beta,4
9,503,breaker,7.0,0.0641,200,beta,1
9,503,breaker + first-token timeout,7.0,0.064,200,beta,1
9,503,no breaker,7.24,0.4155,200,beta,4
9,503,first-token timeout,7.24,0.5054,200,beta,4
9,503,breaker,7.24,0.0555,200,beta,1
9,503,breaker + first-token timeout,7.24,0.0548,200,beta,1
9,503,no breaker,7.5,1.0352,200,beta,4
9,503,first-token timeout,7.5,0.7547,200,beta,4
9,503,breaker,7.5,0.055,200,beta,1
9,503,breaker + first-token timeout,7.5,0.0548,200,beta,1
9,503,no breaker,7.74,1.0362,200,beta,4
9,503,first-token timeout,7.74,0.8252,200,beta,4
9,503,breaker,7.74,0.0585,200,beta,1
9,503,breaker + first-token timeout,7.74,0.0582,200,beta,1
9,503,no breaker,8.01,0.4705,200,beta,4
9,503,first-token timeout,8.01,0.2807,200,beta,4
9,503,breaker,8.01,0.0555,200,beta,1
9,503,breaker + first-token timeout,8.01,0.0554,200,beta,1
9,503,no breaker,8.25,0.322,200,beta,4
9,503,first-token timeout,8.25,0.511,200,beta,4
9,503,breaker,8.25,0.0395,200,beta,1
9,503,breaker + first-token timeout,8.25,0.0394,200,beta,1
9,503,no breaker,8.51,0.9563,200,beta,4
9,503,first-token timeout,8.51,0.4367,200,beta,4
9,503,breaker,8.51,0.0617,200,beta,1
9,503,breaker + first-token timeout,8.51,0.0619,200,beta,1
9,503,no breaker,8.76,1.098,200,beta,4
9,503,first-token timeout,8.76,0.4284,200,beta,4
9,503,breaker,8.76,0.0589,200,beta,1
9,503,breaker + first-token timeout,8.76,0.0586,200,beta,1
9,503,no breaker,9.01,0.3314,200,beta,4
9,503,first-token timeout,9.01,0.7006,200,beta,4
9,503,breaker,9.01,0.054,200,beta,1
9,503,breaker + first-token timeout,9.01,0.0537,200,beta,1
9,503,no breaker,9.27,0.9724,200,beta,4
9,503,first-token timeout,9.27,0.6018,200,beta,4
9,503,breaker,9.27,0.0643,200,beta,1
9,503,breaker + first-token timeout,9.27,0.0642,200,beta,1
9,503,no breaker,9.51,1.2072,200,beta,4
9,503,first-token timeout,9.51,0.5542,200,beta,4
9,503,breaker,9.51,0.0556,200,beta,1
9,503,breaker + first-token timeout,9.51,0.0553,200,beta,1
9,503,no breaker,9.74,0.4431,200,beta,4
9,503,first-token timeout,9.74,0.8394,200,beta,4
9,503,breaker,9.74,0.0632,200,beta,1
9,503,breaker + first-token timeout,9.74,0.063,200,beta,1
9,503,no breaker,10.01,0.2407,200,beta,4
9,503,first-token timeout,10.01,0.5198,200,beta,4
9,503,breaker,10.01,0.0545,200,beta,1
9,503,breaker + first-token timeout,10.01,0.0545,200,beta,1
9,503,no breaker,10.24,0.951,200,beta,4
9,503,first-token timeout,10.24,0.5546,200,beta,4
9,503,breaker,10.24,0.0563,200,beta,1
9,503,breaker + first-token timeout,10.24,0.056,200,beta,1
9,503,no breaker,10.52,0.8419,200,beta,4
9,503,first-token timeout,10.52,1.3421,200,beta,4
9,503,breaker,10.52,0.0577,200,beta,1
9,503,breaker + first-token timeout,10.52,0.0574,200,beta,2
9,503,no breaker,10.75,1.236,200,beta,4
9,503,first-token timeout,10.75,0.547,200,beta,4
9,503,breaker,10.75,0.065,200,beta,2
9,503,breaker + first-token timeout,10.75,0.0647,200,beta,1
9,503,no breaker,11.0,0.9341,200,beta,4
9,503,first-token timeout,11.0,0.1159,200,beta,4
9,503,breaker,11.0,0.0638,200,beta,1
9,503,breaker + first-token timeout,11.0,0.0637,200,beta,1
9,503,no breaker,11.25,0.7701,200,beta,4
9,503,first-token timeout,11.25,0.3553,200,beta,4
9,503,breaker,11.25,0.052,200,beta,1
9,503,breaker + first-token timeout,11.25,0.0516,200,beta,1
9,503,no breaker,11.52,0.7535,200,beta,4
9,503,first-token timeout,11.52,0.9355,200,beta,4
9,503,breaker,11.52,0.0476,200,beta,1
9,503,breaker + first-token timeout,11.52,0.047,200,beta,1
9,503,no breaker,11.75,0.8959,200,beta,4
9,503,first-token timeout,11.75,1.0974,200,beta,4
9,503,breaker,11.75,0.0546,200,beta,1
9,503,breaker + first-token timeout,11.75,0.0543,200,beta,1
9,503,no breaker,11.99,0.927,200,beta,4
9,503,first-token timeout,11.99,0.1252,200,beta,4
9,503,breaker,11.99,0.0636,200,beta,1
9,503,breaker + first-token timeout,11.99,0.0635,200,beta,1
9,503,no breaker,12.27,0.6005,200,beta,4
9,503,first-token timeout,12.27,0.9848,200,beta,4
9,503,breaker,12.27,0.0536,200,beta,1
9,503,breaker + first-token timeout,12.27,0.0535,200,beta,1
9,503,no breaker,12.51,0.7581,200,beta,4
9,503,first-token timeout,12.51,0.5224,200,beta,4
9,503,breaker,12.51,0.048,200,beta,1
9,503,breaker + first-token timeout,12.51,0.0477,200,beta,1
9,503,no breaker,12.76,0.994,200,beta,4
9,503,first-token timeout,12.76,1.1633,200,beta,4
9,503,breaker,12.76,0.0475,200,beta,1
9,503,breaker + first-token timeout,12.76,0.0473,200,beta,1
9,503,no breaker,13.01,1.21,200,beta,4
9,503,first-token timeout,13.01,1.2672,200,beta,4
9,503,breaker,13.01,0.0587,200,beta,1
9,503,breaker + first-token timeout,13.01,0.0587,200,beta,1
9,503,no breaker,13.25,0.2951,200,beta,4
9,503,first-token timeout,13.25,0.8664,200,beta,4
9,503,breaker,13.25,0.0486,200,beta,1
9,503,breaker + first-token timeout,13.25,0.0486,200,beta,1
9,503,no breaker,13.52,0.7415,200,beta,4
9,503,first-token timeout,13.52,0.9422,200,beta,4
9,503,breaker,13.52,0.0479,200,beta,1
9,503,breaker + first-token timeout,13.52,0.0478,200,beta,1
9,503,no breaker,13.76,0.2656,200,beta,4
9,503,first-token timeout,13.76,0.5615,200,beta,4
9,503,breaker,13.76,0.0568,200,beta,1
9,503,breaker + first-token timeout,13.76,0.0567,200,beta,1
9,503,no breaker,14.0,0.6149,200,beta,4
9,503,first-token timeout,14.0,1.2003,200,beta,4
9,503,breaker,14.0,0.0585,200,beta,1
9,503,breaker + first-token timeout,14.0,0.0583,200,beta,1
9,503,no breaker,14.26,0.9227,200,beta,4
9,503,first-token timeout,14.26,0.8993,200,beta,4
9,503,breaker,14.26,0.0605,200,beta,1
9,503,breaker + first-token timeout,14.26,0.0605,200,beta,1
9,503,no breaker,14.5,1.2281,200,beta,4
9,503,first-token timeout,14.5,0.6997,200,beta,4
9,503,breaker,14.5,0.0543,200,beta,1
9,503,breaker + first-token timeout,14.5,0.054,200,beta,1
9,503,no breaker,14.76,0.3592,200,beta,4
9,503,first-token timeout,14.76,0.6783,200,beta,4
9,503,breaker,14.76,0.047,200,beta,1
9,503,breaker + first-token timeout,14.76,0.0468,200,beta,1
10,hang,no breaker,0.0,5.0608,200,beta,2
10,hang,first-token timeout,0.0,1.0681,200,beta,2
10,hang,breaker,0.0,5.0606,200,beta,2
10,hang,breaker + first-token timeout,0.0,1.0678,200,beta,2
10,hang,no breaker,0.26,5.0494,200,beta,2
10,hang,first-token timeout,0.26,1.0598,200,beta,2
10,hang,breaker,0.26,5.0703,200,beta,2
10,hang,breaker + first-token timeout,0.26,1.0597,200,beta,2
10,hang,no breaker,0.51,5.061,200,beta,2
10,hang,first-token timeout,0.51,1.0542,200,beta,2
10,hang,breaker,0.51,5.0589,200,beta,2
10,hang,breaker + first-token timeout,0.51,1.054,200,beta,2
10,hang,no breaker,0.76,5.0565,200,beta,2
10,hang,first-token timeout,0.76,1.0551,200,beta,2
10,hang,breaker,0.76,5.0548,200,beta,2
10,hang,breaker + first-token timeout,0.76,1.0553,200,beta,2
10,hang,no breaker,1.01,5.0567,200,beta,2
10,hang,first-token timeout,1.01,1.0575,200,beta,2
10,hang,breaker,1.01,5.0573,200,beta,2
10,hang,breaker + first-token timeout,1.01,1.0578,200,beta,2
10,hang,no breaker,1.26,5.0585,200,beta,2
10,hang,first-token timeout,1.26,1.057,200,beta,2
10,hang,breaker,1.26,5.0576,200,beta,2
10,hang,breaker + first-token timeout,1.26,1.0566,200,beta,2
10,hang,no breaker,1.51,5.0556,200,beta,2
10,hang,first-token timeout,1.51,1.0564,200,beta,2
10,hang,breaker,1.51,5.0547,200,beta,2
10,hang,breaker + first-token timeout,1.51,0.057,200,beta,1
10,hang,no breaker,1.76,5.0692,200,beta,2
10,hang,first-token timeout,1.76,1.0768,200,beta,2
10,hang,breaker,1.76,5.0687,200,beta,2
10,hang,breaker + first-token timeout,1.76,0.0563,200,beta,1
10,hang,no breaker,2.01,5.0506,200,beta,2
10,hang,first-token timeout,2.01,1.0649,200,beta,2
10,hang,breaker,2.01,5.0501,200,beta,2
10,hang,breaker + first-token timeout,2.01,0.0555,200,beta,1
10,hang,no breaker,2.26,5.0523,200,beta,2
10,hang,first-token timeout,2.26,1.0648,200,beta,2
10,hang,breaker,2.26,5.0517,200,beta,2
10,hang,breaker + first-token timeout,2.26,0.0561,200,beta,1
10,hang,no breaker,2.51,5.0693,200,beta,2
10,hang,first-token timeout,2.51,1.0592,200,beta,2
10,hang,breaker,2.51,5.0673,200,beta,2
10,hang,breaker + first-token timeout,2.51,0.0561,200,beta,1
10,hang,no breaker,2.77,5.0719,200,beta,2
10,hang,first-token timeout,2.77,1.0716,200,beta,2
10,hang,breaker,2.77,5.071,200,beta,2
10,hang,breaker + first-token timeout,2.77,0.0638,200,beta,1
10,hang,no breaker,3.02,5.0538,200,beta,2
10,hang,first-token timeout,3.02,1.0604,200,beta,2
10,hang,breaker,3.02,5.0531,200,beta,2
10,hang,breaker + first-token timeout,3.02,0.0573,200,beta,1
10,hang,no breaker,3.25,5.0657,200,beta,2
10,hang,first-token timeout,3.25,1.0417,200,beta,2
10,hang,breaker,3.25,5.0431,200,beta,2
10,hang,breaker + first-token timeout,3.25,0.0549,200,beta,1
10,hang,no breaker,3.51,5.0526,200,beta,2
10,hang,first-token timeout,3.51,1.0592,200,beta,2
10,hang,breaker,3.51,5.0532,200,beta,2
10,hang,breaker + first-token timeout,3.51,0.0562,200,beta,1
10,hang,no breaker,3.76,5.0734,200,beta,2
10,hang,first-token timeout,3.76,1.0606,200,beta,2
10,hang,breaker,3.76,5.0727,200,beta,2
10,hang,breaker + first-token timeout,3.76,0.0517,200,beta,1
10,hang,no breaker,4.02,5.0616,200,beta,2
10,hang,first-token timeout,4.02,1.0754,200,beta,2
10,hang,breaker,4.02,5.0612,200,beta,2
10,hang,breaker + first-token timeout,4.02,0.0582,200,beta,1
10,hang,no breaker,4.25,5.0699,200,beta,2
10,hang,first-token timeout,4.25,1.0573,200,beta,2
10,hang,breaker,4.25,5.0701,200,beta,2
10,hang,breaker + first-token timeout,4.25,0.0619,200,beta,1
10,hang,no breaker,4.51,5.0512,200,beta,2
10,hang,first-token timeout,4.51,1.0587,200,beta,2
10,hang,breaker,4.51,5.0514,200,beta,2
10,hang,breaker + first-token timeout,4.51,0.0576,200,beta,1
10,hang,no breaker,4.76,5.0532,200,beta,2
10,hang,first-token timeout,4.76,1.0585,200,beta,2
10,hang,breaker,4.76,5.0525,200,beta,2
10,hang,breaker + first-token timeout,4.76,0.057,200,beta,1
10,hang,no breaker,5.01,5.0647,200,beta,2
10,hang,first-token timeout,5.01,1.0608,200,beta,2
10,hang,breaker,5.01,5.0617,200,beta,2
10,hang,breaker + first-token timeout,5.01,0.0537,200,beta,1
10,hang,no breaker,5.27,5.0575,200,beta,2
10,hang,first-token timeout,5.27,1.0528,200,beta,2
10,hang,breaker,5.27,5.0571,200,beta,2
10,hang,breaker + first-token timeout,5.27,0.0406,200,beta,1
10,hang,no breaker,5.51,5.0628,200,beta,2
10,hang,first-token timeout,5.51,1.0516,200,beta,2
10,hang,breaker,5.51,5.0623,200,beta,2
10,hang,breaker + first-token timeout,5.51,0.0578,200,beta,1
10,hang,no breaker,5.76,5.0539,200,beta,2
10,hang,first-token timeout,5.76,1.0698,200,beta,2
10,hang,breaker,5.76,0.0586,200,beta,1
10,hang,breaker + first-token timeout,5.76,0.0578,200,beta,1
10,hang,no breaker,6.01,5.0571,200,beta,2
10,hang,first-token timeout,6.01,1.0533,200,beta,2
10,hang,breaker,6.01,0.0583,200,beta,1
10,hang,breaker + first-token timeout,6.01,0.0584,200,beta,1
10,hang,no breaker,6.25,5.0607,200,beta,2
10,hang,first-token timeout,6.25,1.0597,200,beta,2
10,hang,breaker,6.25,0.0651,200,beta,1
10,hang,breaker + first-token timeout,6.25,0.0633,200,beta,1
10,hang,no breaker,6.51,5.0608,200,beta,2
10,hang,first-token timeout,6.51,1.0701,200,beta,2
10,hang,breaker,6.51,0.0586,200,beta,1
10,hang,breaker + first-token timeout,6.51,0.058,200,beta,1
10,hang,no breaker,6.77,5.0754,200,beta,2
10,hang,first-token timeout,6.77,1.072,200,beta,2
10,hang,breaker,6.77,0.058,200,beta,1
10,hang,breaker + first-token timeout,6.77,0.0563,200,beta,1
10,hang,no breaker,7.0,5.0805,200,beta,2
10,hang,first-token timeout,7.0,1.068,200,beta,2
10,hang,breaker,7.0,0.0582,200,beta,1
10,hang,breaker + first-token timeout,7.0,0.0578,200,beta,1
10,hang,no breaker,7.27,5.0466,200,beta,2
10,hang,first-token timeout,7.27,1.049,200,beta,2
10,hang,breaker,7.27,0.0483,200,beta,1
10,hang,breaker + first-token timeout,7.27,1.0485,200,beta,2
10,hang,no breaker,7.52,5.048,200,beta,2
10,hang,first-token timeout,7.52,1.0462,200,beta,2
10,hang,breaker,7.52,0.0601,200,beta,1
10,hang,breaker + first-token timeout,7.52,0.0581,200,beta,1
10,hang,no breaker,7.77,5.0619,200,beta,2
10,hang,first-token timeout,7.77,1.0625,200,beta,2
10,hang,breaker,7.77,0.0551,200,beta,1
10,hang,breaker + first-token timeout,7.77,0.0553,200,beta,1
10,hang,no breaker,8.0,5.0443,200,beta,2
10,hang,first-token timeout,8.0,1.0588,200,beta,2
10,hang,breaker,8.0,0.0695,200,beta,1
10,hang,breaker + first-token timeout,8.0,0.0694,200,beta,1
10,hang,no breaker,8.25,5.0634,200,beta,2
10,hang,first-token timeout,8.25,1.0677,200,beta,2
10,hang,breaker,8.25,0.0625,200,beta,1
10,hang,breaker + first-token timeout,8.25,0.0618,200,beta,1
10,hang,no breaker,8.51,5.0611,200,beta,2
10,hang,first-token timeout,8.51,1.0557,200,beta,2
10,hang,breaker,8.51,0.0577,200,beta,1
10,hang,breaker + first-token timeout,8.51,0.0568,200,beta,1
10,hang,no breaker,8.74,5.0725,200,beta,2
10,hang,first-token timeout,8.74,1.0508,200,beta,2
10,hang,breaker,8.74,0.0504,200,beta,1
10,hang,breaker + first-token timeout,8.74,0.0499,200,beta,1
10,hang,no breaker,9.02,5.0467,200,beta,2
10,hang,first-token timeout,9.02,1.0503,200,beta,2
10,hang,breaker,9.02,0.0623,200,beta,1
10,hang,breaker + first-token timeout,9.02,0.0616,200,beta,1
10,hang,no breaker,9.25,5.0451,200,beta,2
10,hang,first-token timeout,9.25,1.0507,200,beta,2
10,hang,breaker,9.25,0.0689,200,beta,1
10,hang,breaker + first-token timeout,9.25,0.067,200,beta,1
10,hang,no breaker,9.5,5.0707,200,beta,2
10,hang,first-token timeout,9.5,1.05,200,beta,2
10,hang,breaker,9.5,0.0594,200,beta,1
10,hang,breaker + first-token timeout,9.5,0.0592,200,beta,1
10,hang,no breaker,9.77,5.0565,200,beta,2
10,hang,first-token timeout,9.77,1.0449,200,beta,2
10,hang,breaker,9.77,0.0668,200,beta,1
10,hang,breaker + first-token timeout,9.77,0.0661,200,beta,1
10,hang,no breaker,10.0,5.0478,200,beta,2
10,hang,first-token timeout,10.0,1.043,200,beta,2
10,hang,breaker,10.0,0.0682,200,beta,1
10,hang,breaker + first-token timeout,10.0,0.0667,200,beta,1
10,hang,no breaker,10.25,5.0433,200,beta,2
10,hang,first-token timeout,10.25,1.0426,200,beta,2
10,hang,breaker,10.25,0.0722,200,beta,1
10,hang,breaker + first-token timeout,10.25,0.0717,200,beta,1
10,hang,no breaker,10.5,5.0658,200,beta,2
10,hang,first-token timeout,10.5,1.0425,200,beta,2
10,hang,breaker,10.5,0.0725,200,beta,1
10,hang,breaker + first-token timeout,10.5,0.0716,200,beta,1
10,hang,no breaker,10.75,5.0681,200,beta,2
10,hang,first-token timeout,10.75,1.0726,200,beta,2
10,hang,breaker,10.75,0.0577,200,beta,1
10,hang,breaker + first-token timeout,10.75,0.0571,200,beta,1
10,hang,no breaker,11.0,5.0826,200,beta,2
10,hang,first-token timeout,11.0,1.0794,200,beta,2
10,hang,breaker,11.0,0.0599,200,beta,1
10,hang,breaker + first-token timeout,11.0,0.0593,200,beta,1
10,hang,no breaker,11.25,5.0606,200,beta,2
10,hang,first-token timeout,11.25,1.0587,200,beta,2
10,hang,breaker,11.25,0.0608,200,beta,1
10,hang,breaker + first-token timeout,11.25,0.061,200,beta,1
10,hang,no breaker,11.5,5.0697,200,beta,2
10,hang,first-token timeout,11.5,1.0585,200,beta,2
10,hang,breaker,11.5,0.0612,200,beta,1
10,hang,breaker + first-token timeout,11.5,0.0607,200,beta,1
10,hang,no breaker,11.74,5.0686,200,beta,2
10,hang,first-token timeout,11.74,1.0874,200,beta,2
10,hang,breaker,11.74,0.0477,200,beta,1
10,hang,breaker + first-token timeout,11.74,0.0475,200,beta,1
10,hang,no breaker,12.02,5.0589,200,beta,2
10,hang,first-token timeout,12.02,1.05,200,beta,2
10,hang,breaker,12.02,0.0657,200,beta,1
10,hang,breaker + first-token timeout,12.02,0.0659,200,beta,1
10,hang,no breaker,12.25,5.0779,200,beta,2
10,hang,first-token timeout,12.25,1.0598,200,beta,2
10,hang,breaker,12.25,0.0574,200,beta,1
10,hang,breaker + first-token timeout,12.25,0.0562,200,beta,1
10,hang,no breaker,12.51,5.0599,200,beta,2
10,hang,first-token timeout,12.51,1.0591,200,beta,2
10,hang,breaker,12.51,0.0572,200,beta,1
10,hang,breaker + first-token timeout,12.51,0.057,200,beta,1
10,hang,no breaker,12.77,5.0593,200,beta,2
10,hang,first-token timeout,12.77,1.0773,200,beta,2
10,hang,breaker,12.77,0.0565,200,beta,1
10,hang,breaker + first-token timeout,12.77,0.0569,200,beta,1
10,hang,no breaker,13.01,5.0827,200,beta,2
10,hang,first-token timeout,13.01,1.0568,200,beta,2
10,hang,breaker,13.01,0.0602,200,beta,1
10,hang,breaker + first-token timeout,13.01,0.0595,200,beta,1
10,hang,no breaker,13.26,5.0539,200,beta,2
10,hang,first-token timeout,13.26,1.0757,200,beta,2
10,hang,breaker,13.26,0.0556,200,beta,1
10,hang,breaker + first-token timeout,13.26,1.0753,200,beta,2
10,hang,no breaker,13.51,5.0773,200,beta,2
10,hang,first-token timeout,13.51,1.0643,200,beta,2
10,hang,breaker,13.51,0.0574,200,beta,1
10,hang,breaker + first-token timeout,13.51,0.0582,200,beta,1
10,hang,no breaker,13.76,5.0665,200,beta,2
10,hang,first-token timeout,13.76,1.0633,200,beta,2
10,hang,breaker,13.76,0.0529,200,beta,1
10,hang,breaker + first-token timeout,13.76,0.0527,200,beta,1
10,hang,no breaker,14.01,5.0757,200,beta,2
10,hang,first-token timeout,14.01,1.0636,200,beta,2
10,hang,breaker,14.01,0.0559,200,beta,1
10,hang,breaker + first-token timeout,14.01,0.0561,200,beta,1
10,hang,no breaker,14.27,5.0511,200,beta,2
10,hang,first-token timeout,14.27,1.072,200,beta,2
10,hang,breaker,14.27,0.0619,200,beta,1
10,hang,breaker + first-token timeout,14.27,0.0618,200,beta,1
10,hang,no breaker,14.52,5.0593,200,beta,2
10,hang,first-token timeout,14.52,1.0697,200,beta,2
10,hang,breaker,14.52,0.0556,200,beta,1
10,hang,breaker + first-token timeout,14.52,0.0555,200,beta,1
10,hang,no breaker,14.75,5.0677,200,beta,2
10,hang,first-token timeout,14.75,1.0479,200,beta,2
10,hang,breaker,14.75,0.0695,200,beta,1
10,hang,breaker + first-token timeout,14.75,0.0695,200,beta,1
10,503,no breaker,0.0,1.3852,200,beta,4
10,503,first-token timeout,0.0,0.7487,200,beta,4
10,503,breaker,0.0,0.7208,200,beta,3
10,503,breaker + first-token timeout,0.0,1.1836,200,beta,3
10,503,no breaker,0.26,0.6767,200,beta,4
10,503,first-token timeout,0.26,0.3363,200,beta,4
10,503,breaker,0.26,0.4816,200,beta,2
10,503,breaker + first-token timeout,0.26,0.7263,200,beta,3
10,503,no breaker,0.49,1.1,200,beta,4
10,503,first-token timeout,0.49,1.2531,200,beta,4
10,503,breaker,0.49,0.0632,200,beta,1
10,503,breaker + first-token timeout,0.49,0.0629,200,beta,1
10,503,no breaker,0.74,1.0016,200,beta,4
10,503,first-token timeout,0.74,0.7924,200,beta,4
10,503,breaker,0.74,0.0669,200,beta,1
10,503,breaker + first-token timeout,0.74,0.0667,200,beta,1
10,503,no breaker,0.99,0.9142,200,beta,4
10,503,first-token timeout,0.99,1.1505,200,beta,4
10,503,breaker,0.99,0.0553,200,beta,1
10,503,breaker + first-token timeout,0.99,0.0553,200,beta,1
10,503,no breaker,1.25,0.2802,200,beta,4
10,503,first-token timeout,1.25,0.5306,200,beta,4
10,503,breaker,1.25,0.0572,200,beta,1
10,503,breaker + first-token timeout,1.25,0.0568,200,beta,1
10,503,no breaker,1.51,1.0663,200,beta,4
10,503,first-token timeout,1.51,0.7286,200,beta,4
10,503,breaker,1.51,0.0498,200,beta,1
10,503,breaker + first-token timeout,1.51,0.0497,200,beta,1
10,503,no breaker,1.74,0.5503,200,beta,4
10,503,first-token timeout,1.74,0.2356,200,beta,4
10,503,breaker,1.74,0.0619,200,beta,1
10,503,breaker + first-token timeout,1.74,0.0618,200,beta,1
10,503,no breaker,2.02,0.4428,200,beta,4
10,503,first-token timeout,2.02,1.1728,200,beta,4
10,503,breaker,2.02,0.0559,200,beta,1
10,503,breaker + first-token timeout,2.02,0.0557,200,beta,1
10,503,no breaker,2.23,0.5746,200,beta,4
10,503,first-token timeout,2.23,0.5737,200,beta,4
10,503,breaker,2.23,0.0567,200,beta,1
10,503,breaker + first-token timeout,2.23,0.0564,200,beta,1
10,503,no breaker,2.52,1.1419,200,beta,4
10,503,first-token timeout,2.52,0.9721,200,beta,4
10,503,breaker,2.52,0.0556,200,beta,1
10,503,breaker + first-token timeout,2.52,0.0553,200,beta,1
10,503,no breaker,2.75,0.9694,200,beta,4
10,503,first-token timeout,2.75,0.5184,200,beta,4
10,503,breaker,2.75,0.0563,200,beta,1
10,503,breaker + first-token timeout,2.75,0.0564,200,beta,1
10,503,no breaker,3.0,0.4885,200,beta,4
10,503,first-token timeout,3.0,1.1541,200,beta,4
10,503,breaker,3.0,0.0496,200,beta,1
10,503,breaker + first-token timeout,3.0,0.0494,200,beta,1
10,503,no breaker,3.27,1.0219,200,beta,4
10,503,first-token timeout,3.27,0.7955,200,beta,4
10,503,breaker,3.27,0.0495,200,beta,1
10,503,breaker + first-token timeout,3.27,0.0492,200,beta,1
10,503,no breaker,3.51,1.0084,200,beta,4
10,503,first-token timeout,3.51,0.9538,200,beta,4
10,503,breaker,3.51,0.056,200,beta,1
10,503,breaker + first-token timeout,3.51,0.0557,200,beta,1
10,503,no breaker,3.76,0.9569,200,beta,4
10,503,first-token timeout,3.76,1.2695,200,beta,4
10,503,breaker,3.76,0.0486,200,beta,1
10,503,breaker + first-token timeout,3.76,0.0483,200,beta,1
10,503,no breaker,3.99,0.5894,200,beta,4
10,503,first-token timeout,3.99,0.8402,200,beta,4
10,503,breaker,3.99,0.0675,200,beta,1
10,503,breaker + first-token timeout,3.99,0.0671,200,beta,1
10,503,no breaker,4.24,0.9856,200,beta,4
10,503,first-token timeout,4.24,0.922,200,beta,4
10,503,breaker,4.24,0.0601,200,beta,1
10,503,breaker + first-token timeout,4.24,0.0599,200,beta,1
10,503,no breaker,4.5,1.1894,200,beta,4
10,503,first-token timeout,4.5,1.2441,200,beta,4
10,503,breaker,4.5,0.0651,200,beta,1
10,503,breaker + first-token timeout,4.5,0.065,200,beta,1
10,503,no breaker,4.74,0.9198,200,beta,4
10,503,first-token timeout,4.75,0.5141,200,beta,4
10,503,breaker,4.75,0.0667,200,beta,1
10,503,breaker + first-token timeout,4.75,0.0666,200,beta,1
10,503,no breaker,5.01,1.3261,200,beta,4
10,503,first-token timeout,5.01,0.6781,200,beta,4
10,503,breaker,5.01,0.0422,200,beta,1
10,503,breaker + first-token timeout,5.01,0.0421,200,beta,1
10,503,no breaker,5.23,0.8453,200,beta,4
10,503,first-token timeout,5.23,0.7527,200,beta,4
10,503,breaker,5.23,0.0644,200,beta,1
10,503,breaker + first-token timeout,5.23,0.0641,200,beta,1
10,503,no breaker,5.52,1.0314,200,beta,4
10,503,first-token timeout,5.52,1.2606,200,beta,4
10,503,breaker,5.52,0.0505,200,beta,2
10,503,breaker + first-token timeout,5.52,0.0503,200,beta,2
10,503,no breaker,5.74,1.0609,200,beta,4
10,503,first-token timeout,5.74,0.5644,200,beta,4
10,503,breaker,5.74,0.052,200,beta,1
10,503,breaker + first-token timeout,5.74,0.0517,200,beta,1
10,503,no breaker,5.98,0.8167,200,beta,4
10,503,first-token timeout,5.98,0.5244,200,beta,4
10,503,breaker,5.98,0.0584,200,beta,1
10,503,breaker + first-token timeout,5.98,0.0583,200,beta,1
10,503,no breaker,6.25,1.0046,200,beta,4
10,503,first-token timeout,6.25,1.0271,200,beta,4
10,503,breaker,6.25,0.0499,200,beta,1
10,503,breaker + first-token timeout,6.25,0.0494,200,beta,1
10,503,no breaker,6.5,1.1617,200,beta,4
10,503,first-token timeout,6.5,0.5386,200,beta,4
10,503,breaker,6.5,0.0446,200,beta,1
10,503,breaker + first-token timeout,6.5,0.0444,200,beta,1
10,503,no breaker,6.75,0.7229,200,beta,4
10,503,first-token timeout,6.75,0.8561,200,beta,4
10,503,breaker,6.75,0.0463,200,beta,1
10,503,breaker + first-token timeout,6.75,0.0463,200,beta,1
10,503,no breaker,7.02,1.1276,200,beta,4
10,503,first-token timeout,7.02,1.2783,200,beta,4
10,503,breaker,7.02,0.0597,200,beta,1
10,503,breaker + first-token timeout,7.02,0.0594,200,beta,1
10,503,no breaker,7.25,0.727,200,beta,4
10,503,first-token timeout,7.25,1.0425,200,beta,4
10,503,breaker,7.25,0.045,200,beta,1
10,503,breaker + first-token timeout,7.25,0.0447,200,beta,1
10,503,no breaker,7.52,0.9302,200,beta,4
10,503,first-token timeout,7.52,1.0492,200,beta,4
10,503,breaker,7.52,0.0541,200,beta,1
10,503,breaker + first-token timeout,7.52,0.0538,200,beta,1
10,503,no breaker,7.77,1.3438,200,beta,4
10,503,first-token timeout,7.77,1.4035,200,beta,4
10,503,breaker,7.77,0.0437,200,beta,1
10,503,breaker + first-token timeout,7.77,0.0439,200,beta,1
10,503,no breaker,7.98,1.4574,200,beta,4
10,503,first-token timeout,7.98,0.693,200,beta,4
10,503,breaker,7.98,0.0648,200,beta,1
10,503,breaker + first-token timeout,7.98,0.0644,200,beta,1
10,503,no breaker,8.27,1.0343,200,beta,4
10,503,first-token timeout,8.27,1.3088,200,beta,4
10,503,breaker,8.27,0.0463,200,beta,1
10,503,breaker + first-token timeout,8.27,0.0463,200,beta,1
10,503,no breaker,8.52,0.9735,200,beta,4
10,503,first-token timeout,8.52,1.1202,200,beta,4
10,503,breaker,8.52,0.0475,200,beta,1
10,503,breaker + first-token timeout,8.52,0.0473,200,beta,1
10,503,no breaker,8.77,1.2243,200,beta,4
10,503,first-token timeout,8.77,0.9262,200,beta,4
10,503,breaker,8.77,0.0549,200,beta,1
10,503,breaker + first-token timeout,8.77,0.0549,200,beta,1
10,503,no breaker,9.02,0.5023,200,beta,4
10,503,first-token timeout,9.02,0.7745,200,beta,4
10,503,breaker,9.02,0.048,200,beta,1
10,503,breaker + first-token timeout,9.02,0.0479,200,beta,1
10,503,no breaker,9.27,1.13,200,beta,4
10,503,first-token timeout,9.27,0.2259,200,beta,4
10,503,breaker,9.27,0.0593,200,beta,1
10,503,breaker + first-token timeout,9.27,0.0591,200,beta,1
10,503,no breaker,9.49,1.1232,200,beta,4
10,503,first-token timeout,9.49,1.0439,200,beta,4
10,503,breaker,9.49,0.042,200,beta,1
10,503,breaker + first-token timeout,9.49,0.0418,200,beta,1
10,503,no breaker,9.75,1.0266,200,beta,4
10,503,first-token timeout,9.75,1.0955,200,beta,4
10,503,breaker,9.75,0.0599,200,beta,1
10,503,breaker + first-token timeout,9.75,0.0598,200,beta,1
10,503,no breaker,9.99,0.7628,200,beta,4
10,503,first-token timeout,9.99,0.6238,200,beta,4
10,503,breaker,9.99,0.0432,200,beta,1
10,503,breaker + first-token timeout,9.99,0.0428,200,beta,1
10,503,no breaker,10.25,0.9946,200,beta,4
10,503,first-token timeout,10.25,0.4167,200,beta,4
10,503,breaker,10.25,0.0481,200,beta,1
10,503,breaker + first-token timeout,10.25,0.0481,200,beta,1
10,503,no breaker,10.51,0.7967,200,beta,4
10,503,first-token timeout,10.51,0.3368,200,beta,4
10,503,breaker,10.51,0.0601,200,beta,1
10,503,breaker + first-token timeout,10.51,0.0603,200,beta,1
10,503,no breaker,10.75,0.9335,200,beta,4
10,503,first-token timeout,10.75,0.7992,200,beta,4
10,503,breaker,10.75,0.0423,200,beta,2
10,503,breaker + first-token timeout,10.75,0.0421,200,beta,2
10,503,no breaker,11.01,0.5398,200,beta,4
10,503,first-token timeout,11.01,0.9994,200,beta,4
10,503,breaker,11.01,0.0549,200,beta,1
10,503,breaker + first-token timeout,11.01,0.0548,200,beta,1
10,503,no breaker,11.24,0.7904,200,beta,4
10,503,first-token timeout,11.24,0.5546,200,beta,4
10,503,breaker,11.24,0.0625,200,beta,1
10,503,breaker + first-token timeout,11.24,0.0624,200,beta,1
10,503,no breaker,11.51,0.5775,200,beta,4
10,503,first-token timeout,11.51,0.378,200,beta,4
10,503,breaker,11.51,0.043,200,beta,1
10,503,breaker + first-token timeout,11.51,0.043,200,beta,1
10,503,no breaker,11.76,0.7355,200,beta,4
10,503,first-token timeout,11.76,0.4587,200,beta,4
10,503,breaker,11.76,0.0428,200,beta,1
10,503,breaker + first-token timeout,11.76,0.0427,200,beta,1
10,503,no breaker,12.01,0.9841,200,beta,4
10,503,first-token timeout,12.01,0.5255,200,beta,4
10,503,breaker,12.01,0.062,200,beta,1
10,503,breaker + first-token timeout,12.01,0.0617,200,beta,1
10,503,no breaker,12.27,0.5266,200,beta,4
10,503,first-token timeout,12.27,0.4492,200,beta,4
10,503,breaker,12.27,0.0427,200,beta,1
10,503,breaker + first-token timeout,12.27,0.0425,200,beta,1
10,503,no breaker,12.49,0.3943,200,beta,4
10,503,first-token timeout,12.49,0.8925,200,beta,4
10,503,breaker,12.49,0.0451,200,beta,1
10,503,breaker + first-token timeout,12.49,0.0447,200,beta,1
10,503,no breaker,12.75,1.1889,200,beta,4
10,503,first-token timeout,12.75,0.7671,200,beta,4
10,503,breaker,12.75,0.0408,200,beta,1
10,503,breaker + first-token timeout,12.75,0.0407,200,beta,1
10,503,no breaker,12.99,0.5769,200,beta,4
10,503,first-token timeout,12.99,0.6695,200,beta,4
10,503,breaker,12.99,0.0428,200,beta,1
10,503,breaker + first-token timeout,12.99,0.0425,200,beta,1
10,503,no breaker,13.25,0.7263,200,beta,4
10,503,first-token timeout,13.25,0.3527,200,beta,4
10,503,breaker,13.25,0.0555,200,beta,1
10,503,breaker + first-token timeout,13.25,0.0553,200,beta,1
10,503,no breaker,13.52,0.7842,200,beta,4
10,503,first-token timeout,13.52,0.4622,200,beta,4
10,503,breaker,13.52,0.0521,200,beta,1
10,503,breaker + first-token timeout,13.52,0.052,200,beta,1
10,503,no breaker,13.76,1.1192,200,beta,4
10,503,first-token timeout,13.76,0.6287,200,beta,4
10,503,breaker,13.76,0.0514,200,beta,1
10,503,breaker + first-token timeout,13.76,0.051,200,beta,1
10,503,no breaker,14.03,0.5191,200,beta,4
10,503,first-token timeout,14.03,1.0594,200,beta,4
10,503,breaker,14.03,0.0552,200,beta,1
10,503,breaker + first-token timeout,14.03,0.0549,200,beta,1
10,503,no breaker,14.28,1.0301,200,beta,4
10,503,first-token timeout,14.28,0.2222,200,beta,4
10,503,breaker,14.28,0.0591,200,beta,1
10,503,breaker + first-token timeout,14.28,0.059,200,beta,1
10,503,no breaker,14.5,1.1402,200,beta,4
10,503,first-token timeout,14.5,0.8114,200,beta,4
10,503,breaker,14.5,0.0519,200,beta,1
10,503,breaker + first-token timeout,14.5,0.0515,200,beta,1
10,503,no breaker,14.76,0.9725,200,beta,4
10,503,first-token timeout,14.76,1.3385,200,beta,4
10,503,breaker,14.76,0.0549,200,beta,1
10,503,breaker + first-token timeout,14.76,0.0546,200,beta,1
