run,sleep_s,setup,trial,extra_wait_ms,set_attempts,held_s
1,0.1,1 waiter,0,43.363,3,0.159
1,0.1,1 waiter,1,82.231,3,0.1201
1,0.1,1 waiter,2,4.873,3,0.1977
1,0.1,1 waiter,3,8.193,3,0.1937
1,0.1,1 waiter,4,55.224,3,0.1476
1,0.1,1 waiter,5,35.279,3,0.1671
1,0.1,1 waiter,6,80.234,3,0.1223
1,0.1,1 waiter,7,79.397,3,0.1229
1,0.1,1 waiter,8,72.766,3,0.1298
1,0.1,1 waiter,9,32.192,3,0.1704
1,0.1,1 waiter,10,80.29,3,0.1222
1,0.1,1 waiter,11,3.832,3,0.1981
1,0.1,1 waiter,12,94.979,3,0.1075
1,0.1,1 waiter,13,81.992,3,0.1203
1,0.1,1 waiter,14,93.26,3,0.1095
1,0.1,1 waiter,15,24.855,3,0.1777
1,0.1,1 waiter,16,65.269,3,0.1377
1,0.1,1 waiter,17,54.478,3,0.1481
1,0.1,1 waiter,18,68.914,3,0.1332
1,0.1,1 waiter,19,38.18,3,0.1645
1,0.1,1 waiter,20,60.766,3,0.1415
1,0.1,1 waiter,21,80.32,3,0.1219
1,0.1,1 waiter,22,58.078,3,0.1441
1,0.1,1 waiter,23,70.864,3,0.1313
1,0.1,1 waiter,24,90.743,3,0.1118
1,0.1,1 waiter,25,19.004,3,0.1833
1,0.1,1 waiter,26,33.623,3,0.1689
1,0.1,1 waiter,27,34.513,3,0.1677
1,0.1,1 waiter,28,13.115,3,0.1893
1,0.1,1 waiter,29,61.741,3,0.1405
1,0.1,1 waiter,30,64.335,3,0.1387
1,0.1,1 waiter,31,59.013,3,0.1434
1,0.1,1 waiter,32,61.32,3,0.1415
1,0.1,1 waiter,33,34.45,3,0.1676
1,0.1,1 waiter,34,3.709,2,0.1027
1,0.1,1 waiter,35,55.76,3,0.1472
1,0.1,1 waiter,36,48.22,3,0.1542
1,0.1,1 waiter,37,66.699,3,0.1357
1,0.1,1 waiter,38,100.449,3,0.103
1,0.1,1 waiter,39,30.78,3,0.1713
1,0.1,1 waiter,40,100.65,3,0.1017
1,0.1,1 waiter,41,45.069,3,0.1575
1,0.1,1 waiter,42,86.548,3,0.1161
1,0.1,1 waiter,43,98.18,3,0.1043
1,0.1,1 waiter,44,82.967,3,0.1192
1,0.1,1 waiter,45,95.223,3,0.1071
1,0.1,1 waiter,46,87.081,3,0.1159
1,0.1,1 waiter,47,33.518,3,0.1692
1,0.1,1 waiter,48,28.837,3,0.1737
1,0.1,1 waiter,49,65.556,3,0.1372
1,0.1,1 waiter,50,36.148,3,0.166
1,0.1,1 waiter,51,54.143,3,0.1483
1,0.1,1 waiter,52,51.922,3,0.1504
1,0.1,1 waiter,53,14.461,3,0.1883
1,0.1,1 waiter,54,70.284,3,0.1322
1,0.1,1 waiter,55,14.542,3,0.1877
1,0.1,1 waiter,56,32.743,3,0.1699
1,0.1,1 waiter,57,33.629,3,0.169
1,0.1,1 waiter,58,101.239,3,0.1016
1,0.1,1 waiter,59,93.358,3,0.1092
1,0.1,8 together,0,7.564,23,0.1137
1,0.1,8 together,1,21.286,31,0.1827
1,0.1,8 together,2,14.98,31,0.1888
1,0.1,8 together,3,64.451,24,0.1395
1,0.1,8 together,4,76.017,24,0.1282
1,0.1,8 together,5,84.128,24,0.1201
1,0.1,8 together,6,95.246,24,0.1086
1,0.1,8 together,7,81.353,24,0.1223
1,0.1,8 together,8,82.599,24,0.121
1,0.1,8 together,9,18.12,31,0.1862
1,0.1,8 together,10,84.834,24,0.1196
1,0.1,8 together,11,83.639,24,0.1197
1,0.1,8 together,12,10.457,31,0.1936
1,0.1,8 together,13,10.55,31,0.1924
1,0.1,8 together,14,93.288,24,0.1109
1,0.1,8 together,15,70.646,24,0.133
1,0.1,8 together,16,3.836,31,0.1999
1,0.1,8 together,17,64.388,24,0.1398
1,0.1,8 together,18,40.247,31,0.1635
1,0.1,8 together,19,33.956,31,0.17
1,0.1,8 together,20,37.168,31,0.1658
1,0.1,8 together,21,98.148,24,0.1065
1,0.1,8 together,22,29.77,31,0.1734
1,0.1,8 together,23,21.933,31,0.182
1,0.1,8 together,24,57.442,24,0.1456
1,0.1,8 together,25,67.719,24,0.1355
1,0.1,8 together,26,29.66,31,0.1731
1,0.1,8 together,27,3.661,31,0.1997
1,0.1,8 together,28,8.81,31,0.1952
1,0.1,8 together,29,82.559,24,0.1211
1,0.1,8 together,30,26.54,31,0.1767
1,0.1,8 together,31,54.167,24,0.15
1,0.1,8 together,32,3.798,31,0.1997
1,0.1,8 together,33,5.324,31,0.198
1,0.1,8 together,34,53.316,24,0.1495
1,0.1,8 together,35,12.19,31,0.1913
1,0.1,8 together,36,13.28,31,0.1894
1,0.1,8 together,37,91.601,24,0.1117
1,0.1,8 together,38,63.098,24,0.1414
1,0.1,8 together,39,8.622,31,0.1956
1,0.1,8 together,40,80.032,24,0.124
1,0.1,8 together,41,59.266,24,0.1448
1,0.1,8 together,42,40.118,31,0.1638
1,0.1,8 together,43,66.986,24,0.1363
1,0.1,8 together,44,23.284,31,0.1795
1,0.1,8 together,45,84.38,24,0.1189
1,0.1,8 together,46,43.106,24,0.1608
1,0.1,8 together,47,46.858,31,0.1562
1,0.1,8 together,48,100.126,24,0.1036
1,0.1,8 together,49,23.91,31,0.1799
1,0.1,8 together,50,23.108,31,0.1803
1,0.1,8 together,51,18.21,31,0.1861
1,0.1,8 together,52,84.36,24,0.1197
1,0.1,8 together,53,49.574,31,0.154
1,0.1,8 together,54,87.733,24,0.1159
1,0.1,8 together,55,29.598,31,0.1744
1,0.1,8 together,56,41.497,31,0.1623
1,0.1,8 together,57,14.005,31,0.1899
1,0.1,8 together,58,89.657,24,0.1142
1,0.1,8 together,59,77.696,24,0.1263
1,0.1,8 staggered,0,19.137,23,0.1285
1,0.1,8 staggered,1,7.552,24,0.1459
1,0.1,8 staggered,2,46.223,23,0.1182
1,0.1,8 staggered,3,4.817,23,0.1453
1,0.1,8 staggered,4,15.317,31,0.1925
1,0.1,8 staggered,5,9.419,30,0.1592
1,0.1,8 staggered,6,2.967,23,0.1406
1,0.1,8 staggered,7,8.15,30,0.1703
1,0.1,8 staggered,8,2.359,30,0.1938
1,0.1,8 staggered,9,1.054,30,0.1751
1,0.1,8 staggered,10,12.794,23,0.1511
1,0.1,8 staggered,11,5.125,30,0.1848
1,0.1,8 staggered,12,17.68,23,0.1262
1,0.1,8 staggered,13,22.256,30,0.1698
1,0.1,8 staggered,14,18.68,30,0.1687
1,0.1,8 staggered,15,14.878,23,0.125
1,0.1,8 staggered,16,2.278,30,0.1588
1,0.1,8 staggered,17,31.318,23,0.106
1,0.1,8 staggered,18,3.033,23,0.1325
1,0.1,8 staggered,19,7.095,23,0.1525
1,0.1,8 staggered,20,2.531,23,0.103
1,0.1,8 staggered,21,0.729,30,0.1858
1,0.1,8 staggered,22,0.46,30,0.1689
1,0.1,8 staggered,23,5.635,23,0.1293
1,0.1,8 staggered,24,12.76,30,0.186
1,0.1,8 staggered,25,7.508,23,0.1074
1,0.1,8 staggered,26,10.744,23,0.1494
1,0.1,8 staggered,27,23.193,23,0.118
1,0.1,8 staggered,28,0.508,30,0.1665
1,0.1,8 staggered,29,3.27,23,0.1184
1,0.1,8 staggered,30,18.962,31,0.1922
1,0.1,8 staggered,31,3.782,30,0.1814
1,0.1,8 staggered,32,21.402,23,0.1181
1,0.1,8 staggered,33,15.183,24,0.1444
1,0.1,8 staggered,34,13.392,23,0.122
1,0.1,8 staggered,35,5.858,23,0.1344
1,0.1,8 staggered,36,15.836,31,0.2002
1,0.1,8 staggered,37,55.24,23,0.1394
1,0.1,8 staggered,38,0.995,23,0.1351
1,0.1,8 staggered,39,19.591,23,0.1051
1,0.1,8 staggered,40,7.027,30,0.1848
1,0.1,8 staggered,41,7.381,30,0.1846
1,0.1,8 staggered,42,3.066,23,0.1252
1,0.1,8 staggered,43,2.482,30,0.1564
1,0.1,8 staggered,44,8.396,23,0.1282
1,0.1,8 staggered,45,16.687,30,0.1588
1,0.1,8 staggered,46,19.932,23,0.1503
1,0.1,8 staggered,47,15.736,24,0.1465
1,0.1,8 staggered,48,13.61,30,0.1861
1,0.1,8 staggered,49,41.96,23,0.1363
1,0.1,8 staggered,50,28.913,23,0.1145
1,0.1,8 staggered,51,3.057,23,0.1053
1,0.1,8 staggered,52,20.184,23,0.1459
1,0.1,8 staggered,53,22.48,31,0.1993
1,0.1,8 staggered,54,11.411,23,0.1071
1,0.1,8 staggered,55,11.064,23,0.1141
1,0.1,8 staggered,56,10.77,31,0.1956
1,0.1,8 staggered,57,13.865,25,0.1529
1,0.1,8 staggered,58,12.789,30,0.1629
1,0.1,8 staggered,59,7.893,30,0.1753
1,0.01,1 waiter,0,2.159,16,0.1588
1,0.01,1 waiter,1,8.692,13,0.1203
1,0.01,1 waiter,2,6.899,20,0.1972
1,0.01,1 waiter,3,10.095,20,0.1933
1,0.01,1 waiter,4,4.094,15,0.1471
1,0.01,1 waiter,5,4.529,17,0.1669
1,0.01,1 waiter,6,7.285,13,0.122
1,0.01,1 waiter,7,5.865,13,0.1229
1,0.01,1 waiter,8,10.14,14,0.1297
1,0.01,1 waiter,9,2.744,17,0.1701
1,0.01,1 waiter,10,6.268,13,0.122
1,0.01,1 waiter,11,4.509,20,0.1977
1,0.01,1 waiter,12,1.01,11,0.1075
1,0.01,1 waiter,13,9.065,13,0.1202
1,0.01,1 waiter,14,8.356,12,0.1096
1,0.01,1 waiter,15,5.465,18,0.1778
1,0.01,1 waiter,16,2.575,14,0.1372
1,0.01,1 waiter,17,2.08,15,0.1484
1,0.01,1 waiter,18,5.511,14,0.1333
1,0.01,1 waiter,19,7.352,17,0.1646
1,0.01,1 waiter,20,9.066,15,0.1413
1,0.01,1 waiter,21,6.565,13,0.1217
1,0.01,1 waiter,22,6.151,15,0.1438
1,0.01,1 waiter,23,7.818,14,0.1313
1,0.01,1 waiter,24,6.92,12,0.1117
1,0.01,1 waiter,25,10.288,19,0.1829
1,0.01,1 waiter,26,3.112,17,0.1688
1,0.01,1 waiter,27,4.441,17,0.1671
1,0.01,1 waiter,28,3.701,19,0.1888
1,0.01,1 waiter,29,-0.055,14,0.1405
1,0.01,1 waiter,30,2.649,14,0.1385
1,0.01,1 waiter,31,6.055,15,0.1432
1,0.01,1 waiter,32,9.077,15,0.1412
1,0.01,1 waiter,33,4.105,17,0.1674
1,0.01,1 waiter,34,5.302,11,0.1014
1,0.01,1 waiter,35,3.685,15,0.147
1,0.01,1 waiter,36,6.675,16,0.1539
1,0.01,1 waiter,37,3.797,14,0.1354
1,0.01,1 waiter,38,5.025,11,0.103
1,0.01,1 waiter,39,0.396,17,0.1713
1,0.01,1 waiter,40,4.609,11,0.1015
1,0.01,1 waiter,41,5.211,16,0.1569
1,0.01,1 waiter,42,2.771,12,0.1161
1,0.01,1 waiter,43,3.053,11,0.104
1,0.01,1 waiter,44,0.475,12,0.1185
1,0.01,1 waiter,45,-0.055,11,0.1074
1,0.01,1 waiter,46,3.345,12,0.1157
1,0.01,1 waiter,47,2.918,17,0.1693
1,0.01,1 waiter,48,0.494,17,0.1732
1,0.01,1 waiter,49,3.444,14,0.1371
1,0.01,1 waiter,50,6.336,17,0.1659
1,0.01,1 waiter,51,1.638,15,0.1481
1,0.01,1 waiter,52,10.406,16,0.1505
1,0.01,1 waiter,53,4.658,19,0.188
1,0.01,1 waiter,54,9.293,14,0.1317
1,0.01,1 waiter,55,4.207,19,0.1879
1,0.01,1 waiter,56,1.912,17,0.1697
1,0.01,1 waiter,57,0.867,17,0.1693
1,0.01,1 waiter,58,5.457,11,0.1015
1,0.01,1 waiter,59,8.314,12,0.109
1,0.01,8 together,0,6.238,187,0.1138
1,0.01,8 together,1,0.412,235,0.1824
1,0.01,8 together,2,4.014,244,0.1888
1,0.01,8 together,3,1.494,203,0.1394
1,0.01,8 together,4,2.009,195,0.1282
1,0.01,8 together,5,0.577,192,0.1203
1,0.01,8 together,6,0.381,176,0.1088
1,0.01,8 together,7,6.425,188,0.1225
1,0.01,8 together,8,-0.057,187,0.1212
1,0.01,8 together,9,9.031,236,0.186
1,0.01,8 together,10,1.098,188,0.1198
1,0.01,8 together,11,0.502,187,0.1195
1,0.01,8 together,12,0.036,250,0.1937
1,0.01,8 together,13,0.905,245,0.1924
1,0.01,8 together,14,0.626,186,0.1107
1,0.01,8 together,15,6.794,197,0.1331
1,0.01,8 together,16,4.96,244,0.1998
1,0.01,8 together,17,0.024,203,0.1401
1,0.01,8 together,18,1.021,220,0.1635
1,0.01,8 together,19,1.898,221,0.17
1,0.01,8 together,20,7.378,220,0.1656
1,0.01,8 together,21,2.663,179,0.1065
1,0.01,8 together,22,1.009,228,0.1728
1,0.01,8 together,23,0.506,235,0.182
1,0.01,8 together,24,3.979,211,0.1458
1,0.01,8 together,25,4.366,203,0.1355
1,0.01,8 together,26,0.504,234,0.173
1,0.01,8 together,27,5.688,251,0.1997
1,0.01,8 together,28,0.574,243,0.1947
1,0.01,8 together,29,1.111,187,0.1209
1,0.01,8 together,30,6.086,237,0.1765
1,0.01,8 together,31,2.226,207,0.1501
1,0.01,8 together,32,6.44,244,0.1991
1,0.01,8 together,33,7.854,245,0.1975
1,0.01,8 together,34,2.019,211,0.1491
1,0.01,8 together,35,1.493,244,0.1907
1,0.01,8 together,36,5.728,243,0.1893
1,0.01,8 together,37,5.426,188,0.1119
1,0.01,8 together,38,1.486,199,0.1411
1,0.01,8 together,39,1.535,243,0.1954
1,0.01,8 together,40,5.231,188,0.1243
1,0.01,8 together,41,6.089,211,0.1446
1,0.01,8 together,42,1.369,221,0.1635
1,0.01,8 together,43,4.698,198,0.1361
1,0.01,8 together,44,4.129,235,0.1793
1,0.01,8 together,45,0.437,187,0.1192
1,0.01,8 together,46,0.41,226,0.1603
1,0.01,8 together,47,7.752,212,0.1556
1,0.01,8 together,48,4.806,174,0.1035
1,0.01,8 together,49,3.051,235,0.1796
1,0.01,8 together,50,3.544,235,0.1798
1,0.01,8 together,51,-0.051,235,0.1865
1,0.01,8 together,52,1.87,187,0.1198
1,0.01,8 together,53,-0.055,211,0.1537
1,0.01,8 together,54,3.09,187,0.1157
1,0.01,8 together,55,1.096,234,0.174
1,0.01,8 together,56,0.524,226,0.162
1,0.01,8 together,57,5.657,243,0.1899
1,0.01,8 together,58,6.549,189,0.1146
1,0.01,8 together,59,5.294,195,0.126
1,0.01,8 staggered,0,1.044,202,0.1284
1,0.01,8 staggered,1,1.592,214,0.146
1,0.01,8 staggered,2,1.055,194,0.1181
1,0.01,8 staggered,3,4.365,213,0.1453
1,0.01,8 staggered,4,5.635,249,0.192
1,0.01,8 staggered,5,0.146,225,0.1593
1,0.01,8 staggered,6,1.018,205,0.14
1,0.01,8 staggered,7,1.906,227,0.1708
1,0.01,8 staggered,8,3.596,248,0.1935
1,0.01,8 staggered,9,3.01,235,0.1755
1,0.01,8 staggered,10,1.052,215,0.1504
1,0.01,8 staggered,11,0.444,239,0.1844
1,0.01,8 staggered,12,0.427,191,0.126
1,0.01,8 staggered,13,1.025,223,0.1695
1,0.01,8 staggered,14,0.518,227,0.1681
1,0.01,8 staggered,15,3.753,192,0.125
1,0.01,8 staggered,16,0.722,222,0.159
1,0.01,8 staggered,17,0.268,183,0.1064
1,0.01,8 staggered,18,-0.055,203,0.1326
1,0.01,8 staggered,19,4.342,216,0.1525
1,0.01,8 staggered,20,0.487,179,0.103
1,0.01,8 staggered,21,0.484,240,0.1856
1,0.01,8 staggered,22,0.086,229,0.1694
1,0.01,8 staggered,23,1.439,207,0.1293
1,0.01,8 staggered,24,-0.052,240,0.1856
1,0.01,8 staggered,25,1.723,181,0.1073
1,0.01,8 staggered,26,0.527,216,0.1491
1,0.01,8 staggered,27,-0.056,193,0.1182
1,0.01,8 staggered,28,0.508,224,0.1669
1,0.01,8 staggered,29,2.61,192,0.1186
1,0.01,8 staggered,30,0.063,248,0.1925
1,0.01,8 staggered,31,0.976,238,0.1815
1,0.01,8 staggered,32,2.54,194,0.118
1,0.01,8 staggered,33,0.507,214,0.1442
1,0.01,8 staggered,34,0.028,190,0.1217
1,0.01,8 staggered,35,3.948,203,0.1345
1,0.01,8 staggered,36,1.522,248,0.2001
1,0.01,8 staggered,37,1.056,199,0.1392
1,0.01,8 staggered,38,4.42,201,0.1351
1,0.01,8 staggered,39,6.125,176,0.1047
1,0.01,8 staggered,40,1.588,240,0.1846
1,0.01,8 staggered,41,2.835,240,0.185
1,0.01,8 staggered,42,0.915,190,0.125
1,0.01,8 staggered,43,1.47,212,0.1564
1,0.01,8 staggered,44,-0.055,200,0.1278
1,0.01,8 staggered,45,1.002,223,0.159
1,0.01,8 staggered,46,1.01,215,0.15
1,0.01,8 staggered,47,0.503,212,0.1465
1,0.01,8 staggered,48,1.672,240,0.1855
1,0.01,8 staggered,49,-0.072,202,0.1366
1,0.01,8 staggered,50,1.032,191,0.1143
1,0.01,8 staggered,51,1.027,181,0.1049
1,0.01,8 staggered,52,2.533,212,0.1457
1,0.01,8 staggered,53,1.138,250,0.1991
1,0.01,8 staggered,54,1.029,180,0.1069
1,0.01,8 staggered,55,-0.052,189,0.1138
1,0.01,8 staggered,56,2.047,250,0.1952
1,0.01,8 staggered,57,3.345,213,0.1527
1,0.01,8 staggered,58,0.031,225,0.1631
1,0.01,8 staggered,59,0.883,238,0.1751
1,0.001,1 waiter,0,0.044,110,0.1588
1,0.001,1 waiter,1,1.415,83,0.1203
1,0.001,1 waiter,2,1.556,137,0.1973
1,0.001,1 waiter,3,1.153,134,0.1931
1,0.001,1 waiter,4,1.004,102,0.1474
1,0.001,1 waiter,5,0.489,114,0.1668
1,0.001,1 waiter,6,1.409,85,0.122
1,0.001,1 waiter,7,0.545,85,0.1229
1,0.001,1 waiter,8,-0.058,89,0.1299
1,0.001,1 waiter,9,0.992,117,0.1701
1,0.001,1 waiter,10,1.437,86,0.122
1,0.001,1 waiter,11,0.527,134,0.1978
1,0.001,1 waiter,12,1.028,74,0.1079
1,0.001,1 waiter,13,0.523,81,0.1199
1,0.001,1 waiter,14,1.759,75,0.1097
1,0.001,1 waiter,15,1.388,121,0.1777
1,0.001,1 waiter,16,1.015,94,0.1373
1,0.001,1 waiter,17,-0.062,100,0.1479
1,0.001,1 waiter,18,0.516,92,0.1332
1,0.001,1 waiter,19,-0.051,112,0.1646
1,0.001,1 waiter,20,1.04,97,0.1409
1,0.001,1 waiter,21,1.872,83,0.1215
1,0.001,1 waiter,22,0.599,100,0.1438
1,0.001,1 waiter,23,0.897,89,0.1312
1,0.001,1 waiter,24,0.513,76,0.1118
1,0.001,1 waiter,25,0.473,125,0.1831
1,0.001,1 waiter,26,1.932,115,0.169
1,0.001,1 waiter,27,0.463,114,0.1669
1,0.001,1 waiter,28,-0.063,130,0.1891
1,0.001,1 waiter,29,0.508,99,0.1399
1,0.001,1 waiter,30,1.4,95,0.1386
1,0.001,1 waiter,31,1.331,100,0.1434
1,0.001,1 waiter,32,1.337,97,0.1412
1,0.001,1 waiter,33,-0.049,115,0.1676
1,0.001,1 waiter,34,0.519,72,0.1015
1,0.001,1 waiter,35,0.517,102,0.1472
1,0.001,1 waiter,36,0.528,103,0.1539
1,0.001,1 waiter,37,-0.081,90,0.1354
1,0.001,1 waiter,38,1.02,70,0.1026
1,0.001,1 waiter,39,1.011,117,0.1709
1,0.001,1 waiter,40,1.713,70,0.1018
1,0.001,1 waiter,41,1.003,107,0.1572
1,0.001,1 waiter,42,-0.071,78,0.1162
1,0.001,1 waiter,43,0.052,70,0.1041
1,0.001,1 waiter,44,0.679,83,0.1188
1,0.001,1 waiter,45,0.351,75,0.1072
1,0.001,1 waiter,46,1.017,81,0.1156
1,0.001,1 waiter,47,1.437,115,0.1691
1,0.001,1 waiter,48,1.042,120,0.1733
1,0.001,1 waiter,49,0.498,95,0.1371
1,0.001,1 waiter,50,0.431,115,0.1659
1,0.001,1 waiter,51,1.377,102,0.1483
1,0.001,1 waiter,52,-0.065,104,0.1506
1,0.001,1 waiter,53,0.446,128,0.188
1,0.001,1 waiter,54,0.952,91,0.1317
1,0.001,1 waiter,55,1.361,128,0.1879
1,0.001,1 waiter,56,0.517,116,0.17
1,0.001,1 waiter,57,1.044,116,0.1689
1,0.001,1 waiter,58,0.489,70,0.1014
1,0.001,1 waiter,59,0.517,74,0.1092
1,0.001,8 together,0,0.641,1071,0.1138
1,0.001,8 together,1,0.077,1492,0.1825
1,0.001,8 together,2,-0.092,1490,0.1892
1,0.001,8 together,3,0.168,1321,0.1397
1,0.001,8 together,4,0.045,1225,0.1282
1,0.001,8 together,5,0.086,1218,0.1211
1,0.001,8 together,6,0.042,1092,0.1085
1,0.001,8 together,7,0.326,1190,0.1226
1,0.001,8 together,8,-0.128,1234,0.1212
1,0.001,8 together,9,0.259,1537,0.1862
1,0.001,8 together,10,0.026,1220,0.1197
1,0.001,8 together,11,0.044,1192,0.1194
1,0.001,8 together,12,-0.064,1534,0.1934
1,0.001,8 together,13,0.062,1458,0.1926
1,0.001,8 together,14,0.588,1187,0.111
1,0.001,8 together,15,0.387,1243,0.1332
1,0.001,8 together,16,1.275,1541,0.2
1,0.001,8 together,17,0.237,1277,0.1397
1,0.001,8 together,18,-0.051,1389,0.1639
1,0.001,8 together,19,0.153,1442,0.1699
1,0.001,8 together,20,-0.062,1440,0.1658
1,0.001,8 together,21,0.108,1112,0.1068
1,0.001,8 together,22,0.012,1383,0.175
1,0.001,8 together,23,0.026,1464,0.1823
1,0.001,8 together,24,0.108,1306,0.1455
1,0.001,8 together,25,0.505,1284,0.1353
1,0.001,8 together,26,0.13,1464,0.1732
1,0.001,8 together,27,0.719,1512,0.1999
1,0.001,8 together,28,0.481,1498,0.1952
1,0.001,8 together,29,0.64,1222,0.1207
1,0.001,8 together,30,0.12,1387,0.177
1,0.001,8 together,31,-0.062,1382,0.1497
1,0.001,8 together,32,0.387,1535,0.1996
1,0.001,8 together,33,0.043,1509,0.1983
1,0.001,8 together,34,0.483,1229,0.1491
1,0.001,8 together,35,0.616,1494,0.1909
1,0.001,8 together,36,0.497,1521,0.1894
1,0.001,8 together,37,0.148,1140,0.1122
1,0.001,8 together,38,0.266,1333,0.1418
1,0.001,8 together,39,-0.055,1473,0.1957
1,0.001,8 together,40,0.027,1207,0.1241
1,0.001,8 together,41,0.079,1323,0.1446
1,0.001,8 together,42,1.316,1313,0.1636
1,0.001,8 together,43,1.166,1322,0.1361
1,0.001,8 together,44,0.026,1394,0.179
1,0.001,8 together,45,0.059,1207,0.119
1,0.001,8 together,46,0.492,1326,0.1604
1,0.001,8 together,47,0.048,1329,0.1559
1,0.001,8 together,48,0.509,1160,0.1036
1,0.001,8 together,49,0.652,1428,0.1797
1,0.001,8 together,50,-0.102,1496,0.1804
1,0.001,8 together,51,-0.056,1516,0.1858
1,0.001,8 together,52,-0.103,1268,0.1201
1,0.001,8 together,53,0.223,1318,0.1542
1,0.001,8 together,54,0.383,1126,0.116
1,0.001,8 together,55,1.561,1465,0.1739
1,0.001,8 together,56,0.086,1378,0.1624
1,0.001,8 together,57,-0.057,1421,0.1901
1,0.001,8 together,58,0.973,1119,0.1141
1,0.001,8 together,59,0.864,1239,0.1262
1,0.001,8 staggered,0,0.068,1257,0.1293
1,0.001,8 staggered,1,0.118,1281,0.146
1,0.001,8 staggered,2,0.181,1261,0.118
1,0.001,8 staggered,3,0.455,1298,0.1454
1,0.001,8 staggered,4,0.059,1444,0.1926
1,0.001,8 staggered,5,0.498,1315,0.1591
1,0.001,8 staggered,6,0.578,1278,0.1403
1,0.001,8 staggered,7,0.914,1330,0.1705
1,0.001,8 staggered,8,0.438,1476,0.1937
1,0.001,8 staggered,9,0.256,1470,0.1752
1,0.001,8 staggered,10,1.09,1306,0.1506
1,0.001,8 staggered,11,0.172,1449,0.1854
1,0.001,8 staggered,12,0.531,1190,0.1262
1,0.001,8 staggered,13,0.121,1450,0.1698
1,0.001,8 staggered,14,0.225,1475,0.168
1,0.001,8 staggered,15,1.38,1219,0.1261
1,0.001,8 staggered,16,0.043,1332,0.1589
1,0.001,8 staggered,17,1.16,1044,0.1058
1,0.001,8 staggered,18,0.498,1220,0.1328
1,0.001,8 staggered,19,0.084,1343,0.1526
1,0.001,8 staggered,20,0.047,1154,0.1031
1,0.001,8 staggered,21,-0.062,1525,0.1858
1,0.001,8 staggered,22,-0.051,1420,0.1692
1,0.001,8 staggered,23,-0.053,1238,0.1292
1,0.001,8 staggered,24,0.196,1514,0.1857
1,0.001,8 staggered,25,-0.183,1193,0.1081
1,0.001,8 staggered,26,0.274,1345,0.1498
1,0.001,8 staggered,27,-0.141,1198,0.1184
1,0.001,8 staggered,28,0.976,1387,0.1666
1,0.001,8 staggered,29,0.181,1150,0.1184
1,0.001,8 staggered,30,-0.059,1484,0.1924
1,0.001,8 staggered,31,0.377,1432,0.1819
1,0.001,8 staggered,32,0.561,1178,0.1181
1,0.001,8 staggered,33,0.708,1307,0.1445
1,0.001,8 staggered,34,-0.059,1206,0.1222
1,0.001,8 staggered,35,0.045,1331,0.1346
1,0.001,8 staggered,36,0.15,1622,0.2008
1,0.001,8 staggered,37,0.216,1255,0.139
1,0.001,8 staggered,38,-0.051,1283,0.135
1,0.001,8 staggered,39,0.12,1097,0.1048
1,0.001,8 staggered,40,0.142,1441,0.1848
1,0.001,8 staggered,41,0.536,1475,0.1848
1,0.001,8 staggered,42,0.309,1193,0.125
1,0.001,8 staggered,43,0.086,1371,0.1562
1,0.001,8 staggered,44,0.035,1254,0.128
1,0.001,8 staggered,45,0.512,1343,0.1588
1,0.001,8 staggered,46,-0.241,1386,0.1504
1,0.001,8 staggered,47,-0.044,1269,0.1466
1,0.001,8 staggered,48,0.372,1520,0.1862
1,0.001,8 staggered,49,0.204,1281,0.1363
1,0.001,8 staggered,50,-0.21,1097,0.1151
1,0.001,8 staggered,51,0.433,1144,0.1052
1,0.001,8 staggered,52,0.166,1214,0.1461
1,0.001,8 staggered,53,0.56,1569,0.1994
1,0.001,8 staggered,54,0.486,1168,0.1071
1,0.001,8 staggered,55,0.465,1205,0.1141
1,0.001,8 staggered,56,0.358,1519,0.1957
1,0.001,8 staggered,57,1.382,1280,0.1526
1,0.001,8 staggered,58,-0.054,1320,0.1628
1,0.001,8 staggered,59,0.469,1465,0.1754
2,0.1,1 waiter,0,94.894,3,0.1076
2,0.1,1 waiter,1,69.123,3,0.1334
2,0.1,1 waiter,2,-0.062,2,0.1014
2,0.1,1 waiter,3,73.048,3,0.1291
2,0.1,1 waiter,4,25.983,3,0.1764
2,0.1,1 waiter,5,32.178,3,0.1702
2,0.1,1 waiter,6,54.999,3,0.1478
2,0.1,1 waiter,7,26.176,3,0.176
2,0.1,1 waiter,8,56.641,3,0.1458
2,0.1,1 waiter,9,15.255,3,0.1871
2,0.1,1 waiter,10,40.404,3,0.1619
2,0.1,1 waiter,11,87.801,3,0.1147
2,0.1,1 waiter,12,44.983,3,0.1574
2,0.1,1 waiter,13,54.1,3,0.1483
2,0.1,1 waiter,14,47.651,3,0.1546
2,0.1,1 waiter,15,79.978,3,0.1221
2,0.1,1 waiter,16,31.679,3,0.1701
2,0.1,1 waiter,17,82.758,3,0.1197
2,0.1,1 waiter,18,71.456,3,0.1309
2,0.1,1 waiter,19,77.683,3,0.1249
2,0.1,1 waiter,20,74.716,3,0.1274
2,0.1,1 waiter,21,83.227,3,0.119
2,0.1,1 waiter,22,26.261,3,0.1761
2,0.1,1 waiter,23,35.231,3,0.1672
2,0.1,1 waiter,24,98.489,3,0.104
2,0.1,1 waiter,25,43.779,3,0.1584
2,0.1,1 waiter,26,93.833,3,0.1083
2,0.1,1 waiter,27,37.223,3,0.1653
2,0.1,1 waiter,28,60.526,3,0.1416
2,0.1,1 waiter,29,47.991,3,0.1546
2,0.1,1 waiter,30,25.539,3,0.177
2,0.1,1 waiter,31,23.003,3,0.1789
2,0.1,1 waiter,32,32.835,3,0.1692
2,0.1,1 waiter,33,72.494,3,0.13
2,0.1,1 waiter,34,92.119,3,0.1099
2,0.1,1 waiter,35,43.258,3,0.159
2,0.1,1 waiter,36,48.386,3,0.1544
2,0.1,1 waiter,37,11.639,3,0.1901
2,0.1,1 waiter,38,13.598,3,0.1889
2,0.1,1 waiter,39,82.518,3,0.1196
2,0.1,1 waiter,40,60.056,3,0.1419
2,0.1,1 waiter,41,29.727,3,0.1721
2,0.1,1 waiter,42,59.334,3,0.1427
2,0.1,1 waiter,43,4.597,3,0.1974
2,0.1,1 waiter,44,100.453,3,0.1018
2,0.1,1 waiter,45,59.753,3,0.1424
2,0.1,1 waiter,46,16.824,3,0.1851
2,0.1,1 waiter,47,5.713,3,0.1961
2,0.1,1 waiter,48,51.153,3,0.1514
2,0.1,1 waiter,49,76.458,3,0.126
2,0.1,1 waiter,50,42.215,3,0.16
2,0.1,1 waiter,51,69.659,3,0.1329
2,0.1,1 waiter,52,31.918,3,0.1708
2,0.1,1 waiter,53,67.408,3,0.1355
2,0.1,1 waiter,54,82.198,3,0.1204
2,0.1,1 waiter,55,42.991,3,0.1595
2,0.1,1 waiter,56,24.468,3,0.1782
2,0.1,1 waiter,57,52.77,3,0.15
2,0.1,1 waiter,58,42.068,3,0.1601
2,0.1,1 waiter,59,44.336,3,0.1578
2,0.1,8 together,0,75.113,24,0.1289
2,0.1,8 together,1,23.576,31,0.1788
2,0.1,8 together,2,97.332,24,0.1065
2,0.1,8 together,3,22.782,31,0.1809
2,0.1,8 together,4,77.109,24,0.1264
2,0.1,8 together,5,46.873,31,0.157
2,0.1,8 together,6,19.116,31,0.184
2,0.1,8 together,7,76.495,24,0.1267
2,0.1,8 together,8,34.991,31,0.1688
2,0.1,8 together,9,5.166,31,0.1976
2,0.1,8 together,10,39.184,31,0.1643
2,0.1,8 together,11,68.076,24,0.1353
2,0.1,8 together,12,85.375,24,0.1186
2,0.1,8 together,13,2.615,31,0.2005
2,0.1,8 together,14,72.345,24,0.1307
2,0.1,8 together,15,16.666,31,0.1869
2,0.1,8 together,16,47.493,31,0.1561
2,0.1,8 together,17,87.523,24,0.1157
2,0.1,8 together,18,62.655,24,0.1403
2,0.1,8 together,19,65.191,24,0.1388
2,0.1,8 together,20,41.036,31,0.1621
2,0.1,8 together,21,80.647,24,0.123
2,0.1,8 together,22,49.329,31,0.1546
2,0.1,8 together,23,48.067,31,0.1558
2,0.1,8 together,24,78.11,24,0.1258
2,0.1,8 together,25,19.337,31,0.1845
2,0.1,8 together,26,53.359,24,0.1493
2,0.1,8 together,27,18.836,31,0.1838
2,0.1,8 together,28,12.902,31,0.1906
2,0.1,8 together,29,30.53,31,0.1729
2,0.1,8 together,30,36.846,31,0.1656
2,0.1,8 together,31,33.888,31,0.17
2,0.1,8 together,32,88.169,24,0.116
2,0.1,8 together,33,29.785,31,0.1735
2,0.1,8 together,34,9.05,31,0.1943
2,0.1,8 together,35,35.519,31,0.1675
2,0.1,8 together,36,35.088,31,0.1676
2,0.1,8 together,37,20.214,31,0.1828
2,0.1,8 together,38,44.512,25,0.1591
2,0.1,8 together,39,7.286,31,0.1961
2,0.1,8 together,40,16.0,31,0.1869
2,0.1,8 together,41,99.691,24,0.104
2,0.1,8 together,42,29.142,31,0.1751
2,0.1,8 together,43,49.905,24,0.1537
2,0.1,8 together,44,39.2,31,0.1646
2,0.1,8 together,45,67.484,24,0.1367
2,0.1,8 together,46,8.732,31,0.1946
2,0.1,8 together,47,78.287,24,0.1252
2,0.1,8 together,48,47.683,31,0.1551
2,0.1,8 together,49,38.477,31,0.1658
2,0.1,8 together,50,60.181,24,0.1433
2,0.1,8 together,51,100.336,24,0.1038
2,0.1,8 together,52,98.182,24,0.1044
2,0.1,8 together,53,49.579,31,0.154
2,0.1,8 together,54,24.934,31,0.1783
2,0.1,8 together,55,89.233,24,0.1139
2,0.1,8 together,56,30.986,31,0.1723
2,0.1,8 together,57,88.669,24,0.1153
2,0.1,8 together,58,50.006,24,0.1528
2,0.1,8 together,59,68.03,24,0.1359
2,0.1,8 staggered,0,9.214,30,0.1564
2,0.1,8 staggered,1,1.017,23,0.1327
2,0.1,8 staggered,2,5.53,30,0.1661
2,0.1,8 staggered,3,26.248,31,0.1772
2,0.1,8 staggered,4,12.594,30,0.1692
2,0.1,8 staggered,5,15.268,30,0.1592
2,0.1,8 staggered,6,9.804,23,0.1412
2,0.1,8 staggered,7,3.002,23,0.1172
2,0.1,8 staggered,8,6.962,23,0.1111
2,0.1,8 staggered,9,9.419,23,0.1243
2,0.1,8 staggered,10,12.07,31,0.1977
2,0.1,8 staggered,11,13.152,30,0.1597
2,0.1,8 staggered,12,0.933,23,0.1114
2,0.1,8 staggered,13,2.48,30,0.157
2,0.1,8 staggered,14,14.489,30,0.1563
2,0.1,8 staggered,15,17.684,23,0.124
2,0.1,8 staggered,16,36.239,23,0.1368
2,0.1,8 staggered,17,0.928,30,0.1936
2,0.1,8 staggered,18,1.391,30,0.194
2,0.1,8 staggered,19,2.026,23,0.1416
2,0.1,8 staggered,20,5.186,30,0.1796
2,0.1,8 staggered,21,3.186,30,0.1768
2,0.1,8 staggered,22,5.832,23,0.1283
2,0.1,8 staggered,23,14.578,23,0.1424
2,0.1,8 staggered,24,3.557,30,0.1821
2,0.1,8 staggered,25,5.801,23,0.1058
2,0.1,8 staggered,26,14.862,30,0.1633
2,0.1,8 staggered,27,9.13,23,0.1294
2,0.1,8 staggered,28,4.255,30,0.1853
2,0.1,8 staggered,29,1.882,30,0.1959
2,0.1,8 staggered,30,18.069,30,0.1789
2,0.1,8 staggered,31,21.118,26,0.1529
2,0.1,8 staggered,32,1.167,30,0.188
2,0.1,8 staggered,33,0.028,23,0.1069
2,0.1,8 staggered,34,9.346,30,0.1545
2,0.1,8 staggered,35,24.083,30,0.1661
2,0.1,8 staggered,36,14.462,30,0.1664
2,0.1,8 staggered,37,5.1,30,0.1615
2,0.1,8 staggered,38,0.292,30,0.1791
2,0.1,8 staggered,39,7.288,30,0.167
2,0.1,8 staggered,40,13.957,25,0.1446
2,0.1,8 staggered,41,9.546,23,0.1349
2,0.1,8 staggered,42,1.83,30,0.1853
2,0.1,8 staggered,43,1.933,23,0.1071
2,0.1,8 staggered,44,1.302,23,0.1228
2,0.1,8 staggered,45,7.587,30,0.1774
2,0.1,8 staggered,46,8.224,30,0.1691
2,0.1,8 staggered,47,7.07,24,0.1424
2,0.1,8 staggered,48,12.184,23,0.1426
2,0.1,8 staggered,49,9.237,23,0.1319
2,0.1,8 staggered,50,0.458,23,0.1038
2,0.1,8 staggered,51,39.529,31,0.1683
2,0.1,8 staggered,52,6.575,30,0.1618
2,0.1,8 staggered,53,19.995,30,0.1791
2,0.1,8 staggered,54,5.524,24,0.1409
2,0.1,8 staggered,55,13.36,23,0.1212
2,0.1,8 staggered,56,9.757,30,0.1867
2,0.1,8 staggered,57,9.693,31,0.1941
2,0.1,8 staggered,58,-0.064,23,0.1213
2,0.1,8 staggered,59,3.39,30,0.1937
2,0.01,1 waiter,0,0.355,11,0.1079
2,0.01,1 waiter,1,7.697,14,0.133
2,0.01,1 waiter,2,6.532,11,0.1012
2,0.01,1 waiter,3,10.188,14,0.1291
2,0.01,1 waiter,4,5.93,18,0.1763
2,0.01,1 waiter,5,2.612,17,0.17
2,0.01,1 waiter,6,2.473,15,0.1478
2,0.01,1 waiter,7,6.661,18,0.1761
2,0.01,1 waiter,8,5.527,15,0.1456
2,0.01,1 waiter,9,6.346,19,0.1872
2,0.01,1 waiter,10,9.566,17,0.1617
2,0.01,1 waiter,11,4.555,12,0.1146
2,0.01,1 waiter,12,3.725,16,0.1572
2,0.01,1 waiter,13,1.783,15,0.1484
2,0.01,1 waiter,14,6.602,16,0.1541
2,0.01,1 waiter,15,6.086,13,0.1222
2,0.01,1 waiter,16,1.382,17,0.1704
2,0.01,1 waiter,17,9.137,13,0.1197
2,0.01,1 waiter,18,8.789,14,0.1309
2,0.01,1 waiter,19,4.328,13,0.1245
2,0.01,1 waiter,20,1.509,13,0.1272
2,0.01,1 waiter,21,10.139,13,0.1187
2,0.01,1 waiter,22,6.333,18,0.1759
2,0.01,1 waiter,23,3.202,17,0.1674
2,0.01,1 waiter,24,3.934,11,0.1036
2,0.01,1 waiter,25,1.503,16,0.158
2,0.01,1 waiter,26,9.878,12,0.1086
2,0.01,1 waiter,27,7.006,17,0.1652
2,0.01,1 waiter,28,8.836,15,0.1415
2,0.01,1 waiter,29,6.819,16,0.1548
2,0.01,1 waiter,30,7.071,18,0.1767
2,0.01,1 waiter,31,2.503,18,0.1786
2,0.01,1 waiter,32,2.314,17,0.169
2,0.01,1 waiter,33,9.729,14,0.1298
2,0.01,1 waiter,34,8.102,12,0.11
2,0.01,1 waiter,35,1.98,16,0.1593
2,0.01,1 waiter,36,5.0,16,0.1542
2,0.01,1 waiter,37,4.013,19,0.1902
2,0.01,1 waiter,38,3.922,19,0.1888
2,0.01,1 waiter,39,8.705,13,0.1197
2,0.01,1 waiter,40,9.099,15,0.1418
2,0.01,1 waiter,41,10.116,18,0.172
2,0.01,1 waiter,42,7.687,15,0.1427
2,0.01,1 waiter,43,7.237,20,0.1971
2,0.01,1 waiter,44,5.205,11,0.1022
2,0.01,1 waiter,45,8.337,15,0.1422
2,0.01,1 waiter,46,7.681,19,0.1852
2,0.01,1 waiter,47,7.968,20,0.1958
2,0.01,1 waiter,48,0.041,15,0.1512
2,0.01,1 waiter,49,3.075,13,0.1256
2,0.01,1 waiter,50,1.464,16,0.1599
2,0.01,1 waiter,51,7.663,14,0.1327
2,0.01,1 waiter,52,3.042,17,0.1704
2,0.01,1 waiter,53,4.894,14,0.1351
2,0.01,1 waiter,54,8.947,13,0.12
2,0.01,1 waiter,55,1.675,16,0.1597
2,0.01,1 waiter,56,4.859,18,0.1782
2,0.01,1 waiter,57,1.504,15,0.1495
2,0.01,1 waiter,58,0.491,16,0.1599
2,0.01,1 waiter,59,3.109,16,0.1575
2,0.01,8 together,0,2.68,202,0.1285
2,0.01,8 together,1,5.156,232,0.1787
2,0.01,8 together,2,4.324,172,0.106
2,0.01,8 together,3,3.344,235,0.1809
2,0.01,8 together,4,5.724,188,0.1262
2,0.01,8 together,5,5.269,217,0.157
2,0.01,8 together,6,1.016,235,0.1838
2,0.01,8 together,7,3.297,188,0.1265
2,0.01,8 together,8,6.146,227,0.1687
2,0.01,8 together,9,5.106,245,0.1976
2,0.01,8 together,10,0.222,220,0.1643
2,0.01,8 together,11,4.881,196,0.135
2,0.01,8 together,12,0.411,194,0.1183
2,0.01,8 together,13,6.301,244,0.2002
2,0.01,8 together,14,-0.048,202,0.1306
2,0.01,8 together,15,1.267,235,0.1865
2,0.01,8 together,16,6.698,212,0.1561
2,0.01,8 together,17,3.445,187,0.1159
2,0.01,8 together,18,2.49,200,0.14
2,0.01,8 together,19,1.086,200,0.1386
2,0.01,8 together,20,1.485,219,0.1622
2,0.01,8 together,21,6.894,189,0.1229
2,0.01,8 together,22,9.305,212,0.1545
2,0.01,8 together,23,6.289,212,0.1556
2,0.01,8 together,24,4.738,188,0.1257
2,0.01,8 together,25,0.475,235,0.1842
2,0.01,8 together,26,0.481,211,0.1491
2,0.01,8 together,27,0.865,235,0.1839
2,0.01,8 together,28,5.144,250,0.1903
2,0.01,8 together,29,0.876,220,0.1729
2,0.01,8 together,30,7.657,221,0.1657
2,0.01,8 together,31,3.398,220,0.1696
2,0.01,8 together,32,2.938,188,0.116
2,0.01,8 together,33,-0.132,234,0.1735
2,0.01,8 together,34,1.007,243,0.1939
2,0.01,8 together,35,3.969,227,0.167
2,0.01,8 together,36,4.819,223,0.1669
2,0.01,8 together,37,0.273,235,0.1828
2,0.01,8 together,38,4.667,220,0.1588
2,0.01,8 together,39,0.508,244,0.1958
2,0.01,8 together,40,8.033,236,0.1863
2,0.01,8 together,41,5.299,179,0.1038
2,0.01,8 together,42,6.685,235,0.1751
2,0.01,8 together,43,8.713,212,0.1532
2,0.01,8 together,44,0.672,219,0.1645
2,0.01,8 together,45,3.575,203,0.1366
2,0.01,8 together,46,6.152,243,0.1945
2,0.01,8 together,47,0.173,180,0.1258
2,0.01,8 together,48,0.816,211,0.155
2,0.01,8 together,49,0.563,220,0.1654
2,0.01,8 together,50,9.103,211,0.1436
2,0.01,8 together,51,4.566,174,0.1038
2,0.01,8 together,52,7.432,172,0.1043
2,0.01,8 together,53,0.486,211,0.1538
2,0.01,8 together,54,5.249,235,0.1784
2,0.01,8 together,55,5.622,187,0.1131
2,0.01,8 together,56,0.497,227,0.172
2,0.01,8 together,57,3.437,187,0.1151
2,0.01,8 together,58,7.457,213,0.1529
2,0.01,8 together,59,3.324,197,0.1358
2,0.01,8 staggered,0,0.048,213,0.1565
2,0.01,8 staggered,1,1.026,201,0.1328
2,0.01,8 staggered,2,1.525,227,0.1664
2,0.01,8 staggered,3,0.914,238,0.1771
2,0.01,8 staggered,4,1.596,229,0.1691
2,0.01,8 staggered,5,0.036,226,0.1592
2,0.01,8 staggered,6,0.393,206,0.1409
2,0.01,8 staggered,7,2.089,190,0.1174
2,0.01,8 staggered,8,0.63,188,0.1109
2,0.01,8 staggered,9,0.507,190,0.124
2,0.01,8 staggered,10,0.679,247,0.1977
2,0.01,8 staggered,11,0.505,229,0.1593
2,0.01,8 staggered,12,1.553,188,0.1112
2,0.01,8 staggered,13,0.371,212,0.1572
2,0.01,8 staggered,14,4.035,216,0.1563
2,0.01,8 staggered,15,1.007,191,0.1238
2,0.01,8 staggered,16,0.148,202,0.1374
2,0.01,8 staggered,17,1.484,246,0.1936
2,0.01,8 staggered,18,3.002,249,0.1937
2,0.01,8 staggered,19,0.885,210,0.1417
2,0.01,8 staggered,20,2.155,237,0.1794
2,0.01,8 staggered,21,0.568,237,0.1765
2,0.01,8 staggered,22,-0.054,202,0.1287
2,0.01,8 staggered,23,0.461,209,0.1423
2,0.01,8 staggered,24,1.547,239,0.1822
2,0.01,8 staggered,25,-0.047,178,0.1059
2,0.01,8 staggered,26,2.898,229,0.1631
2,0.01,8 staggered,27,1.547,201,0.1292
2,0.01,8 staggered,28,1.573,239,0.1851
2,0.01,8 staggered,29,1.373,249,0.1962
2,0.01,8 staggered,30,0.894,236,0.1792
2,0.01,8 staggered,31,3.611,214,0.153
2,0.01,8 staggered,32,3.248,238,0.1877
2,0.01,8 staggered,33,3.832,183,0.1069
2,0.01,8 staggered,34,1.531,214,0.154
2,0.01,8 staggered,35,0.522,225,0.1658
2,0.01,8 staggered,36,3.03,224,0.1662
2,0.01,8 staggered,37,2.507,230,0.1616
2,0.01,8 staggered,38,1.637,238,0.1788
2,0.01,8 staggered,39,0.051,227,0.167
2,0.01,8 staggered,40,0.499,210,0.1446
2,0.01,8 staggered,41,1.932,198,0.135
2,0.01,8 staggered,42,0.498,239,0.1852
2,0.01,8 staggered,43,-0.049,182,0.107
2,0.01,8 staggered,44,0.536,193,0.1227
2,0.01,8 staggered,45,1.601,235,0.1772
2,0.01,8 staggered,46,0.138,225,0.1695
2,0.01,8 staggered,47,0.554,206,0.1427
2,0.01,8 staggered,48,4.902,212,0.1423
2,0.01,8 staggered,49,1.452,198,0.132
2,0.01,8 staggered,50,0.528,180,0.1038
2,0.01,8 staggered,51,2.494,224,0.1682
2,0.01,8 staggered,52,0.527,227,0.1615
2,0.01,8 staggered,53,1.517,236,0.1791
2,0.01,8 staggered,54,1.515,205,0.1404
2,0.01,8 staggered,55,2.563,188,0.1212
2,0.01,8 staggered,56,0.481,239,0.1869
2,0.01,8 staggered,57,0.485,251,0.1937
2,0.01,8 staggered,58,2.067,190,0.1213
2,0.01,8 staggered,59,0.399,249,0.1938
2,0.001,1 waiter,0,1.215,74,0.1074
2,0.001,1 waiter,1,1.539,94,0.1332
2,0.001,1 waiter,2,-0.058,69,0.1012
2,0.001,1 waiter,3,0.527,88,0.1291
2,0.001,1 waiter,4,1.007,120,0.1761
2,0.001,1 waiter,5,0.05,116,0.17
2,0.001,1 waiter,6,0.519,99,0.1476
2,0.001,1 waiter,7,0.485,121,0.1763
2,0.001,1 waiter,8,0.532,99,0.1457
2,0.001,1 waiter,9,0.516,129,0.1871
2,0.001,1 waiter,10,1.352,114,0.1619
2,0.001,1 waiter,11,0.507,80,0.1145
2,0.001,1 waiter,12,-0.06,107,0.1575
2,0.001,1 waiter,13,0.505,100,0.1484
2,0.001,1 waiter,14,0.516,105,0.154
2,0.001,1 waiter,15,-0.068,82,0.1223
2,0.001,1 waiter,16,0.519,116,0.1699
2,0.001,1 waiter,17,1.423,82,0.12
2,0.001,1 waiter,18,-0.051,90,0.1306
2,0.001,1 waiter,19,0.496,85,0.1245
2,0.001,1 waiter,20,1.028,87,0.1273
2,0.001,1 waiter,21,0.503,80,0.1187
2,0.001,1 waiter,22,1.014,120,0.1761
2,0.001,1 waiter,23,0.521,114,0.1671
2,0.001,1 waiter,24,0.502,72,0.1039
2,0.001,1 waiter,25,-0.076,108,0.1586
2,0.001,1 waiter,26,1.379,74,0.1087
2,0.001,1 waiter,27,-0.054,111,0.165
2,0.001,1 waiter,28,0.502,96,0.1414
2,0.001,1 waiter,29,0.5,106,0.1543
2,0.001,1 waiter,30,0.519,122,0.1768
2,0.001,1 waiter,31,0.522,118,0.1787
2,0.001,1 waiter,32,0.527,115,0.1688
2,0.001,1 waiter,33,0.504,90,0.1301
2,0.001,1 waiter,34,0.515,75,0.1103
2,0.001,1 waiter,35,0.532,110,0.1592
2,0.001,1 waiter,36,1.034,106,0.1539
2,0.001,1 waiter,37,1.029,131,0.1901
2,0.001,1 waiter,38,1.018,130,0.1887
2,0.001,1 waiter,39,0.511,83,0.1193
2,0.001,1 waiter,40,2.169,98,0.1418
2,0.001,1 waiter,41,0.481,117,0.1715
2,0.001,1 waiter,42,0.552,99,0.1426
2,0.001,1 waiter,43,0.518,133,0.1971
2,0.001,1 waiter,44,0.48,70,0.1019
2,0.001,1 waiter,45,0.027,96,0.1424
2,0.001,1 waiter,46,1.326,129,0.1847
2,0.001,1 waiter,47,1.492,132,0.1955
2,0.001,1 waiter,48,1.893,104,0.1512
2,0.001,1 waiter,49,1.328,87,0.1259
2,0.001,1 waiter,50,1.234,109,0.1599
2,0.001,1 waiter,51,1.426,90,0.1325
2,0.001,1 waiter,52,0.376,115,0.1702
2,0.001,1 waiter,53,2.235,90,0.135
2,0.001,1 waiter,54,0.49,81,0.1199
2,0.001,1 waiter,55,1.868,109,0.1596
2,0.001,1 waiter,56,0.504,120,0.1777
2,0.001,1 waiter,57,1.389,103,0.1498
2,0.001,1 waiter,58,1.453,111,0.1599
2,0.001,1 waiter,59,0.518,108,0.1579
2,0.001,8 together,0,0.371,1180,0.1289
2,0.001,8 together,1,0.427,1451,0.1789
2,0.001,8 together,2,0.229,1144,0.1065
2,0.001,8 together,3,0.207,1405,0.1805
2,0.001,8 together,4,0.183,1229,0.1263
2,0.001,8 together,5,0.834,1372,0.1574
2,0.001,8 together,6,0.184,1502,0.1837
2,0.001,8 together,7,0.586,1246,0.1268
2,0.001,8 together,8,0.046,1457,0.1685
2,0.001,8 together,9,0.153,1499,0.1977
2,0.001,8 together,10,1.26,1355,0.1637
2,0.001,8 together,11,0.096,1277,0.1354
2,0.001,8 together,12,-0.052,1201,0.1189
2,0.001,8 together,13,0.479,1534,0.2006
2,0.001,8 together,14,0.043,1220,0.1309
2,0.001,8 together,15,-0.054,1588,0.187
2,0.001,8 together,16,0.156,1351,0.1564
2,0.001,8 together,17,0.087,1122,0.1161
2,0.001,8 together,18,0.157,1269,0.1399
2,0.001,8 together,19,0.068,1267,0.1383
2,0.001,8 together,20,0.241,1290,0.1622
2,0.001,8 together,21,0.539,1249,0.1235
2,0.001,8 together,22,0.42,1334,0.1543
2,0.001,8 together,23,0.068,1379,0.1561
2,0.001,8 together,24,0.082,1178,0.1265
2,0.001,8 together,25,1.282,1463,0.1844
2,0.001,8 together,26,-0.289,1396,0.1496
2,0.001,8 together,27,0.532,1405,0.1836
2,0.001,8 together,28,-0.053,1438,0.1906
2,0.001,8 together,29,-0.057,1430,0.1725
2,0.001,8 together,30,0.251,1416,0.1661
2,0.001,8 together,31,-0.175,1416,0.1701
2,0.001,8 together,32,0.456,1108,0.1163
2,0.001,8 together,33,0.029,1461,0.1736
2,0.001,8 together,34,-0.049,1537,0.1946
2,0.001,8 together,35,0.251,1393,0.1675
2,0.001,8 together,36,-0.05,1410,0.1671
2,0.001,8 together,37,1.154,1529,0.1824
2,0.001,8 together,38,0.095,1353,0.1591
2,0.001,8 together,39,0.132,1482,0.1961
2,0.001,8 together,40,-0.053,1492,0.1863
2,0.001,8 together,41,0.128,1139,0.1042
2,0.001,8 together,42,1.428,1425,0.1761
2,0.001,8 together,43,-0.277,1343,0.1537
2,0.001,8 together,44,0.098,1370,0.1646
2,0.001,8 together,45,1.597,1316,0.1373
2,0.001,8 together,46,0.046,1542,0.1942
2,0.001,8 together,47,-0.045,1203,0.1255
2,0.001,8 together,48,-0.058,1360,0.1554
2,0.001,8 together,49,0.563,1474,0.1652
2,0.001,8 together,50,0.453,1275,0.1436
2,0.001,8 together,51,0.051,1139,0.1036
2,0.001,8 together,52,-0.084,1116,0.1047
2,0.001,8 together,53,0.175,1335,0.1541
2,0.001,8 together,54,0.244,1381,0.1785
2,0.001,8 together,55,2.199,1067,0.1136
2,0.001,8 together,56,0.781,1389,0.1724
2,0.001,8 together,57,0.285,1155,0.1156
2,0.001,8 together,58,0.028,1317,0.1536
2,0.001,8 together,59,0.506,1238,0.1356
2,0.001,8 staggered,0,0.083,1378,0.1567
2,0.001,8 staggered,1,0.492,1241,0.1326
2,0.001,8 staggered,2,0.026,1389,0.1664
2,0.001,8 staggered,3,0.04,1394,0.1773
2,0.001,8 staggered,4,-0.055,1435,0.1692
2,0.001,8 staggered,5,0.705,1352,0.1591
2,0.001,8 staggered,6,1.201,1272,0.1409
2,0.001,8 staggered,7,0.15,1127,0.1176
2,0.001,8 staggered,8,0.519,1093,0.1112
2,0.001,8 staggered,9,0.165,1252,0.1245
2,0.001,8 staggered,10,0.805,1562,0.1977
2,0.001,8 staggered,11,0.046,1380,0.1595
2,0.001,8 staggered,12,0.53,1145,0.1113
2,0.001,8 staggered,13,0.393,1395,0.1573
2,0.001,8 staggered,14,-0.116,1326,0.1567
2,0.001,8 staggered,15,0.488,1181,0.1244
2,0.001,8 staggered,16,1.354,1240,0.1377
2,0.001,8 staggered,17,0.069,1528,0.1937
2,0.001,8 staggered,18,-0.055,1472,0.1936
2,0.001,8 staggered,19,-0.053,1213,0.1419
2,0.001,8 staggered,20,-0.261,1379,0.18
2,0.001,8 staggered,21,-0.063,1449,0.1776
2,0.001,8 staggered,22,1.62,1220,0.129
2,0.001,8 staggered,23,0.167,1281,0.1427
2,0.001,8 staggered,24,-0.052,1482,0.1823
2,0.001,8 staggered,25,0.219,1153,0.1061
2,0.001,8 staggered,26,0.084,1327,0.1634
2,0.001,8 staggered,27,0.069,1210,0.1295
2,0.001,8 staggered,28,0.689,1475,0.1853
2,0.001,8 staggered,29,-0.306,1607,0.1966
2,0.001,8 staggered,30,-0.05,1407,0.179
2,0.001,8 staggered,31,1.303,1297,0.1529
2,0.001,8 staggered,32,0.824,1490,0.1876
2,0.001,8 staggered,33,0.15,1165,0.1069
2,0.001,8 staggered,34,0.402,1339,0.154
2,0.001,8 staggered,35,0.51,1450,0.1662
2,0.001,8 staggered,36,1.784,1389,0.1667
2,0.001,8 staggered,37,0.321,1297,0.1621
2,0.001,8 staggered,38,0.203,1398,0.1792
2,0.001,8 staggered,39,-0.052,1335,0.1674
2,0.001,8 staggered,40,-0.05,1213,0.1451
2,0.001,8 staggered,41,0.948,1269,0.135
2,0.001,8 staggered,42,0.17,1442,0.1855
2,0.001,8 staggered,43,0.048,1151,0.1069
2,0.001,8 staggered,44,-0.053,1125,0.1231
2,0.001,8 staggered,45,0.196,1423,0.1776
2,0.001,8 staggered,46,0.545,1384,0.169
2,0.001,8 staggered,47,0.503,1277,0.1425
2,0.001,8 staggered,48,0.02,1309,0.1433
2,0.001,8 staggered,49,0.345,1226,0.1319
2,0.001,8 staggered,50,0.448,1099,0.1042
2,0.001,8 staggered,51,0.677,1389,0.1683
2,0.001,8 staggered,52,0.893,1292,0.1614
2,0.001,8 staggered,53,0.395,1494,0.1796
2,0.001,8 staggered,54,0.379,1251,0.1406
2,0.001,8 staggered,55,0.501,1193,0.1211
2,0.001,8 staggered,56,-0.052,1498,0.1868
2,0.001,8 staggered,57,0.391,1495,0.1941
2,0.001,8 staggered,58,-0.157,1203,0.1219
2,0.001,8 staggered,59,0.038,1515,0.1934
3,0.1,1 waiter,0,61.849,3,0.1409
3,0.1,1 waiter,1,21.133,3,0.1809
3,0.1,1 waiter,2,52.051,3,0.1504
3,0.1,1 waiter,3,55.982,3,0.1466
3,0.1,1 waiter,4,77.605,3,0.1242
3,0.1,1 waiter,5,34.534,3,0.1676
3,0.1,1 waiter,6,75.671,3,0.1264
3,0.1,1 waiter,7,4.474,3,0.198
3,0.1,1 waiter,8,77.241,3,0.1254
3,0.1,1 waiter,9,5.26,3,0.1973
3,0.1,1 waiter,10,91.505,3,0.1105
3,0.1,1 waiter,11,56.373,3,0.1456
3,0.1,1 waiter,12,46.132,3,0.1562
3,0.1,1 waiter,13,5.87,3,0.1961
3,0.1,1 waiter,14,16.783,3,0.1855
3,0.1,1 waiter,15,70.521,3,0.1316
3,0.1,1 waiter,16,37.749,3,0.1641
3,0.1,1 waiter,17,15.728,3,0.1866
3,0.1,1 waiter,18,83.585,3,0.1188
3,0.1,1 waiter,19,19.08,3,0.183
3,0.1,1 waiter,20,20.827,3,0.182
3,0.1,1 waiter,21,4.523,3,0.1975
3,0.1,1 waiter,22,79.448,3,0.1227
3,0.1,1 waiter,23,27.113,3,0.1748
3,0.1,1 waiter,24,56.256,3,0.1465
3,0.1,1 waiter,25,5.905,3,0.1964
3,0.1,1 waiter,26,24.803,3,0.1778
3,0.1,1 waiter,27,99.695,3,0.1026
3,0.1,1 waiter,28,7.335,3,0.195
3,0.1,1 waiter,29,18.978,3,0.1833
3,0.1,1 waiter,30,73.404,3,0.129
3,0.1,1 waiter,31,4.984,3,0.1976
3,0.1,1 waiter,32,85.246,3,0.117
3,0.1,1 waiter,33,7.345,3,0.1949
3,0.1,1 waiter,34,41.82,3,0.1606
3,0.1,1 waiter,35,99.719,3,0.1028
3,0.1,1 waiter,36,20.292,3,0.1817
3,0.1,1 waiter,37,70.206,3,0.1322
3,0.1,1 waiter,38,94.136,3,0.1077
3,0.1,1 waiter,39,85.74,3,0.117
3,0.1,1 waiter,40,92.73,3,0.1095
3,0.1,1 waiter,41,56.404,3,0.1459
3,0.1,1 waiter,42,72.514,3,0.1296
3,0.1,1 waiter,43,9.887,3,0.1927
3,0.1,1 waiter,44,63.021,3,0.1393
3,0.1,1 waiter,45,90.4,3,0.1115
3,0.1,1 waiter,46,-0.071,2,0.1015
3,0.1,1 waiter,47,30.455,3,0.1719
3,0.1,1 waiter,48,90.845,3,0.1117
3,0.1,1 waiter,49,5.28,3,0.1967
3,0.1,1 waiter,50,25.556,3,0.1763
3,0.1,1 waiter,51,45.022,3,0.1576
3,0.1,1 waiter,52,43.931,3,0.1582
3,0.1,1 waiter,53,73.828,3,0.1288
3,0.1,1 waiter,54,10.918,3,0.1913
3,0.1,1 waiter,55,70.821,3,0.1314
3,0.1,1 waiter,56,87.523,3,0.1152
3,0.1,1 waiter,57,43.753,3,0.1587
3,0.1,1 waiter,58,14.399,3,0.1875
3,0.1,1 waiter,59,4.563,3,0.1976
3,0.1,8 together,0,84.728,24,0.1194
3,0.1,8 together,1,6.457,31,0.1973
3,0.1,8 together,2,67.306,24,0.1364
3,0.1,8 together,3,22.229,31,0.1808
3,0.1,8 together,4,76.298,24,0.1275
3,0.1,8 together,5,59.768,24,0.1443
3,0.1,8 together,6,16.449,31,0.1871
3,0.1,8 together,7,11.391,31,0.1923
3,0.1,8 together,8,13.409,31,0.1896
3,0.1,8 together,9,59.472,24,0.1437
3,0.1,8 together,10,86.011,24,0.118
3,0.1,8 together,11,45.621,31,0.1573
3,0.1,8 together,12,94.312,24,0.1095
3,0.1,8 together,13,97.331,24,0.106
3,0.1,8 together,14,78.446,24,0.1258
3,0.1,8 together,15,40.279,31,0.1638
3,0.1,8 together,16,33.819,31,0.1691
3,0.1,8 together,17,55.952,24,0.148
3,0.1,8 together,18,42.358,31,0.162
3,0.1,8 together,19,60.204,24,0.1423
3,0.1,8 together,20,10.851,31,0.192
3,0.1,8 together,21,55.737,24,0.1478
3,0.1,8 together,22,47.338,31,0.1566
3,0.1,8 together,23,77.554,24,0.1259
3,0.1,8 together,24,62.406,24,0.1409
3,0.1,8 together,25,26.275,31,0.1769
3,0.1,8 together,26,52.407,24,0.1519
3,0.1,8 together,27,74.533,24,0.1283
3,0.1,8 together,28,83.425,24,0.1199
3,0.1,8 together,29,8.771,31,0.195
3,0.1,8 together,30,58.76,24,0.1451
3,0.1,8 together,31,69.332,24,0.1346
3,0.1,8 together,32,51.672,24,0.1509
3,0.1,8 together,33,32.2,31,0.1717
3,0.1,8 together,34,54.916,24,0.1487
3,0.1,8 together,35,76.772,24,0.1266
3,0.1,8 together,36,68.563,24,0.1358
3,0.1,8 together,37,94.598,24,0.1092
3,0.1,8 together,38,44.741,31,0.1583
3,0.1,8 together,39,46.498,31,0.1569
3,0.1,8 together,40,17.307,31,0.1854
3,0.1,8 together,41,77.003,24,0.1266
3,0.1,8 together,42,85.982,24,0.1166
3,0.1,8 together,43,14.246,31,0.1888
3,0.1,8 together,44,24.898,31,0.1791
3,0.1,8 together,45,81.86,24,0.1215
3,0.1,8 together,46,50.296,24,0.1533
3,0.1,8 together,47,91.908,24,0.1122
3,0.1,8 together,48,33.503,31,0.1705
3,0.1,8 together,49,55.063,24,0.1491
3,0.1,8 together,50,91.097,24,0.111
3,0.1,8 together,51,5.043,31,0.1988
3,0.1,8 together,52,35.649,31,0.1684
3,0.1,8 together,53,3.337,31,0.1993
3,0.1,8 together,54,71.57,24,0.132
3,0.1,8 together,55,10.203,31,0.1933
3,0.1,8 together,56,41.374,31,0.1622
3,0.1,8 together,57,75.818,24,0.1272
3,0.1,8 together,58,46.245,31,0.1583
3,0.1,8 together,59,38.575,31,0.164
3,0.1,8 staggered,0,12.864,23,0.1068
3,0.1,8 staggered,1,18.606,30,0.1811
3,0.1,8 staggered,2,21.805,30,0.1602
3,0.1,8 staggered,3,10.031,23,0.1072
3,0.1,8 staggered,4,6.932,24,0.1441
3,0.1,8 staggered,5,2.529,23,0.1084
3,0.1,8 staggered,6,8.075,23,0.1244
3,0.1,8 staggered,7,11.524,23,0.1088
3,0.1,8 staggered,8,1.519,24,0.1376
3,0.1,8 staggered,9,0.908,23,0.1012
3,0.1,8 staggered,10,13.908,30,0.1755
3,0.1,8 staggered,11,35.097,23,0.1222
3,0.1,8 staggered,12,30.581,25,0.1446
3,0.1,8 staggered,13,5.914,30,0.1587
3,0.1,8 staggered,14,4.406,23,0.1064
3,0.1,8 staggered,15,1.953,30,0.1775
3,0.1,8 staggered,16,0.43,23,0.121
3,0.1,8 staggered,17,9.667,30,0.1899
3,0.1,8 staggered,18,40.497,31,0.1727
3,0.1,8 staggered,19,24.128,23,0.1155
3,0.1,8 staggered,20,11.92,25,0.153
3,0.1,8 staggered,21,10.713,23,0.1487
3,0.1,8 staggered,22,5.871,31,0.2003
3,0.1,8 staggered,23,10.714,23,0.1051
3,0.1,8 staggered,24,11.954,23,0.118
3,0.1,8 staggered,25,3.326,30,0.1865
3,0.1,8 staggered,26,4.884,23,0.1064
3,0.1,8 staggered,27,7.829,23,0.113
3,0.1,8 staggered,28,7.792,30,0.1788
3,0.1,8 staggered,29,9.825,23,0.1091
3,0.1,8 staggered,30,13.452,30,0.1638
3,0.1,8 staggered,31,6.065,30,0.1878
3,0.1,8 staggered,32,13.234,30,0.1768
3,0.1,8 staggered,33,1.483,23,0.1292
3,0.1,8 staggered,34,13.362,24,0.1402
3,0.1,8 staggered,35,10.183,30,0.1556
3,0.1,8 staggered,36,3.632,30,0.169
3,0.1,8 staggered,37,38.979,31,0.1887
3,0.1,8 staggered,38,15.78,23,0.1326
3,0.1,8 staggered,39,11.584,31,0.1912
3,0.1,8 staggered,40,2.301,30,0.1659
3,0.1,8 staggered,41,8.508,23,0.1432
3,0.1,8 staggered,42,2.638,23,0.117
3,0.1,8 staggered,43,3.424,30,0.186
3,0.1,8 staggered,44,25.538,31,0.1896
3,0.1,8 staggered,45,16.443,23,0.1155
3,0.1,8 staggered,46,6.734,30,0.1801
3,0.1,8 staggered,47,13.358,24,0.1491
3,0.1,8 staggered,48,5.926,23,0.1168
3,0.1,8 staggered,49,1.309,30,0.1851
3,0.1,8 staggered,50,6.233,30,0.1949
3,0.1,8 staggered,51,4.461,24,0.1399
3,0.1,8 staggered,52,2.738,23,0.1502
3,0.1,8 staggered,53,12.802,30,0.18
3,0.1,8 staggered,54,8.336,23,0.1254
3,0.1,8 staggered,55,2.597,23,0.1532
3,0.1,8 staggered,56,19.505,30,0.1809
3,0.1,8 staggered,57,0.841,30,0.1937
3,0.1,8 staggered,58,12.36,23,0.1329
3,0.1,8 staggered,59,3.358,23,0.1347
3,0.01,1 waiter,0,10.336,15,0.1407
3,0.01,1 waiter,1,0.431,18,0.1804
3,0.01,1 waiter,2,1.044,15,0.1499
3,0.01,1 waiter,3,3.923,15,0.1465
3,0.01,1 waiter,4,3.391,13,0.1246
3,0.01,1 waiter,5,4.405,17,0.1676
3,0.01,1 waiter,6,2.877,13,0.1262
3,0.01,1 waiter,7,4.631,20,0.1981
3,0.01,1 waiter,8,4.086,13,0.1251
3,0.01,1 waiter,9,7.554,20,0.1967
3,0.01,1 waiter,10,8.781,12,0.1104
3,0.01,1 waiter,11,4.655,15,0.1455
3,0.01,1 waiter,12,5.502,16,0.1561
3,0.01,1 waiter,13,8.078,20,0.1955
3,0.01,1 waiter,14,8.218,19,0.1851
3,0.01,1 waiter,15,7.764,14,0.1316
3,0.01,1 waiter,16,7.748,17,0.1642
3,0.01,1 waiter,17,7.956,19,0.1862
3,0.01,1 waiter,18,0.568,12,0.1182
3,0.01,1 waiter,19,0.492,18,0.1824
3,0.01,1 waiter,20,0.436,18,0.1819
3,0.01,1 waiter,21,6.869,20,0.197
3,0.01,1 waiter,22,6.26,13,0.1226
3,0.01,1 waiter,23,7.805,18,0.1742
3,0.01,1 waiter,24,5.312,15,0.1463
3,0.01,1 waiter,25,7.702,20,0.1961
3,0.01,1 waiter,26,5.03,18,0.1777
3,0.01,1 waiter,27,4.895,11,0.1026
3,0.01,1 waiter,28,9.533,20,0.1948
3,0.01,1 waiter,29,10.194,19,0.1832
3,0.01,1 waiter,30,10.795,14,0.1291
3,0.01,1 waiter,31,7.035,20,0.1971
3,0.01,1 waiter,32,2.39,12,0.117
3,0.01,1 waiter,33,9.293,20,0.1945
3,0.01,1 waiter,34,0.462,16,0.1604
3,0.01,1 waiter,35,5.433,11,0.1032
3,0.01,1 waiter,36,0.499,18,0.1816
3,0.01,1 waiter,37,7.23,14,0.1325
3,0.01,1 waiter,38,0.57,11,0.1078
3,0.01,1 waiter,39,10.728,13,0.1174
3,0.01,1 waiter,40,8.725,12,0.1096
3,0.01,1 waiter,41,3.651,15,0.1457
3,0.01,1 waiter,42,0.5,13,0.1293
3,0.01,1 waiter,43,0.504,19,0.1927
3,0.01,1 waiter,44,-0.056,14,0.1394
3,0.01,1 waiter,45,5.972,12,0.1114
3,0.01,1 waiter,46,7.424,11,0.1008
3,0.01,1 waiter,47,9.453,18,0.1713
3,0.01,1 waiter,48,6.807,12,0.1114
3,0.01,1 waiter,49,10.004,20,0.1964
3,0.01,1 waiter,50,8.766,18,0.1759
3,0.01,1 waiter,51,4.934,16,0.1576
3,0.01,1 waiter,52,4.683,16,0.1583
3,0.01,1 waiter,53,2.032,13,0.1286
3,0.01,1 waiter,54,4.254,19,0.1913
3,0.01,1 waiter,55,9.516,14,0.1316
3,0.01,1 waiter,56,5.769,12,0.1153
3,0.01,1 waiter,57,4.643,16,0.1584
3,0.01,1 waiter,58,8.361,19,0.1873
3,0.01,1 waiter,59,9.999,20,0.1975
3,0.01,8 together,0,0.486,187,0.1193
3,0.01,8 together,1,1.037,244,0.1972
3,0.01,8 together,2,5.023,196,0.1364
3,0.01,8 together,3,2.588,236,0.1808
3,0.01,8 together,4,3.228,195,0.1272
3,0.01,8 together,5,0.093,210,0.1444
3,0.01,8 together,6,0.513,235,0.1866
3,0.01,8 together,7,3.757,250,0.1916
3,0.01,8 together,8,2.733,243,0.1895
3,0.01,8 together,9,0.04,211,0.1443
3,0.01,8 together,10,0.426,187,0.1182
3,0.01,8 together,11,7.372,212,0.157
3,0.01,8 together,12,0.549,175,0.1094
3,0.01,8 together,13,5.645,172,0.1062
3,0.01,8 together,14,6.024,188,0.1255
3,0.01,8 together,15,0.537,226,0.1631
3,0.01,8 together,16,3.295,221,0.1692
3,0.01,8 together,17,4.335,211,0.1482
3,0.01,8 together,18,0.546,220,0.1616
3,0.01,8 together,19,0.101,210,0.1425
3,0.01,8 together,20,2.947,243,0.1918
3,0.01,8 together,21,5.359,211,0.1476
3,0.01,8 together,22,6.456,212,0.1563
3,0.01,8 together,23,5.532,198,0.1257
3,0.01,8 together,24,2.42,196,0.1408
3,0.01,8 together,25,6.626,235,0.1768
3,0.01,8 together,26,0.887,211,0.1517
3,0.01,8 together,27,0.908,198,0.1284
3,0.01,8 together,28,1.004,187,0.1198
3,0.01,8 together,29,-0.077,243,0.1956
3,0.01,8 together,30,5.822,211,0.1451
3,0.01,8 together,31,6.16,199,0.1339
3,0.01,8 together,32,0.474,211,0.1512
3,0.01,8 together,33,1.709,222,0.1715
3,0.01,8 together,34,1.982,211,0.1486
3,0.01,8 together,35,2.895,202,0.1269
3,0.01,8 together,36,4.677,202,0.1355
3,0.01,8 together,37,0.912,175,0.1095
3,0.01,8 together,38,3.582,219,0.158
3,0.01,8 together,39,5.491,213,0.1564
3,0.01,8 together,40,0.355,235,0.1851
3,0.01,8 together,41,3.895,188,0.1262
3,0.01,8 together,42,2.553,189,0.1163
3,0.01,8 together,43,4.085,236,0.1882
3,0.01,8 together,44,4.688,235,0.1791
3,0.01,8 together,45,7.461,188,0.1216
3,0.01,8 together,46,0.462,211,0.1529
3,0.01,8 together,47,8.592,187,0.1121
3,0.01,8 together,48,1.543,227,0.1705
3,0.01,8 together,49,1.348,211,0.149
3,0.01,8 together,50,8.78,187,0.111
3,0.01,8 together,51,6.419,247,0.1987
3,0.01,8 together,52,5.928,220,0.1684
3,0.01,8 together,53,6.34,251,0.1986
3,0.01,8 together,54,8.731,201,0.1319
3,0.01,8 together,55,1.302,243,0.1936
3,0.01,8 together,56,0.985,222,0.1624
3,0.01,8 together,57,3.498,195,0.1269
3,0.01,8 together,58,5.134,226,0.1581
3,0.01,8 together,59,0.102,224,0.1645
3,0.01,8 staggered,0,0.501,180,0.1071
3,0.01,8 staggered,1,1.105,241,0.1813
3,0.01,8 staggered,2,1.014,225,0.1603
3,0.01,8 staggered,3,2.793,183,0.1069
3,0.01,8 staggered,4,0.49,216,0.1439
3,0.01,8 staggered,5,1.448,179,0.1086
3,0.01,8 staggered,6,-0.083,189,0.125
3,0.01,8 staggered,7,0.507,181,0.1086
3,0.01,8 staggered,8,1.486,203,0.1378
3,0.01,8 staggered,9,0.527,180,0.1011
3,0.01,8 staggered,10,0.996,239,0.1753
3,0.01,8 staggered,11,2.51,193,0.1216
3,0.01,8 staggered,12,2.505,214,0.1445
3,0.01,8 staggered,13,1.599,227,0.1585
3,0.01,8 staggered,14,1.672,180,0.1066
3,0.01,8 staggered,15,1.028,238,0.1775
3,0.01,8 staggered,16,1.403,190,0.1208
3,0.01,8 staggered,17,0.922,248,0.19
3,0.01,8 staggered,18,0.992,231,0.1729
3,0.01,8 staggered,19,0.503,189,0.1151
3,0.01,8 staggered,20,0.981,216,0.1531
3,0.01,8 staggered,21,2.805,217,0.1485
3,0.01,8 staggered,22,1.547,248,0.2003
3,0.01,8 staggered,23,0.245,180,0.1053
3,0.01,8 staggered,24,2.08,190,0.1178
3,0.01,8 staggered,25,0.383,235,0.186
3,0.01,8 staggered,26,1.646,179,0.1064
3,0.01,8 staggered,27,0.477,189,0.1131
3,0.01,8 staggered,28,0.996,235,0.1788
3,0.01,8 staggered,29,0.517,179,0.1089
3,0.01,8 staggered,30,1.627,226,0.1643
3,0.01,8 staggered,31,4.443,240,0.188
3,0.01,8 staggered,32,0.591,240,0.1763
3,0.01,8 staggered,33,2.776,207,0.1292
3,0.01,8 staggered,34,1.702,206,0.1403
3,0.01,8 staggered,35,0.516,216,0.1557
3,0.01,8 staggered,36,-0.059,228,0.1692
3,0.01,8 staggered,37,0.511,240,0.1884
3,0.01,8 staggered,38,0.992,206,0.1323
3,0.01,8 staggered,39,1.488,249,0.1911
3,0.01,8 staggered,40,5.136,225,0.1661
3,0.01,8 staggered,41,0.519,214,0.1433
3,0.01,8 staggered,42,1.032,187,0.1167
3,0.01,8 staggered,43,1.048,236,0.1859
3,0.01,8 staggered,44,2.559,245,0.19
3,0.01,8 staggered,45,0.572,192,0.1159
3,0.01,8 staggered,46,0.232,237,0.1806
3,0.01,8 staggered,47,-0.078,213,0.1487
3,0.01,8 staggered,48,1.554,190,0.117
3,0.01,8 staggered,49,0.992,239,0.1847
3,0.01,8 staggered,50,0.625,249,0.1943
3,0.01,8 staggered,51,1.563,203,0.1395
3,0.01,8 staggered,52,0.483,214,0.15
3,0.01,8 staggered,53,0.487,236,0.1796
3,0.01,8 staggered,54,5.608,193,0.1256
3,0.01,8 staggered,55,-0.048,213,0.1534
3,0.01,8 staggered,56,4.868,236,0.1811
3,0.01,8 staggered,57,4.0,248,0.1936
3,0.01,8 staggered,58,0.026,202,0.1331
3,0.01,8 staggered,59,3.932,201,0.135
3,0.001,1 waiter,0,0.51,97,0.1402
3,0.001,1 waiter,1,1.017,121,0.1804
3,0.001,1 waiter,2,0.495,104,0.15
3,0.001,1 waiter,3,0.531,100,0.1465
3,0.001,1 waiter,4,0.413,85,0.1243
3,0.001,1 waiter,5,0.37,114,0.168
3,0.001,1 waiter,6,1.351,87,0.1262
3,0.001,1 waiter,7,1.01,136,0.1979
3,0.001,1 waiter,8,1.029,84,0.1248
3,0.001,1 waiter,9,-0.063,134,0.1973
3,0.001,1 waiter,10,0.506,75,0.1102
3,0.001,1 waiter,11,0.509,99,0.1455
3,0.001,1 waiter,12,1.362,104,0.1563
3,0.001,1 waiter,13,0.517,131,0.1957
3,0.001,1 waiter,14,1.322,127,0.1851
3,0.001,1 waiter,15,0.459,91,0.1317
3,0.001,1 waiter,16,1.43,113,0.1639
3,0.001,1 waiter,17,0.043,127,0.1863
3,0.001,1 waiter,18,1.894,82,0.1184
3,0.001,1 waiter,19,1.357,127,0.1826
3,0.001,1 waiter,20,-0.056,122,0.1821
3,0.001,1 waiter,21,0.031,135,0.1975
3,0.001,1 waiter,22,0.99,85,0.1225
3,0.001,1 waiter,23,0.438,119,0.1747
3,0.001,1 waiter,24,0.516,99,0.1465
3,0.001,1 waiter,25,1.178,133,0.1962
3,0.001,1 waiter,26,1.848,122,0.1779
3,0.001,1 waiter,27,1.049,70,0.1023
3,0.001,1 waiter,28,-0.051,135,0.195
3,0.001,1 waiter,29,0.506,125,0.1831
3,0.001,1 waiter,30,0.519,86,0.129
3,0.001,1 waiter,31,1.397,135,0.1971
3,0.001,1 waiter,32,0.122,79,0.1167
3,0.001,1 waiter,33,1.022,135,0.1945
3,0.001,1 waiter,34,0.487,111,0.16
3,0.001,1 waiter,35,1.878,72,0.1029
3,0.001,1 waiter,36,0.443,124,0.1816
3,0.001,1 waiter,37,1.416,91,0.1323
3,0.001,1 waiter,38,0.518,75,0.1077
3,0.001,1 waiter,39,1.656,79,0.1176
3,0.001,1 waiter,40,-0.051,75,0.1096
3,0.001,1 waiter,41,1.048,102,0.1456
3,0.001,1 waiter,42,1.056,91,0.1293
3,0.001,1 waiter,43,0.512,131,0.1923
3,0.001,1 waiter,44,1.03,95,0.1391
3,0.001,1 waiter,45,0.501,75,0.1111
3,0.001,1 waiter,46,1.019,70,0.1009
3,0.001,1 waiter,47,0.511,117,0.1711
3,0.001,1 waiter,48,0.494,75,0.1113
3,0.001,1 waiter,49,0.515,134,0.1964
3,0.001,1 waiter,50,0.061,120,0.1756
3,0.001,1 waiter,51,1.513,107,0.1577
3,0.001,1 waiter,52,0.501,104,0.1577
3,0.001,1 waiter,53,0.508,90,0.1287
3,0.001,1 waiter,54,0.487,129,0.1908
3,0.001,1 waiter,55,0.038,91,0.1321
3,0.001,1 waiter,56,1.027,79,0.1153
3,0.001,1 waiter,57,1.058,108,0.1586
3,0.001,1 waiter,58,1.365,130,0.1875
3,0.001,1 waiter,59,-0.056,134,0.1975
3,0.001,8 together,0,-0.056,1139,0.1195
3,0.001,8 together,1,0.044,1531,0.1974
3,0.001,8 together,2,0.071,1343,0.1362
3,0.001,8 together,3,0.409,1532,0.1807
3,0.001,8 together,4,0.313,1206,0.128
3,0.001,8 together,5,0.477,1300,0.1442
3,0.001,8 together,6,0.561,1522,0.187
3,0.001,8 together,7,0.493,1560,0.1919
3,0.001,8 together,8,0.113,1473,0.1898
3,0.001,8 together,9,0.047,1275,0.1442
3,0.001,8 together,10,0.18,1246,0.1185
3,0.001,8 together,11,0.1,1405,0.1567
3,0.001,8 together,12,0.038,1146,0.1097
3,0.001,8 together,13,0.256,1177,0.1067
3,0.001,8 together,14,-0.054,1204,0.1257
3,0.001,8 together,15,0.112,1383,0.1638
3,0.001,8 together,16,0.717,1432,0.1691
3,0.001,8 together,17,0.403,1309,0.1484
3,0.001,8 together,18,0.173,1332,0.1623
3,0.001,8 together,19,0.028,1329,0.1423
3,0.001,8 together,20,0.215,1520,0.1917
3,0.001,8 together,21,0.166,1294,0.1481
3,0.001,8 together,22,0.175,1314,0.1563
3,0.001,8 together,23,0.158,1264,0.1256
3,0.001,8 together,24,0.138,1271,0.1411
3,0.001,8 together,25,0.041,1407,0.1769
3,0.001,8 together,26,0.235,1358,0.1516
3,0.001,8 together,27,0.514,1204,0.1285
3,0.001,8 together,28,-0.05,1233,0.12
3,0.001,8 together,29,0.09,1521,0.1953
3,0.001,8 together,30,0.728,1319,0.1448
3,0.001,8 together,31,-0.118,1274,0.1345
3,0.001,8 together,32,0.939,1325,0.1507
3,0.001,8 together,33,0.054,1436,0.1713
3,0.001,8 together,34,0.169,1369,0.1488
3,0.001,8 together,35,0.304,1240,0.1271
3,0.001,8 together,36,1.422,1252,0.1357
3,0.001,8 together,37,0.047,1110,0.1091
3,0.001,8 together,38,0.048,1412,0.1581
3,0.001,8 together,39,0.122,1357,0.1564
3,0.001,8 together,40,0.471,1456,0.1853
3,0.001,8 together,41,-0.055,1191,0.1265
3,0.001,8 together,42,0.266,1195,0.1167
3,0.001,8 together,43,-0.055,1527,0.1887
3,0.001,8 together,44,0.489,1404,0.179
3,0.001,8 together,45,1.692,1197,0.1217
3,0.001,8 together,46,0.093,1370,0.1533
3,0.001,8 together,47,0.041,1196,0.1121
3,0.001,8 together,48,0.812,1373,0.1705
3,0.001,8 together,49,1.809,1306,0.1491
3,0.001,8 together,50,0.723,1125,0.1113
3,0.001,8 together,51,0.131,1573,0.1989
3,0.001,8 together,52,0.674,1411,0.1681
3,0.001,8 together,53,0.053,1553,0.1988
3,0.001,8 together,54,0.077,1226,0.1323
3,0.001,8 together,55,-0.228,1469,0.1938
3,0.001,8 together,56,0.793,1308,0.1626
3,0.001,8 together,57,0.049,1200,0.1284
3,0.001,8 together,58,0.049,1404,0.1581
3,0.001,8 together,59,0.704,1392,0.164
3,0.001,8 staggered,0,0.026,1182,0.1073
3,0.001,8 staggered,1,0.094,1546,0.1813
3,0.001,8 staggered,2,-0.052,1309,0.1607
3,0.001,8 staggered,3,0.579,1109,0.1073
3,0.001,8 staggered,4,0.138,1340,0.1444
3,0.001,8 staggered,5,0.084,1181,0.1084
3,0.001,8 staggered,6,0.656,1204,0.1248
3,0.001,8 staggered,7,-0.116,1112,0.1087
3,0.001,8 staggered,8,0.483,1288,0.1377
3,0.001,8 staggered,9,0.299,1108,0.1009
3,0.001,8 staggered,10,0.56,1389,0.1755
3,0.001,8 staggered,11,0.064,1185,0.1221
3,0.001,8 staggered,12,0.462,1286,0.1448
3,0.001,8 staggered,13,0.561,1402,0.1588
3,0.001,8 staggered,14,0.172,1112,0.1066
3,0.001,8 staggered,15,0.051,1432,0.178
3,0.001,8 staggered,16,1.326,1234,0.1208
3,0.001,8 staggered,17,0.559,1514,0.1903
3,0.001,8 staggered,18,0.4,1425,0.1731
3,0.001,8 staggered,19,0.162,1132,0.116
3,0.001,8 staggered,20,0.053,1286,0.1531
3,0.001,8 staggered,21,0.217,1260,0.1482
3,0.001,8 staggered,22,1.228,1569,0.2003
3,0.001,8 staggered,23,0.048,1125,0.1053
3,0.001,8 staggered,24,0.679,1261,0.1176
3,0.001,8 staggered,25,0.045,1535,0.186
3,0.001,8 staggered,26,0.577,1118,0.107
3,0.001,8 staggered,27,-0.078,1150,0.1135
3,0.001,8 staggered,28,1.452,1427,0.1791
3,0.001,8 staggered,29,0.428,1148,0.1088
3,0.001,8 staggered,30,0.089,1376,0.1643
3,0.001,8 staggered,31,1.673,1529,0.1883
3,0.001,8 staggered,32,-0.049,1421,0.1767
3,0.001,8 staggered,33,0.197,1222,0.1292
3,0.001,8 staggered,34,0.625,1308,0.1403
3,0.001,8 staggered,35,0.107,1401,0.1561
3,0.001,8 staggered,36,0.044,1360,0.1687
3,0.001,8 staggered,37,-0.063,1575,0.1891
3,0.001,8 staggered,38,0.334,1207,0.1327
3,0.001,8 staggered,39,-0.053,1523,0.1912
3,0.001,8 staggered,40,0.048,1414,0.1659
3,0.001,8 staggered,41,0.09,1308,0.1438
3,0.001,8 staggered,42,1.04,1130,0.1171
3,0.001,8 staggered,43,0.105,1493,0.1861
3,0.001,8 staggered,44,-0.083,1502,0.1899
3,0.001,8 staggered,45,-0.064,1070,0.1163
3,0.001,8 staggered,46,0.05,1492,0.1803
3,0.001,8 staggered,47,0.373,1386,0.1489
3,0.001,8 staggered,48,0.696,1074,0.1169
3,0.001,8 staggered,49,0.514,1487,0.1849
3,0.001,8 staggered,50,0.168,1502,0.195
3,0.001,8 staggered,51,0.365,1299,0.1399
3,0.001,8 staggered,52,0.284,1333,0.1502
3,0.001,8 staggered,53,0.405,1533,0.1799
3,0.001,8 staggered,54,0.425,1233,0.1259
3,0.001,8 staggered,55,0.115,1356,0.1534
3,0.001,8 staggered,56,0.025,1554,0.1808
3,0.001,8 staggered,57,0.236,1526,0.1936
3,0.001,8 staggered,58,-0.055,1269,0.1332
3,0.001,8 staggered,59,0.63,1171,0.1345
4,0.1,1 waiter,0,51.882,3,0.1506
4,0.1,1 waiter,1,59.22,3,0.1433
4,0.1,1 waiter,2,19.032,3,0.1833
4,0.1,1 waiter,3,22.485,3,0.1806
4,0.1,1 waiter,4,21.903,3,0.1804
4,0.1,1 waiter,5,62.067,3,0.1399
4,0.1,1 waiter,6,5.446,3,0.1968
4,0.1,1 waiter,7,83.25,3,0.1195
4,0.1,1 waiter,8,22.264,3,0.1797
4,0.1,1 waiter,9,34.55,3,0.1676
4,0.1,1 waiter,10,82.519,3,0.1194
4,0.1,1 waiter,11,6.942,3,0.1955
4,0.1,1 waiter,12,33.283,3,0.1686
4,0.1,1 waiter,13,94.697,3,0.1079
4,0.1,1 waiter,14,25.62,3,0.1761
4,0.1,1 waiter,15,33.34,3,0.1689
4,0.1,1 waiter,16,48.25,3,0.1536
4,0.1,1 waiter,17,100.459,3,0.1018
4,0.1,1 waiter,18,35.484,3,0.1667
4,0.1,1 waiter,19,4.45,3,0.1979
4,0.1,1 waiter,20,9.248,3,0.1926
4,0.1,1 waiter,21,71.848,3,0.1305
4,0.1,1 waiter,22,34.793,3,0.1674
4,0.1,1 waiter,23,86.006,3,0.1166
4,0.1,1 waiter,24,49.603,3,0.153
4,0.1,1 waiter,25,78.592,3,0.1238
4,0.1,1 waiter,26,49.125,3,0.1535
4,0.1,1 waiter,27,85.657,3,0.1172
4,0.1,1 waiter,28,54.889,3,0.1477
4,0.1,1 waiter,29,63.036,3,0.1395
4,0.1,1 waiter,30,74.295,3,0.1276
4,0.1,1 waiter,31,13.684,3,0.1883
4,0.1,1 waiter,32,7.835,3,0.1941
4,0.1,1 waiter,33,42.222,3,0.1602
4,0.1,1 waiter,34,22.371,3,0.1799
4,0.1,1 waiter,35,39.347,3,0.1628
4,0.1,1 waiter,36,25.738,3,0.1763
4,0.1,1 waiter,37,77.231,3,0.1253
4,0.1,1 waiter,38,74.353,3,0.1281
4,0.1,1 waiter,39,71.064,3,0.1317
4,0.1,1 waiter,40,51.084,3,0.1514
4,0.1,1 waiter,41,49.963,3,0.1521
4,0.1,1 waiter,42,10.035,3,0.1924
4,0.1,1 waiter,43,20.186,3,0.1818
4,0.1,1 waiter,44,67.972,3,0.1343
4,0.1,1 waiter,45,63.497,3,0.1383
4,0.1,1 waiter,46,30.861,3,0.1709
4,0.1,1 waiter,47,27.277,3,0.1746
4,0.1,1 waiter,48,96.425,3,0.1058
4,0.1,1 waiter,49,58.963,3,0.1429
4,0.1,1 waiter,50,100.492,3,0.1017
4,0.1,1 waiter,51,32.558,3,0.1701
4,0.1,1 waiter,52,3.348,3,0.1987
4,0.1,1 waiter,53,83.794,3,0.1185
4,0.1,1 waiter,54,44.156,3,0.1581
4,0.1,1 waiter,55,6.844,3,0.1949
4,0.1,1 waiter,56,70.034,3,0.1315
4,0.1,1 waiter,57,96.299,3,0.1056
4,0.1,1 waiter,58,43.08,3,0.1588
4,0.1,1 waiter,59,41.744,3,0.1606
4,0.1,8 together,0,23.072,31,0.1809
4,0.1,8 together,1,58.609,24,0.1447
4,0.1,8 together,2,9.224,31,0.1953
4,0.1,8 together,3,79.212,24,0.1243
4,0.1,8 together,4,45.948,31,0.1577
4,0.1,8 together,5,58.952,24,0.1445
4,0.1,8 together,6,77.532,24,0.1258
4,0.1,8 together,7,94.599,24,0.1083
4,0.1,8 together,8,26.522,31,0.1772
4,0.1,8 together,9,50.011,24,0.1537
4,0.1,8 together,10,43.979,31,0.1601
4,0.1,8 together,11,22.038,31,0.1814
4,0.1,8 together,12,27.574,31,0.1766
4,0.1,8 together,13,76.277,24,0.1272
4,0.1,8 together,14,32.548,31,0.1712
4,0.1,8 together,15,7.755,31,0.1941
4,0.1,8 together,16,10.16,31,0.1926
4,0.1,8 together,17,96.219,24,0.1065
4,0.1,8 together,18,84.832,24,0.1186
4,0.1,8 together,19,90.664,24,0.1124
4,0.1,8 together,20,97.376,24,0.106
4,0.1,8 together,21,80.994,24,0.1226
4,0.1,8 together,22,43.049,31,0.1606
4,0.1,8 together,23,72.265,24,0.1316
4,0.1,8 together,24,56.165,24,0.1478
4,0.1,8 together,25,61.251,24,0.1414
4,0.1,8 together,26,22.377,31,0.182
4,0.1,8 together,27,100.027,24,0.1031
4,0.1,8 together,28,99.399,24,0.1031
4,0.1,8 together,29,31.959,31,0.1707
4,0.1,8 together,30,96.851,24,0.1073
4,0.1,8 together,31,1.513,23,0.1016
4,0.1,8 together,32,21.071,31,0.1829
4,0.1,8 together,33,24.984,31,0.179
4,0.1,8 together,34,74.927,24,0.1283
4,0.1,8 together,35,3.312,31,0.1992
4,0.1,8 together,36,49.967,24,0.1528
4,0.1,8 together,37,0.386,23,0.1024
4,0.1,8 together,38,41.847,31,0.1626
4,0.1,8 together,39,47.534,31,0.1564
4,0.1,8 together,40,33.049,31,0.1699
4,0.1,8 together,41,68.512,24,0.1355
4,0.1,8 together,42,49.387,31,0.1543
4,0.1,8 together,43,100.76,24,0.1033
4,0.1,8 together,44,96.176,24,0.1069
4,0.1,8 together,45,23.552,31,0.1803
4,0.1,8 together,46,25.169,31,0.1786
4,0.1,8 together,47,94.092,24,0.1093
4,0.1,8 together,48,93.3,24,0.1096
4,0.1,8 together,49,87.233,24,0.1169
4,0.1,8 together,50,77.587,24,0.1267
4,0.1,8 together,51,71.321,24,0.1324
4,0.1,8 together,52,99.476,24,0.1044
4,0.1,8 together,53,56.474,24,0.1473
4,0.1,8 together,54,95.595,24,0.108
4,0.1,8 together,55,20.42,31,0.1838
4,0.1,8 together,56,18.872,31,0.1846
4,0.1,8 together,57,72.083,24,0.1317
4,0.1,8 together,58,44.854,31,0.1583
4,0.1,8 together,59,87.687,24,0.1156
4,0.1,8 staggered,0,9.242,30,0.1834
4,0.1,8 staggered,1,6.729,23,0.1098
4,0.1,8 staggered,2,5.216,30,0.1587
4,0.1,8 staggered,3,4.035,23,0.1361
4,0.1,8 staggered,4,6.998,30,0.1917
4,0.1,8 staggered,5,20.022,30,0.1814
4,0.1,8 staggered,6,7.636,30,0.159
4,0.1,8 staggered,7,1.406,23,0.12
4,0.1,8 staggered,8,6.514,31,0.1999
4,0.1,8 staggered,9,3.246,24,0.1462
4,0.1,8 staggered,10,2.623,30,0.1777
4,0.1,8 staggered,11,0.382,30,0.1869
4,0.1,8 staggered,12,2.094,30,0.191
4,0.1,8 staggered,13,13.487,23,0.1424
4,0.1,8 staggered,14,18.141,31,0.1886
4,0.1,8 staggered,15,7.703,30,0.1728
4,0.1,8 staggered,16,10.114,30,0.1606
4,0.1,8 staggered,17,6.031,25,0.1439
4,0.1,8 staggered,18,4.035,23,0.1148
4,0.1,8 staggered,19,3.922,23,0.1103
4,0.1,8 staggered,20,31.621,31,0.1856
4,0.1,8 staggered,21,9.113,24,0.1461
4,0.1,8 staggered,22,38.456,23,0.105
4,0.1,8 staggered,23,28.186,30,0.1643
4,0.1,8 staggered,24,5.843,24,0.1418
4,0.1,8 staggered,25,23.197,23,0.127
4,0.1,8 staggered,26,6.686,23,0.1243
4,0.1,8 staggered,27,6.532,30,0.1874
4,0.1,8 staggered,28,1.585,23,0.1287
4,0.1,8 staggered,29,13.875,24,0.15
4,0.1,8 staggered,30,-0.072,23,0.1408
4,0.1,8 staggered,31,11.409,23,0.1062
4,0.1,8 staggered,32,5.725,30,0.1888
4,0.1,8 staggered,33,1.816,23,0.117
4,0.1,8 staggered,34,10.931,30,0.1699
4,0.1,8 staggered,35,36.648,23,0.1022
4,0.1,8 staggered,36,15.33,23,0.1115
4,0.1,8 staggered,37,6.774,23,0.1055
4,0.1,8 staggered,38,6.523,23,0.1029
4,0.1,8 staggered,39,23.958,30,0.1678
4,0.1,8 staggered,40,3.095,23,0.1384
4,0.1,8 staggered,41,32.811,31,0.1972
4,0.1,8 staggered,42,4.532,30,0.1666
4,0.1,8 staggered,43,10.716,23,0.1462
4,0.1,8 staggered,44,26.833,31,0.1952
4,0.1,8 staggered,45,0.952,23,0.103
4,0.1,8 staggered,46,19.013,23,0.1086
4,0.1,8 staggered,47,21.008,23,0.111
4,0.1,8 staggered,48,2.615,30,0.1619
4,0.1,8 staggered,49,10.445,24,0.1437
4,0.1,8 staggered,50,1.986,30,0.1958
4,0.1,8 staggered,51,18.535,24,0.1455
4,0.1,8 staggered,52,0.888,23,0.1259
4,0.1,8 staggered,53,48.557,31,0.199
4,0.1,8 staggered,54,15.838,23,0.1177
4,0.1,8 staggered,55,8.962,30,0.1891
4,0.1,8 staggered,56,2.039,23,0.1309
4,0.1,8 staggered,57,13.049,23,0.1328
4,0.1,8 staggered,58,18.12,23,0.1083
4,0.1,8 staggered,59,7.082,24,0.145
4,0.01,1 waiter,0,9.57,16,0.1506
4,0.01,1 waiter,1,6.536,15,0.1432
4,0.01,1 waiter,2,9.94,19,0.1832
4,0.01,1 waiter,3,2.071,18,0.18
4,0.01,1 waiter,4,1.195,18,0.1803
4,0.01,1 waiter,5,0.392,14,0.14
4,0.01,1 waiter,6,6.474,20,0.196
4,0.01,1 waiter,7,9.715,13,0.1195
4,0.01,1 waiter,8,3.791,18,0.1797
4,0.01,1 waiter,9,3.459,17,0.1675
4,0.01,1 waiter,10,9.63,13,0.1196
4,0.01,1 waiter,11,8.775,20,0.1948
4,0.01,1 waiter,12,4.111,17,0.168
4,0.01,1 waiter,13,9.67,12,0.1081
4,0.01,1 waiter,14,6.033,18,0.1764
4,0.01,1 waiter,15,2.598,17,0.1686
4,0.01,1 waiter,16,7.108,16,0.1533
4,0.01,1 waiter,17,5.655,11,0.1023
4,0.01,1 waiter,18,5.925,17,0.1666
4,0.01,1 waiter,19,6.038,20,0.1978
4,0.01,1 waiter,20,9.377,20,0.1924
4,0.01,1 waiter,21,9.013,14,0.1307
4,0.01,1 waiter,22,3.052,17,0.1676
4,0.01,1 waiter,23,1.587,12,0.1167
4,0.01,1 waiter,24,7.817,16,0.1529
4,0.01,1 waiter,25,6.161,13,0.1236
4,0.01,1 waiter,26,7.978,16,0.1531
4,0.01,1 waiter,27,1.413,12,0.1173
4,0.01,1 waiter,28,1.386,15,0.1476
4,0.01,1 waiter,29,9.781,15,0.1399
4,0.01,1 waiter,30,0.849,13,0.1272
4,0.01,1 waiter,31,4.77,19,0.1881
4,0.01,1 waiter,32,0.923,19,0.1935
4,0.01,1 waiter,33,10.083,17,0.1601
4,0.01,1 waiter,34,0.991,18,0.1795
4,0.01,1 waiter,35,9.116,17,0.1627
4,0.01,1 waiter,36,4.767,18,0.1763
4,0.01,1 waiter,37,2.862,13,0.1256
4,0.01,1 waiter,38,1.022,13,0.1276
4,0.01,1 waiter,39,8.792,14,0.1314
4,0.01,1 waiter,40,9.205,16,0.1512
4,0.01,1 waiter,41,9.213,16,0.1523
4,0.01,1 waiter,42,10.346,20,0.1921
4,0.01,1 waiter,43,10.688,19,0.1816
4,0.01,1 waiter,44,4.294,14,0.1345
4,0.01,1 waiter,45,0.961,14,0.138
4,0.01,1 waiter,46,0.848,17,0.1709
4,0.01,1 waiter,47,7.1,18,0.1742
4,0.01,1 waiter,48,1.375,11,0.106
4,0.01,1 waiter,49,6.554,15,0.1431
4,0.01,1 waiter,50,4.989,11,0.1015
4,0.01,1 waiter,51,10.867,18,0.1704
4,0.01,1 waiter,52,3.996,20,0.1987
4,0.01,1 waiter,53,-0.05,12,0.1187
4,0.01,1 waiter,54,2.147,16,0.1578
4,0.01,1 waiter,55,8.658,20,0.1946
4,0.01,1 waiter,56,7.519,14,0.1315
4,0.01,1 waiter,57,2.0,11,0.1056
4,0.01,1 waiter,58,2.575,16,0.159
4,0.01,1 waiter,59,9.851,17,0.1604
4,0.01,8 together,0,2.048,232,0.1804
4,0.01,8 together,1,5.471,211,0.1446
4,0.01,8 together,2,-0.056,246,0.1949
4,0.01,8 together,3,5.719,188,0.1244
4,0.01,8 together,4,2.654,223,0.1579
4,0.01,8 together,5,6.731,211,0.1439
4,0.01,8 together,6,8.153,196,0.1261
4,0.01,8 together,7,0.505,173,0.1081
4,0.01,8 together,8,5.51,235,0.1769
4,0.01,8 together,9,0.519,211,0.1536
4,0.01,8 together,10,2.131,226,0.1594
4,0.01,8 together,11,1.494,235,0.1809
4,0.01,8 together,12,5.735,235,0.1766
4,0.01,8 together,13,1.977,195,0.1269
4,0.01,8 together,14,0.445,227,0.1709
4,0.01,8 together,15,1.943,244,0.194
4,0.01,8 together,16,1.026,243,0.1922
4,0.01,8 together,17,0.286,179,0.1071
4,0.01,8 together,18,0.504,187,0.1184
4,0.01,8 together,19,7.566,187,0.1122
4,0.01,8 together,20,2.028,179,0.1058
4,0.01,8 together,21,6.086,190,0.1227
4,0.01,8 together,22,0.936,220,0.1601
4,0.01,8 together,23,1.778,199,0.1315
4,0.01,8 together,24,2.639,211,0.1478
4,0.01,8 together,25,0.027,198,0.1415
4,0.01,8 together,26,0.493,235,0.1816
4,0.01,8 together,27,3.975,176,0.1027
4,0.01,8 together,28,6.014,172,0.1029
4,0.01,8 together,29,0.504,227,0.1704
4,0.01,8 together,30,-0.063,172,0.1077
4,0.01,8 together,31,6.019,179,0.1017
4,0.01,8 together,32,1.832,235,0.1824
4,0.01,8 together,33,4.073,235,0.1791
4,0.01,8 together,34,2.333,202,0.1283
4,0.01,8 together,35,5.728,244,0.1992
4,0.01,8 together,36,0.53,211,0.1527
4,0.01,8 together,37,8.396,179,0.1017
4,0.01,8 together,38,1.554,219,0.1624
4,0.01,8 together,39,5.161,215,0.1562
4,0.01,8 together,40,2.915,220,0.1699
4,0.01,8 together,41,5.9,203,0.1351
4,0.01,8 together,42,0.293,211,0.1541
4,0.01,8 together,43,4.389,179,0.1029
4,0.01,8 together,44,0.442,176,0.1073
4,0.01,8 together,45,4.658,228,0.1799
4,0.01,8 together,46,6.233,235,0.178
4,0.01,8 together,47,0.513,181,0.1094
4,0.01,8 together,48,0.1,174,0.1098
4,0.01,8 together,49,1.471,187,0.1173
4,0.01,8 together,50,2.368,188,0.1268
4,0.01,8 together,51,-0.051,202,0.1326
4,0.01,8 together,52,5.378,172,0.1047
4,0.01,8 together,53,4.478,213,0.1474
4,0.01,8 together,54,3.132,172,0.1079
4,0.01,8 together,55,1.924,235,0.1837
4,0.01,8 together,56,-0.152,235,0.1847
4,0.01,8 together,57,-0.056,202,0.1317
4,0.01,8 together,58,3.581,219,0.1581
4,0.01,8 together,59,3.647,188,0.1155
4,0.01,8 staggered,0,0.442,241,0.1834
4,0.01,8 staggered,1,1.227,181,0.1097
4,0.01,8 staggered,2,4.388,229,0.1584
4,0.01,8 staggered,3,1.498,199,0.1359
4,0.01,8 staggered,4,0.646,248,0.1918
4,0.01,8 staggered,5,0.902,240,0.1814
4,0.01,8 staggered,6,0.503,224,0.1593
4,0.01,8 staggered,7,0.622,192,0.1204
4,0.01,8 staggered,8,0.437,250,0.1997
4,0.01,8 staggered,9,2.375,213,0.1461
4,0.01,8 staggered,10,0.497,239,0.1776
4,0.01,8 staggered,11,-0.052,240,0.1872
4,0.01,8 staggered,12,0.022,244,0.1916
4,0.01,8 staggered,13,3.424,210,0.1425
4,0.01,8 staggered,14,2.11,236,0.1888
4,0.01,8 staggered,15,-0.052,228,0.1726
4,0.01,8 staggered,16,2.656,224,0.1606
4,0.01,8 staggered,17,1.918,213,0.144
4,0.01,8 staggered,18,1.032,190,0.1143
4,0.01,8 staggered,19,-0.049,182,0.1104
4,0.01,8 staggered,20,-0.054,239,0.1858
4,0.01,8 staggered,21,2.695,214,0.1459
4,0.01,8 staggered,22,1.696,178,0.1052
4,0.01,8 staggered,23,1.438,226,0.1643
4,0.01,8 staggered,24,0.098,204,0.1414
4,0.01,8 staggered,25,2.038,199,0.1272
4,0.01,8 staggered,26,0.504,191,0.1238
4,0.01,8 staggered,27,0.33,235,0.1875
4,0.01,8 staggered,28,0.406,200,0.1289
4,0.01,8 staggered,29,0.497,216,0.1498
4,0.01,8 staggered,30,4.391,203,0.1405
4,0.01,8 staggered,31,1.027,183,0.1063
4,0.01,8 staggered,32,0.523,248,0.1886
4,0.01,8 staggered,33,0.511,188,0.1172
4,0.01,8 staggered,34,0.99,225,0.1695
4,0.01,8 staggered,35,0.517,181,0.1022
4,0.01,8 staggered,36,3.147,191,0.1113
4,0.01,8 staggered,37,6.838,176,0.1055
4,0.01,8 staggered,38,0.956,180,0.1032
4,0.01,8 staggered,39,2.19,226,0.1679
4,0.01,8 staggered,40,3.084,205,0.1384
4,0.01,8 staggered,41,0.482,248,0.1969
4,0.01,8 staggered,42,2.008,226,0.1665
4,0.01,8 staggered,43,0.443,212,0.1467
4,0.01,8 staggered,44,0.367,245,0.1948
4,0.01,8 staggered,45,-0.051,179,0.1033
4,0.01,8 staggered,46,3.397,182,0.108
4,0.01,8 staggered,47,-0.051,192,0.1112
4,0.01,8 staggered,48,0.501,222,0.1619
4,0.01,8 staggered,49,0.258,211,0.1441
4,0.01,8 staggered,50,2.357,249,0.1955
4,0.01,8 staggered,51,1.661,216,0.1459
4,0.01,8 staggered,52,0.854,193,0.1253
4,0.01,8 staggered,53,0.517,251,0.1986
4,0.01,8 staggered,54,0.507,190,0.1175
4,0.01,8 staggered,55,-0.059,247,0.1887
4,0.01,8 staggered,56,2.258,204,0.131
4,0.01,8 staggered,57,0.626,207,0.1326
4,0.01,8 staggered,58,1.484,180,0.1079
4,0.01,8 staggered,59,2.483,214,0.145
4,0.001,1 waiter,0,-0.055,104,0.1508
4,0.001,1 waiter,1,-0.05,97,0.1434
4,0.001,1 waiter,2,0.505,127,0.1832
4,0.001,1 waiter,3,1.495,123,0.1803
4,0.001,1 waiter,4,1.888,123,0.1803
4,0.001,1 waiter,5,0.508,95,0.1399
4,0.001,1 waiter,6,-0.053,135,0.1962
4,0.001,1 waiter,7,0.488,82,0.1192
4,0.001,1 waiter,8,0.519,124,0.1799
4,0.001,1 waiter,9,0.539,116,0.1677
4,0.001,1 waiter,10,1.507,83,0.1196
4,0.001,1 waiter,11,0.985,134,0.1948
4,0.001,1 waiter,12,-0.052,117,0.1686
4,0.001,1 waiter,13,0.541,74,0.1081
4,0.001,1 waiter,14,0.502,123,0.1762
4,0.001,1 waiter,15,1.405,117,0.1682
4,0.001,1 waiter,16,0.493,104,0.1531
4,0.001,1 waiter,17,0.991,69,0.1019
4,0.001,1 waiter,18,1.444,114,0.1666
4,0.001,1 waiter,19,1.01,139,0.1978
4,0.001,1 waiter,20,1.409,133,0.1923
4,0.001,1 waiter,21,-0.086,90,0.1305
4,0.001,1 waiter,22,-0.062,115,0.1677
4,0.001,1 waiter,23,0.499,79,0.1166
4,0.001,1 waiter,24,-0.056,104,0.1533
4,0.001,1 waiter,25,0.462,87,0.1238
4,0.001,1 waiter,26,0.964,107,0.1534
4,0.001,1 waiter,27,1.36,81,0.1173
4,0.001,1 waiter,28,0.518,100,0.1472
4,0.001,1 waiter,29,0.519,94,0.1395
4,0.001,1 waiter,30,-0.053,84,0.1274
4,0.001,1 waiter,31,1.564,128,0.1883
4,0.001,1 waiter,32,0.49,133,0.1936
4,0.001,1 waiter,33,0.513,110,0.1602
4,0.001,1 waiter,34,0.141,122,0.18
4,0.001,1 waiter,35,-0.05,113,0.1627
4,0.001,1 waiter,36,0.535,123,0.1762
4,0.001,1 waiter,37,0.488,87,0.1257
4,0.001,1 waiter,38,1.5,88,0.128
4,0.001,1 waiter,39,1.899,91,0.1315
4,0.001,1 waiter,40,0.499,105,0.1514
4,0.001,1 waiter,41,1.433,104,0.1525
4,0.001,1 waiter,42,0.515,131,0.1922
4,0.001,1 waiter,43,1.334,124,0.1814
4,0.001,1 waiter,44,-0.057,91,0.1345
4,0.001,1 waiter,45,-0.054,97,0.1384
4,0.001,1 waiter,46,-0.063,117,0.1717
4,0.001,1 waiter,47,-0.054,118,0.1756
4,0.001,1 waiter,48,0.995,73,0.1058
4,0.001,1 waiter,49,0.532,98,0.1432
4,0.001,1 waiter,50,1.03,70,0.1014
4,0.001,1 waiter,51,0.516,113,0.17
4,0.001,1 waiter,52,1.933,134,0.199
4,0.001,1 waiter,53,1.374,82,0.1186
4,0.001,1 waiter,54,-0.067,107,0.1582
4,0.001,1 waiter,55,0.499,133,0.1948
4,0.001,1 waiter,56,-0.082,91,0.1318
4,0.001,1 waiter,57,0.494,74,0.1054
4,0.001,1 waiter,58,-0.05,108,0.159
4,0.001,1 waiter,59,-0.053,109,0.1601
4,0.001,8 together,0,0.585,1447,0.1805
4,0.001,8 together,1,0.498,1228,0.1447
4,0.001,8 together,2,0.036,1498,0.195
4,0.001,8 together,3,0.693,1217,0.1244
4,0.001,8 together,4,0.079,1340,0.1579
4,0.001,8 together,5,0.59,1255,0.1444
4,0.001,8 together,6,0.855,1179,0.1261
4,0.001,8 together,7,0.622,1124,0.1085
4,0.001,8 together,8,-0.329,1389,0.1773
4,0.001,8 together,9,0.206,1304,0.1537
4,0.001,8 together,10,0.392,1394,0.1597
4,0.001,8 together,11,-0.052,1468,0.1812
4,0.001,8 together,12,0.028,1456,0.1765
4,0.001,8 together,13,0.363,1169,0.1268
4,0.001,8 together,14,0.44,1440,0.1708
4,0.001,8 together,15,0.129,1512,0.1943
4,0.001,8 together,16,0.289,1553,0.1923
4,0.001,8 together,17,0.683,1141,0.1069
4,0.001,8 together,18,0.423,1190,0.1186
4,0.001,8 together,19,0.201,1159,0.1126
4,0.001,8 together,20,0.065,1151,0.106
4,0.001,8 together,21,0.494,1196,0.1227
4,0.001,8 together,22,0.107,1300,0.1603
4,0.001,8 together,23,1.266,1161,0.1311
4,0.001,8 together,24,-0.175,1270,0.1482
4,0.001,8 together,25,1.273,1214,0.1417
4,0.001,8 together,26,0.212,1477,0.182
4,0.001,8 together,27,0.125,1155,0.1028
4,0.001,8 together,28,0.431,1185,0.1032
4,0.001,8 together,29,0.372,1431,0.1709
4,0.001,8 together,30,-0.061,1144,0.1081
4,0.001,8 together,31,0.467,1034,0.1018
4,0.001,8 together,32,0.486,1519,0.1826
4,0.001,8 together,33,0.146,1434,0.1792
4,0.001,8 together,34,0.219,1202,0.1284
4,0.001,8 together,35,0.454,1501,0.1992
4,0.001,8 together,36,-0.047,1389,0.1528
4,0.001,8 together,37,-0.058,1081,0.1023
4,0.001,8 together,38,0.487,1409,0.1624
4,0.001,8 together,39,0.043,1358,0.1564
4,0.001,8 together,40,0.021,1454,0.1705
4,0.001,8 together,41,0.027,1319,0.1354
4,0.001,8 together,42,0.081,1329,0.1543
4,0.001,8 together,43,0.045,1160,0.1031
4,0.001,8 together,44,1.161,1121,0.1074
4,0.001,8 together,45,-0.05,1339,0.1803
4,0.001,8 together,46,0.374,1391,0.1782
4,0.001,8 together,47,0.237,1108,0.1095
4,0.001,8 together,48,0.492,1168,0.1097
4,0.001,8 together,49,0.353,1144,0.1171
4,0.001,8 together,50,0.146,1181,0.1266
4,0.001,8 together,51,0.133,1188,0.1333
4,0.001,8 together,52,-0.252,1164,0.1052
4,0.001,8 together,53,0.163,1291,0.1474
4,0.001,8 together,54,0.45,1148,0.1081
4,0.001,8 together,55,0.45,1566,0.1836
4,0.001,8 together,56,0.581,1530,0.1843
4,0.001,8 together,57,0.612,1204,0.1314
4,0.001,8 together,58,0.044,1371,0.1582
4,0.001,8 together,59,0.09,1136,0.1156
4,0.001,8 staggered,0,0.136,1514,0.1832
4,0.001,8 staggered,1,0.197,1161,0.11
4,0.001,8 staggered,2,1.322,1323,0.1587
4,0.001,8 staggered,3,0.9,1293,0.1359
4,0.001,8 staggered,4,0.128,1447,0.1917
4,0.001,8 staggered,5,0.63,1509,0.1815
4,0.001,8 staggered,6,0.436,1362,0.1594
4,0.001,8 staggered,7,1.302,1224,0.1206
4,0.001,8 staggered,8,0.391,1581,0.2001
4,0.001,8 staggered,9,0.521,1314,0.146
4,0.001,8 staggered,10,0.057,1416,0.1777
4,0.001,8 staggered,11,0.257,1534,0.1871
4,0.001,8 staggered,12,0.106,1531,0.1912
4,0.001,8 staggered,13,0.195,1257,0.1427
4,0.001,8 staggered,14,0.69,1459,0.1885
4,0.001,8 staggered,15,0.032,1443,0.1725
4,0.001,8 staggered,16,0.056,1386,0.161
4,0.001,8 staggered,17,0.088,1275,0.1442
4,0.001,8 staggered,18,0.051,1135,0.1145
4,0.001,8 staggered,19,0.039,1101,0.1103
4,0.001,8 staggered,20,0.64,1479,0.1854
4,0.001,8 staggered,21,0.079,1313,0.146
4,0.001,8 staggered,22,0.037,1146,0.105
4,0.001,8 staggered,23,0.071,1445,0.1646
4,0.001,8 staggered,24,0.153,1310,0.1417
4,0.001,8 staggered,25,0.474,1204,0.1276
4,0.001,8 staggered,26,0.479,1207,0.1238
4,0.001,8 staggered,27,-0.194,1468,0.1877
4,0.001,8 staggered,28,-0.051,1232,0.1287
4,0.001,8 staggered,29,-0.051,1328,0.15
4,0.001,8 staggered,30,0.027,1330,0.1406
4,0.001,8 staggered,31,0.053,1102,0.1063
4,0.001,8 staggered,32,-0.042,1553,0.189
4,0.001,8 staggered,33,0.088,1154,0.1171
4,0.001,8 staggered,34,0.704,1443,0.1694
4,0.001,8 staggered,35,0.026,1160,0.1026
4,0.001,8 staggered,36,0.087,1149,0.1119
4,0.001,8 staggered,37,-0.053,1176,0.1056
4,0.001,8 staggered,38,0.144,1166,0.1029
4,0.001,8 staggered,39,-0.185,1455,0.1681
4,0.001,8 staggered,40,-0.125,1285,0.139
4,0.001,8 staggered,41,0.026,1508,0.197
4,0.001,8 staggered,42,0.393,1436,0.1663
4,0.001,8 staggered,43,0.432,1303,0.1462
4,0.001,8 staggered,44,-0.054,1549,0.1954
4,0.001,8 staggered,45,0.417,1102,0.103
4,0.001,8 staggered,46,0.289,1158,0.1083
4,0.001,8 staggered,47,0.173,1151,0.1111
4,0.001,8 staggered,48,0.369,1400,0.1627
4,0.001,8 staggered,49,0.522,1312,0.1439
4,0.001,8 staggered,50,0.699,1477,0.1957
4,0.001,8 staggered,51,-0.053,1298,0.1461
4,0.001,8 staggered,52,0.276,1253,0.1259
4,0.001,8 staggered,53,0.753,1505,0.1986
4,0.001,8 staggered,54,0.193,1141,0.1176
4,0.001,8 staggered,55,-0.051,1520,0.1889
4,0.001,8 staggered,56,0.084,1227,0.1315
4,0.001,8 staggered,57,-0.077,1211,0.1326
4,0.001,8 staggered,58,0.328,1138,0.1081
4,0.001,8 staggered,59,0.767,1301,0.1449
5,0.1,1 waiter,0,37.346,3,0.165
5,0.1,1 waiter,1,39.184,3,0.1633
5,0.1,1 waiter,2,77.093,3,0.1247
5,0.1,1 waiter,3,20.305,3,0.1818
5,0.1,1 waiter,4,67.458,3,0.1345
5,0.1,1 waiter,5,65.205,3,0.1371
5,0.1,1 waiter,6,30.136,3,0.1726
5,0.1,1 waiter,7,65.979,3,0.1365
5,0.1,1 waiter,8,7.179,3,0.1954
5,0.1,1 waiter,9,55.777,3,0.1464
5,0.1,1 waiter,10,64.14,3,0.1379
5,0.1,1 waiter,11,99.688,3,0.1027
5,0.1,1 waiter,12,25.745,3,0.1768
5,0.1,1 waiter,13,80.329,3,0.1219
5,0.1,1 waiter,14,56.317,3,0.1461
5,0.1,1 waiter,15,33.513,3,0.1687
5,0.1,1 waiter,16,54.789,3,0.1476
5,0.1,1 waiter,17,6.031,3,0.196
5,0.1,1 waiter,18,62.299,3,0.1399
5,0.1,1 waiter,19,65.869,3,0.1367
5,0.1,1 waiter,20,91.305,3,0.1112
5,0.1,1 waiter,21,98.79,3,0.1037
5,0.1,1 waiter,22,89.639,3,0.1126
5,0.1,1 waiter,23,44.468,3,0.158
5,0.1,1 waiter,24,90.075,3,0.1124
5,0.1,1 waiter,25,51.749,3,0.151
5,0.1,1 waiter,26,86.455,3,0.1159
5,0.1,1 waiter,27,21.469,3,0.1801
5,0.1,1 waiter,28,98.066,3,0.1046
5,0.1,1 waiter,29,23.761,3,0.1782
5,0.1,1 waiter,30,8.023,3,0.1942
5,0.1,1 waiter,31,6.511,3,0.1957
5,0.1,1 waiter,32,54.778,3,0.1473
5,0.1,1 waiter,33,20.242,3,0.1817
5,0.1,1 waiter,34,84.323,3,0.1178
5,0.1,1 waiter,35,5.049,3,0.1968
5,0.1,1 waiter,36,3.454,3,0.1987
5,0.1,1 waiter,37,28.956,3,0.1729
5,0.1,1 waiter,38,4.403,3,0.1976
5,0.1,1 waiter,39,38.947,3,0.1633
5,0.1,1 waiter,40,4.366,3,0.198
5,0.1,1 waiter,41,62.589,3,0.1397
5,0.1,1 waiter,42,93.008,3,0.1089
5,0.1,1 waiter,43,81.136,3,0.1215
5,0.1,1 waiter,44,14.618,3,0.1874
5,0.1,1 waiter,45,17.244,3,0.1853
5,0.1,1 waiter,46,63.078,3,0.1394
5,0.1,1 waiter,47,30.148,3,0.172
5,0.1,1 waiter,48,10.896,3,0.1908
5,0.1,1 waiter,49,66.555,3,0.1356
5,0.1,1 waiter,50,75.185,3,0.1274
5,0.1,1 waiter,51,2.81,3,0.1996
5,0.1,1 waiter,52,64.552,3,0.1375
5,0.1,1 waiter,53,8.763,3,0.1935
5,0.1,1 waiter,54,75.84,3,0.1263
5,0.1,1 waiter,55,4.79,3,0.1972
5,0.1,1 waiter,56,97.822,3,0.1046
5,0.1,1 waiter,57,66.226,3,0.1363
5,0.1,1 waiter,58,57.5,3,0.1448
5,0.1,1 waiter,59,95.977,3,0.1063
5,0.1,8 together,0,48.875,31,0.155
5,0.1,8 together,1,36.07,31,0.167
5,0.1,8 together,2,53.685,24,0.1505
5,0.1,8 together,3,92.543,24,0.111
5,0.1,8 together,4,66.008,24,0.1375
5,0.1,8 together,5,94.582,24,0.1091
5,0.1,8 together,6,39.305,31,0.1645
5,0.1,8 together,7,65.057,24,0.1375
5,0.1,8 together,8,11.24,31,0.1924
5,0.1,8 together,9,46.612,31,0.1571
5,0.1,8 together,10,28.651,31,0.1745
5,0.1,8 together,11,68.277,24,0.1356
5,0.1,8 together,12,45.556,31,0.1581
5,0.1,8 together,13,13.876,31,0.1887
5,0.1,8 together,14,64.836,24,0.1381
5,0.1,8 together,15,14.714,31,0.188
5,0.1,8 together,16,6.905,31,0.1962
5,0.1,8 together,17,70.928,24,0.1332
5,0.1,8 together,18,30.69,31,0.173
5,0.1,8 together,19,86.675,24,0.1175
5,0.1,8 together,20,7.463,31,0.1956
5,0.1,8 together,21,26.217,31,0.1777
5,0.1,8 together,22,0.065,23,0.103
5,0.1,8 together,23,37.08,31,0.1664
5,0.1,8 together,24,81.556,24,0.1223
5,0.1,8 together,25,23.553,31,0.1804
5,0.1,8 together,26,47.142,31,0.1558
5,0.1,8 together,27,48.491,31,0.1552
5,0.1,8 together,28,72.975,24,0.131
5,0.1,8 together,29,76.586,24,0.1274
5,0.1,8 together,30,35.747,31,0.1681
5,0.1,8 together,31,98.118,24,0.1053
5,0.1,8 together,32,71.606,24,0.1318
5,0.1,8 together,33,52.239,24,0.1517
5,0.1,8 together,34,14.378,31,0.1878
5,0.1,8 together,35,94.864,24,0.1088
5,0.1,8 together,36,94.081,24,0.1101
5,0.1,8 together,37,67.557,24,0.1355
5,0.1,8 together,38,13.231,31,0.1904
5,0.1,8 together,39,91.595,24,0.1108
5,0.1,8 together,40,24.068,31,0.1787
5,0.1,8 together,41,11.694,31,0.1917
5,0.1,8 together,42,45.368,31,0.1577
5,0.1,8 together,43,74.167,24,0.129
5,0.1,8 together,44,7.345,31,0.1965
5,0.1,8 together,45,57.925,24,0.1454
5,0.1,8 together,46,89.742,24,0.1141
5,0.1,8 together,47,12.971,31,0.1893
5,0.1,8 together,48,82.033,24,0.1222
5,0.1,8 together,49,93.495,24,0.1105
5,0.1,8 together,50,60.602,24,0.1437
5,0.1,8 together,51,30.466,31,0.1716
5,0.1,8 together,52,12.879,31,0.1904
5,0.1,8 together,53,83.686,24,0.1193
5,0.1,8 together,54,64.834,24,0.139
5,0.1,8 together,55,2.313,31,0.1998
5,0.1,8 together,56,70.167,24,0.1335
5,0.1,8 together,57,100.22,24,0.104
5,0.1,8 together,58,12.006,31,0.1912
5,0.1,8 together,59,48.303,31,0.1559
5,0.1,8 staggered,0,22.487,30,0.1712
5,0.1,8 staggered,1,1.266,23,0.1319
5,0.1,8 staggered,2,14.442,23,0.1035
5,0.1,8 staggered,3,11.731,23,0.1215
5,0.1,8 staggered,4,19.095,30,0.1716
5,0.1,8 staggered,5,0.054,30,0.1692
5,0.1,8 staggered,6,5.356,30,0.1836
5,0.1,8 staggered,7,2.097,30,0.1689
5,0.1,8 staggered,8,44.55,23,0.1369
5,0.1,8 staggered,9,20.314,31,0.1865
5,0.1,8 staggered,10,2.544,30,0.1896
5,0.1,8 staggered,11,14.976,23,0.1023
5,0.1,8 staggered,12,6.934,23,0.1307
5,0.1,8 staggered,13,4.981,23,0.1085
5,0.1,8 staggered,14,0.777,23,0.1139
5,0.1,8 staggered,15,6.626,25,0.1438
5,0.1,8 staggered,16,8.026,23,0.1404
5,0.1,8 staggered,17,3.132,31,0.1994
5,0.1,8 staggered,18,1.515,24,0.1425
5,0.1,8 staggered,19,4.006,30,0.1777
5,0.1,8 staggered,20,17.587,23,0.1375
5,0.1,8 staggered,21,6.8,23,0.1424
5,0.1,8 staggered,22,8.711,30,0.1573
5,0.1,8 staggered,23,2.96,30,0.1976
5,0.1,8 staggered,24,28.986,23,0.1012
5,0.1,8 staggered,25,23.765,30,0.1643
5,0.1,8 staggered,26,9.496,23,0.1174
5,0.1,8 staggered,27,22.747,23,0.1461
5,0.1,8 staggered,28,0.526,30,0.1748
5,0.1,8 staggered,29,13.741,23,0.1311
5,0.1,8 staggered,30,26.185,23,0.1015
5,0.1,8 staggered,31,1.58,30,0.1932
5,0.1,8 staggered,32,12.082,24,0.1487
5,0.1,8 staggered,33,-0.062,23,0.1483
5,0.1,8 staggered,34,21.934,23,0.1195
5,0.1,8 staggered,35,2.069,30,0.1708
5,0.1,8 staggered,36,6.397,23,0.1129
5,0.1,8 staggered,37,11.025,30,0.1608
5,0.1,8 staggered,38,15.986,31,0.1996
5,0.1,8 staggered,39,2.513,30,0.1636
5,0.1,8 staggered,40,25.426,30,0.1734
5,0.1,8 staggered,41,8.79,23,0.101
5,0.1,8 staggered,42,4.677,23,0.119
5,0.1,8 staggered,43,5.496,23,0.1204
5,0.1,8 staggered,44,30.887,30,0.1656
5,0.1,8 staggered,45,39.724,31,0.1756
5,0.1,8 staggered,46,6.678,23,0.134
5,0.1,8 staggered,47,34.798,30,0.1666
5,0.1,8 staggered,48,10.264,23,0.1257
5,0.1,8 staggered,49,8.127,23,0.1176
5,0.1,8 staggered,50,4.118,30,0.1961
5,0.1,8 staggered,51,0.976,30,0.1881
5,0.1,8 staggered,52,2.096,25,0.1485
5,0.1,8 staggered,53,14.624,23,0.1279
5,0.1,8 staggered,54,23.863,31,0.1962
5,0.1,8 staggered,55,17.269,23,0.1215
5,0.1,8 staggered,56,8.001,30,0.1649
5,0.1,8 staggered,57,19.507,23,0.1368
5,0.1,8 staggered,58,8.329,23,0.1324
5,0.1,8 staggered,59,14.002,30,0.1611
5,0.01,1 waiter,0,8.967,17,0.1644
5,0.01,1 waiter,1,7.754,17,0.1636
5,0.01,1 waiter,2,3.509,13,0.1248
5,0.01,1 waiter,3,0.806,18,0.1818
5,0.01,1 waiter,4,7.021,14,0.1344
5,0.01,1 waiter,5,3.092,14,0.1368
5,0.01,1 waiter,6,10.013,18,0.1723
5,0.01,1 waiter,7,3.006,14,0.1357
5,0.01,1 waiter,8,8.297,20,0.1956
5,0.01,1 waiter,9,2.944,15,0.1466
5,0.01,1 waiter,10,3.199,14,0.1381
5,0.01,1 waiter,11,5.123,11,0.1028
5,0.01,1 waiter,12,7.049,18,0.1765
5,0.01,1 waiter,13,9.019,13,0.1221
5,0.01,1 waiter,14,3.812,15,0.1462
5,0.01,1 waiter,15,3.864,17,0.1685
5,0.01,1 waiter,16,2.251,15,0.1472
5,0.01,1 waiter,17,8.511,20,0.1958
5,0.01,1 waiter,18,10.431,15,0.14
5,0.01,1 waiter,19,3.583,14,0.1367
5,0.01,1 waiter,20,8.415,12,0.1111
5,0.01,1 waiter,21,3.215,11,0.1035
5,0.01,1 waiter,22,5.486,12,0.1123
5,0.01,1 waiter,23,2.088,16,0.1579
5,0.01,1 waiter,24,5.442,12,0.1123
5,0.01,1 waiter,25,10.056,16,0.1507
5,0.01,1 waiter,26,2.677,12,0.1155
5,0.01,1 waiter,27,2.018,18,0.1798
5,0.01,1 waiter,28,3.625,11,0.1042
5,0.01,1 waiter,29,3.864,18,0.1786
5,0.01,1 waiter,30,10.194,20,0.1939
5,0.01,1 waiter,31,7.749,20,0.1955
5,0.01,1 waiter,32,2.647,15,0.1473
5,0.01,1 waiter,33,0.452,18,0.1821
5,0.01,1 waiter,34,0.975,12,0.1176
5,0.01,1 waiter,35,7.847,20,0.1965
5,0.01,1 waiter,36,4.634,20,0.1983
5,0.01,1 waiter,37,10.512,18,0.1726
5,0.01,1 waiter,38,6.016,20,0.1976
5,0.01,1 waiter,39,8.809,17,0.1633
5,0.01,1 waiter,40,5.209,20,0.1979
5,0.01,1 waiter,41,10.206,15,0.139
5,0.01,1 waiter,42,8.584,12,0.109
5,0.01,1 waiter,43,7.351,13,0.1214
5,0.01,1 waiter,44,5.923,19,0.1875
5,0.01,1 waiter,45,7.974,19,0.1849
5,0.01,1 waiter,46,0.482,14,0.1393
5,0.01,1 waiter,47,9.254,18,0.1723
5,0.01,1 waiter,48,2.964,19,0.1907
5,0.01,1 waiter,49,4.608,14,0.1358
5,0.01,1 waiter,50,1.645,13,0.1273
5,0.01,1 waiter,51,5.608,20,0.1991
5,0.01,1 waiter,52,2.42,14,0.1375
5,0.01,1 waiter,53,9.935,20,0.193
5,0.01,1 waiter,54,3.558,13,0.126
5,0.01,1 waiter,55,6.199,20,0.1969
5,0.01,1 waiter,56,4.143,11,0.1045
5,0.01,1 waiter,57,2.992,14,0.1362
5,0.01,1 waiter,58,6.184,15,0.1446
5,0.01,1 waiter,59,0.996,11,0.1062
5,0.01,8 together,0,6.69,219,0.1548
5,0.01,8 together,1,5.542,221,0.1672
5,0.01,8 together,2,0.525,211,0.1501
5,0.01,8 together,3,7.591,187,0.1107
5,0.01,8 together,4,5.078,203,0.1371
5,0.01,8 together,5,0.028,179,0.1091
5,0.01,8 together,6,0.054,221,0.1646
5,0.01,8 together,7,6.216,196,0.1374
5,0.01,8 together,8,1.589,250,0.1922
5,0.01,8 together,9,5.208,212,0.1568
5,0.01,8 together,10,0.444,233,0.1741
5,0.01,8 together,11,4.535,196,0.1353
5,0.01,8 together,12,6.646,212,0.1574
5,0.01,8 together,13,4.821,241,0.1884
5,0.01,8 together,14,3.217,196,0.1377
5,0.01,8 together,15,0.024,238,0.1878
5,0.01,8 together,16,0.511,243,0.1961
5,0.01,8 together,17,7.396,203,0.133
5,0.01,8 together,18,0.536,223,0.1725
5,0.01,8 together,19,0.512,187,0.1175
5,0.01,8 together,20,0.059,244,0.1956
5,0.01,8 together,21,4.789,235,0.1774
5,0.01,8 together,22,5.245,179,0.1022
5,0.01,8 together,23,6.082,220,0.1661
5,0.01,8 together,24,0.208,190,0.1225
5,0.01,8 together,25,3.384,235,0.18
5,0.01,8 together,26,7.89,212,0.1557
5,0.01,8 together,27,7.156,212,0.155
5,0.01,8 together,28,1.497,202,0.1306
5,0.01,8 together,29,2.113,198,0.1271
5,0.01,8 together,30,4.236,220,0.1681
5,0.01,8 together,31,3.737,179,0.1054
5,0.01,8 together,32,9.317,201,0.132
5,0.01,8 together,33,0.417,211,0.152
5,0.01,8 together,34,7.223,236,0.1876
5,0.01,8 together,35,0.315,177,0.109
5,0.01,8 together,36,1.605,173,0.1097
5,0.01,8 together,37,4.89,199,0.1351
5,0.01,8 together,38,5.217,243,0.1901
5,0.01,8 together,39,0.13,179,0.1109
5,0.01,8 together,40,3.314,235,0.1784
5,0.01,8 together,41,2.876,243,0.1917
5,0.01,8 together,42,3.194,219,0.1575
5,0.01,8 together,43,-0.051,195,0.1293
5,0.01,8 together,44,-0.049,248,0.1962
5,0.01,8 together,45,6.475,211,0.1455
5,0.01,8 together,46,5.191,187,0.114
5,0.01,8 together,47,5.938,243,0.1893
5,0.01,8 together,48,6.745,191,0.1223
5,0.01,8 together,49,1.008,174,0.1102
5,0.01,8 together,50,7.575,211,0.1434
5,0.01,8 together,51,3.198,227,0.1714
5,0.01,8 together,52,2.402,244,0.1902
5,0.01,8 together,53,0.66,187,0.1192
5,0.01,8 together,54,1.901,203,0.1389
5,0.01,8 together,55,7.919,244,0.1997
5,0.01,8 together,56,6.281,203,0.1333
5,0.01,8 together,57,5.25,179,0.104
5,0.01,8 together,58,1.541,244,0.1907
5,0.01,8 together,59,6.723,212,0.1558
5,0.01,8 staggered,0,1.731,227,0.1712
5,0.01,8 staggered,1,-0.067,203,0.1322
5,0.01,8 staggered,2,3.29,184,0.1038
5,0.01,8 staggered,3,0.139,191,0.1218
5,0.01,8 staggered,4,1.955,229,0.1717
5,0.01,8 staggered,5,0.04,226,0.1697
5,0.01,8 staggered,6,0.516,237,0.1833
5,0.01,8 staggered,7,0.512,223,0.1689
5,0.01,8 staggered,8,2.325,199,0.1368
5,0.01,8 staggered,9,0.993,235,0.1869
5,0.01,8 staggered,10,2.0,248,0.1892
5,0.01,8 staggered,11,2.481,178,0.1022
5,0.01,8 staggered,12,1.998,201,0.1302
5,0.01,8 staggered,13,1.869,180,0.1083
5,0.01,8 staggered,14,3.362,189,0.1135
5,0.01,8 staggered,15,1.205,215,0.144
5,0.01,8 staggered,16,1.58,206,0.1403
5,0.01,8 staggered,17,2.173,252,0.199
5,0.01,8 staggered,18,3.073,206,0.1423
5,0.01,8 staggered,19,0.993,239,0.1777
5,0.01,8 staggered,20,0.516,198,0.1377
5,0.01,8 staggered,21,2.509,211,0.1425
5,0.01,8 staggered,22,1.598,215,0.1575
5,0.01,8 staggered,23,0.269,250,0.198
5,0.01,8 staggered,24,-0.052,179,0.1015
5,0.01,8 staggered,25,2.836,224,0.1644
5,0.01,8 staggered,26,1.559,191,0.1171
5,0.01,8 staggered,27,-0.052,212,0.1463
5,0.01,8 staggered,28,0.133,235,0.1744
5,0.01,8 staggered,29,3.173,203,0.1312
5,0.01,8 staggered,30,0.52,182,0.1018
5,0.01,8 staggered,31,0.686,248,0.1934
5,0.01,8 staggered,32,2.019,212,0.1489
5,0.01,8 staggered,33,0.994,212,0.1481
5,0.01,8 staggered,34,0.076,191,0.1194
5,0.01,8 staggered,35,0.866,224,0.1711
5,0.01,8 staggered,36,0.397,188,0.1126
5,0.01,8 staggered,37,1.811,223,0.1606
5,0.01,8 staggered,38,-0.054,247,0.1994
5,0.01,8 staggered,39,0.523,225,0.1635
5,0.01,8 staggered,40,2.96,233,0.1733
5,0.01,8 staggered,41,1.153,177,0.1008
5,0.01,8 staggered,42,0.376,189,0.1187
5,0.01,8 staggered,43,-0.071,189,0.1206
5,0.01,8 staggered,44,1.037,224,0.1656
5,0.01,8 staggered,45,2.071,239,0.1758
5,0.01,8 staggered,46,4.452,202,0.1344
5,0.01,8 staggered,47,2.664,224,0.1668
5,0.01,8 staggered,48,1.824,187,0.1262
5,0.01,8 staggered,49,5.184,193,0.1174
5,0.01,8 staggered,50,0.349,247,0.1962
5,0.01,8 staggered,51,0.745,235,0.1882
5,0.01,8 staggered,52,4.223,215,0.1484
5,0.01,8 staggered,53,0.508,202,0.1279
5,0.01,8 staggered,54,0.692,252,0.1961
5,0.01,8 staggered,55,0.43,192,0.1217
5,0.01,8 staggered,56,2.372,223,0.1651
5,0.01,8 staggered,57,0.528,205,0.1368
5,0.01,8 staggered,58,0.504,204,0.1324
5,0.01,8 staggered,59,2.47,228,0.1613
5,0.001,1 waiter,0,0.029,111,0.1645
5,0.001,1 waiter,1,-0.049,112,0.1635
5,0.001,1 waiter,2,1.332,83,0.1247
5,0.001,1 waiter,3,0.512,124,0.1812
5,0.001,1 waiter,4,0.387,93,0.1345
5,0.001,1 waiter,5,0.512,94,0.137
5,0.001,1 waiter,6,0.505,119,0.1724
5,0.001,1 waiter,7,1.903,94,0.1358
5,0.001,1 waiter,8,0.495,131,0.1953
5,0.001,1 waiter,9,1.878,101,0.1466
5,0.001,1 waiter,10,0.619,94,0.1381
5,0.001,1 waiter,11,0.044,70,0.1027
5,0.001,1 waiter,12,1.505,123,0.1763
5,0.001,1 waiter,13,0.049,84,0.1222
5,0.001,1 waiter,14,1.477,98,0.1462
5,0.001,1 waiter,15,0.676,114,0.1683
5,0.001,1 waiter,16,0.047,100,0.1476
5,0.001,1 waiter,17,1.021,134,0.1957
5,0.001,1 waiter,18,1.426,98,0.1402
5,0.001,1 waiter,19,1.327,94,0.137
5,0.001,1 waiter,20,1.026,74,0.111
5,0.001,1 waiter,21,-0.052,68,0.1034
5,0.001,1 waiter,22,1.031,78,0.1124
5,0.001,1 waiter,23,0.534,110,0.1575
5,0.001,1 waiter,24,1.377,79,0.1126
5,0.001,1 waiter,25,1.008,106,0.1504
5,0.001,1 waiter,26,0.064,79,0.1157
5,0.001,1 waiter,27,0.524,122,0.1799
5,0.001,1 waiter,28,0.529,73,0.1044
5,0.001,1 waiter,29,0.139,120,0.1793
5,0.001,1 waiter,30,1.418,137,0.1942
5,0.001,1 waiter,31,1.01,135,0.1951
5,0.001,1 waiter,32,1.392,100,0.1472
5,0.001,1 waiter,33,0.505,124,0.1814
5,0.001,1 waiter,34,1.348,80,0.1179
5,0.001,1 waiter,35,-0.068,133,0.1966
5,0.001,1 waiter,36,1.046,136,0.1984
5,0.001,1 waiter,37,1.012,114,0.1727
5,0.001,1 waiter,38,-0.059,134,0.1977
5,0.001,1 waiter,39,0.523,112,0.1629
5,0.001,1 waiter,40,1.014,133,0.1979
5,0.001,1 waiter,41,0.507,96,0.1394
5,0.001,1 waiter,42,-0.048,75,0.1088
5,0.001,1 waiter,43,1.435,81,0.1217
5,0.001,1 waiter,44,1.007,126,0.1873
5,0.001,1 waiter,45,1.001,125,0.1848
5,0.001,1 waiter,46,1.356,93,0.1392
5,0.001,1 waiter,47,0.515,112,0.1721
5,0.001,1 waiter,48,0.52,129,0.1908
5,0.001,1 waiter,49,1.019,92,0.1357
5,0.001,1 waiter,50,0.997,89,0.1274
5,0.001,1 waiter,51,0.522,134,0.1988
5,0.001,1 waiter,52,0.473,94,0.1375
5,0.001,1 waiter,53,1.416,131,0.1933
5,0.001,1 waiter,54,1.848,87,0.1265
5,0.001,1 waiter,55,1.378,136,0.1971
5,0.001,1 waiter,56,0.515,74,0.1042
5,0.001,1 waiter,57,0.502,92,0.136
5,0.001,1 waiter,58,0.999,101,0.1446
5,0.001,1 waiter,59,1.283,73,0.1064
5,0.001,8 together,0,0.508,1358,0.1549
5,0.001,8 together,1,0.427,1480,0.1671
5,0.001,8 together,2,0.442,1375,0.1502
5,0.001,8 together,3,0.145,1151,0.111
5,0.001,8 together,4,0.607,1285,0.1374
5,0.001,8 together,5,0.081,1141,0.1087
5,0.001,8 together,6,0.025,1436,0.1644
5,0.001,8 together,7,0.15,1195,0.1381
5,0.001,8 together,8,0.044,1468,0.1925
5,0.001,8 together,9,0.464,1351,0.1574
5,0.001,8 together,10,-0.157,1469,0.1744
5,0.001,8 together,11,0.104,1199,0.1356
5,0.001,8 together,12,-0.093,1308,0.1583
5,0.001,8 together,13,-0.101,1546,0.1887
5,0.001,8 together,14,0.448,1326,0.1381
5,0.001,8 together,15,0.872,1484,0.1873
5,0.001,8 together,16,0.251,1552,0.1959
5,0.001,8 together,17,-0.053,1251,0.1331
5,0.001,8 together,18,-0.052,1423,0.1728
5,0.001,8 together,19,0.492,1176,0.1174
5,0.001,8 together,20,-0.058,1477,0.1956
5,0.001,8 together,21,0.345,1461,0.1777
5,0.001,8 together,22,0.049,1170,0.1023
5,0.001,8 together,23,-0.076,1392,0.166
5,0.001,8 together,24,0.05,1223,0.1224
5,0.001,8 together,25,0.12,1541,0.1805
5,0.001,8 together,26,0.504,1361,0.1558
5,0.001,8 together,27,0.221,1356,0.155
5,0.001,8 together,28,0.096,1250,0.1306
5,0.001,8 together,29,0.385,1271,0.1276
5,0.001,8 together,30,0.114,1452,0.1683
5,0.001,8 together,31,0.261,1144,0.1054
5,0.001,8 together,32,0.074,1193,0.1316
5,0.001,8 together,33,0.996,1362,0.1519
5,0.001,8 together,34,0.212,1513,0.1879
5,0.001,8 together,35,0.043,1160,0.1089
5,0.001,8 together,36,0.028,1169,0.1097
5,0.001,8 together,37,0.064,1338,0.1355
5,0.001,8 together,38,0.708,1520,0.1897
5,0.001,8 together,39,-0.059,1171,0.1107
5,0.001,8 together,40,0.102,1443,0.1786
5,0.001,8 together,41,0.445,1526,0.1916
5,0.001,8 together,42,0.061,1427,0.1576
5,0.001,8 together,43,0.27,1269,0.1295
5,0.001,8 together,44,-0.086,1479,0.1968
5,0.001,8 together,45,1.401,1315,0.1457
5,0.001,8 together,46,-0.051,1124,0.114
5,0.001,8 together,47,0.436,1536,0.1896
5,0.001,8 together,48,0.025,1202,0.1225
5,0.001,8 together,49,-0.055,1205,0.1102
5,0.001,8 together,50,0.32,1295,0.1439
5,0.001,8 together,51,-0.053,1383,0.1718
5,0.001,8 together,52,0.391,1476,0.19
5,0.001,8 together,53,0.518,1253,0.1194
5,0.001,8 together,54,0.061,1312,0.1392
5,0.001,8 together,55,0.043,1622,0.2003
5,0.001,8 together,56,0.113,1218,0.1337
5,0.001,8 together,57,0.204,1134,0.1048
5,0.001,8 together,58,0.35,1499,0.1913
5,0.001,8 together,59,0.474,1373,0.156
5,0.001,8 staggered,0,0.051,1439,0.1709
5,0.001,8 staggered,1,0.42,1204,0.1317
5,0.001,8 staggered,2,-0.053,1129,0.104
5,0.001,8 staggered,3,0.058,1234,0.1216
5,0.001,8 staggered,4,0.514,1436,0.1715
5,0.001,8 staggered,5,0.044,1464,0.1701
5,0.001,8 staggered,6,0.206,1512,0.1837
5,0.001,8 staggered,7,0.559,1475,0.1688
5,0.001,8 staggered,8,0.08,1331,0.1371
5,0.001,8 staggered,9,1.01,1500,0.1869
5,0.001,8 staggered,10,0.046,1557,0.1892
5,0.001,8 staggered,11,-0.055,1150,0.1027
5,0.001,8 staggered,12,0.039,1220,0.1307
5,0.001,8 staggered,13,0.193,1175,0.1084
5,0.001,8 staggered,14,0.491,1123,0.1135
5,0.001,8 staggered,15,0.101,1321,0.1443
5,0.001,8 staggered,16,0.086,1261,0.1406
5,0.001,8 staggered,17,-0.083,1520,0.1992
5,0.001,8 staggered,18,-0.047,1320,0.1426
5,0.001,8 staggered,19,0.601,1442,0.1777
5,0.001,8 staggered,20,0.778,1319,0.1376
5,0.001,8 staggered,21,0.518,1318,0.1426
5,0.001,8 staggered,22,0.368,1330,0.1576
5,0.001,8 staggered,23,0.366,1591,0.1976
5,0.001,8 staggered,24,-0.067,1079,0.1013
5,0.001,8 staggered,25,-0.125,1328,0.1643
5,0.001,8 staggered,26,0.202,1199,0.1173
5,0.001,8 staggered,27,0.093,1320,0.146
5,0.001,8 staggered,28,0.083,1439,0.1743
5,0.001,8 staggered,29,0.573,1232,0.1312
5,0.001,8 staggered,30,0.481,1091,0.1018
5,0.001,8 staggered,31,1.218,1565,0.1933
5,0.001,8 staggered,32,0.044,1341,0.1489
5,0.001,8 staggered,33,-0.052,1259,0.148
5,0.001,8 staggered,34,0.036,1235,0.1194
5,0.001,8 staggered,35,0.033,1471,0.1707
5,0.001,8 staggered,36,-0.086,1169,0.113
5,0.001,8 staggered,37,0.694,1326,0.1608
5,0.001,8 staggered,38,-0.049,1510,0.1995
5,0.001,8 staggered,39,0.2,1371,0.1641
5,0.001,8 staggered,40,0.541,1433,0.1732
5,0.001,8 staggered,41,-0.096,1006,0.1011
5,0.001,8 staggered,42,0.084,1165,0.1192
5,0.001,8 staggered,43,0.031,1163,0.1203
5,0.001,8 staggered,44,0.494,1427,0.1655
5,0.001,8 staggered,45,-0.059,1446,0.1758
5,0.001,8 staggered,46,-0.122,1259,0.1343
5,0.001,8 staggered,47,0.108,1482,0.1671
5,0.001,8 staggered,48,1.21,1219,0.1256
5,0.001,8 staggered,49,0.701,1224,0.1172
5,0.001,8 staggered,50,0.653,1533,0.1958
5,0.001,8 staggered,51,-0.097,1566,0.1888
5,0.001,8 staggered,52,0.467,1363,0.1487
5,0.001,8 staggered,53,-0.052,1204,0.1281
5,0.001,8 staggered,54,0.049,1582,0.1963
5,0.001,8 staggered,55,0.022,1223,0.1223
5,0.001,8 staggered,56,0.441,1431,0.1652
5,0.001,8 staggered,57,-0.051,1343,0.1372
5,0.001,8 staggered,58,1.177,1219,0.1322
5,0.001,8 staggered,59,0.332,1362,0.1614
