k,selectivity_pct,mode,query,rows,recall
10,1,off,0,2,0.2
10,1,off,1,2,0.0
10,1,off,2,2,0.2
10,1,off,3,0,0.0
10,1,off,4,1,0.1
10,1,off,5,1,0.1
10,1,off,6,0,0.0
10,1,off,7,0,0.0
10,1,off,8,0,0.0
10,1,off,9,0,0.0
10,1,off,10,0,0.0
10,1,off,11,0,0.0
10,1,off,12,0,0.0
10,1,off,13,0,0.0
10,1,off,14,0,0.0
10,1,off,15,1,0.1
10,1,off,16,0,0.0
10,1,off,17,0,0.0
10,1,off,18,0,0.0
10,1,off,19,2,0.2
10,1,off,20,0,0.0
10,1,off,21,0,0.0
10,1,off,22,0,0.0
10,1,off,23,1,0.0
10,1,off,24,0,0.0
10,1,off,25,0,0.0
10,1,off,26,0,0.0
10,1,off,27,0,0.0
10,1,off,28,3,0.3
10,1,off,29,4,0.4
10,1,off,30,0,0.0
10,1,off,31,0,0.0
10,1,off,32,0,0.0
10,1,off,33,0,0.0
10,1,off,34,0,0.0
10,1,off,35,1,0.1
10,1,off,36,1,0.1
10,1,off,37,0,0.0
10,1,off,38,0,0.0
10,1,off,39,0,0.0
10,1,off,40,0,0.0
10,1,off,41,0,0.0
10,1,off,42,0,0.0
10,1,off,43,0,0.0
10,1,off,44,0,0.0
10,1,off,45,2,0.2
10,1,off,46,0,0.0
10,1,off,47,0,0.0
10,1,off,48,0,0.0
10,1,off,49,0,0.0
10,1,off,50,1,0.1
10,1,off,51,0,0.0
10,1,off,52,0,0.0
10,1,off,53,2,0.2
10,1,off,54,0,0.0
10,1,off,55,0,0.0
10,1,off,56,0,0.0
10,1,off,57,2,0.2
10,1,off,58,2,0.2
10,1,off,59,2,0.2
10,1,off,60,0,0.0
10,1,off,61,0,0.0
10,1,off,62,0,0.0
10,1,off,63,0,0.0
10,1,off,64,0,0.0
10,1,off,65,0,0.0
10,1,off,66,0,0.0
10,1,off,67,1,0.1
10,1,off,68,0,0.0
10,1,off,69,0,0.0
10,1,off,70,1,0.1
10,1,off,71,0,0.0
10,1,off,72,0,0.0
10,1,off,73,0,0.0
10,1,off,74,0,0.0
10,1,off,75,0,0.0
10,1,off,76,0,0.0
10,1,off,77,0,0.0
10,1,off,78,2,0.2
10,1,off,79,1,0.1
10,1,off,80,0,0.0
10,1,off,81,0,0.0
10,1,off,82,3,0.3
10,1,off,83,4,0.4
10,1,off,84,0,0.0
10,1,off,85,0,0.0
10,1,off,86,0,0.0
10,1,off,87,5,0.5
10,1,off,88,0,0.0
10,1,off,89,0,0.0
10,1,off,90,0,0.0
10,1,off,91,0,0.0
10,1,off,92,0,0.0
10,1,off,93,0,0.0
10,1,off,94,0,0.0
10,1,off,95,0,0.0
10,1,off,96,0,0.0
10,1,off,97,1,0.1
10,1,off,98,0,0.0
10,1,off,99,0,0.0
10,1,off,100,0,0.0
10,1,off,101,0,0.0
10,1,off,102,0,0.0
10,1,off,103,1,0.1
10,1,off,104,0,0.0
10,1,off,105,0,0.0
10,1,off,106,0,0.0
10,1,off,107,0,0.0
10,1,off,108,0,0.0
10,1,off,109,1,0.1
10,1,off,110,0,0.0
10,1,off,111,1,0.1
10,1,off,112,0,0.0
10,1,off,113,0,0.0
10,1,off,114,4,0.4
10,1,off,115,4,0.4
10,1,off,116,0,0.0
10,1,off,117,0,0.0
10,1,off,118,1,0.1
10,1,off,119,0,0.0
10,1,off,120,1,0.1
10,1,off,121,0,0.0
10,1,off,122,0,0.0
10,1,off,123,0,0.0
10,1,off,124,0,0.0
10,1,off,125,0,0.0
10,1,off,126,0,0.0
10,1,off,127,0,0.0
10,1,off,128,0,0.0
10,1,off,129,0,0.0
10,1,off,130,0,0.0
10,1,off,131,0,0.0
10,1,off,132,0,0.0
10,1,off,133,0,0.0
10,1,off,134,0,0.0
10,1,off,135,0,0.0
10,1,off,136,1,0.1
10,1,off,137,2,0.2
10,1,off,138,0,0.0
10,1,off,139,0,0.0
10,1,off,140,0,0.0
10,1,off,141,2,0.2
10,1,off,142,0,0.0
10,1,off,143,0,0.0
10,1,off,144,2,0.2
10,1,off,145,0,0.0
10,1,off,146,0,0.0
10,1,off,147,0,0.0
10,1,off,148,0,0.0
10,1,off,149,2,0.2
10,1,off,150,0,0.0
10,1,off,151,0,0.0
10,1,off,152,0,0.0
10,1,off,153,0,0.0
10,1,off,154,0,0.0
10,1,off,155,0,0.0
10,1,off,156,2,0.2
10,1,off,157,0,0.0
10,1,off,158,1,0.1
10,1,off,159,0,0.0
10,1,off,160,0,0.0
10,1,off,161,0,0.0
10,1,off,162,2,0.2
10,1,off,163,1,0.1
10,1,off,164,0,0.0
10,1,off,165,0,0.0
10,1,off,166,0,0.0
10,1,off,167,0,0.0
10,1,off,168,0,0.0
10,1,off,169,0,0.0
10,1,off,170,1,0.1
10,1,off,171,2,0.2
10,1,off,172,0,0.0
10,1,off,173,0,0.0
10,1,off,174,1,0.1
10,1,off,175,1,0.1
10,1,off,176,1,0.1
10,1,off,177,0,0.0
10,1,off,178,0,0.0
10,1,off,179,0,0.0
10,1,off,180,0,0.0
10,1,off,181,2,0.2
10,1,off,182,0,0.0
10,1,off,183,0,0.0
10,1,off,184,0,0.0
10,1,off,185,0,0.0
10,1,off,186,0,0.0
10,1,off,187,0,0.0
10,1,off,188,2,0.2
10,1,off,189,2,0.2
10,1,off,190,0,0.0
10,1,off,191,0,0.0
10,1,off,192,0,0.0
10,1,off,193,0,0.0
10,1,off,194,0,0.0
10,1,off,195,0,0.0
10,1,off,196,0,0.0
10,1,off,197,3,0.3
10,1,off,198,1,0.1
10,1,off,199,0,0.0
10,1,relaxed_order,0,10,1.0
10,1,relaxed_order,1,10,0.2
10,1,relaxed_order,2,10,1.0
10,1,relaxed_order,3,10,1.0
10,1,relaxed_order,4,10,1.0
10,1,relaxed_order,5,10,1.0
10,1,relaxed_order,6,10,1.0
10,1,relaxed_order,7,10,1.0
10,1,relaxed_order,8,10,1.0
10,1,relaxed_order,9,10,1.0
10,1,relaxed_order,10,10,1.0
10,1,relaxed_order,11,10,1.0
10,1,relaxed_order,12,10,0.9
10,1,relaxed_order,13,10,0.4
10,1,relaxed_order,14,10,1.0
10,1,relaxed_order,15,10,1.0
10,1,relaxed_order,16,10,1.0
10,1,relaxed_order,17,10,0.9
10,1,relaxed_order,18,10,0.9
10,1,relaxed_order,19,10,1.0
10,1,relaxed_order,20,10,1.0
10,1,relaxed_order,21,10,1.0
10,1,relaxed_order,22,10,0.8
10,1,relaxed_order,23,10,0.7
10,1,relaxed_order,24,10,0.9
10,1,relaxed_order,25,10,1.0
10,1,relaxed_order,26,10,0.7
10,1,relaxed_order,27,10,0.3
10,1,relaxed_order,28,10,1.0
10,1,relaxed_order,29,10,1.0
10,1,relaxed_order,30,10,0.9
10,1,relaxed_order,31,10,1.0
10,1,relaxed_order,32,10,1.0
10,1,relaxed_order,33,10,0.9
10,1,relaxed_order,34,10,0.9
10,1,relaxed_order,35,10,1.0
10,1,relaxed_order,36,10,1.0
10,1,relaxed_order,37,10,1.0
10,1,relaxed_order,38,10,1.0
10,1,relaxed_order,39,10,0.4
10,1,relaxed_order,40,10,1.0
10,1,relaxed_order,41,10,1.0
10,1,relaxed_order,42,10,1.0
10,1,relaxed_order,43,10,1.0
10,1,relaxed_order,44,10,1.0
10,1,relaxed_order,45,10,1.0
10,1,relaxed_order,46,10,1.0
10,1,relaxed_order,47,10,1.0
10,1,relaxed_order,48,10,1.0
10,1,relaxed_order,49,10,1.0
10,1,relaxed_order,50,10,1.0
10,1,relaxed_order,51,10,1.0
10,1,relaxed_order,52,10,1.0
10,1,relaxed_order,53,10,1.0
10,1,relaxed_order,54,10,1.0
10,1,relaxed_order,55,10,0.9
10,1,relaxed_order,56,10,1.0
10,1,relaxed_order,57,10,1.0
10,1,relaxed_order,58,10,1.0
10,1,relaxed_order,59,10,1.0
10,1,relaxed_order,60,10,1.0
10,1,relaxed_order,61,10,1.0
10,1,relaxed_order,62,10,0.8
10,1,relaxed_order,63,10,1.0
10,1,relaxed_order,64,10,1.0
10,1,relaxed_order,65,10,0.6
10,1,relaxed_order,66,10,1.0
10,1,relaxed_order,67,10,1.0
10,1,relaxed_order,68,10,1.0
10,1,relaxed_order,69,10,1.0
10,1,relaxed_order,70,10,0.9
10,1,relaxed_order,71,10,1.0
10,1,relaxed_order,72,10,1.0
10,1,relaxed_order,73,10,1.0
10,1,relaxed_order,74,10,1.0
10,1,relaxed_order,75,10,1.0
10,1,relaxed_order,76,10,1.0
10,1,relaxed_order,77,10,0.9
10,1,relaxed_order,78,10,1.0
10,1,relaxed_order,79,10,1.0
10,1,relaxed_order,80,10,1.0
10,1,relaxed_order,81,10,1.0
10,1,relaxed_order,82,10,1.0
10,1,relaxed_order,83,10,1.0
10,1,relaxed_order,84,10,1.0
10,1,relaxed_order,85,10,1.0
10,1,relaxed_order,86,10,0.9
10,1,relaxed_order,87,10,1.0
10,1,relaxed_order,88,10,1.0
10,1,relaxed_order,89,10,1.0
10,1,relaxed_order,90,10,1.0
10,1,relaxed_order,91,10,1.0
10,1,relaxed_order,92,10,1.0
10,1,relaxed_order,93,10,0.8
10,1,relaxed_order,94,10,1.0
10,1,relaxed_order,95,10,1.0
10,1,relaxed_order,96,10,1.0
10,1,relaxed_order,97,10,1.0
10,1,relaxed_order,98,10,1.0
10,1,relaxed_order,99,10,1.0
10,1,relaxed_order,100,10,0.9
10,1,relaxed_order,101,10,1.0
10,1,relaxed_order,102,10,1.0
10,1,relaxed_order,103,10,1.0
10,1,relaxed_order,104,10,0.8
10,1,relaxed_order,105,10,1.0
10,1,relaxed_order,106,10,1.0
10,1,relaxed_order,107,10,1.0
10,1,relaxed_order,108,10,0.9
10,1,relaxed_order,109,10,1.0
10,1,relaxed_order,110,10,1.0
10,1,relaxed_order,111,10,0.9
10,1,relaxed_order,112,10,0.9
10,1,relaxed_order,113,10,1.0
10,1,relaxed_order,114,10,1.0
10,1,relaxed_order,115,10,1.0
10,1,relaxed_order,116,10,1.0
10,1,relaxed_order,117,10,1.0
10,1,relaxed_order,118,10,1.0
10,1,relaxed_order,119,10,0.3
10,1,relaxed_order,120,10,1.0
10,1,relaxed_order,121,10,1.0
10,1,relaxed_order,122,10,1.0
10,1,relaxed_order,123,10,0.9
10,1,relaxed_order,124,10,0.9
10,1,relaxed_order,125,10,0.3
10,1,relaxed_order,126,10,1.0
10,1,relaxed_order,127,10,1.0
10,1,relaxed_order,128,10,0.9
10,1,relaxed_order,129,10,1.0
10,1,relaxed_order,130,10,1.0
10,1,relaxed_order,131,10,0.9
10,1,relaxed_order,132,10,1.0
10,1,relaxed_order,133,10,1.0
10,1,relaxed_order,134,10,0.9
10,1,relaxed_order,135,10,1.0
10,1,relaxed_order,136,10,1.0
10,1,relaxed_order,137,10,0.9
10,1,relaxed_order,138,10,0.9
10,1,relaxed_order,139,10,1.0
10,1,relaxed_order,140,10,1.0
10,1,relaxed_order,141,10,1.0
10,1,relaxed_order,142,10,0.7
10,1,relaxed_order,143,10,1.0
10,1,relaxed_order,144,10,1.0
10,1,relaxed_order,145,10,0.9
10,1,relaxed_order,146,10,1.0
10,1,relaxed_order,147,10,0.9
10,1,relaxed_order,148,10,0.9
10,1,relaxed_order,149,10,1.0
10,1,relaxed_order,150,10,0.6
10,1,relaxed_order,151,10,1.0
10,1,relaxed_order,152,10,1.0
10,1,relaxed_order,153,10,0.9
10,1,relaxed_order,154,10,1.0
10,1,relaxed_order,155,10,1.0
10,1,relaxed_order,156,10,1.0
10,1,relaxed_order,157,10,1.0
10,1,relaxed_order,158,10,1.0
10,1,relaxed_order,159,10,1.0
10,1,relaxed_order,160,10,1.0
10,1,relaxed_order,161,10,1.0
10,1,relaxed_order,162,10,1.0
10,1,relaxed_order,163,10,1.0
10,1,relaxed_order,164,10,1.0
10,1,relaxed_order,165,10,0.9
10,1,relaxed_order,166,10,1.0
10,1,relaxed_order,167,10,0.9
10,1,relaxed_order,168,10,1.0
10,1,relaxed_order,169,10,1.0
10,1,relaxed_order,170,10,1.0
10,1,relaxed_order,171,10,1.0
10,1,relaxed_order,172,10,1.0
10,1,relaxed_order,173,10,1.0
10,1,relaxed_order,174,10,1.0
10,1,relaxed_order,175,10,1.0
10,1,relaxed_order,176,10,1.0
10,1,relaxed_order,177,10,0.9
10,1,relaxed_order,178,10,0.9
10,1,relaxed_order,179,10,1.0
10,1,relaxed_order,180,10,1.0
10,1,relaxed_order,181,10,1.0
10,1,relaxed_order,182,10,1.0
10,1,relaxed_order,183,10,0.9
10,1,relaxed_order,184,10,1.0
10,1,relaxed_order,185,10,1.0
10,1,relaxed_order,186,10,1.0
10,1,relaxed_order,187,10,1.0
10,1,relaxed_order,188,10,1.0
10,1,relaxed_order,189,10,1.0
10,1,relaxed_order,190,10,1.0
10,1,relaxed_order,191,10,0.5
10,1,relaxed_order,192,10,0.9
10,1,relaxed_order,193,10,0.9
10,1,relaxed_order,194,10,0.9
10,1,relaxed_order,195,10,1.0
10,1,relaxed_order,196,10,1.0
10,1,relaxed_order,197,10,1.0
10,1,relaxed_order,198,10,1.0
10,1,relaxed_order,199,10,1.0
10,1,strict_order,0,10,1.0
10,1,strict_order,1,10,0.0
10,1,strict_order,2,10,1.0
10,1,strict_order,3,10,0.9
10,1,strict_order,4,10,1.0
10,1,strict_order,5,10,1.0
10,1,strict_order,6,10,0.5
10,1,strict_order,7,10,1.0
10,1,strict_order,8,10,1.0
10,1,strict_order,9,10,0.8
10,1,strict_order,10,10,0.8
10,1,strict_order,11,10,1.0
10,1,strict_order,12,10,0.9
10,1,strict_order,13,10,0.0
10,1,strict_order,14,10,0.8
10,1,strict_order,15,10,1.0
10,1,strict_order,16,10,1.0
10,1,strict_order,17,10,0.8
10,1,strict_order,18,10,0.8
10,1,strict_order,19,10,1.0
10,1,strict_order,20,10,0.4
10,1,strict_order,21,10,1.0
10,1,strict_order,22,10,0.8
10,1,strict_order,23,10,0.0
10,1,strict_order,24,10,0.9
10,1,strict_order,25,10,0.8
10,1,strict_order,26,10,0.3
10,1,strict_order,27,10,0.0
10,1,strict_order,28,10,1.0
10,1,strict_order,29,10,1.0
10,1,strict_order,30,10,0.8
10,1,strict_order,31,10,1.0
10,1,strict_order,32,10,0.9
10,1,strict_order,33,10,0.6
10,1,strict_order,34,10,0.8
10,1,strict_order,35,10,1.0
10,1,strict_order,36,10,1.0
10,1,strict_order,37,10,0.9
10,1,strict_order,38,10,0.9
10,1,strict_order,39,10,0.0
10,1,strict_order,40,10,1.0
10,1,strict_order,41,10,1.0
10,1,strict_order,42,10,1.0
10,1,strict_order,43,10,0.8
10,1,strict_order,44,10,0.8
10,1,strict_order,45,10,1.0
10,1,strict_order,46,10,1.0
10,1,strict_order,47,10,0.9
10,1,strict_order,48,10,0.0
10,1,strict_order,49,10,0.8
10,1,strict_order,50,10,1.0
10,1,strict_order,51,10,0.9
10,1,strict_order,52,10,0.9
10,1,strict_order,53,10,1.0
10,1,strict_order,54,10,1.0
10,1,strict_order,55,10,0.8
10,1,strict_order,56,10,0.8
10,1,strict_order,57,10,1.0
10,1,strict_order,58,10,1.0
10,1,strict_order,59,10,0.9
10,1,strict_order,60,10,0.9
10,1,strict_order,61,10,1.0
10,1,strict_order,62,10,0.7
10,1,strict_order,63,10,1.0
10,1,strict_order,64,10,1.0
10,1,strict_order,65,10,0.1
10,1,strict_order,66,10,0.0
10,1,strict_order,67,10,1.0
10,1,strict_order,68,10,1.0
10,1,strict_order,69,10,0.9
10,1,strict_order,70,10,0.9
10,1,strict_order,71,10,1.0
10,1,strict_order,72,10,0.8
10,1,strict_order,73,10,0.7
10,1,strict_order,74,10,0.9
10,1,strict_order,75,10,0.0
10,1,strict_order,76,10,1.0
10,1,strict_order,77,10,0.8
10,1,strict_order,78,10,1.0
10,1,strict_order,79,10,1.0
10,1,strict_order,80,10,0.8
10,1,strict_order,81,10,1.0
10,1,strict_order,82,10,1.0
10,1,strict_order,83,10,1.0
10,1,strict_order,84,10,1.0
10,1,strict_order,85,10,0.9
10,1,strict_order,86,10,0.7
10,1,strict_order,87,10,1.0
10,1,strict_order,88,10,1.0
10,1,strict_order,89,10,0.9
10,1,strict_order,90,10,0.9
10,1,strict_order,91,10,1.0
10,1,strict_order,92,10,0.5
10,1,strict_order,93,10,0.7
10,1,strict_order,94,10,0.9
10,1,strict_order,95,10,1.0
10,1,strict_order,96,10,0.6
10,1,strict_order,97,10,1.0
10,1,strict_order,98,10,0.9
10,1,strict_order,99,10,1.0
10,1,strict_order,100,10,0.7
10,1,strict_order,101,10,0.8
10,1,strict_order,102,10,0.9
10,1,strict_order,103,10,0.9
10,1,strict_order,104,10,0.7
10,1,strict_order,105,10,1.0
10,1,strict_order,106,10,0.7
10,1,strict_order,107,10,1.0
10,1,strict_order,108,10,0.7
10,1,strict_order,109,10,1.0
10,1,strict_order,110,10,0.8
10,1,strict_order,111,10,0.9
10,1,strict_order,112,10,0.7
10,1,strict_order,113,10,0.9
10,1,strict_order,114,10,1.0
10,1,strict_order,115,10,1.0
10,1,strict_order,116,10,0.7
10,1,strict_order,117,10,0.8
10,1,strict_order,118,10,1.0
10,1,strict_order,119,10,0.0
10,1,strict_order,120,10,1.0
10,1,strict_order,121,10,0.9
10,1,strict_order,122,10,1.0
10,1,strict_order,123,10,0.1
10,1,strict_order,124,10,0.6
10,1,strict_order,125,10,0.0
10,1,strict_order,126,10,0.9
10,1,strict_order,127,10,0.8
10,1,strict_order,128,10,0.8
10,1,strict_order,129,10,0.8
10,1,strict_order,130,10,1.0
10,1,strict_order,131,10,0.9
10,1,strict_order,132,10,1.0
10,1,strict_order,133,10,0.9
10,1,strict_order,134,10,0.8
10,1,strict_order,135,10,0.7
10,1,strict_order,136,10,1.0
10,1,strict_order,137,10,0.9
10,1,strict_order,138,10,0.8
10,1,strict_order,139,10,0.9
10,1,strict_order,140,10,1.0
10,1,strict_order,141,10,1.0
10,1,strict_order,142,10,0.5
10,1,strict_order,143,10,1.0
10,1,strict_order,144,10,1.0
10,1,strict_order,145,10,0.7
10,1,strict_order,146,10,1.0
10,1,strict_order,147,10,0.7
10,1,strict_order,148,10,0.9
10,1,strict_order,149,10,1.0
10,1,strict_order,150,10,0.1
10,1,strict_order,151,10,1.0
10,1,strict_order,152,10,1.0
10,1,strict_order,153,10,0.9
10,1,strict_order,154,10,1.0
10,1,strict_order,155,10,0.8
10,1,strict_order,156,10,1.0
10,1,strict_order,157,10,1.0
10,1,strict_order,158,10,1.0
10,1,strict_order,159,10,1.0
10,1,strict_order,160,10,1.0
10,1,strict_order,161,10,0.8
10,1,strict_order,162,10,1.0
10,1,strict_order,163,10,1.0
10,1,strict_order,164,10,0.6
10,1,strict_order,165,10,0.8
10,1,strict_order,166,10,0.8
10,1,strict_order,167,10,0.9
10,1,strict_order,168,10,1.0
10,1,strict_order,169,10,1.0
10,1,strict_order,170,10,1.0
10,1,strict_order,171,10,1.0
10,1,strict_order,172,10,1.0
10,1,strict_order,173,10,0.9
10,1,strict_order,174,10,1.0
10,1,strict_order,175,10,1.0
10,1,strict_order,176,10,1.0
10,1,strict_order,177,10,0.7
10,1,strict_order,178,10,0.9
10,1,strict_order,179,10,0.9
10,1,strict_order,180,10,0.9
10,1,strict_order,181,10,1.0
10,1,strict_order,182,10,1.0
10,1,strict_order,183,10,0.7
10,1,strict_order,184,10,1.0
10,1,strict_order,185,10,0.9
10,1,strict_order,186,10,1.0
10,1,strict_order,187,10,1.0
10,1,strict_order,188,10,1.0
10,1,strict_order,189,10,1.0
10,1,strict_order,190,10,0.7
10,1,strict_order,191,10,0.0
10,1,strict_order,192,10,0.7
10,1,strict_order,193,10,0.8
10,1,strict_order,194,10,0.9
10,1,strict_order,195,10,0.6
10,1,strict_order,196,10,1.0
10,1,strict_order,197,10,1.0
10,1,strict_order,198,10,1.0
10,1,strict_order,199,10,1.0
10,1,exact,0,10,1.0
10,1,exact,1,10,1.0
10,1,exact,2,10,1.0
10,1,exact,3,10,1.0
10,1,exact,4,10,1.0
10,1,exact,5,10,1.0
10,1,exact,6,10,1.0
10,1,exact,7,10,1.0
10,1,exact,8,10,1.0
10,1,exact,9,10,1.0
10,1,exact,10,10,1.0
10,1,exact,11,10,1.0
10,1,exact,12,10,1.0
10,1,exact,13,10,1.0
10,1,exact,14,10,1.0
10,1,exact,15,10,1.0
10,1,exact,16,10,1.0
10,1,exact,17,10,1.0
10,1,exact,18,10,1.0
10,1,exact,19,10,1.0
10,1,exact,20,10,1.0
10,1,exact,21,10,1.0
10,1,exact,22,10,1.0
10,1,exact,23,10,1.0
10,1,exact,24,10,1.0
10,1,exact,25,10,1.0
10,1,exact,26,10,1.0
10,1,exact,27,10,1.0
10,1,exact,28,10,1.0
10,1,exact,29,10,1.0
10,1,exact,30,10,1.0
10,1,exact,31,10,1.0
10,1,exact,32,10,1.0
10,1,exact,33,10,1.0
10,1,exact,34,10,1.0
10,1,exact,35,10,1.0
10,1,exact,36,10,1.0
10,1,exact,37,10,1.0
10,1,exact,38,10,1.0
10,1,exact,39,10,1.0
10,1,exact,40,10,1.0
10,1,exact,41,10,1.0
10,1,exact,42,10,1.0
10,1,exact,43,10,1.0
10,1,exact,44,10,1.0
10,1,exact,45,10,1.0
10,1,exact,46,10,1.0
10,1,exact,47,10,1.0
10,1,exact,48,10,1.0
10,1,exact,49,10,1.0
10,1,exact,50,10,1.0
10,1,exact,51,10,1.0
10,1,exact,52,10,1.0
10,1,exact,53,10,1.0
10,1,exact,54,10,1.0
10,1,exact,55,10,1.0
10,1,exact,56,10,1.0
10,1,exact,57,10,1.0
10,1,exact,58,10,1.0
10,1,exact,59,10,1.0
10,1,exact,60,10,1.0
10,1,exact,61,10,1.0
10,1,exact,62,10,1.0
10,1,exact,63,10,1.0
10,1,exact,64,10,1.0
10,1,exact,65,10,1.0
10,1,exact,66,10,1.0
10,1,exact,67,10,1.0
10,1,exact,68,10,1.0
10,1,exact,69,10,1.0
10,1,exact,70,10,1.0
10,1,exact,71,10,1.0
10,1,exact,72,10,1.0
10,1,exact,73,10,1.0
10,1,exact,74,10,1.0
10,1,exact,75,10,1.0
10,1,exact,76,10,1.0
10,1,exact,77,10,1.0
10,1,exact,78,10,1.0
10,1,exact,79,10,1.0
10,1,exact,80,10,1.0
10,1,exact,81,10,1.0
10,1,exact,82,10,1.0
10,1,exact,83,10,1.0
10,1,exact,84,10,1.0
10,1,exact,85,10,1.0
10,1,exact,86,10,1.0
10,1,exact,87,10,1.0
10,1,exact,88,10,1.0
10,1,exact,89,10,1.0
10,1,exact,90,10,1.0
10,1,exact,91,10,1.0
10,1,exact,92,10,1.0
10,1,exact,93,10,1.0
10,1,exact,94,10,1.0
10,1,exact,95,10,1.0
10,1,exact,96,10,1.0
10,1,exact,97,10,1.0
10,1,exact,98,10,1.0
10,1,exact,99,10,1.0
10,1,exact,100,10,1.0
10,1,exact,101,10,1.0
10,1,exact,102,10,1.0
10,1,exact,103,10,1.0
10,1,exact,104,10,1.0
10,1,exact,105,10,1.0
10,1,exact,106,10,1.0
10,1,exact,107,10,1.0
10,1,exact,108,10,1.0
10,1,exact,109,10,1.0
10,1,exact,110,10,1.0
10,1,exact,111,10,1.0
10,1,exact,112,10,1.0
10,1,exact,113,10,1.0
10,1,exact,114,10,1.0
10,1,exact,115,10,1.0
10,1,exact,116,10,1.0
10,1,exact,117,10,1.0
10,1,exact,118,10,1.0
10,1,exact,119,10,1.0
10,1,exact,120,10,1.0
10,1,exact,121,10,1.0
10,1,exact,122,10,1.0
10,1,exact,123,10,1.0
10,1,exact,124,10,1.0
10,1,exact,125,10,1.0
10,1,exact,126,10,1.0
10,1,exact,127,10,1.0
10,1,exact,128,10,1.0
10,1,exact,129,10,1.0
10,1,exact,130,10,1.0
10,1,exact,131,10,1.0
10,1,exact,132,10,1.0
10,1,exact,133,10,1.0
10,1,exact,134,10,1.0
10,1,exact,135,10,1.0
10,1,exact,136,10,1.0
10,1,exact,137,10,1.0
10,1,exact,138,10,1.0
10,1,exact,139,10,1.0
10,1,exact,140,10,1.0
10,1,exact,141,10,1.0
10,1,exact,142,10,1.0
10,1,exact,143,10,1.0
10,1,exact,144,10,1.0
10,1,exact,145,10,1.0
10,1,exact,146,10,1.0
10,1,exact,147,10,1.0
10,1,exact,148,10,1.0
10,1,exact,149,10,1.0
10,1,exact,150,10,1.0
10,1,exact,151,10,1.0
10,1,exact,152,10,1.0
10,1,exact,153,10,1.0
10,1,exact,154,10,1.0
10,1,exact,155,10,1.0
10,1,exact,156,10,1.0
10,1,exact,157,10,1.0
10,1,exact,158,10,1.0
10,1,exact,159,10,1.0
10,1,exact,160,10,1.0
10,1,exact,161,10,1.0
10,1,exact,162,10,1.0
10,1,exact,163,10,1.0
10,1,exact,164,10,1.0
10,1,exact,165,10,1.0
10,1,exact,166,10,1.0
10,1,exact,167,10,1.0
10,1,exact,168,10,1.0
10,1,exact,169,10,1.0
10,1,exact,170,10,1.0
10,1,exact,171,10,1.0
10,1,exact,172,10,1.0
10,1,exact,173,10,1.0
10,1,exact,174,10,1.0
10,1,exact,175,10,1.0
10,1,exact,176,10,1.0
10,1,exact,177,10,1.0
10,1,exact,178,10,1.0
10,1,exact,179,10,1.0
10,1,exact,180,10,1.0
10,1,exact,181,10,1.0
10,1,exact,182,10,1.0
10,1,exact,183,10,1.0
10,1,exact,184,10,1.0
10,1,exact,185,10,1.0
10,1,exact,186,10,1.0
10,1,exact,187,10,1.0
10,1,exact,188,10,1.0
10,1,exact,189,10,1.0
10,1,exact,190,10,1.0
10,1,exact,191,10,1.0
10,1,exact,192,10,1.0
10,1,exact,193,10,1.0
10,1,exact,194,10,1.0
10,1,exact,195,10,1.0
10,1,exact,196,10,1.0
10,1,exact,197,10,1.0
10,1,exact,198,10,1.0
10,1,exact,199,10,1.0
10,10,off,0,7,0.7
10,10,off,1,3,0.0
10,10,off,2,5,0.5
10,10,off,3,0,0.0
10,10,off,4,6,0.6
10,10,off,5,4,0.4
10,10,off,6,2,0.2
10,10,off,7,1,0.1
10,10,off,8,1,0.1
10,10,off,9,6,0.6
10,10,off,10,3,0.3
10,10,off,11,4,0.4
10,10,off,12,3,0.3
10,10,off,13,5,0.5
10,10,off,14,8,0.8
10,10,off,15,5,0.5
10,10,off,16,4,0.4
10,10,off,17,2,0.2
10,10,off,18,1,0.1
10,10,off,19,7,0.7
10,10,off,20,8,0.8
10,10,off,21,3,0.3
10,10,off,22,6,0.6
10,10,off,23,7,0.0
10,10,off,24,3,0.3
10,10,off,25,4,0.4
10,10,off,26,2,0.2
10,10,off,27,1,0.1
10,10,off,28,7,0.7
10,10,off,29,9,0.9
10,10,off,30,7,0.7
10,10,off,31,3,0.3
10,10,off,32,6,0.6
10,10,off,33,2,0.2
10,10,off,34,4,0.4
10,10,off,35,3,0.3
10,10,off,36,4,0.4
10,10,off,37,5,0.5
10,10,off,38,8,0.8
10,10,off,39,3,0.3
10,10,off,40,5,0.5
10,10,off,41,9,0.9
10,10,off,42,7,0.7
10,10,off,43,3,0.3
10,10,off,44,2,0.2
10,10,off,45,6,0.6
10,10,off,46,7,0.7
10,10,off,47,4,0.4
10,10,off,48,4,0.0
10,10,off,49,5,0.5
10,10,off,50,7,0.7
10,10,off,51,1,0.1
10,10,off,52,3,0.3
10,10,off,53,3,0.3
10,10,off,54,1,0.1
10,10,off,55,1,0.1
10,10,off,56,1,0.1
10,10,off,57,6,0.6
10,10,off,58,3,0.3
10,10,off,59,3,0.3
10,10,off,60,3,0.3
10,10,off,61,2,0.2
10,10,off,62,7,0.7
10,10,off,63,5,0.5
10,10,off,64,8,0.8
10,10,off,65,3,0.3
10,10,off,66,7,0.0
10,10,off,67,3,0.3
10,10,off,68,3,0.3
10,10,off,69,2,0.2
10,10,off,70,4,0.4
10,10,off,71,2,0.2
10,10,off,72,1,0.1
10,10,off,73,3,0.3
10,10,off,74,5,0.5
10,10,off,75,1,0.0
10,10,off,76,1,0.1
10,10,off,77,2,0.2
10,10,off,78,5,0.5
10,10,off,79,4,0.4
10,10,off,80,2,0.2
10,10,off,81,0,0.0
10,10,off,82,5,0.5
10,10,off,83,4,0.4
10,10,off,84,0,0.0
10,10,off,85,7,0.7
10,10,off,86,3,0.3
10,10,off,87,8,0.8
10,10,off,88,2,0.2
10,10,off,89,2,0.2
10,10,off,90,7,0.7
10,10,off,91,5,0.5
10,10,off,92,4,0.4
10,10,off,93,5,0.5
10,10,off,94,6,0.6
10,10,off,95,5,0.5
10,10,off,96,4,0.4
10,10,off,97,3,0.3
10,10,off,98,5,0.5
10,10,off,99,7,0.7
10,10,off,100,10,1.0
10,10,off,101,2,0.2
10,10,off,102,7,0.7
10,10,off,103,5,0.5
10,10,off,104,0,0.0
10,10,off,105,0,0.0
10,10,off,106,5,0.5
10,10,off,107,2,0.2
10,10,off,108,10,0.9
10,10,off,109,2,0.2
10,10,off,110,1,0.1
10,10,off,111,4,0.4
10,10,off,112,5,0.5
10,10,off,113,1,0.1
10,10,off,114,6,0.6
10,10,off,115,7,0.7
10,10,off,116,4,0.4
10,10,off,117,3,0.3
10,10,off,118,4,0.4
10,10,off,119,7,0.7
10,10,off,120,2,0.2
10,10,off,121,1,0.1
10,10,off,122,1,0.1
10,10,off,123,5,0.5
10,10,off,124,5,0.5
10,10,off,125,3,0.0
10,10,off,126,4,0.4
10,10,off,127,2,0.2
10,10,off,128,0,0.0
10,10,off,129,7,0.7
10,10,off,130,4,0.4
10,10,off,131,2,0.2
10,10,off,132,2,0.2
10,10,off,133,4,0.4
10,10,off,134,4,0.4
10,10,off,135,5,0.5
10,10,off,136,3,0.3
10,10,off,137,7,0.7
10,10,off,138,2,0.2
10,10,off,139,4,0.4
10,10,off,140,2,0.2
10,10,off,141,2,0.2
10,10,off,142,3,0.3
10,10,off,143,4,0.4
10,10,off,144,7,0.7
10,10,off,145,1,0.1
10,10,off,146,9,0.9
10,10,off,147,1,0.1
10,10,off,148,4,0.4
10,10,off,149,2,0.2
10,10,off,150,8,0.8
10,10,off,151,7,0.7
10,10,off,152,6,0.6
10,10,off,153,5,0.5
10,10,off,154,7,0.7
10,10,off,155,2,0.2
10,10,off,156,3,0.3
10,10,off,157,2,0.2
10,10,off,158,4,0.4
10,10,off,159,3,0.3
10,10,off,160,1,0.1
10,10,off,161,2,0.2
10,10,off,162,10,1.0
10,10,off,163,3,0.3
10,10,off,164,5,0.5
10,10,off,165,9,0.9
10,10,off,166,4,0.4
10,10,off,167,3,0.3
10,10,off,168,7,0.7
10,10,off,169,1,0.1
10,10,off,170,1,0.1
10,10,off,171,7,0.7
10,10,off,172,1,0.1
10,10,off,173,2,0.2
10,10,off,174,10,1.0
10,10,off,175,6,0.6
10,10,off,176,1,0.1
10,10,off,177,8,0.8
10,10,off,178,5,0.5
10,10,off,179,2,0.2
10,10,off,180,4,0.4
10,10,off,181,6,0.6
10,10,off,182,6,0.6
10,10,off,183,0,0.0
10,10,off,184,7,0.7
10,10,off,185,3,0.3
10,10,off,186,2,0.2
10,10,off,187,5,0.5
10,10,off,188,8,0.8
10,10,off,189,6,0.6
10,10,off,190,6,0.6
10,10,off,191,2,0.0
10,10,off,192,3,0.3
10,10,off,193,8,0.8
10,10,off,194,4,0.4
10,10,off,195,10,1.0
10,10,off,196,1,0.1
10,10,off,197,5,0.5
10,10,off,198,6,0.6
10,10,off,199,7,0.7
10,10,relaxed_order,0,10,1.0
10,10,relaxed_order,1,10,0.0
10,10,relaxed_order,2,10,1.0
10,10,relaxed_order,3,10,1.0
10,10,relaxed_order,4,10,1.0
10,10,relaxed_order,5,10,1.0
10,10,relaxed_order,6,10,1.0
10,10,relaxed_order,7,10,1.0
10,10,relaxed_order,8,10,1.0
10,10,relaxed_order,9,10,1.0
10,10,relaxed_order,10,10,1.0
10,10,relaxed_order,11,10,0.9
10,10,relaxed_order,12,10,1.0
10,10,relaxed_order,13,10,1.0
10,10,relaxed_order,14,10,1.0
10,10,relaxed_order,15,10,1.0
10,10,relaxed_order,16,10,1.0
10,10,relaxed_order,17,10,0.9
10,10,relaxed_order,18,10,1.0
10,10,relaxed_order,19,10,1.0
10,10,relaxed_order,20,10,1.0
10,10,relaxed_order,21,10,1.0
10,10,relaxed_order,22,10,1.0
10,10,relaxed_order,23,10,0.0
10,10,relaxed_order,24,10,1.0
10,10,relaxed_order,25,10,1.0
10,10,relaxed_order,26,10,1.0
10,10,relaxed_order,27,10,1.0
10,10,relaxed_order,28,10,1.0
10,10,relaxed_order,29,10,1.0
10,10,relaxed_order,30,10,1.0
10,10,relaxed_order,31,10,1.0
10,10,relaxed_order,32,10,1.0
10,10,relaxed_order,33,10,1.0
10,10,relaxed_order,34,10,1.0
10,10,relaxed_order,35,10,1.0
10,10,relaxed_order,36,10,1.0
10,10,relaxed_order,37,10,1.0
10,10,relaxed_order,38,10,1.0
10,10,relaxed_order,39,10,1.0
10,10,relaxed_order,40,10,1.0
10,10,relaxed_order,41,10,1.0
10,10,relaxed_order,42,10,1.0
10,10,relaxed_order,43,10,1.0
10,10,relaxed_order,44,10,0.9
10,10,relaxed_order,45,10,1.0
10,10,relaxed_order,46,10,0.9
10,10,relaxed_order,47,10,1.0
10,10,relaxed_order,48,10,0.6
10,10,relaxed_order,49,10,0.9
10,10,relaxed_order,50,10,1.0
10,10,relaxed_order,51,10,1.0
10,10,relaxed_order,52,10,1.0
10,10,relaxed_order,53,10,1.0
10,10,relaxed_order,54,10,1.0
10,10,relaxed_order,55,10,0.9
10,10,relaxed_order,56,10,1.0
10,10,relaxed_order,57,10,1.0
10,10,relaxed_order,58,10,1.0
10,10,relaxed_order,59,10,0.9
10,10,relaxed_order,60,10,1.0
10,10,relaxed_order,61,10,1.0
10,10,relaxed_order,62,10,1.0
10,10,relaxed_order,63,10,1.0
10,10,relaxed_order,64,10,1.0
10,10,relaxed_order,65,10,1.0
10,10,relaxed_order,66,10,0.0
10,10,relaxed_order,67,10,1.0
10,10,relaxed_order,68,10,1.0
10,10,relaxed_order,69,10,1.0
10,10,relaxed_order,70,10,1.0
10,10,relaxed_order,71,10,1.0
10,10,relaxed_order,72,10,1.0
10,10,relaxed_order,73,10,1.0
10,10,relaxed_order,74,10,1.0
10,10,relaxed_order,75,10,0.4
10,10,relaxed_order,76,10,1.0
10,10,relaxed_order,77,10,0.8
10,10,relaxed_order,78,10,1.0
10,10,relaxed_order,79,10,1.0
10,10,relaxed_order,80,10,1.0
10,10,relaxed_order,81,10,1.0
10,10,relaxed_order,82,10,1.0
10,10,relaxed_order,83,10,1.0
10,10,relaxed_order,84,10,1.0
10,10,relaxed_order,85,10,1.0
10,10,relaxed_order,86,10,1.0
10,10,relaxed_order,87,10,1.0
10,10,relaxed_order,88,10,1.0
10,10,relaxed_order,89,10,0.9
10,10,relaxed_order,90,10,1.0
10,10,relaxed_order,91,10,1.0
10,10,relaxed_order,92,10,1.0
10,10,relaxed_order,93,10,1.0
10,10,relaxed_order,94,10,1.0
10,10,relaxed_order,95,10,1.0
10,10,relaxed_order,96,10,1.0
10,10,relaxed_order,97,10,1.0
10,10,relaxed_order,98,10,1.0
10,10,relaxed_order,99,10,0.9
10,10,relaxed_order,100,10,1.0
10,10,relaxed_order,101,10,1.0
10,10,relaxed_order,102,10,1.0
10,10,relaxed_order,103,10,1.0
10,10,relaxed_order,104,10,0.8
10,10,relaxed_order,105,10,1.0
10,10,relaxed_order,106,10,1.0
10,10,relaxed_order,107,10,0.9
10,10,relaxed_order,108,10,0.9
10,10,relaxed_order,109,10,1.0
10,10,relaxed_order,110,10,0.9
10,10,relaxed_order,111,10,0.7
10,10,relaxed_order,112,10,1.0
10,10,relaxed_order,113,10,1.0
10,10,relaxed_order,114,10,1.0
10,10,relaxed_order,115,10,1.0
10,10,relaxed_order,116,10,1.0
10,10,relaxed_order,117,10,1.0
10,10,relaxed_order,118,10,1.0
10,10,relaxed_order,119,10,1.0
10,10,relaxed_order,120,10,0.9
10,10,relaxed_order,121,10,0.9
10,10,relaxed_order,122,10,1.0
10,10,relaxed_order,123,10,1.0
10,10,relaxed_order,124,10,1.0
10,10,relaxed_order,125,10,0.0
10,10,relaxed_order,126,10,1.0
10,10,relaxed_order,127,10,1.0
10,10,relaxed_order,128,10,0.9
10,10,relaxed_order,129,10,1.0
10,10,relaxed_order,130,10,1.0
10,10,relaxed_order,131,10,0.8
10,10,relaxed_order,132,10,1.0
10,10,relaxed_order,133,10,1.0
10,10,relaxed_order,134,10,0.9
10,10,relaxed_order,135,10,1.0
10,10,relaxed_order,136,10,1.0
10,10,relaxed_order,137,10,1.0
10,10,relaxed_order,138,10,1.0
10,10,relaxed_order,139,10,1.0
10,10,relaxed_order,140,10,1.0
10,10,relaxed_order,141,10,1.0
10,10,relaxed_order,142,10,1.0
10,10,relaxed_order,143,10,1.0
10,10,relaxed_order,144,10,1.0
10,10,relaxed_order,145,10,1.0
10,10,relaxed_order,146,10,1.0
10,10,relaxed_order,147,10,1.0
10,10,relaxed_order,148,10,1.0
10,10,relaxed_order,149,10,1.0
10,10,relaxed_order,150,10,1.0
10,10,relaxed_order,151,10,1.0
10,10,relaxed_order,152,10,0.9
10,10,relaxed_order,153,10,0.9
10,10,relaxed_order,154,10,0.9
10,10,relaxed_order,155,10,1.0
10,10,relaxed_order,156,10,1.0
10,10,relaxed_order,157,10,1.0
10,10,relaxed_order,158,10,0.9
10,10,relaxed_order,159,10,1.0
10,10,relaxed_order,160,10,1.0
10,10,relaxed_order,161,10,1.0
10,10,relaxed_order,162,10,1.0
10,10,relaxed_order,163,10,1.0
10,10,relaxed_order,164,10,0.9
10,10,relaxed_order,165,10,1.0
10,10,relaxed_order,166,10,0.9
10,10,relaxed_order,167,10,1.0
10,10,relaxed_order,168,10,1.0
10,10,relaxed_order,169,10,1.0
10,10,relaxed_order,170,10,1.0
10,10,relaxed_order,171,10,1.0
10,10,relaxed_order,172,10,1.0
10,10,relaxed_order,173,10,1.0
10,10,relaxed_order,174,10,1.0
10,10,relaxed_order,175,10,1.0
10,10,relaxed_order,176,10,1.0
10,10,relaxed_order,177,10,1.0
10,10,relaxed_order,178,10,1.0
10,10,relaxed_order,179,10,1.0
10,10,relaxed_order,180,10,1.0
10,10,relaxed_order,181,10,1.0
10,10,relaxed_order,182,10,1.0
10,10,relaxed_order,183,10,1.0
10,10,relaxed_order,184,10,0.9
10,10,relaxed_order,185,10,0.9
10,10,relaxed_order,186,10,1.0
10,10,relaxed_order,187,10,1.0
10,10,relaxed_order,188,10,1.0
10,10,relaxed_order,189,10,1.0
10,10,relaxed_order,190,10,1.0
10,10,relaxed_order,191,10,0.0
10,10,relaxed_order,192,10,1.0
10,10,relaxed_order,193,10,1.0
10,10,relaxed_order,194,10,1.0
10,10,relaxed_order,195,10,1.0
10,10,relaxed_order,196,10,1.0
10,10,relaxed_order,197,10,1.0
10,10,relaxed_order,198,10,1.0
10,10,relaxed_order,199,10,1.0
10,10,strict_order,0,10,1.0
10,10,strict_order,1,10,0.0
10,10,strict_order,2,10,1.0
10,10,strict_order,3,10,1.0
10,10,strict_order,4,10,1.0
10,10,strict_order,5,10,1.0
10,10,strict_order,6,10,1.0
10,10,strict_order,7,10,1.0
10,10,strict_order,8,10,1.0
10,10,strict_order,9,10,1.0
10,10,strict_order,10,10,0.9
10,10,strict_order,11,10,0.9
10,10,strict_order,12,10,1.0
10,10,strict_order,13,10,1.0
10,10,strict_order,14,10,1.0
10,10,strict_order,15,10,1.0
10,10,strict_order,16,10,1.0
10,10,strict_order,17,10,0.9
10,10,strict_order,18,10,1.0
10,10,strict_order,19,10,1.0
10,10,strict_order,20,10,1.0
10,10,strict_order,21,10,1.0
10,10,strict_order,22,10,1.0
10,10,strict_order,23,10,0.0
10,10,strict_order,24,10,1.0
10,10,strict_order,25,10,1.0
10,10,strict_order,26,10,1.0
10,10,strict_order,27,10,1.0
10,10,strict_order,28,10,1.0
10,10,strict_order,29,10,1.0
10,10,strict_order,30,10,1.0
10,10,strict_order,31,10,1.0
10,10,strict_order,32,10,1.0
10,10,strict_order,33,10,1.0
10,10,strict_order,34,10,1.0
10,10,strict_order,35,10,1.0
10,10,strict_order,36,10,1.0
10,10,strict_order,37,10,0.9
10,10,strict_order,38,10,1.0
10,10,strict_order,39,10,1.0
10,10,strict_order,40,10,1.0
10,10,strict_order,41,10,1.0
10,10,strict_order,42,10,1.0
10,10,strict_order,43,10,1.0
10,10,strict_order,44,10,0.9
10,10,strict_order,45,10,1.0
10,10,strict_order,46,10,0.9
10,10,strict_order,47,10,1.0
10,10,strict_order,48,10,0.0
10,10,strict_order,49,10,0.9
10,10,strict_order,50,10,1.0
10,10,strict_order,51,10,1.0
10,10,strict_order,52,10,1.0
10,10,strict_order,53,10,1.0
10,10,strict_order,54,10,1.0
10,10,strict_order,55,10,0.9
10,10,strict_order,56,10,1.0
10,10,strict_order,57,10,1.0
10,10,strict_order,58,10,1.0
10,10,strict_order,59,10,0.9
10,10,strict_order,60,10,1.0
10,10,strict_order,61,10,1.0
10,10,strict_order,62,10,1.0
10,10,strict_order,63,10,1.0
10,10,strict_order,64,10,1.0
10,10,strict_order,65,10,1.0
10,10,strict_order,66,10,0.0
10,10,strict_order,67,10,1.0
10,10,strict_order,68,10,0.9
10,10,strict_order,69,10,1.0
10,10,strict_order,70,10,1.0
10,10,strict_order,71,10,1.0
10,10,strict_order,72,10,1.0
10,10,strict_order,73,10,1.0
10,10,strict_order,74,10,1.0
10,10,strict_order,75,10,0.0
10,10,strict_order,76,10,1.0
10,10,strict_order,77,10,0.8
10,10,strict_order,78,10,1.0
10,10,strict_order,79,10,1.0
10,10,strict_order,80,10,1.0
10,10,strict_order,81,10,1.0
10,10,strict_order,82,10,1.0
10,10,strict_order,83,10,1.0
10,10,strict_order,84,10,1.0
10,10,strict_order,85,10,1.0
10,10,strict_order,86,10,1.0
10,10,strict_order,87,10,1.0
10,10,strict_order,88,10,1.0
10,10,strict_order,89,10,0.9
10,10,strict_order,90,10,1.0
10,10,strict_order,91,10,0.9
10,10,strict_order,92,10,1.0
10,10,strict_order,93,10,1.0
10,10,strict_order,94,10,1.0
10,10,strict_order,95,10,1.0
10,10,strict_order,96,10,1.0
10,10,strict_order,97,10,1.0
10,10,strict_order,98,10,1.0
10,10,strict_order,99,10,0.9
10,10,strict_order,100,10,1.0
10,10,strict_order,101,10,1.0
10,10,strict_order,102,10,1.0
10,10,strict_order,103,10,0.9
10,10,strict_order,104,10,0.8
10,10,strict_order,105,10,1.0
10,10,strict_order,106,10,1.0
10,10,strict_order,107,10,0.9
10,10,strict_order,108,10,0.9
10,10,strict_order,109,10,1.0
10,10,strict_order,110,10,0.9
10,10,strict_order,111,10,0.7
10,10,strict_order,112,10,1.0
10,10,strict_order,113,10,1.0
10,10,strict_order,114,10,1.0
10,10,strict_order,115,10,1.0
10,10,strict_order,116,10,1.0
10,10,strict_order,117,10,1.0
10,10,strict_order,118,10,1.0
10,10,strict_order,119,10,1.0
10,10,strict_order,120,10,0.9
10,10,strict_order,121,10,0.9
10,10,strict_order,122,10,1.0
10,10,strict_order,123,10,1.0
10,10,strict_order,124,10,0.9
10,10,strict_order,125,10,0.0
10,10,strict_order,126,10,1.0
10,10,strict_order,127,10,0.9
10,10,strict_order,128,10,0.9
10,10,strict_order,129,10,1.0
10,10,strict_order,130,10,0.9
10,10,strict_order,131,10,0.8
10,10,strict_order,132,10,1.0
10,10,strict_order,133,10,0.9
10,10,strict_order,134,10,0.8
10,10,strict_order,135,10,1.0
10,10,strict_order,136,10,1.0
10,10,strict_order,137,10,1.0
10,10,strict_order,138,10,1.0
10,10,strict_order,139,10,1.0
10,10,strict_order,140,10,1.0
10,10,strict_order,141,10,1.0
10,10,strict_order,142,10,1.0
10,10,strict_order,143,10,1.0
10,10,strict_order,144,10,1.0
10,10,strict_order,145,10,1.0
10,10,strict_order,146,10,1.0
10,10,strict_order,147,10,1.0
10,10,strict_order,148,10,1.0
10,10,strict_order,149,10,1.0
10,10,strict_order,150,10,1.0
10,10,strict_order,151,10,1.0
10,10,strict_order,152,10,0.9
10,10,strict_order,153,10,0.9
10,10,strict_order,154,10,0.9
10,10,strict_order,155,10,1.0
10,10,strict_order,156,10,1.0
10,10,strict_order,157,10,1.0
10,10,strict_order,158,10,0.9
10,10,strict_order,159,10,1.0
10,10,strict_order,160,10,1.0
10,10,strict_order,161,10,1.0
10,10,strict_order,162,10,1.0
10,10,strict_order,163,10,1.0
10,10,strict_order,164,10,0.9
10,10,strict_order,165,10,1.0
10,10,strict_order,166,10,0.9
10,10,strict_order,167,10,1.0
10,10,strict_order,168,10,1.0
10,10,strict_order,169,10,1.0
10,10,strict_order,170,10,1.0
10,10,strict_order,171,10,1.0
10,10,strict_order,172,10,1.0
10,10,strict_order,173,10,1.0
10,10,strict_order,174,10,1.0
10,10,strict_order,175,10,1.0
10,10,strict_order,176,10,1.0
10,10,strict_order,177,10,1.0
10,10,strict_order,178,10,1.0
10,10,strict_order,179,10,1.0
10,10,strict_order,180,10,1.0
10,10,strict_order,181,10,1.0
10,10,strict_order,182,10,1.0
10,10,strict_order,183,10,1.0
10,10,strict_order,184,10,0.9
10,10,strict_order,185,10,0.9
10,10,strict_order,186,10,1.0
10,10,strict_order,187,10,1.0
10,10,strict_order,188,10,1.0
10,10,strict_order,189,10,1.0
10,10,strict_order,190,10,0.9
10,10,strict_order,191,10,0.0
10,10,strict_order,192,10,1.0
10,10,strict_order,193,10,1.0
10,10,strict_order,194,10,1.0
10,10,strict_order,195,10,1.0
10,10,strict_order,196,10,1.0
10,10,strict_order,197,10,1.0
10,10,strict_order,198,10,1.0
10,10,strict_order,199,10,1.0
10,10,exact,0,10,1.0
10,10,exact,1,10,1.0
10,10,exact,2,10,1.0
10,10,exact,3,10,1.0
10,10,exact,4,10,1.0
10,10,exact,5,10,1.0
10,10,exact,6,10,1.0
10,10,exact,7,10,1.0
10,10,exact,8,10,1.0
10,10,exact,9,10,1.0
10,10,exact,10,10,1.0
10,10,exact,11,10,1.0
10,10,exact,12,10,1.0
10,10,exact,13,10,1.0
10,10,exact,14,10,1.0
10,10,exact,15,10,1.0
10,10,exact,16,10,1.0
10,10,exact,17,10,1.0
10,10,exact,18,10,1.0
10,10,exact,19,10,1.0
10,10,exact,20,10,1.0
10,10,exact,21,10,1.0
10,10,exact,22,10,1.0
10,10,exact,23,10,1.0
10,10,exact,24,10,1.0
10,10,exact,25,10,1.0
10,10,exact,26,10,1.0
10,10,exact,27,10,1.0
10,10,exact,28,10,1.0
10,10,exact,29,10,1.0
10,10,exact,30,10,1.0
10,10,exact,31,10,1.0
10,10,exact,32,10,1.0
10,10,exact,33,10,1.0
10,10,exact,34,10,1.0
10,10,exact,35,10,1.0
10,10,exact,36,10,1.0
10,10,exact,37,10,1.0
10,10,exact,38,10,1.0
10,10,exact,39,10,1.0
10,10,exact,40,10,1.0
10,10,exact,41,10,1.0
10,10,exact,42,10,1.0
10,10,exact,43,10,1.0
10,10,exact,44,10,1.0
10,10,exact,45,10,1.0
10,10,exact,46,10,1.0
10,10,exact,47,10,1.0
10,10,exact,48,10,1.0
10,10,exact,49,10,1.0
10,10,exact,50,10,1.0
10,10,exact,51,10,1.0
10,10,exact,52,10,1.0
10,10,exact,53,10,1.0
10,10,exact,54,10,1.0
10,10,exact,55,10,1.0
10,10,exact,56,10,1.0
10,10,exact,57,10,1.0
10,10,exact,58,10,1.0
10,10,exact,59,10,1.0
10,10,exact,60,10,1.0
10,10,exact,61,10,1.0
10,10,exact,62,10,1.0
10,10,exact,63,10,1.0
10,10,exact,64,10,1.0
10,10,exact,65,10,1.0
10,10,exact,66,10,1.0
10,10,exact,67,10,1.0
10,10,exact,68,10,1.0
10,10,exact,69,10,1.0
10,10,exact,70,10,1.0
10,10,exact,71,10,1.0
10,10,exact,72,10,1.0
10,10,exact,73,10,1.0
10,10,exact,74,10,1.0
10,10,exact,75,10,1.0
10,10,exact,76,10,1.0
10,10,exact,77,10,1.0
10,10,exact,78,10,1.0
10,10,exact,79,10,1.0
10,10,exact,80,10,1.0
10,10,exact,81,10,1.0
10,10,exact,82,10,1.0
10,10,exact,83,10,1.0
10,10,exact,84,10,1.0
10,10,exact,85,10,1.0
10,10,exact,86,10,1.0
10,10,exact,87,10,1.0
10,10,exact,88,10,1.0
10,10,exact,89,10,1.0
10,10,exact,90,10,1.0
10,10,exact,91,10,1.0
10,10,exact,92,10,1.0
10,10,exact,93,10,1.0
10,10,exact,94,10,1.0
10,10,exact,95,10,1.0
10,10,exact,96,10,1.0
10,10,exact,97,10,1.0
10,10,exact,98,10,1.0
10,10,exact,99,10,1.0
10,10,exact,100,10,1.0
10,10,exact,101,10,1.0
10,10,exact,102,10,1.0
10,10,exact,103,10,1.0
10,10,exact,104,10,1.0
10,10,exact,105,10,1.0
10,10,exact,106,10,1.0
10,10,exact,107,10,1.0
10,10,exact,108,10,1.0
10,10,exact,109,10,1.0
10,10,exact,110,10,1.0
10,10,exact,111,10,1.0
10,10,exact,112,10,1.0
10,10,exact,113,10,1.0
10,10,exact,114,10,1.0
10,10,exact,115,10,1.0
10,10,exact,116,10,1.0
10,10,exact,117,10,1.0
10,10,exact,118,10,1.0
10,10,exact,119,10,1.0
10,10,exact,120,10,1.0
10,10,exact,121,10,1.0
10,10,exact,122,10,1.0
10,10,exact,123,10,1.0
10,10,exact,124,10,1.0
10,10,exact,125,10,1.0
10,10,exact,126,10,1.0
10,10,exact,127,10,1.0
10,10,exact,128,10,1.0
10,10,exact,129,10,1.0
10,10,exact,130,10,1.0
10,10,exact,131,10,1.0
10,10,exact,132,10,1.0
10,10,exact,133,10,1.0
10,10,exact,134,10,1.0
10,10,exact,135,10,1.0
10,10,exact,136,10,1.0
10,10,exact,137,10,1.0
10,10,exact,138,10,1.0
10,10,exact,139,10,1.0
10,10,exact,140,10,1.0
10,10,exact,141,10,1.0
10,10,exact,142,10,1.0
10,10,exact,143,10,1.0
10,10,exact,144,10,1.0
10,10,exact,145,10,1.0
10,10,exact,146,10,1.0
10,10,exact,147,10,1.0
10,10,exact,148,10,1.0
10,10,exact,149,10,1.0
10,10,exact,150,10,1.0
10,10,exact,151,10,1.0
10,10,exact,152,10,1.0
10,10,exact,153,10,1.0
10,10,exact,154,10,1.0
10,10,exact,155,10,1.0
10,10,exact,156,10,1.0
10,10,exact,157,10,1.0
10,10,exact,158,10,1.0
10,10,exact,159,10,1.0
10,10,exact,160,10,1.0
10,10,exact,161,10,1.0
10,10,exact,162,10,1.0
10,10,exact,163,10,1.0
10,10,exact,164,10,1.0
10,10,exact,165,10,1.0
10,10,exact,166,10,1.0
10,10,exact,167,10,1.0
10,10,exact,168,10,1.0
10,10,exact,169,10,1.0
10,10,exact,170,10,1.0
10,10,exact,171,10,1.0
10,10,exact,172,10,1.0
10,10,exact,173,10,1.0
10,10,exact,174,10,1.0
10,10,exact,175,10,1.0
10,10,exact,176,10,1.0
10,10,exact,177,10,1.0
10,10,exact,178,10,1.0
10,10,exact,179,10,1.0
10,10,exact,180,10,1.0
10,10,exact,181,10,1.0
10,10,exact,182,10,1.0
10,10,exact,183,10,1.0
10,10,exact,184,10,1.0
10,10,exact,185,10,1.0
10,10,exact,186,10,1.0
10,10,exact,187,10,1.0
10,10,exact,188,10,1.0
10,10,exact,189,10,1.0
10,10,exact,190,10,1.0
10,10,exact,191,10,1.0
10,10,exact,192,10,1.0
10,10,exact,193,10,1.0
10,10,exact,194,10,1.0
10,10,exact,195,10,1.0
10,10,exact,196,10,1.0
10,10,exact,197,10,1.0
10,10,exact,198,10,1.0
10,10,exact,199,10,1.0
10,50,off,0,10,1.0
10,50,off,1,10,0.0
10,50,off,2,10,1.0
10,50,off,3,10,1.0
10,50,off,4,10,1.0
10,50,off,5,10,1.0
10,50,off,6,10,1.0
10,50,off,7,9,0.9
10,50,off,8,10,1.0
10,50,off,9,10,1.0
10,50,off,10,10,1.0
10,50,off,11,10,1.0
10,50,off,12,10,0.8
10,50,off,13,10,1.0
10,50,off,14,10,1.0
10,50,off,15,10,0.9
10,50,off,16,10,1.0
10,50,off,17,10,0.8
10,50,off,18,10,0.8
10,50,off,19,10,1.0
10,50,off,20,10,1.0
10,50,off,21,10,1.0
10,50,off,22,10,1.0
10,50,off,23,10,0.0
10,50,off,24,10,1.0
10,50,off,25,10,0.9
10,50,off,26,10,1.0
10,50,off,27,10,0.8
10,50,off,28,10,1.0
10,50,off,29,10,1.0
10,50,off,30,10,1.0
10,50,off,31,10,1.0
10,50,off,32,10,1.0
10,50,off,33,10,1.0
10,50,off,34,10,0.9
10,50,off,35,10,1.0
10,50,off,36,10,1.0
10,50,off,37,10,1.0
10,50,off,38,10,1.0
10,50,off,39,10,1.0
10,50,off,40,10,1.0
10,50,off,41,10,1.0
10,50,off,42,10,1.0
10,50,off,43,10,1.0
10,50,off,44,10,1.0
10,50,off,45,10,1.0
10,50,off,46,10,1.0
10,50,off,47,10,0.9
10,50,off,48,10,0.0
10,50,off,49,10,0.9
10,50,off,50,10,1.0
10,50,off,51,10,1.0
10,50,off,52,10,1.0
10,50,off,53,10,1.0
10,50,off,54,10,1.0
10,50,off,55,10,1.0
10,50,off,56,10,0.9
10,50,off,57,10,1.0
10,50,off,58,10,1.0
10,50,off,59,10,1.0
10,50,off,60,10,1.0
10,50,off,61,10,1.0
10,50,off,62,10,1.0
10,50,off,63,10,1.0
10,50,off,64,10,1.0
10,50,off,65,10,0.9
10,50,off,66,10,0.0
10,50,off,67,10,1.0
10,50,off,68,10,1.0
10,50,off,69,10,1.0
10,50,off,70,10,1.0
10,50,off,71,10,1.0
10,50,off,72,10,0.9
10,50,off,73,10,1.0
10,50,off,74,10,1.0
10,50,off,75,10,0.0
10,50,off,76,10,1.0
10,50,off,77,10,1.0
10,50,off,78,10,1.0
10,50,off,79,10,1.0
10,50,off,80,10,0.9
10,50,off,81,10,1.0
10,50,off,82,10,1.0
10,50,off,83,10,1.0
10,50,off,84,10,1.0
10,50,off,85,10,0.9
10,50,off,86,10,1.0
10,50,off,87,10,1.0
10,50,off,88,10,1.0
10,50,off,89,10,1.0
10,50,off,90,10,1.0
10,50,off,91,10,1.0
10,50,off,92,10,0.8
10,50,off,93,10,1.0
10,50,off,94,10,1.0
10,50,off,95,10,1.0
10,50,off,96,10,1.0
10,50,off,97,10,1.0
10,50,off,98,10,1.0
10,50,off,99,10,1.0
10,50,off,100,10,1.0
10,50,off,101,10,0.9
10,50,off,102,10,1.0
10,50,off,103,10,0.9
10,50,off,104,10,0.9
10,50,off,105,10,1.0
10,50,off,106,10,1.0
10,50,off,107,10,0.9
10,50,off,108,10,0.9
10,50,off,109,10,1.0
10,50,off,110,10,1.0
10,50,off,111,10,0.9
10,50,off,112,10,1.0
10,50,off,113,10,1.0
10,50,off,114,10,0.9
10,50,off,115,10,1.0
10,50,off,116,10,1.0
10,50,off,117,10,1.0
10,50,off,118,10,1.0
10,50,off,119,10,1.0
10,50,off,120,10,1.0
10,50,off,121,10,1.0
10,50,off,122,10,1.0
10,50,off,123,10,1.0
10,50,off,124,10,1.0
10,50,off,125,10,0.0
10,50,off,126,10,1.0
10,50,off,127,10,1.0
10,50,off,128,10,1.0
10,50,off,129,10,1.0
10,50,off,130,10,1.0
10,50,off,131,10,1.0
10,50,off,132,10,0.8
10,50,off,133,10,0.7
10,50,off,134,10,0.9
10,50,off,135,10,1.0
10,50,off,136,10,1.0
10,50,off,137,10,1.0
10,50,off,138,10,1.0
10,50,off,139,10,1.0
10,50,off,140,10,1.0
10,50,off,141,10,1.0
10,50,off,142,10,1.0
10,50,off,143,10,1.0
10,50,off,144,10,1.0
10,50,off,145,10,1.0
10,50,off,146,10,1.0
10,50,off,147,10,1.0
10,50,off,148,10,0.9
10,50,off,149,10,1.0
10,50,off,150,10,1.0
10,50,off,151,10,1.0
10,50,off,152,10,1.0
10,50,off,153,10,1.0
10,50,off,154,10,0.9
10,50,off,155,10,1.0
10,50,off,156,10,1.0
10,50,off,157,10,1.0
10,50,off,158,10,0.9
10,50,off,159,10,0.9
10,50,off,160,10,0.9
10,50,off,161,10,1.0
10,50,off,162,10,1.0
10,50,off,163,10,0.9
10,50,off,164,10,1.0
10,50,off,165,10,1.0
10,50,off,166,10,1.0
10,50,off,167,10,1.0
10,50,off,168,10,1.0
10,50,off,169,10,1.0
10,50,off,170,10,1.0
10,50,off,171,10,1.0
10,50,off,172,10,1.0
10,50,off,173,10,0.9
10,50,off,174,10,1.0
10,50,off,175,10,0.9
10,50,off,176,10,1.0
10,50,off,177,10,1.0
10,50,off,178,10,1.0
10,50,off,179,10,1.0
10,50,off,180,10,1.0
10,50,off,181,10,1.0
10,50,off,182,10,1.0
10,50,off,183,10,0.9
10,50,off,184,10,1.0
10,50,off,185,10,1.0
10,50,off,186,10,0.8
10,50,off,187,10,1.0
10,50,off,188,10,1.0
10,50,off,189,10,1.0
10,50,off,190,10,1.0
10,50,off,191,10,0.1
10,50,off,192,10,1.0
10,50,off,193,10,0.9
10,50,off,194,10,1.0
10,50,off,195,10,1.0
10,50,off,196,10,1.0
10,50,off,197,10,1.0
10,50,off,198,10,1.0
10,50,off,199,10,0.9
10,50,relaxed_order,0,10,1.0
10,50,relaxed_order,1,10,0.0
10,50,relaxed_order,2,10,1.0
10,50,relaxed_order,3,10,1.0
10,50,relaxed_order,4,10,1.0
10,50,relaxed_order,5,10,1.0
10,50,relaxed_order,6,10,1.0
10,50,relaxed_order,7,10,0.9
10,50,relaxed_order,8,10,1.0
10,50,relaxed_order,9,10,1.0
10,50,relaxed_order,10,10,1.0
10,50,relaxed_order,11,10,1.0
10,50,relaxed_order,12,10,0.8
10,50,relaxed_order,13,10,1.0
10,50,relaxed_order,14,10,1.0
10,50,relaxed_order,15,10,0.9
10,50,relaxed_order,16,10,1.0
10,50,relaxed_order,17,10,0.8
10,50,relaxed_order,18,10,0.8
10,50,relaxed_order,19,10,1.0
10,50,relaxed_order,20,10,1.0
10,50,relaxed_order,21,10,1.0
10,50,relaxed_order,22,10,1.0
10,50,relaxed_order,23,10,0.0
10,50,relaxed_order,24,10,1.0
10,50,relaxed_order,25,10,0.9
10,50,relaxed_order,26,10,1.0
10,50,relaxed_order,27,10,0.8
10,50,relaxed_order,28,10,1.0
10,50,relaxed_order,29,10,1.0
10,50,relaxed_order,30,10,1.0
10,50,relaxed_order,31,10,1.0
10,50,relaxed_order,32,10,1.0
10,50,relaxed_order,33,10,1.0
10,50,relaxed_order,34,10,0.9
10,50,relaxed_order,35,10,1.0
10,50,relaxed_order,36,10,1.0
10,50,relaxed_order,37,10,1.0
10,50,relaxed_order,38,10,1.0
10,50,relaxed_order,39,10,1.0
10,50,relaxed_order,40,10,1.0
10,50,relaxed_order,41,10,1.0
10,50,relaxed_order,42,10,1.0
10,50,relaxed_order,43,10,1.0
10,50,relaxed_order,44,10,1.0
10,50,relaxed_order,45,10,1.0
10,50,relaxed_order,46,10,1.0
10,50,relaxed_order,47,10,0.9
10,50,relaxed_order,48,10,0.0
10,50,relaxed_order,49,10,0.9
10,50,relaxed_order,50,10,1.0
10,50,relaxed_order,51,10,1.0
10,50,relaxed_order,52,10,1.0
10,50,relaxed_order,53,10,1.0
10,50,relaxed_order,54,10,1.0
10,50,relaxed_order,55,10,1.0
10,50,relaxed_order,56,10,0.9
10,50,relaxed_order,57,10,1.0
10,50,relaxed_order,58,10,1.0
10,50,relaxed_order,59,10,1.0
10,50,relaxed_order,60,10,1.0
10,50,relaxed_order,61,10,1.0
10,50,relaxed_order,62,10,1.0
10,50,relaxed_order,63,10,1.0
10,50,relaxed_order,64,10,1.0
10,50,relaxed_order,65,10,0.9
10,50,relaxed_order,66,10,0.0
10,50,relaxed_order,67,10,1.0
10,50,relaxed_order,68,10,1.0
10,50,relaxed_order,69,10,1.0
10,50,relaxed_order,70,10,1.0
10,50,relaxed_order,71,10,1.0
10,50,relaxed_order,72,10,0.9
10,50,relaxed_order,73,10,1.0
10,50,relaxed_order,74,10,1.0
10,50,relaxed_order,75,10,0.0
10,50,relaxed_order,76,10,1.0
10,50,relaxed_order,77,10,1.0
10,50,relaxed_order,78,10,1.0
10,50,relaxed_order,79,10,1.0
10,50,relaxed_order,80,10,0.9
10,50,relaxed_order,81,10,1.0
10,50,relaxed_order,82,10,1.0
10,50,relaxed_order,83,10,1.0
10,50,relaxed_order,84,10,1.0
10,50,relaxed_order,85,10,0.9
10,50,relaxed_order,86,10,1.0
10,50,relaxed_order,87,10,1.0
10,50,relaxed_order,88,10,1.0
10,50,relaxed_order,89,10,1.0
10,50,relaxed_order,90,10,1.0
10,50,relaxed_order,91,10,1.0
10,50,relaxed_order,92,10,0.8
10,50,relaxed_order,93,10,1.0
10,50,relaxed_order,94,10,1.0
10,50,relaxed_order,95,10,1.0
10,50,relaxed_order,96,10,1.0
10,50,relaxed_order,97,10,1.0
10,50,relaxed_order,98,10,1.0
10,50,relaxed_order,99,10,1.0
10,50,relaxed_order,100,10,1.0
10,50,relaxed_order,101,10,0.9
10,50,relaxed_order,102,10,1.0
10,50,relaxed_order,103,10,0.9
10,50,relaxed_order,104,10,0.9
10,50,relaxed_order,105,10,1.0
10,50,relaxed_order,106,10,1.0
10,50,relaxed_order,107,10,0.9
10,50,relaxed_order,108,10,0.9
10,50,relaxed_order,109,10,1.0
10,50,relaxed_order,110,10,1.0
10,50,relaxed_order,111,10,0.9
10,50,relaxed_order,112,10,1.0
10,50,relaxed_order,113,10,1.0
10,50,relaxed_order,114,10,0.9
10,50,relaxed_order,115,10,1.0
10,50,relaxed_order,116,10,1.0
10,50,relaxed_order,117,10,1.0
10,50,relaxed_order,118,10,1.0
10,50,relaxed_order,119,10,1.0
10,50,relaxed_order,120,10,1.0
10,50,relaxed_order,121,10,1.0
10,50,relaxed_order,122,10,1.0
10,50,relaxed_order,123,10,1.0
10,50,relaxed_order,124,10,1.0
10,50,relaxed_order,125,10,0.0
10,50,relaxed_order,126,10,1.0
10,50,relaxed_order,127,10,1.0
10,50,relaxed_order,128,10,1.0
10,50,relaxed_order,129,10,1.0
10,50,relaxed_order,130,10,1.0
10,50,relaxed_order,131,10,1.0
10,50,relaxed_order,132,10,0.8
10,50,relaxed_order,133,10,0.7
10,50,relaxed_order,134,10,0.9
10,50,relaxed_order,135,10,1.0
10,50,relaxed_order,136,10,1.0
10,50,relaxed_order,137,10,1.0
10,50,relaxed_order,138,10,1.0
10,50,relaxed_order,139,10,1.0
10,50,relaxed_order,140,10,1.0
10,50,relaxed_order,141,10,1.0
10,50,relaxed_order,142,10,1.0
10,50,relaxed_order,143,10,1.0
10,50,relaxed_order,144,10,1.0
10,50,relaxed_order,145,10,1.0
10,50,relaxed_order,146,10,1.0
10,50,relaxed_order,147,10,1.0
10,50,relaxed_order,148,10,0.9
10,50,relaxed_order,149,10,1.0
10,50,relaxed_order,150,10,1.0
10,50,relaxed_order,151,10,1.0
10,50,relaxed_order,152,10,1.0
10,50,relaxed_order,153,10,1.0
10,50,relaxed_order,154,10,0.9
10,50,relaxed_order,155,10,1.0
10,50,relaxed_order,156,10,1.0
10,50,relaxed_order,157,10,1.0
10,50,relaxed_order,158,10,0.9
10,50,relaxed_order,159,10,0.9
10,50,relaxed_order,160,10,0.9
10,50,relaxed_order,161,10,1.0
10,50,relaxed_order,162,10,1.0
10,50,relaxed_order,163,10,0.9
10,50,relaxed_order,164,10,1.0
10,50,relaxed_order,165,10,1.0
10,50,relaxed_order,166,10,1.0
10,50,relaxed_order,167,10,1.0
10,50,relaxed_order,168,10,1.0
10,50,relaxed_order,169,10,1.0
10,50,relaxed_order,170,10,1.0
10,50,relaxed_order,171,10,1.0
10,50,relaxed_order,172,10,1.0
10,50,relaxed_order,173,10,0.9
10,50,relaxed_order,174,10,1.0
10,50,relaxed_order,175,10,0.9
10,50,relaxed_order,176,10,1.0
10,50,relaxed_order,177,10,1.0
10,50,relaxed_order,178,10,1.0
10,50,relaxed_order,179,10,1.0
10,50,relaxed_order,180,10,1.0
10,50,relaxed_order,181,10,1.0
10,50,relaxed_order,182,10,1.0
10,50,relaxed_order,183,10,0.9
10,50,relaxed_order,184,10,1.0
10,50,relaxed_order,185,10,1.0
10,50,relaxed_order,186,10,0.8
10,50,relaxed_order,187,10,1.0
10,50,relaxed_order,188,10,1.0
10,50,relaxed_order,189,10,1.0
10,50,relaxed_order,190,10,1.0
10,50,relaxed_order,191,10,0.1
10,50,relaxed_order,192,10,1.0
10,50,relaxed_order,193,10,0.9
10,50,relaxed_order,194,10,1.0
10,50,relaxed_order,195,10,1.0
10,50,relaxed_order,196,10,1.0
10,50,relaxed_order,197,10,1.0
10,50,relaxed_order,198,10,1.0
10,50,relaxed_order,199,10,0.9
10,50,strict_order,0,10,1.0
10,50,strict_order,1,10,0.0
10,50,strict_order,2,10,1.0
10,50,strict_order,3,10,1.0
10,50,strict_order,4,10,1.0
10,50,strict_order,5,10,1.0
10,50,strict_order,6,10,1.0
10,50,strict_order,7,10,0.9
10,50,strict_order,8,10,1.0
10,50,strict_order,9,10,1.0
10,50,strict_order,10,10,1.0
10,50,strict_order,11,10,1.0
10,50,strict_order,12,10,0.8
10,50,strict_order,13,10,1.0
10,50,strict_order,14,10,1.0
10,50,strict_order,15,10,0.9
10,50,strict_order,16,10,1.0
10,50,strict_order,17,10,0.8
10,50,strict_order,18,10,0.8
10,50,strict_order,19,10,1.0
10,50,strict_order,20,10,1.0
10,50,strict_order,21,10,1.0
10,50,strict_order,22,10,1.0
10,50,strict_order,23,10,0.0
10,50,strict_order,24,10,1.0
10,50,strict_order,25,10,0.9
10,50,strict_order,26,10,1.0
10,50,strict_order,27,10,0.8
10,50,strict_order,28,10,1.0
10,50,strict_order,29,10,1.0
10,50,strict_order,30,10,1.0
10,50,strict_order,31,10,1.0
10,50,strict_order,32,10,1.0
10,50,strict_order,33,10,1.0
10,50,strict_order,34,10,0.9
10,50,strict_order,35,10,1.0
10,50,strict_order,36,10,1.0
10,50,strict_order,37,10,1.0
10,50,strict_order,38,10,1.0
10,50,strict_order,39,10,1.0
10,50,strict_order,40,10,1.0
10,50,strict_order,41,10,1.0
10,50,strict_order,42,10,1.0
10,50,strict_order,43,10,1.0
10,50,strict_order,44,10,1.0
10,50,strict_order,45,10,1.0
10,50,strict_order,46,10,1.0
10,50,strict_order,47,10,0.9
10,50,strict_order,48,10,0.0
10,50,strict_order,49,10,0.9
10,50,strict_order,50,10,1.0
10,50,strict_order,51,10,1.0
10,50,strict_order,52,10,1.0
10,50,strict_order,53,10,1.0
10,50,strict_order,54,10,1.0
10,50,strict_order,55,10,1.0
10,50,strict_order,56,10,0.9
10,50,strict_order,57,10,1.0
10,50,strict_order,58,10,1.0
10,50,strict_order,59,10,1.0
10,50,strict_order,60,10,1.0
10,50,strict_order,61,10,1.0
10,50,strict_order,62,10,1.0
10,50,strict_order,63,10,1.0
10,50,strict_order,64,10,1.0
10,50,strict_order,65,10,0.9
10,50,strict_order,66,10,0.0
10,50,strict_order,67,10,1.0
10,50,strict_order,68,10,1.0
10,50,strict_order,69,10,1.0
10,50,strict_order,70,10,1.0
10,50,strict_order,71,10,1.0
10,50,strict_order,72,10,0.9
10,50,strict_order,73,10,1.0
10,50,strict_order,74,10,1.0
10,50,strict_order,75,10,0.0
10,50,strict_order,76,10,1.0
10,50,strict_order,77,10,1.0
10,50,strict_order,78,10,1.0
10,50,strict_order,79,10,1.0
10,50,strict_order,80,10,0.9
10,50,strict_order,81,10,1.0
10,50,strict_order,82,10,1.0
10,50,strict_order,83,10,1.0
10,50,strict_order,84,10,1.0
10,50,strict_order,85,10,0.9
10,50,strict_order,86,10,1.0
10,50,strict_order,87,10,1.0
10,50,strict_order,88,10,1.0
10,50,strict_order,89,10,1.0
10,50,strict_order,90,10,1.0
10,50,strict_order,91,10,1.0
10,50,strict_order,92,10,0.8
10,50,strict_order,93,10,1.0
10,50,strict_order,94,10,1.0
10,50,strict_order,95,10,1.0
10,50,strict_order,96,10,1.0
10,50,strict_order,97,10,1.0
10,50,strict_order,98,10,1.0
10,50,strict_order,99,10,1.0
10,50,strict_order,100,10,1.0
10,50,strict_order,101,10,0.9
10,50,strict_order,102,10,1.0
10,50,strict_order,103,10,0.9
10,50,strict_order,104,10,0.9
10,50,strict_order,105,10,1.0
10,50,strict_order,106,10,1.0
10,50,strict_order,107,10,0.9
10,50,strict_order,108,10,0.9
10,50,strict_order,109,10,1.0
10,50,strict_order,110,10,1.0
10,50,strict_order,111,10,0.9
10,50,strict_order,112,10,1.0
10,50,strict_order,113,10,1.0
10,50,strict_order,114,10,0.9
10,50,strict_order,115,10,1.0
10,50,strict_order,116,10,1.0
10,50,strict_order,117,10,1.0
10,50,strict_order,118,10,1.0
10,50,strict_order,119,10,1.0
10,50,strict_order,120,10,1.0
10,50,strict_order,121,10,1.0
10,50,strict_order,122,10,1.0
10,50,strict_order,123,10,1.0
10,50,strict_order,124,10,1.0
10,50,strict_order,125,10,0.0
10,50,strict_order,126,10,1.0
10,50,strict_order,127,10,1.0
10,50,strict_order,128,10,1.0
10,50,strict_order,129,10,1.0
10,50,strict_order,130,10,1.0
10,50,strict_order,131,10,1.0
10,50,strict_order,132,10,0.8
10,50,strict_order,133,10,0.7
10,50,strict_order,134,10,0.9
10,50,strict_order,135,10,1.0
10,50,strict_order,136,10,1.0
10,50,strict_order,137,10,1.0
10,50,strict_order,138,10,1.0
10,50,strict_order,139,10,1.0
10,50,strict_order,140,10,1.0
10,50,strict_order,141,10,1.0
10,50,strict_order,142,10,1.0
10,50,strict_order,143,10,1.0
10,50,strict_order,144,10,1.0
10,50,strict_order,145,10,1.0
10,50,strict_order,146,10,1.0
10,50,strict_order,147,10,1.0
10,50,strict_order,148,10,0.9
10,50,strict_order,149,10,1.0
10,50,strict_order,150,10,1.0
10,50,strict_order,151,10,1.0
10,50,strict_order,152,10,1.0
10,50,strict_order,153,10,1.0
10,50,strict_order,154,10,0.9
10,50,strict_order,155,10,1.0
10,50,strict_order,156,10,1.0
10,50,strict_order,157,10,1.0
10,50,strict_order,158,10,0.9
10,50,strict_order,159,10,0.9
10,50,strict_order,160,10,0.9
10,50,strict_order,161,10,1.0
10,50,strict_order,162,10,1.0
10,50,strict_order,163,10,0.9
10,50,strict_order,164,10,1.0
10,50,strict_order,165,10,1.0
10,50,strict_order,166,10,1.0
10,50,strict_order,167,10,1.0
10,50,strict_order,168,10,1.0
10,50,strict_order,169,10,1.0
10,50,strict_order,170,10,1.0
10,50,strict_order,171,10,1.0
10,50,strict_order,172,10,1.0
10,50,strict_order,173,10,0.9
10,50,strict_order,174,10,1.0
10,50,strict_order,175,10,0.9
10,50,strict_order,176,10,1.0
10,50,strict_order,177,10,1.0
10,50,strict_order,178,10,1.0
10,50,strict_order,179,10,1.0
10,50,strict_order,180,10,1.0
10,50,strict_order,181,10,1.0
10,50,strict_order,182,10,1.0
10,50,strict_order,183,10,0.9
10,50,strict_order,184,10,1.0
10,50,strict_order,185,10,1.0
10,50,strict_order,186,10,0.8
10,50,strict_order,187,10,1.0
10,50,strict_order,188,10,1.0
10,50,strict_order,189,10,1.0
10,50,strict_order,190,10,1.0
10,50,strict_order,191,10,0.1
10,50,strict_order,192,10,1.0
10,50,strict_order,193,10,0.9
10,50,strict_order,194,10,1.0
10,50,strict_order,195,10,1.0
10,50,strict_order,196,10,1.0
10,50,strict_order,197,10,1.0
10,50,strict_order,198,10,1.0
10,50,strict_order,199,10,0.9
10,50,exact,0,10,1.0
10,50,exact,1,10,1.0
10,50,exact,2,10,1.0
10,50,exact,3,10,1.0
10,50,exact,4,10,1.0
10,50,exact,5,10,1.0
10,50,exact,6,10,1.0
10,50,exact,7,10,1.0
10,50,exact,8,10,1.0
10,50,exact,9,10,1.0
10,50,exact,10,10,1.0
10,50,exact,11,10,1.0
10,50,exact,12,10,1.0
10,50,exact,13,10,1.0
10,50,exact,14,10,1.0
10,50,exact,15,10,1.0
10,50,exact,16,10,1.0
10,50,exact,17,10,1.0
10,50,exact,18,10,1.0
10,50,exact,19,10,1.0
10,50,exact,20,10,1.0
10,50,exact,21,10,1.0
10,50,exact,22,10,1.0
10,50,exact,23,10,1.0
10,50,exact,24,10,1.0
10,50,exact,25,10,1.0
10,50,exact,26,10,1.0
10,50,exact,27,10,1.0
10,50,exact,28,10,1.0
10,50,exact,29,10,1.0
10,50,exact,30,10,1.0
10,50,exact,31,10,1.0
10,50,exact,32,10,1.0
10,50,exact,33,10,1.0
10,50,exact,34,10,1.0
10,50,exact,35,10,1.0
10,50,exact,36,10,1.0
10,50,exact,37,10,1.0
10,50,exact,38,10,1.0
10,50,exact,39,10,1.0
10,50,exact,40,10,1.0
10,50,exact,41,10,1.0
10,50,exact,42,10,1.0
10,50,exact,43,10,1.0
10,50,exact,44,10,1.0
10,50,exact,45,10,1.0
10,50,exact,46,10,1.0
10,50,exact,47,10,1.0
10,50,exact,48,10,1.0
10,50,exact,49,10,1.0
10,50,exact,50,10,1.0
10,50,exact,51,10,1.0
10,50,exact,52,10,1.0
10,50,exact,53,10,1.0
10,50,exact,54,10,1.0
10,50,exact,55,10,1.0
10,50,exact,56,10,1.0
10,50,exact,57,10,1.0
10,50,exact,58,10,1.0
10,50,exact,59,10,1.0
10,50,exact,60,10,1.0
10,50,exact,61,10,1.0
10,50,exact,62,10,1.0
10,50,exact,63,10,1.0
10,50,exact,64,10,1.0
10,50,exact,65,10,1.0
10,50,exact,66,10,1.0
10,50,exact,67,10,1.0
10,50,exact,68,10,1.0
10,50,exact,69,10,1.0
10,50,exact,70,10,1.0
10,50,exact,71,10,1.0
10,50,exact,72,10,1.0
10,50,exact,73,10,1.0
10,50,exact,74,10,1.0
10,50,exact,75,10,1.0
10,50,exact,76,10,1.0
10,50,exact,77,10,1.0
10,50,exact,78,10,1.0
10,50,exact,79,10,1.0
10,50,exact,80,10,1.0
10,50,exact,81,10,1.0
10,50,exact,82,10,1.0
10,50,exact,83,10,1.0
10,50,exact,84,10,1.0
10,50,exact,85,10,1.0
10,50,exact,86,10,1.0
10,50,exact,87,10,1.0
10,50,exact,88,10,1.0
10,50,exact,89,10,1.0
10,50,exact,90,10,1.0
10,50,exact,91,10,1.0
10,50,exact,92,10,1.0
10,50,exact,93,10,1.0
10,50,exact,94,10,1.0
10,50,exact,95,10,1.0
10,50,exact,96,10,1.0
10,50,exact,97,10,1.0
10,50,exact,98,10,1.0
10,50,exact,99,10,1.0
10,50,exact,100,10,1.0
10,50,exact,101,10,1.0
10,50,exact,102,10,1.0
10,50,exact,103,10,1.0
10,50,exact,104,10,1.0
10,50,exact,105,10,1.0
10,50,exact,106,10,1.0
10,50,exact,107,10,1.0
10,50,exact,108,10,1.0
10,50,exact,109,10,1.0
10,50,exact,110,10,1.0
10,50,exact,111,10,1.0
10,50,exact,112,10,1.0
10,50,exact,113,10,1.0
10,50,exact,114,10,1.0
10,50,exact,115,10,1.0
10,50,exact,116,10,1.0
10,50,exact,117,10,1.0
10,50,exact,118,10,1.0
10,50,exact,119,10,1.0
10,50,exact,120,10,1.0
10,50,exact,121,10,1.0
10,50,exact,122,10,1.0
10,50,exact,123,10,1.0
10,50,exact,124,10,1.0
10,50,exact,125,10,1.0
10,50,exact,126,10,1.0
10,50,exact,127,10,1.0
10,50,exact,128,10,1.0
10,50,exact,129,10,1.0
10,50,exact,130,10,1.0
10,50,exact,131,10,1.0
10,50,exact,132,10,1.0
10,50,exact,133,10,1.0
10,50,exact,134,10,1.0
10,50,exact,135,10,1.0
10,50,exact,136,10,1.0
10,50,exact,137,10,1.0
10,50,exact,138,10,1.0
10,50,exact,139,10,1.0
10,50,exact,140,10,1.0
10,50,exact,141,10,1.0
10,50,exact,142,10,1.0
10,50,exact,143,10,1.0
10,50,exact,144,10,1.0
10,50,exact,145,10,1.0
10,50,exact,146,10,1.0
10,50,exact,147,10,1.0
10,50,exact,148,10,1.0
10,50,exact,149,10,1.0
10,50,exact,150,10,1.0
10,50,exact,151,10,1.0
10,50,exact,152,10,1.0
10,50,exact,153,10,1.0
10,50,exact,154,10,1.0
10,50,exact,155,10,1.0
10,50,exact,156,10,1.0
10,50,exact,157,10,1.0
10,50,exact,158,10,1.0
10,50,exact,159,10,1.0
10,50,exact,160,10,1.0
10,50,exact,161,10,1.0
10,50,exact,162,10,1.0
10,50,exact,163,10,1.0
10,50,exact,164,10,1.0
10,50,exact,165,10,1.0
10,50,exact,166,10,1.0
10,50,exact,167,10,1.0
10,50,exact,168,10,1.0
10,50,exact,169,10,1.0
10,50,exact,170,10,1.0
10,50,exact,171,10,1.0
10,50,exact,172,10,1.0
10,50,exact,173,10,1.0
10,50,exact,174,10,1.0
10,50,exact,175,10,1.0
10,50,exact,176,10,1.0
10,50,exact,177,10,1.0
10,50,exact,178,10,1.0
10,50,exact,179,10,1.0
10,50,exact,180,10,1.0
10,50,exact,181,10,1.0
10,50,exact,182,10,1.0
10,50,exact,183,10,1.0
10,50,exact,184,10,1.0
10,50,exact,185,10,1.0
10,50,exact,186,10,1.0
10,50,exact,187,10,1.0
10,50,exact,188,10,1.0
10,50,exact,189,10,1.0
10,50,exact,190,10,1.0
10,50,exact,191,10,1.0
10,50,exact,192,10,1.0
10,50,exact,193,10,1.0
10,50,exact,194,10,1.0
10,50,exact,195,10,1.0
10,50,exact,196,10,1.0
10,50,exact,197,10,1.0
10,50,exact,198,10,1.0
10,50,exact,199,10,1.0
50,1,off,0,50,1.0
50,1,off,1,50,1.0
50,1,off,2,50,1.0
50,1,off,3,50,1.0
50,1,off,4,50,1.0
50,1,off,5,50,1.0
50,1,off,6,50,1.0
50,1,off,7,50,1.0
50,1,off,8,50,1.0
50,1,off,9,50,1.0
50,1,off,10,50,1.0
50,1,off,11,50,1.0
50,1,off,12,50,1.0
50,1,off,13,50,1.0
50,1,off,14,50,1.0
50,1,off,15,50,1.0
50,1,off,16,50,1.0
50,1,off,17,50,1.0
50,1,off,18,50,1.0
50,1,off,19,50,1.0
50,1,off,20,50,1.0
50,1,off,21,50,1.0
50,1,off,22,50,1.0
50,1,off,23,50,1.0
50,1,off,24,50,1.0
50,1,off,25,50,1.0
50,1,off,26,50,1.0
50,1,off,27,50,1.0
50,1,off,28,50,1.0
50,1,off,29,50,1.0
50,1,off,30,50,1.0
50,1,off,31,50,1.0
50,1,off,32,50,1.0
50,1,off,33,50,1.0
50,1,off,34,50,1.0
50,1,off,35,50,1.0
50,1,off,36,50,1.0
50,1,off,37,50,1.0
50,1,off,38,50,1.0
50,1,off,39,50,1.0
50,1,off,40,50,1.0
50,1,off,41,50,1.0
50,1,off,42,50,1.0
50,1,off,43,50,1.0
50,1,off,44,50,1.0
50,1,off,45,50,1.0
50,1,off,46,50,1.0
50,1,off,47,50,1.0
50,1,off,48,50,1.0
50,1,off,49,50,1.0
50,1,off,50,50,1.0
50,1,off,51,50,1.0
50,1,off,52,50,1.0
50,1,off,53,50,1.0
50,1,off,54,50,1.0
50,1,off,55,50,1.0
50,1,off,56,50,1.0
50,1,off,57,50,1.0
50,1,off,58,50,1.0
50,1,off,59,50,1.0
50,1,off,60,50,1.0
50,1,off,61,50,1.0
50,1,off,62,50,1.0
50,1,off,63,50,1.0
50,1,off,64,50,1.0
50,1,off,65,50,1.0
50,1,off,66,50,1.0
50,1,off,67,50,1.0
50,1,off,68,50,1.0
50,1,off,69,50,1.0
50,1,off,70,50,1.0
50,1,off,71,50,1.0
50,1,off,72,50,1.0
50,1,off,73,50,1.0
50,1,off,74,50,1.0
50,1,off,75,50,1.0
50,1,off,76,50,1.0
50,1,off,77,50,1.0
50,1,off,78,50,1.0
50,1,off,79,50,1.0
50,1,off,80,50,1.0
50,1,off,81,50,1.0
50,1,off,82,50,1.0
50,1,off,83,50,1.0
50,1,off,84,50,1.0
50,1,off,85,50,1.0
50,1,off,86,50,1.0
50,1,off,87,50,1.0
50,1,off,88,50,1.0
50,1,off,89,50,1.0
50,1,off,90,50,1.0
50,1,off,91,50,1.0
50,1,off,92,50,1.0
50,1,off,93,50,1.0
50,1,off,94,50,1.0
50,1,off,95,50,1.0
50,1,off,96,50,1.0
50,1,off,97,50,1.0
50,1,off,98,50,1.0
50,1,off,99,50,1.0
50,1,off,100,50,1.0
50,1,off,101,50,1.0
50,1,off,102,50,1.0
50,1,off,103,50,1.0
50,1,off,104,50,1.0
50,1,off,105,50,1.0
50,1,off,106,50,1.0
50,1,off,107,50,1.0
50,1,off,108,50,1.0
50,1,off,109,50,1.0
50,1,off,110,50,1.0
50,1,off,111,50,1.0
50,1,off,112,50,1.0
50,1,off,113,50,1.0
50,1,off,114,50,1.0
50,1,off,115,50,1.0
50,1,off,116,50,1.0
50,1,off,117,50,1.0
50,1,off,118,50,1.0
50,1,off,119,50,1.0
50,1,off,120,50,1.0
50,1,off,121,50,1.0
50,1,off,122,50,1.0
50,1,off,123,50,1.0
50,1,off,124,50,1.0
50,1,off,125,50,1.0
50,1,off,126,50,1.0
50,1,off,127,50,1.0
50,1,off,128,50,1.0
50,1,off,129,50,1.0
50,1,off,130,50,1.0
50,1,off,131,50,1.0
50,1,off,132,50,1.0
50,1,off,133,50,1.0
50,1,off,134,50,1.0
50,1,off,135,50,1.0
50,1,off,136,50,1.0
50,1,off,137,50,1.0
50,1,off,138,50,1.0
50,1,off,139,50,1.0
50,1,off,140,50,1.0
50,1,off,141,50,1.0
50,1,off,142,50,1.0
50,1,off,143,50,1.0
50,1,off,144,50,1.0
50,1,off,145,50,1.0
50,1,off,146,50,1.0
50,1,off,147,50,1.0
50,1,off,148,50,1.0
50,1,off,149,50,1.0
50,1,off,150,50,1.0
50,1,off,151,50,1.0
50,1,off,152,50,1.0
50,1,off,153,50,1.0
50,1,off,154,50,1.0
50,1,off,155,50,1.0
50,1,off,156,50,1.0
50,1,off,157,50,1.0
50,1,off,158,50,1.0
50,1,off,159,50,1.0
50,1,off,160,50,1.0
50,1,off,161,50,1.0
50,1,off,162,50,1.0
50,1,off,163,50,1.0
50,1,off,164,50,1.0
50,1,off,165,50,1.0
50,1,off,166,50,1.0
50,1,off,167,50,1.0
50,1,off,168,50,1.0
50,1,off,169,50,1.0
50,1,off,170,50,1.0
50,1,off,171,50,1.0
50,1,off,172,50,1.0
50,1,off,173,50,1.0
50,1,off,174,50,1.0
50,1,off,175,50,1.0
50,1,off,176,50,1.0
50,1,off,177,50,1.0
50,1,off,178,50,1.0
50,1,off,179,50,1.0
50,1,off,180,50,1.0
50,1,off,181,50,1.0
50,1,off,182,50,1.0
50,1,off,183,50,1.0
50,1,off,184,50,1.0
50,1,off,185,50,1.0
50,1,off,186,50,1.0
50,1,off,187,50,1.0
50,1,off,188,50,1.0
50,1,off,189,50,1.0
50,1,off,190,50,1.0
50,1,off,191,50,1.0
50,1,off,192,50,1.0
50,1,off,193,50,1.0
50,1,off,194,50,1.0
50,1,off,195,50,1.0
50,1,off,196,50,1.0
50,1,off,197,50,1.0
50,1,off,198,50,1.0
50,1,off,199,50,1.0
50,1,relaxed_order,0,50,1.0
50,1,relaxed_order,1,50,1.0
50,1,relaxed_order,2,50,1.0
50,1,relaxed_order,3,50,1.0
50,1,relaxed_order,4,50,1.0
50,1,relaxed_order,5,50,1.0
50,1,relaxed_order,6,50,1.0
50,1,relaxed_order,7,50,1.0
50,1,relaxed_order,8,50,1.0
50,1,relaxed_order,9,50,1.0
50,1,relaxed_order,10,50,1.0
50,1,relaxed_order,11,50,1.0
50,1,relaxed_order,12,50,1.0
50,1,relaxed_order,13,50,1.0
50,1,relaxed_order,14,50,1.0
50,1,relaxed_order,15,50,1.0
50,1,relaxed_order,16,50,1.0
50,1,relaxed_order,17,50,1.0
50,1,relaxed_order,18,50,1.0
50,1,relaxed_order,19,50,1.0
50,1,relaxed_order,20,50,1.0
50,1,relaxed_order,21,50,1.0
50,1,relaxed_order,22,50,1.0
50,1,relaxed_order,23,50,1.0
50,1,relaxed_order,24,50,1.0
50,1,relaxed_order,25,50,1.0
50,1,relaxed_order,26,50,1.0
50,1,relaxed_order,27,50,1.0
50,1,relaxed_order,28,50,1.0
50,1,relaxed_order,29,50,1.0
50,1,relaxed_order,30,50,1.0
50,1,relaxed_order,31,50,1.0
50,1,relaxed_order,32,50,1.0
50,1,relaxed_order,33,50,1.0
50,1,relaxed_order,34,50,1.0
50,1,relaxed_order,35,50,1.0
50,1,relaxed_order,36,50,1.0
50,1,relaxed_order,37,50,1.0
50,1,relaxed_order,38,50,1.0
50,1,relaxed_order,39,50,1.0
50,1,relaxed_order,40,50,1.0
50,1,relaxed_order,41,50,1.0
50,1,relaxed_order,42,50,1.0
50,1,relaxed_order,43,50,1.0
50,1,relaxed_order,44,50,1.0
50,1,relaxed_order,45,50,1.0
50,1,relaxed_order,46,50,1.0
50,1,relaxed_order,47,50,1.0
50,1,relaxed_order,48,50,1.0
50,1,relaxed_order,49,50,1.0
50,1,relaxed_order,50,50,1.0
50,1,relaxed_order,51,50,1.0
50,1,relaxed_order,52,50,1.0
50,1,relaxed_order,53,50,1.0
50,1,relaxed_order,54,50,1.0
50,1,relaxed_order,55,50,1.0
50,1,relaxed_order,56,50,1.0
50,1,relaxed_order,57,50,1.0
50,1,relaxed_order,58,50,1.0
50,1,relaxed_order,59,50,1.0
50,1,relaxed_order,60,50,1.0
50,1,relaxed_order,61,50,1.0
50,1,relaxed_order,62,50,1.0
50,1,relaxed_order,63,50,1.0
50,1,relaxed_order,64,50,1.0
50,1,relaxed_order,65,50,1.0
50,1,relaxed_order,66,50,1.0
50,1,relaxed_order,67,50,1.0
50,1,relaxed_order,68,50,1.0
50,1,relaxed_order,69,50,1.0
50,1,relaxed_order,70,50,1.0
50,1,relaxed_order,71,50,1.0
50,1,relaxed_order,72,50,1.0
50,1,relaxed_order,73,50,1.0
50,1,relaxed_order,74,50,1.0
50,1,relaxed_order,75,50,1.0
50,1,relaxed_order,76,50,1.0
50,1,relaxed_order,77,50,1.0
50,1,relaxed_order,78,50,1.0
50,1,relaxed_order,79,50,1.0
50,1,relaxed_order,80,50,1.0
50,1,relaxed_order,81,50,1.0
50,1,relaxed_order,82,50,1.0
50,1,relaxed_order,83,50,1.0
50,1,relaxed_order,84,50,1.0
50,1,relaxed_order,85,50,1.0
50,1,relaxed_order,86,50,1.0
50,1,relaxed_order,87,50,1.0
50,1,relaxed_order,88,50,1.0
50,1,relaxed_order,89,50,1.0
50,1,relaxed_order,90,50,1.0
50,1,relaxed_order,91,50,1.0
50,1,relaxed_order,92,50,1.0
50,1,relaxed_order,93,50,1.0
50,1,relaxed_order,94,50,1.0
50,1,relaxed_order,95,50,1.0
50,1,relaxed_order,96,50,1.0
50,1,relaxed_order,97,50,1.0
50,1,relaxed_order,98,50,1.0
50,1,relaxed_order,99,50,1.0
50,1,relaxed_order,100,50,1.0
50,1,relaxed_order,101,50,1.0
50,1,relaxed_order,102,50,1.0
50,1,relaxed_order,103,50,1.0
50,1,relaxed_order,104,50,1.0
50,1,relaxed_order,105,50,1.0
50,1,relaxed_order,106,50,1.0
50,1,relaxed_order,107,50,1.0
50,1,relaxed_order,108,50,1.0
50,1,relaxed_order,109,50,1.0
50,1,relaxed_order,110,50,1.0
50,1,relaxed_order,111,50,1.0
50,1,relaxed_order,112,50,1.0
50,1,relaxed_order,113,50,1.0
50,1,relaxed_order,114,50,1.0
50,1,relaxed_order,115,50,1.0
50,1,relaxed_order,116,50,1.0
50,1,relaxed_order,117,50,1.0
50,1,relaxed_order,118,50,1.0
50,1,relaxed_order,119,50,1.0
50,1,relaxed_order,120,50,1.0
50,1,relaxed_order,121,50,1.0
50,1,relaxed_order,122,50,1.0
50,1,relaxed_order,123,50,1.0
50,1,relaxed_order,124,50,1.0
50,1,relaxed_order,125,50,1.0
50,1,relaxed_order,126,50,1.0
50,1,relaxed_order,127,50,1.0
50,1,relaxed_order,128,50,1.0
50,1,relaxed_order,129,50,1.0
50,1,relaxed_order,130,50,1.0
50,1,relaxed_order,131,50,1.0
50,1,relaxed_order,132,50,1.0
50,1,relaxed_order,133,50,1.0
50,1,relaxed_order,134,50,1.0
50,1,relaxed_order,135,50,1.0
50,1,relaxed_order,136,50,1.0
50,1,relaxed_order,137,50,1.0
50,1,relaxed_order,138,50,1.0
50,1,relaxed_order,139,50,1.0
50,1,relaxed_order,140,50,1.0
50,1,relaxed_order,141,50,1.0
50,1,relaxed_order,142,50,1.0
50,1,relaxed_order,143,50,1.0
50,1,relaxed_order,144,50,1.0
50,1,relaxed_order,145,50,1.0
50,1,relaxed_order,146,50,1.0
50,1,relaxed_order,147,50,1.0
50,1,relaxed_order,148,50,1.0
50,1,relaxed_order,149,50,1.0
50,1,relaxed_order,150,50,1.0
50,1,relaxed_order,151,50,1.0
50,1,relaxed_order,152,50,1.0
50,1,relaxed_order,153,50,1.0
50,1,relaxed_order,154,50,1.0
50,1,relaxed_order,155,50,1.0
50,1,relaxed_order,156,50,1.0
50,1,relaxed_order,157,50,1.0
50,1,relaxed_order,158,50,1.0
50,1,relaxed_order,159,50,1.0
50,1,relaxed_order,160,50,1.0
50,1,relaxed_order,161,50,1.0
50,1,relaxed_order,162,50,1.0
50,1,relaxed_order,163,50,1.0
50,1,relaxed_order,164,50,1.0
50,1,relaxed_order,165,50,1.0
50,1,relaxed_order,166,50,1.0
50,1,relaxed_order,167,50,1.0
50,1,relaxed_order,168,50,1.0
50,1,relaxed_order,169,50,1.0
50,1,relaxed_order,170,50,1.0
50,1,relaxed_order,171,50,1.0
50,1,relaxed_order,172,50,1.0
50,1,relaxed_order,173,50,1.0
50,1,relaxed_order,174,50,1.0
50,1,relaxed_order,175,50,1.0
50,1,relaxed_order,176,50,1.0
50,1,relaxed_order,177,50,1.0
50,1,relaxed_order,178,50,1.0
50,1,relaxed_order,179,50,1.0
50,1,relaxed_order,180,50,1.0
50,1,relaxed_order,181,50,1.0
50,1,relaxed_order,182,50,1.0
50,1,relaxed_order,183,50,1.0
50,1,relaxed_order,184,50,1.0
50,1,relaxed_order,185,50,1.0
50,1,relaxed_order,186,50,1.0
50,1,relaxed_order,187,50,1.0
50,1,relaxed_order,188,50,1.0
50,1,relaxed_order,189,50,1.0
50,1,relaxed_order,190,50,1.0
50,1,relaxed_order,191,50,1.0
50,1,relaxed_order,192,50,1.0
50,1,relaxed_order,193,50,1.0
50,1,relaxed_order,194,50,1.0
50,1,relaxed_order,195,50,1.0
50,1,relaxed_order,196,50,1.0
50,1,relaxed_order,197,50,1.0
50,1,relaxed_order,198,50,1.0
50,1,relaxed_order,199,50,1.0
50,1,strict_order,0,50,1.0
50,1,strict_order,1,50,1.0
50,1,strict_order,2,50,1.0
50,1,strict_order,3,50,1.0
50,1,strict_order,4,50,1.0
50,1,strict_order,5,50,1.0
50,1,strict_order,6,50,1.0
50,1,strict_order,7,50,1.0
50,1,strict_order,8,50,1.0
50,1,strict_order,9,50,1.0
50,1,strict_order,10,50,1.0
50,1,strict_order,11,50,1.0
50,1,strict_order,12,50,1.0
50,1,strict_order,13,50,1.0
50,1,strict_order,14,50,1.0
50,1,strict_order,15,50,1.0
50,1,strict_order,16,50,1.0
50,1,strict_order,17,50,1.0
50,1,strict_order,18,50,1.0
50,1,strict_order,19,50,1.0
50,1,strict_order,20,50,1.0
50,1,strict_order,21,50,1.0
50,1,strict_order,22,50,1.0
50,1,strict_order,23,50,1.0
50,1,strict_order,24,50,1.0
50,1,strict_order,25,50,1.0
50,1,strict_order,26,50,1.0
50,1,strict_order,27,50,1.0
50,1,strict_order,28,50,1.0
50,1,strict_order,29,50,1.0
50,1,strict_order,30,50,1.0
50,1,strict_order,31,50,1.0
50,1,strict_order,32,50,1.0
50,1,strict_order,33,50,1.0
50,1,strict_order,34,50,1.0
50,1,strict_order,35,50,1.0
50,1,strict_order,36,50,1.0
50,1,strict_order,37,50,1.0
50,1,strict_order,38,50,1.0
50,1,strict_order,39,50,1.0
50,1,strict_order,40,50,1.0
50,1,strict_order,41,50,1.0
50,1,strict_order,42,50,1.0
50,1,strict_order,43,50,1.0
50,1,strict_order,44,50,1.0
50,1,strict_order,45,50,1.0
50,1,strict_order,46,50,1.0
50,1,strict_order,47,50,1.0
50,1,strict_order,48,50,1.0
50,1,strict_order,49,50,1.0
50,1,strict_order,50,50,1.0
50,1,strict_order,51,50,1.0
50,1,strict_order,52,50,1.0
50,1,strict_order,53,50,1.0
50,1,strict_order,54,50,1.0
50,1,strict_order,55,50,1.0
50,1,strict_order,56,50,1.0
50,1,strict_order,57,50,1.0
50,1,strict_order,58,50,1.0
50,1,strict_order,59,50,1.0
50,1,strict_order,60,50,1.0
50,1,strict_order,61,50,1.0
50,1,strict_order,62,50,1.0
50,1,strict_order,63,50,1.0
50,1,strict_order,64,50,1.0
50,1,strict_order,65,50,1.0
50,1,strict_order,66,50,1.0
50,1,strict_order,67,50,1.0
50,1,strict_order,68,50,1.0
50,1,strict_order,69,50,1.0
50,1,strict_order,70,50,1.0
50,1,strict_order,71,50,1.0
50,1,strict_order,72,50,1.0
50,1,strict_order,73,50,1.0
50,1,strict_order,74,50,1.0
50,1,strict_order,75,50,1.0
50,1,strict_order,76,50,1.0
50,1,strict_order,77,50,1.0
50,1,strict_order,78,50,1.0
50,1,strict_order,79,50,1.0
50,1,strict_order,80,50,1.0
50,1,strict_order,81,50,1.0
50,1,strict_order,82,50,1.0
50,1,strict_order,83,50,1.0
50,1,strict_order,84,50,1.0
50,1,strict_order,85,50,1.0
50,1,strict_order,86,50,1.0
50,1,strict_order,87,50,1.0
50,1,strict_order,88,50,1.0
50,1,strict_order,89,50,1.0
50,1,strict_order,90,50,1.0
50,1,strict_order,91,50,1.0
50,1,strict_order,92,50,1.0
50,1,strict_order,93,50,1.0
50,1,strict_order,94,50,1.0
50,1,strict_order,95,50,1.0
50,1,strict_order,96,50,1.0
50,1,strict_order,97,50,1.0
50,1,strict_order,98,50,1.0
50,1,strict_order,99,50,1.0
50,1,strict_order,100,50,1.0
50,1,strict_order,101,50,1.0
50,1,strict_order,102,50,1.0
50,1,strict_order,103,50,1.0
50,1,strict_order,104,50,1.0
50,1,strict_order,105,50,1.0
50,1,strict_order,106,50,1.0
50,1,strict_order,107,50,1.0
50,1,strict_order,108,50,1.0
50,1,strict_order,109,50,1.0
50,1,strict_order,110,50,1.0
50,1,strict_order,111,50,1.0
50,1,strict_order,112,50,1.0
50,1,strict_order,113,50,1.0
50,1,strict_order,114,50,1.0
50,1,strict_order,115,50,1.0
50,1,strict_order,116,50,1.0
50,1,strict_order,117,50,1.0
50,1,strict_order,118,50,1.0
50,1,strict_order,119,50,1.0
50,1,strict_order,120,50,1.0
50,1,strict_order,121,50,1.0
50,1,strict_order,122,50,1.0
50,1,strict_order,123,50,1.0
50,1,strict_order,124,50,1.0
50,1,strict_order,125,50,1.0
50,1,strict_order,126,50,1.0
50,1,strict_order,127,50,1.0
50,1,strict_order,128,50,1.0
50,1,strict_order,129,50,1.0
50,1,strict_order,130,50,1.0
50,1,strict_order,131,50,1.0
50,1,strict_order,132,50,1.0
50,1,strict_order,133,50,1.0
50,1,strict_order,134,50,1.0
50,1,strict_order,135,50,1.0
50,1,strict_order,136,50,1.0
50,1,strict_order,137,50,1.0
50,1,strict_order,138,50,1.0
50,1,strict_order,139,50,1.0
50,1,strict_order,140,50,1.0
50,1,strict_order,141,50,1.0
50,1,strict_order,142,50,1.0
50,1,strict_order,143,50,1.0
50,1,strict_order,144,50,1.0
50,1,strict_order,145,50,1.0
50,1,strict_order,146,50,1.0
50,1,strict_order,147,50,1.0
50,1,strict_order,148,50,1.0
50,1,strict_order,149,50,1.0
50,1,strict_order,150,50,1.0
50,1,strict_order,151,50,1.0
50,1,strict_order,152,50,1.0
50,1,strict_order,153,50,1.0
50,1,strict_order,154,50,1.0
50,1,strict_order,155,50,1.0
50,1,strict_order,156,50,1.0
50,1,strict_order,157,50,1.0
50,1,strict_order,158,50,1.0
50,1,strict_order,159,50,1.0
50,1,strict_order,160,50,1.0
50,1,strict_order,161,50,1.0
50,1,strict_order,162,50,1.0
50,1,strict_order,163,50,1.0
50,1,strict_order,164,50,1.0
50,1,strict_order,165,50,1.0
50,1,strict_order,166,50,1.0
50,1,strict_order,167,50,1.0
50,1,strict_order,168,50,1.0
50,1,strict_order,169,50,1.0
50,1,strict_order,170,50,1.0
50,1,strict_order,171,50,1.0
50,1,strict_order,172,50,1.0
50,1,strict_order,173,50,1.0
50,1,strict_order,174,50,1.0
50,1,strict_order,175,50,1.0
50,1,strict_order,176,50,1.0
50,1,strict_order,177,50,1.0
50,1,strict_order,178,50,1.0
50,1,strict_order,179,50,1.0
50,1,strict_order,180,50,1.0
50,1,strict_order,181,50,1.0
50,1,strict_order,182,50,1.0
50,1,strict_order,183,50,1.0
50,1,strict_order,184,50,1.0
50,1,strict_order,185,50,1.0
50,1,strict_order,186,50,1.0
50,1,strict_order,187,50,1.0
50,1,strict_order,188,50,1.0
50,1,strict_order,189,50,1.0
50,1,strict_order,190,50,1.0
50,1,strict_order,191,50,1.0
50,1,strict_order,192,50,1.0
50,1,strict_order,193,50,1.0
50,1,strict_order,194,50,1.0
50,1,strict_order,195,50,1.0
50,1,strict_order,196,50,1.0
50,1,strict_order,197,50,1.0
50,1,strict_order,198,50,1.0
50,1,strict_order,199,50,1.0
50,1,exact,0,50,1.0
50,1,exact,1,50,1.0
50,1,exact,2,50,1.0
50,1,exact,3,50,1.0
50,1,exact,4,50,1.0
50,1,exact,5,50,1.0
50,1,exact,6,50,1.0
50,1,exact,7,50,1.0
50,1,exact,8,50,1.0
50,1,exact,9,50,1.0
50,1,exact,10,50,1.0
50,1,exact,11,50,1.0
50,1,exact,12,50,1.0
50,1,exact,13,50,1.0
50,1,exact,14,50,1.0
50,1,exact,15,50,1.0
50,1,exact,16,50,1.0
50,1,exact,17,50,1.0
50,1,exact,18,50,1.0
50,1,exact,19,50,1.0
50,1,exact,20,50,1.0
50,1,exact,21,50,1.0
50,1,exact,22,50,1.0
50,1,exact,23,50,1.0
50,1,exact,24,50,1.0
50,1,exact,25,50,1.0
50,1,exact,26,50,1.0
50,1,exact,27,50,1.0
50,1,exact,28,50,1.0
50,1,exact,29,50,1.0
50,1,exact,30,50,1.0
50,1,exact,31,50,1.0
50,1,exact,32,50,1.0
50,1,exact,33,50,1.0
50,1,exact,34,50,1.0
50,1,exact,35,50,1.0
50,1,exact,36,50,1.0
50,1,exact,37,50,1.0
50,1,exact,38,50,1.0
50,1,exact,39,50,1.0
50,1,exact,40,50,1.0
50,1,exact,41,50,1.0
50,1,exact,42,50,1.0
50,1,exact,43,50,1.0
50,1,exact,44,50,1.0
50,1,exact,45,50,1.0
50,1,exact,46,50,1.0
50,1,exact,47,50,1.0
50,1,exact,48,50,1.0
50,1,exact,49,50,1.0
50,1,exact,50,50,1.0
50,1,exact,51,50,1.0
50,1,exact,52,50,1.0
50,1,exact,53,50,1.0
50,1,exact,54,50,1.0
50,1,exact,55,50,1.0
50,1,exact,56,50,1.0
50,1,exact,57,50,1.0
50,1,exact,58,50,1.0
50,1,exact,59,50,1.0
50,1,exact,60,50,1.0
50,1,exact,61,50,1.0
50,1,exact,62,50,1.0
50,1,exact,63,50,1.0
50,1,exact,64,50,1.0
50,1,exact,65,50,1.0
50,1,exact,66,50,1.0
50,1,exact,67,50,1.0
50,1,exact,68,50,1.0
50,1,exact,69,50,1.0
50,1,exact,70,50,1.0
50,1,exact,71,50,1.0
50,1,exact,72,50,1.0
50,1,exact,73,50,1.0
50,1,exact,74,50,1.0
50,1,exact,75,50,1.0
50,1,exact,76,50,1.0
50,1,exact,77,50,1.0
50,1,exact,78,50,1.0
50,1,exact,79,50,1.0
50,1,exact,80,50,1.0
50,1,exact,81,50,1.0
50,1,exact,82,50,1.0
50,1,exact,83,50,1.0
50,1,exact,84,50,1.0
50,1,exact,85,50,1.0
50,1,exact,86,50,1.0
50,1,exact,87,50,1.0
50,1,exact,88,50,1.0
50,1,exact,89,50,1.0
50,1,exact,90,50,1.0
50,1,exact,91,50,1.0
50,1,exact,92,50,1.0
50,1,exact,93,50,1.0
50,1,exact,94,50,1.0
50,1,exact,95,50,1.0
50,1,exact,96,50,1.0
50,1,exact,97,50,1.0
50,1,exact,98,50,1.0
50,1,exact,99,50,1.0
50,1,exact,100,50,1.0
50,1,exact,101,50,1.0
50,1,exact,102,50,1.0
50,1,exact,103,50,1.0
50,1,exact,104,50,1.0
50,1,exact,105,50,1.0
50,1,exact,106,50,1.0
50,1,exact,107,50,1.0
50,1,exact,108,50,1.0
50,1,exact,109,50,1.0
50,1,exact,110,50,1.0
50,1,exact,111,50,1.0
50,1,exact,112,50,1.0
50,1,exact,113,50,1.0
50,1,exact,114,50,1.0
50,1,exact,115,50,1.0
50,1,exact,116,50,1.0
50,1,exact,117,50,1.0
50,1,exact,118,50,1.0
50,1,exact,119,50,1.0
50,1,exact,120,50,1.0
50,1,exact,121,50,1.0
50,1,exact,122,50,1.0
50,1,exact,123,50,1.0
50,1,exact,124,50,1.0
50,1,exact,125,50,1.0
50,1,exact,126,50,1.0
50,1,exact,127,50,1.0
50,1,exact,128,50,1.0
50,1,exact,129,50,1.0
50,1,exact,130,50,1.0
50,1,exact,131,50,1.0
50,1,exact,132,50,1.0
50,1,exact,133,50,1.0
50,1,exact,134,50,1.0
50,1,exact,135,50,1.0
50,1,exact,136,50,1.0
50,1,exact,137,50,1.0
50,1,exact,138,50,1.0
50,1,exact,139,50,1.0
50,1,exact,140,50,1.0
50,1,exact,141,50,1.0
50,1,exact,142,50,1.0
50,1,exact,143,50,1.0
50,1,exact,144,50,1.0
50,1,exact,145,50,1.0
50,1,exact,146,50,1.0
50,1,exact,147,50,1.0
50,1,exact,148,50,1.0
50,1,exact,149,50,1.0
50,1,exact,150,50,1.0
50,1,exact,151,50,1.0
50,1,exact,152,50,1.0
50,1,exact,153,50,1.0
50,1,exact,154,50,1.0
50,1,exact,155,50,1.0
50,1,exact,156,50,1.0
50,1,exact,157,50,1.0
50,1,exact,158,50,1.0
50,1,exact,159,50,1.0
50,1,exact,160,50,1.0
50,1,exact,161,50,1.0
50,1,exact,162,50,1.0
50,1,exact,163,50,1.0
50,1,exact,164,50,1.0
50,1,exact,165,50,1.0
50,1,exact,166,50,1.0
50,1,exact,167,50,1.0
50,1,exact,168,50,1.0
50,1,exact,169,50,1.0
50,1,exact,170,50,1.0
50,1,exact,171,50,1.0
50,1,exact,172,50,1.0
50,1,exact,173,50,1.0
50,1,exact,174,50,1.0
50,1,exact,175,50,1.0
50,1,exact,176,50,1.0
50,1,exact,177,50,1.0
50,1,exact,178,50,1.0
50,1,exact,179,50,1.0
50,1,exact,180,50,1.0
50,1,exact,181,50,1.0
50,1,exact,182,50,1.0
50,1,exact,183,50,1.0
50,1,exact,184,50,1.0
50,1,exact,185,50,1.0
50,1,exact,186,50,1.0
50,1,exact,187,50,1.0
50,1,exact,188,50,1.0
50,1,exact,189,50,1.0
50,1,exact,190,50,1.0
50,1,exact,191,50,1.0
50,1,exact,192,50,1.0
50,1,exact,193,50,1.0
50,1,exact,194,50,1.0
50,1,exact,195,50,1.0
50,1,exact,196,50,1.0
50,1,exact,197,50,1.0
50,1,exact,198,50,1.0
50,1,exact,199,50,1.0
50,10,off,0,7,0.14
50,10,off,1,3,0.0
50,10,off,2,5,0.1
50,10,off,3,0,0.0
50,10,off,4,6,0.12
50,10,off,5,4,0.08
50,10,off,6,2,0.04
50,10,off,7,1,0.02
50,10,off,8,1,0.02
50,10,off,9,6,0.12
50,10,off,10,3,0.06
50,10,off,11,4,0.08
50,10,off,12,3,0.06
50,10,off,13,5,0.1
50,10,off,14,8,0.16
50,10,off,15,5,0.1
50,10,off,16,4,0.08
50,10,off,17,2,0.04
50,10,off,18,1,0.02
50,10,off,19,7,0.14
50,10,off,20,8,0.16
50,10,off,21,3,0.06
50,10,off,22,6,0.12
50,10,off,23,7,0.0
50,10,off,24,3,0.06
50,10,off,25,4,0.08
50,10,off,26,2,0.04
50,10,off,27,1,0.02
50,10,off,28,7,0.14
50,10,off,29,9,0.18
50,10,off,30,7,0.14
50,10,off,31,3,0.06
50,10,off,32,6,0.12
50,10,off,33,2,0.04
50,10,off,34,4,0.08
50,10,off,35,3,0.06
50,10,off,36,4,0.08
50,10,off,37,5,0.1
50,10,off,38,8,0.16
50,10,off,39,3,0.06
50,10,off,40,5,0.1
50,10,off,41,9,0.18
50,10,off,42,7,0.14
50,10,off,43,3,0.06
50,10,off,44,2,0.04
50,10,off,45,6,0.12
50,10,off,46,7,0.14
50,10,off,47,4,0.08
50,10,off,48,4,0.06
50,10,off,49,5,0.1
50,10,off,50,7,0.14
50,10,off,51,1,0.02
50,10,off,52,3,0.06
50,10,off,53,3,0.06
50,10,off,54,1,0.02
50,10,off,55,1,0.02
50,10,off,56,1,0.02
50,10,off,57,6,0.12
50,10,off,58,3,0.06
50,10,off,59,3,0.06
50,10,off,60,3,0.06
50,10,off,61,2,0.04
50,10,off,62,7,0.14
50,10,off,63,5,0.1
50,10,off,64,8,0.16
50,10,off,65,3,0.06
50,10,off,66,7,0.0
50,10,off,67,3,0.06
50,10,off,68,3,0.06
50,10,off,69,2,0.04
50,10,off,70,4,0.08
50,10,off,71,2,0.04
50,10,off,72,1,0.02
50,10,off,73,3,0.06
50,10,off,74,5,0.1
50,10,off,75,1,0.0
50,10,off,76,1,0.02
50,10,off,77,2,0.04
50,10,off,78,5,0.1
50,10,off,79,4,0.08
50,10,off,80,2,0.04
50,10,off,81,0,0.0
50,10,off,82,5,0.1
50,10,off,83,4,0.08
50,10,off,84,0,0.0
50,10,off,85,7,0.14
50,10,off,86,3,0.06
50,10,off,87,8,0.16
50,10,off,88,2,0.04
50,10,off,89,2,0.04
50,10,off,90,7,0.14
50,10,off,91,5,0.1
50,10,off,92,4,0.08
50,10,off,93,5,0.1
50,10,off,94,6,0.12
50,10,off,95,5,0.1
50,10,off,96,4,0.08
50,10,off,97,3,0.06
50,10,off,98,5,0.1
50,10,off,99,7,0.14
50,10,off,100,11,0.22
50,10,off,101,2,0.04
50,10,off,102,7,0.14
50,10,off,103,5,0.1
50,10,off,104,0,0.0
50,10,off,105,0,0.0
50,10,off,106,5,0.1
50,10,off,107,2,0.04
50,10,off,108,10,0.2
50,10,off,109,2,0.04
50,10,off,110,1,0.02
50,10,off,111,4,0.08
50,10,off,112,5,0.1
50,10,off,113,1,0.02
50,10,off,114,6,0.12
50,10,off,115,7,0.14
50,10,off,116,4,0.08
50,10,off,117,3,0.06
50,10,off,118,4,0.08
50,10,off,119,7,0.14
50,10,off,120,2,0.04
50,10,off,121,1,0.02
50,10,off,122,1,0.02
50,10,off,123,5,0.1
50,10,off,124,5,0.1
50,10,off,125,3,0.0
50,10,off,126,4,0.08
50,10,off,127,2,0.04
50,10,off,128,0,0.0
50,10,off,129,7,0.14
50,10,off,130,4,0.08
50,10,off,131,2,0.04
50,10,off,132,2,0.04
50,10,off,133,4,0.08
50,10,off,134,4,0.08
50,10,off,135,5,0.1
50,10,off,136,3,0.06
50,10,off,137,7,0.14
50,10,off,138,2,0.04
50,10,off,139,4,0.08
50,10,off,140,2,0.04
50,10,off,141,2,0.04
50,10,off,142,3,0.06
50,10,off,143,4,0.08
50,10,off,144,7,0.14
50,10,off,145,1,0.02
50,10,off,146,9,0.18
50,10,off,147,1,0.02
50,10,off,148,4,0.08
50,10,off,149,2,0.04
50,10,off,150,8,0.16
50,10,off,151,7,0.14
50,10,off,152,6,0.12
50,10,off,153,5,0.1
50,10,off,154,7,0.14
50,10,off,155,2,0.04
50,10,off,156,3,0.06
50,10,off,157,2,0.04
50,10,off,158,4,0.08
50,10,off,159,3,0.06
50,10,off,160,1,0.02
50,10,off,161,2,0.04
50,10,off,162,11,0.22
50,10,off,163,3,0.06
50,10,off,164,5,0.1
50,10,off,165,9,0.18
50,10,off,166,4,0.08
50,10,off,167,3,0.06
50,10,off,168,7,0.14
50,10,off,169,1,0.02
50,10,off,170,1,0.02
50,10,off,171,7,0.14
50,10,off,172,1,0.02
50,10,off,173,2,0.04
50,10,off,174,10,0.2
50,10,off,175,6,0.12
50,10,off,176,1,0.02
50,10,off,177,8,0.16
50,10,off,178,5,0.1
50,10,off,179,2,0.04
50,10,off,180,4,0.08
50,10,off,181,6,0.12
50,10,off,182,6,0.12
50,10,off,183,0,0.0
50,10,off,184,7,0.14
50,10,off,185,3,0.06
50,10,off,186,2,0.04
50,10,off,187,5,0.1
50,10,off,188,8,0.16
50,10,off,189,6,0.12
50,10,off,190,6,0.12
50,10,off,191,2,0.0
50,10,off,192,3,0.06
50,10,off,193,8,0.16
50,10,off,194,4,0.08
50,10,off,195,10,0.2
50,10,off,196,1,0.02
50,10,off,197,5,0.1
50,10,off,198,6,0.12
50,10,off,199,7,0.14
50,10,relaxed_order,0,50,0.96
50,10,relaxed_order,1,50,0.0
50,10,relaxed_order,2,50,0.96
50,10,relaxed_order,3,50,1.0
50,10,relaxed_order,4,50,0.98
50,10,relaxed_order,5,50,1.0
50,10,relaxed_order,6,50,1.0
50,10,relaxed_order,7,50,0.98
50,10,relaxed_order,8,50,1.0
50,10,relaxed_order,9,50,0.96
50,10,relaxed_order,10,50,0.86
50,10,relaxed_order,11,50,0.96
50,10,relaxed_order,12,50,0.94
50,10,relaxed_order,13,50,0.92
50,10,relaxed_order,14,50,0.98
50,10,relaxed_order,15,50,1.0
50,10,relaxed_order,16,50,1.0
50,10,relaxed_order,17,50,0.96
50,10,relaxed_order,18,50,0.94
50,10,relaxed_order,19,50,1.0
50,10,relaxed_order,20,50,1.0
50,10,relaxed_order,21,50,0.92
50,10,relaxed_order,22,50,1.0
50,10,relaxed_order,23,50,0.0
50,10,relaxed_order,24,50,0.98
50,10,relaxed_order,25,50,0.94
50,10,relaxed_order,26,50,0.92
50,10,relaxed_order,27,50,1.0
50,10,relaxed_order,28,50,1.0
50,10,relaxed_order,29,50,1.0
50,10,relaxed_order,30,50,1.0
50,10,relaxed_order,31,50,1.0
50,10,relaxed_order,32,50,0.96
50,10,relaxed_order,33,50,0.9
50,10,relaxed_order,34,50,1.0
50,10,relaxed_order,35,50,0.98
50,10,relaxed_order,36,50,1.0
50,10,relaxed_order,37,50,1.0
50,10,relaxed_order,38,50,0.98
50,10,relaxed_order,39,50,0.9
50,10,relaxed_order,40,50,0.96
50,10,relaxed_order,41,50,1.0
50,10,relaxed_order,42,50,1.0
50,10,relaxed_order,43,50,0.98
50,10,relaxed_order,44,50,0.92
50,10,relaxed_order,45,50,1.0
50,10,relaxed_order,46,50,0.96
50,10,relaxed_order,47,50,0.96
50,10,relaxed_order,48,50,0.94
50,10,relaxed_order,49,50,0.98
50,10,relaxed_order,50,50,0.98
50,10,relaxed_order,51,50,0.92
50,10,relaxed_order,52,50,0.94
50,10,relaxed_order,53,50,0.94
50,10,relaxed_order,54,50,0.98
50,10,relaxed_order,55,50,0.94
50,10,relaxed_order,56,50,0.94
50,10,relaxed_order,57,50,1.0
50,10,relaxed_order,58,50,0.96
50,10,relaxed_order,59,50,1.0
50,10,relaxed_order,60,50,0.96
50,10,relaxed_order,61,50,0.96
50,10,relaxed_order,62,50,1.0
50,10,relaxed_order,63,50,1.0
50,10,relaxed_order,64,50,1.0
50,10,relaxed_order,65,50,0.98
50,10,relaxed_order,66,50,0.62
50,10,relaxed_order,67,50,0.98
50,10,relaxed_order,68,50,0.98
50,10,relaxed_order,69,50,0.96
50,10,relaxed_order,70,50,0.98
50,10,relaxed_order,71,50,0.94
50,10,relaxed_order,72,50,0.98
50,10,relaxed_order,73,50,0.98
50,10,relaxed_order,74,50,0.98
50,10,relaxed_order,75,50,0.88
50,10,relaxed_order,76,50,0.94
50,10,relaxed_order,77,50,0.88
50,10,relaxed_order,78,50,1.0
50,10,relaxed_order,79,50,0.96
50,10,relaxed_order,80,50,0.92
50,10,relaxed_order,81,50,1.0
50,10,relaxed_order,82,50,0.98
50,10,relaxed_order,83,50,0.96
50,10,relaxed_order,84,50,0.9
50,10,relaxed_order,85,50,1.0
50,10,relaxed_order,86,50,1.0
50,10,relaxed_order,87,50,0.98
50,10,relaxed_order,88,50,0.96
50,10,relaxed_order,89,50,0.96
50,10,relaxed_order,90,50,0.98
50,10,relaxed_order,91,50,0.98
50,10,relaxed_order,92,50,0.96
50,10,relaxed_order,93,50,1.0
50,10,relaxed_order,94,50,0.92
50,10,relaxed_order,95,50,1.0
50,10,relaxed_order,96,50,0.98
50,10,relaxed_order,97,50,0.98
50,10,relaxed_order,98,50,1.0
50,10,relaxed_order,99,50,0.98
50,10,relaxed_order,100,50,1.0
50,10,relaxed_order,101,50,0.92
50,10,relaxed_order,102,50,1.0
50,10,relaxed_order,103,50,0.94
50,10,relaxed_order,104,50,0.9
50,10,relaxed_order,105,50,0.9
50,10,relaxed_order,106,50,0.98
50,10,relaxed_order,107,50,0.94
50,10,relaxed_order,108,50,1.0
50,10,relaxed_order,109,50,0.94
50,10,relaxed_order,110,50,0.98
50,10,relaxed_order,111,50,0.86
50,10,relaxed_order,112,50,0.96
50,10,relaxed_order,113,50,1.0
50,10,relaxed_order,114,50,1.0
50,10,relaxed_order,115,50,1.0
50,10,relaxed_order,116,50,0.96
50,10,relaxed_order,117,50,0.94
50,10,relaxed_order,118,50,0.92
50,10,relaxed_order,119,50,0.98
50,10,relaxed_order,120,50,0.96
50,10,relaxed_order,121,50,0.88
50,10,relaxed_order,122,50,1.0
50,10,relaxed_order,123,50,1.0
50,10,relaxed_order,124,50,0.98
50,10,relaxed_order,125,50,0.24
50,10,relaxed_order,126,50,0.98
50,10,relaxed_order,127,50,0.94
50,10,relaxed_order,128,50,0.94
50,10,relaxed_order,129,50,0.98
50,10,relaxed_order,130,50,1.0
50,10,relaxed_order,131,50,0.92
50,10,relaxed_order,132,50,0.92
50,10,relaxed_order,133,50,0.94
50,10,relaxed_order,134,50,0.82
50,10,relaxed_order,135,50,1.0
50,10,relaxed_order,136,50,0.98
50,10,relaxed_order,137,50,0.98
50,10,relaxed_order,138,50,0.96
50,10,relaxed_order,139,50,1.0
50,10,relaxed_order,140,50,0.86
50,10,relaxed_order,141,50,0.98
50,10,relaxed_order,142,50,0.96
50,10,relaxed_order,143,50,1.0
50,10,relaxed_order,144,50,0.98
50,10,relaxed_order,145,50,0.96
50,10,relaxed_order,146,50,1.0
50,10,relaxed_order,147,50,0.98
50,10,relaxed_order,148,50,0.96
50,10,relaxed_order,149,50,0.98
50,10,relaxed_order,150,50,1.0
50,10,relaxed_order,151,50,0.98
50,10,relaxed_order,152,50,0.98
50,10,relaxed_order,153,50,0.9
50,10,relaxed_order,154,50,0.94
50,10,relaxed_order,155,50,0.94
50,10,relaxed_order,156,50,1.0
50,10,relaxed_order,157,50,0.98
50,10,relaxed_order,158,50,0.94
50,10,relaxed_order,159,50,1.0
50,10,relaxed_order,160,50,1.0
50,10,relaxed_order,161,50,0.92
50,10,relaxed_order,162,50,1.0
50,10,relaxed_order,163,50,1.0
50,10,relaxed_order,164,50,0.98
50,10,relaxed_order,165,50,1.0
50,10,relaxed_order,166,50,0.98
50,10,relaxed_order,167,50,1.0
50,10,relaxed_order,168,50,1.0
50,10,relaxed_order,169,50,0.98
50,10,relaxed_order,170,50,1.0
50,10,relaxed_order,171,50,1.0
50,10,relaxed_order,172,50,1.0
50,10,relaxed_order,173,50,1.0
50,10,relaxed_order,174,50,1.0
50,10,relaxed_order,175,50,1.0
50,10,relaxed_order,176,50,0.94
50,10,relaxed_order,177,50,1.0
50,10,relaxed_order,178,50,1.0
50,10,relaxed_order,179,50,0.96
50,10,relaxed_order,180,50,1.0
50,10,relaxed_order,181,50,0.96
50,10,relaxed_order,182,50,0.94
50,10,relaxed_order,183,50,0.92
50,10,relaxed_order,184,50,0.98
50,10,relaxed_order,185,50,0.96
50,10,relaxed_order,186,50,1.0
50,10,relaxed_order,187,50,1.0
50,10,relaxed_order,188,50,1.0
50,10,relaxed_order,189,50,1.0
50,10,relaxed_order,190,50,1.0
50,10,relaxed_order,191,50,0.0
50,10,relaxed_order,192,50,1.0
50,10,relaxed_order,193,50,1.0
50,10,relaxed_order,194,50,0.96
50,10,relaxed_order,195,50,1.0
50,10,relaxed_order,196,50,0.96
50,10,relaxed_order,197,50,1.0
50,10,relaxed_order,198,50,0.96
50,10,relaxed_order,199,50,1.0
50,10,strict_order,0,50,0.96
50,10,strict_order,1,50,0.0
50,10,strict_order,2,50,0.94
50,10,strict_order,3,50,0.82
50,10,strict_order,4,50,0.98
50,10,strict_order,5,50,1.0
50,10,strict_order,6,50,1.0
50,10,strict_order,7,50,0.94
50,10,strict_order,8,50,0.86
50,10,strict_order,9,50,0.94
50,10,strict_order,10,50,0.78
50,10,strict_order,11,50,0.94
50,10,strict_order,12,50,0.86
50,10,strict_order,13,50,0.86
50,10,strict_order,14,50,0.9
50,10,strict_order,15,50,1.0
50,10,strict_order,16,50,1.0
50,10,strict_order,17,50,0.96
50,10,strict_order,18,50,0.86
50,10,strict_order,19,50,1.0
50,10,strict_order,20,50,1.0
50,10,strict_order,21,50,0.9
50,10,strict_order,22,50,1.0
50,10,strict_order,23,50,0.0
50,10,strict_order,24,50,0.88
50,10,strict_order,25,50,0.94
50,10,strict_order,26,50,0.76
50,10,strict_order,27,50,0.9
50,10,strict_order,28,50,1.0
50,10,strict_order,29,50,0.98
50,10,strict_order,30,50,1.0
50,10,strict_order,31,50,1.0
50,10,strict_order,32,50,0.92
50,10,strict_order,33,50,0.84
50,10,strict_order,34,50,0.78
50,10,strict_order,35,50,0.98
50,10,strict_order,36,50,1.0
50,10,strict_order,37,50,0.98
50,10,strict_order,38,50,0.98
50,10,strict_order,39,50,0.82
50,10,strict_order,40,50,0.9
50,10,strict_order,41,50,1.0
50,10,strict_order,42,50,1.0
50,10,strict_order,43,50,0.98
50,10,strict_order,44,50,0.84
50,10,strict_order,45,50,1.0
50,10,strict_order,46,50,0.96
50,10,strict_order,47,50,0.94
50,10,strict_order,48,50,0.06
50,10,strict_order,49,50,0.92
50,10,strict_order,50,50,0.98
50,10,strict_order,51,50,0.84
50,10,strict_order,52,50,0.84
50,10,strict_order,53,50,0.88
50,10,strict_order,54,50,0.98
50,10,strict_order,55,50,0.82
50,10,strict_order,56,50,0.88
50,10,strict_order,57,50,1.0
50,10,strict_order,58,50,0.94
50,10,strict_order,59,50,0.98
50,10,strict_order,60,50,0.9
50,10,strict_order,61,50,0.9
50,10,strict_order,62,50,1.0
50,10,strict_order,63,50,1.0
50,10,strict_order,64,50,1.0
50,10,strict_order,65,50,0.86
50,10,strict_order,66,50,0.0
50,10,strict_order,67,50,0.86
50,10,strict_order,68,50,0.82
50,10,strict_order,69,50,0.94
50,10,strict_order,70,50,0.96
50,10,strict_order,71,50,0.86
50,10,strict_order,72,50,0.96
50,10,strict_order,73,50,0.92
50,10,strict_order,74,50,0.92
50,10,strict_order,75,50,0.0
50,10,strict_order,76,50,0.88
50,10,strict_order,77,50,0.78
50,10,strict_order,78,50,1.0
50,10,strict_order,79,50,0.96
50,10,strict_order,80,50,0.8
50,10,strict_order,81,50,0.94
50,10,strict_order,82,50,0.98
50,10,strict_order,83,50,0.92
50,10,strict_order,84,50,0.72
50,10,strict_order,85,50,1.0
50,10,strict_order,86,50,0.9
50,10,strict_order,87,50,0.96
50,10,strict_order,88,50,0.94
50,10,strict_order,89,50,0.88
50,10,strict_order,90,50,0.98
50,10,strict_order,91,50,0.82
50,10,strict_order,92,50,0.82
50,10,strict_order,93,50,1.0
50,10,strict_order,94,50,0.86
50,10,strict_order,95,50,1.0
50,10,strict_order,96,50,0.84
50,10,strict_order,97,50,0.92
50,10,strict_order,98,50,1.0
50,10,strict_order,99,50,0.98
50,10,strict_order,100,50,1.0
50,10,strict_order,101,50,0.86
50,10,strict_order,102,50,1.0
50,10,strict_order,103,50,0.9
50,10,strict_order,104,50,0.74
50,10,strict_order,105,50,0.86
50,10,strict_order,106,50,0.96
50,10,strict_order,107,50,0.9
50,10,strict_order,108,50,0.98
50,10,strict_order,109,50,0.84
50,10,strict_order,110,50,0.84
50,10,strict_order,111,50,0.86
50,10,strict_order,112,50,0.84
50,10,strict_order,113,50,0.96
50,10,strict_order,114,50,1.0
50,10,strict_order,115,50,1.0
50,10,strict_order,116,50,0.82
50,10,strict_order,117,50,0.84
50,10,strict_order,118,50,0.9
50,10,strict_order,119,50,0.98
50,10,strict_order,120,50,0.96
50,10,strict_order,121,50,0.88
50,10,strict_order,122,50,0.78
50,10,strict_order,123,50,1.0
50,10,strict_order,124,50,0.88
50,10,strict_order,125,50,0.0
50,10,strict_order,126,50,0.96
50,10,strict_order,127,50,0.72
50,10,strict_order,128,50,0.94
50,10,strict_order,129,50,0.94
50,10,strict_order,130,50,0.96
50,10,strict_order,131,50,0.88
50,10,strict_order,132,50,0.84
50,10,strict_order,133,50,0.88
50,10,strict_order,134,50,0.8
50,10,strict_order,135,50,1.0
50,10,strict_order,136,50,0.98
50,10,strict_order,137,50,0.98
50,10,strict_order,138,50,0.9
50,10,strict_order,139,50,1.0
50,10,strict_order,140,50,0.82
50,10,strict_order,141,50,0.92
50,10,strict_order,142,50,0.96
50,10,strict_order,143,50,1.0
50,10,strict_order,144,50,0.98
50,10,strict_order,145,50,0.86
50,10,strict_order,146,50,1.0
50,10,strict_order,147,50,0.62
50,10,strict_order,148,50,0.94
50,10,strict_order,149,50,0.98
50,10,strict_order,150,50,1.0
50,10,strict_order,151,50,0.98
50,10,strict_order,152,50,0.98
50,10,strict_order,153,50,0.88
50,10,strict_order,154,50,0.94
50,10,strict_order,155,50,0.8
50,10,strict_order,156,50,0.96
50,10,strict_order,157,50,0.96
50,10,strict_order,158,50,0.92
50,10,strict_order,159,50,1.0
50,10,strict_order,160,50,0.94
50,10,strict_order,161,50,0.9
50,10,strict_order,162,50,1.0
50,10,strict_order,163,50,1.0
50,10,strict_order,164,50,0.98
50,10,strict_order,165,50,1.0
50,10,strict_order,166,50,0.98
50,10,strict_order,167,50,0.9
50,10,strict_order,168,50,1.0
50,10,strict_order,169,50,0.94
50,10,strict_order,170,50,1.0
50,10,strict_order,171,50,1.0
50,10,strict_order,172,50,1.0
50,10,strict_order,173,50,1.0
50,10,strict_order,174,50,1.0
50,10,strict_order,175,50,1.0
50,10,strict_order,176,50,0.88
50,10,strict_order,177,50,1.0
50,10,strict_order,178,50,1.0
50,10,strict_order,179,50,0.78
50,10,strict_order,180,50,1.0
50,10,strict_order,181,50,0.96
50,10,strict_order,182,50,0.92
50,10,strict_order,183,50,0.88
50,10,strict_order,184,50,0.98
50,10,strict_order,185,50,0.96
50,10,strict_order,186,50,0.96
50,10,strict_order,187,50,1.0
50,10,strict_order,188,50,1.0
50,10,strict_order,189,50,1.0
50,10,strict_order,190,50,0.98
50,10,strict_order,191,50,0.0
50,10,strict_order,192,50,1.0
50,10,strict_order,193,50,0.98
50,10,strict_order,194,50,0.84
50,10,strict_order,195,50,1.0
50,10,strict_order,196,50,0.82
50,10,strict_order,197,50,1.0
50,10,strict_order,198,50,0.96
50,10,strict_order,199,50,1.0
50,10,exact,0,50,1.0
50,10,exact,1,50,1.0
50,10,exact,2,50,1.0
50,10,exact,3,50,1.0
50,10,exact,4,50,1.0
50,10,exact,5,50,1.0
50,10,exact,6,50,1.0
50,10,exact,7,50,1.0
50,10,exact,8,50,1.0
50,10,exact,9,50,1.0
50,10,exact,10,50,1.0
50,10,exact,11,50,1.0
50,10,exact,12,50,1.0
50,10,exact,13,50,1.0
50,10,exact,14,50,1.0
50,10,exact,15,50,1.0
50,10,exact,16,50,1.0
50,10,exact,17,50,1.0
50,10,exact,18,50,1.0
50,10,exact,19,50,1.0
50,10,exact,20,50,1.0
50,10,exact,21,50,1.0
50,10,exact,22,50,1.0
50,10,exact,23,50,1.0
50,10,exact,24,50,1.0
50,10,exact,25,50,1.0
50,10,exact,26,50,1.0
50,10,exact,27,50,1.0
50,10,exact,28,50,1.0
50,10,exact,29,50,1.0
50,10,exact,30,50,1.0
50,10,exact,31,50,1.0
50,10,exact,32,50,1.0
50,10,exact,33,50,1.0
50,10,exact,34,50,1.0
50,10,exact,35,50,1.0
50,10,exact,36,50,1.0
50,10,exact,37,50,1.0
50,10,exact,38,50,1.0
50,10,exact,39,50,1.0
50,10,exact,40,50,1.0
50,10,exact,41,50,1.0
50,10,exact,42,50,1.0
50,10,exact,43,50,1.0
50,10,exact,44,50,1.0
50,10,exact,45,50,1.0
50,10,exact,46,50,1.0
50,10,exact,47,50,1.0
50,10,exact,48,50,1.0
50,10,exact,49,50,1.0
50,10,exact,50,50,1.0
50,10,exact,51,50,1.0
50,10,exact,52,50,1.0
50,10,exact,53,50,1.0
50,10,exact,54,50,1.0
50,10,exact,55,50,1.0
50,10,exact,56,50,1.0
50,10,exact,57,50,1.0
50,10,exact,58,50,1.0
50,10,exact,59,50,1.0
50,10,exact,60,50,1.0
50,10,exact,61,50,1.0
50,10,exact,62,50,1.0
50,10,exact,63,50,1.0
50,10,exact,64,50,1.0
50,10,exact,65,50,1.0
50,10,exact,66,50,1.0
50,10,exact,67,50,1.0
50,10,exact,68,50,1.0
50,10,exact,69,50,1.0
50,10,exact,70,50,1.0
50,10,exact,71,50,1.0
50,10,exact,72,50,1.0
50,10,exact,73,50,1.0
50,10,exact,74,50,1.0
50,10,exact,75,50,1.0
50,10,exact,76,50,1.0
50,10,exact,77,50,1.0
50,10,exact,78,50,1.0
50,10,exact,79,50,1.0
50,10,exact,80,50,1.0
50,10,exact,81,50,1.0
50,10,exact,82,50,1.0
50,10,exact,83,50,1.0
50,10,exact,84,50,1.0
50,10,exact,85,50,1.0
50,10,exact,86,50,1.0
50,10,exact,87,50,1.0
50,10,exact,88,50,1.0
50,10,exact,89,50,1.0
50,10,exact,90,50,1.0
50,10,exact,91,50,1.0
50,10,exact,92,50,1.0
50,10,exact,93,50,1.0
50,10,exact,94,50,1.0
50,10,exact,95,50,1.0
50,10,exact,96,50,1.0
50,10,exact,97,50,1.0
50,10,exact,98,50,1.0
50,10,exact,99,50,1.0
50,10,exact,100,50,1.0
50,10,exact,101,50,1.0
50,10,exact,102,50,1.0
50,10,exact,103,50,1.0
50,10,exact,104,50,1.0
50,10,exact,105,50,1.0
50,10,exact,106,50,1.0
50,10,exact,107,50,1.0
50,10,exact,108,50,1.0
50,10,exact,109,50,1.0
50,10,exact,110,50,1.0
50,10,exact,111,50,1.0
50,10,exact,112,50,1.0
50,10,exact,113,50,1.0
50,10,exact,114,50,1.0
50,10,exact,115,50,1.0
50,10,exact,116,50,1.0
50,10,exact,117,50,1.0
50,10,exact,118,50,1.0
50,10,exact,119,50,1.0
50,10,exact,120,50,1.0
50,10,exact,121,50,1.0
50,10,exact,122,50,1.0
50,10,exact,123,50,1.0
50,10,exact,124,50,1.0
50,10,exact,125,50,1.0
50,10,exact,126,50,1.0
50,10,exact,127,50,1.0
50,10,exact,128,50,1.0
50,10,exact,129,50,1.0
50,10,exact,130,50,1.0
50,10,exact,131,50,1.0
50,10,exact,132,50,1.0
50,10,exact,133,50,1.0
50,10,exact,134,50,1.0
50,10,exact,135,50,1.0
50,10,exact,136,50,1.0
50,10,exact,137,50,1.0
50,10,exact,138,50,1.0
50,10,exact,139,50,1.0
50,10,exact,140,50,1.0
50,10,exact,141,50,1.0
50,10,exact,142,50,1.0
50,10,exact,143,50,1.0
50,10,exact,144,50,1.0
50,10,exact,145,50,1.0
50,10,exact,146,50,1.0
50,10,exact,147,50,1.0
50,10,exact,148,50,1.0
50,10,exact,149,50,1.0
50,10,exact,150,50,1.0
50,10,exact,151,50,1.0
50,10,exact,152,50,1.0
50,10,exact,153,50,1.0
50,10,exact,154,50,1.0
50,10,exact,155,50,1.0
50,10,exact,156,50,1.0
50,10,exact,157,50,1.0
50,10,exact,158,50,1.0
50,10,exact,159,50,1.0
50,10,exact,160,50,1.0
50,10,exact,161,50,1.0
50,10,exact,162,50,1.0
50,10,exact,163,50,1.0
50,10,exact,164,50,1.0
50,10,exact,165,50,1.0
50,10,exact,166,50,1.0
50,10,exact,167,50,1.0
50,10,exact,168,50,1.0
50,10,exact,169,50,1.0
50,10,exact,170,50,1.0
50,10,exact,171,50,1.0
50,10,exact,172,50,1.0
50,10,exact,173,50,1.0
50,10,exact,174,50,1.0
50,10,exact,175,50,1.0
50,10,exact,176,50,1.0
50,10,exact,177,50,1.0
50,10,exact,178,50,1.0
50,10,exact,179,50,1.0
50,10,exact,180,50,1.0
50,10,exact,181,50,1.0
50,10,exact,182,50,1.0
50,10,exact,183,50,1.0
50,10,exact,184,50,1.0
50,10,exact,185,50,1.0
50,10,exact,186,50,1.0
50,10,exact,187,50,1.0
50,10,exact,188,50,1.0
50,10,exact,189,50,1.0
50,10,exact,190,50,1.0
50,10,exact,191,50,1.0
50,10,exact,192,50,1.0
50,10,exact,193,50,1.0
50,10,exact,194,50,1.0
50,10,exact,195,50,1.0
50,10,exact,196,50,1.0
50,10,exact,197,50,1.0
50,10,exact,198,50,1.0
50,10,exact,199,50,1.0
50,50,off,0,23,0.46
50,50,off,1,14,0.02
50,50,off,2,24,0.48
50,50,off,3,17,0.34
50,50,off,4,13,0.26
50,50,off,5,24,0.48
50,50,off,6,24,0.48
50,50,off,7,9,0.18
50,50,off,8,21,0.42
50,50,off,9,21,0.42
50,50,off,10,24,0.48
50,50,off,11,12,0.24
50,50,off,12,16,0.32
50,50,off,13,22,0.44
50,50,off,14,21,0.42
50,50,off,15,20,0.4
50,50,off,16,19,0.38
50,50,off,17,19,0.38
50,50,off,18,12,0.24
50,50,off,19,20,0.4
50,50,off,20,21,0.42
50,50,off,21,17,0.34
50,50,off,22,15,0.3
50,50,off,23,21,0.0
50,50,off,24,17,0.34
50,50,off,25,18,0.36
50,50,off,26,21,0.42
50,50,off,27,17,0.34
50,50,off,28,24,0.48
50,50,off,29,20,0.4
50,50,off,30,23,0.46
50,50,off,31,24,0.48
50,50,off,32,27,0.54
50,50,off,33,19,0.38
50,50,off,34,24,0.48
50,50,off,35,19,0.38
50,50,off,36,25,0.5
50,50,off,37,21,0.42
50,50,off,38,22,0.44
50,50,off,39,20,0.4
50,50,off,40,18,0.36
50,50,off,41,17,0.34
50,50,off,42,27,0.54
50,50,off,43,29,0.58
50,50,off,44,16,0.32
50,50,off,45,21,0.42
50,50,off,46,22,0.44
50,50,off,47,22,0.44
50,50,off,48,31,0.0
50,50,off,49,23,0.46
50,50,off,50,20,0.4
50,50,off,51,19,0.38
50,50,off,52,21,0.42
50,50,off,53,21,0.42
50,50,off,54,15,0.3
50,50,off,55,16,0.32
50,50,off,56,18,0.36
50,50,off,57,22,0.44
50,50,off,58,22,0.44
50,50,off,59,19,0.38
50,50,off,60,17,0.34
50,50,off,61,15,0.3
50,50,off,62,21,0.42
50,50,off,63,21,0.42
50,50,off,64,26,0.52
50,50,off,65,18,0.36
50,50,off,66,14,0.0
50,50,off,67,19,0.38
50,50,off,68,18,0.36
50,50,off,69,14,0.28
50,50,off,70,29,0.58
50,50,off,71,24,0.48
50,50,off,72,10,0.2
50,50,off,73,23,0.46
50,50,off,74,15,0.3
50,50,off,75,20,0.0
50,50,off,76,19,0.38
50,50,off,77,15,0.3
50,50,off,78,19,0.38
50,50,off,79,22,0.44
50,50,off,80,14,0.28
50,50,off,81,16,0.32
50,50,off,82,22,0.44
50,50,off,83,18,0.36
50,50,off,84,16,0.32
50,50,off,85,19,0.38
50,50,off,86,21,0.42
50,50,off,87,25,0.5
50,50,off,88,24,0.48
50,50,off,89,20,0.4
50,50,off,90,24,0.48
50,50,off,91,19,0.38
50,50,off,92,22,0.44
50,50,off,93,23,0.46
50,50,off,94,17,0.34
50,50,off,95,23,0.46
50,50,off,96,14,0.28
50,50,off,97,17,0.34
50,50,off,98,19,0.38
50,50,off,99,26,0.52
50,50,off,100,22,0.44
50,50,off,101,18,0.36
50,50,off,102,29,0.58
50,50,off,103,15,0.3
50,50,off,104,22,0.44
50,50,off,105,16,0.32
50,50,off,106,27,0.54
50,50,off,107,12,0.24
50,50,off,108,19,0.38
50,50,off,109,21,0.42
50,50,off,110,14,0.28
50,50,off,111,22,0.44
50,50,off,112,19,0.38
50,50,off,113,13,0.26
50,50,off,114,22,0.44
50,50,off,115,29,0.58
50,50,off,116,19,0.38
50,50,off,117,29,0.58
50,50,off,118,16,0.32
50,50,off,119,28,0.56
50,50,off,120,19,0.38
50,50,off,121,11,0.22
50,50,off,122,10,0.2
50,50,off,123,22,0.44
50,50,off,124,22,0.44
50,50,off,125,23,0.0
50,50,off,126,15,0.3
50,50,off,127,27,0.54
50,50,off,128,17,0.34
50,50,off,129,26,0.52
50,50,off,130,22,0.44
50,50,off,131,20,0.4
50,50,off,132,21,0.42
50,50,off,133,18,0.36
50,50,off,134,19,0.38
50,50,off,135,21,0.42
50,50,off,136,22,0.44
50,50,off,137,19,0.38
50,50,off,138,19,0.38
50,50,off,139,30,0.6
50,50,off,140,24,0.48
50,50,off,141,16,0.32
50,50,off,142,23,0.46
50,50,off,143,20,0.4
50,50,off,144,23,0.46
50,50,off,145,20,0.4
50,50,off,146,19,0.38
50,50,off,147,25,0.5
50,50,off,148,18,0.36
50,50,off,149,28,0.56
50,50,off,150,21,0.42
50,50,off,151,18,0.36
50,50,off,152,21,0.42
50,50,off,153,21,0.42
50,50,off,154,23,0.46
50,50,off,155,28,0.56
50,50,off,156,25,0.5
50,50,off,157,18,0.36
50,50,off,158,17,0.34
50,50,off,159,16,0.32
50,50,off,160,25,0.5
50,50,off,161,20,0.4
50,50,off,162,30,0.6
50,50,off,163,14,0.28
50,50,off,164,19,0.38
50,50,off,165,19,0.38
50,50,off,166,23,0.46
50,50,off,167,17,0.34
50,50,off,168,31,0.62
50,50,off,169,16,0.32
50,50,off,170,26,0.52
50,50,off,171,19,0.38
50,50,off,172,18,0.36
50,50,off,173,10,0.2
50,50,off,174,19,0.38
50,50,off,175,18,0.36
50,50,off,176,15,0.3
50,50,off,177,21,0.42
50,50,off,178,21,0.42
50,50,off,179,16,0.32
50,50,off,180,22,0.44
50,50,off,181,22,0.44
50,50,off,182,23,0.46
50,50,off,183,23,0.46
50,50,off,184,22,0.44
50,50,off,185,20,0.4
50,50,off,186,24,0.48
50,50,off,187,22,0.44
50,50,off,188,14,0.28
50,50,off,189,26,0.52
50,50,off,190,19,0.38
50,50,off,191,15,0.08
50,50,off,192,25,0.5
50,50,off,193,23,0.46
50,50,off,194,25,0.5
50,50,off,195,20,0.4
50,50,off,196,12,0.24
50,50,off,197,24,0.48
50,50,off,198,19,0.38
50,50,off,199,26,0.52
50,50,relaxed_order,0,50,1.0
50,50,relaxed_order,1,50,0.02
50,50,relaxed_order,2,50,1.0
50,50,relaxed_order,3,50,0.98
50,50,relaxed_order,4,50,0.98
50,50,relaxed_order,5,50,1.0
50,50,relaxed_order,6,50,1.0
50,50,relaxed_order,7,50,0.96
50,50,relaxed_order,8,50,1.0
50,50,relaxed_order,9,50,1.0
50,50,relaxed_order,10,50,1.0
50,50,relaxed_order,11,50,1.0
50,50,relaxed_order,12,50,0.96
50,50,relaxed_order,13,50,0.98
50,50,relaxed_order,14,50,1.0
50,50,relaxed_order,15,50,0.98
50,50,relaxed_order,16,50,1.0
50,50,relaxed_order,17,50,0.98
50,50,relaxed_order,18,50,0.86
50,50,relaxed_order,19,50,1.0
50,50,relaxed_order,20,50,0.98
50,50,relaxed_order,21,50,1.0
50,50,relaxed_order,22,50,1.0
50,50,relaxed_order,23,50,0.0
50,50,relaxed_order,24,50,1.0
50,50,relaxed_order,25,50,0.98
50,50,relaxed_order,26,50,1.0
50,50,relaxed_order,27,50,0.96
50,50,relaxed_order,28,50,1.0
50,50,relaxed_order,29,50,1.0
50,50,relaxed_order,30,50,0.98
50,50,relaxed_order,31,50,1.0
50,50,relaxed_order,32,50,1.0
50,50,relaxed_order,33,50,1.0
50,50,relaxed_order,34,50,0.96
50,50,relaxed_order,35,50,1.0
50,50,relaxed_order,36,50,1.0
50,50,relaxed_order,37,50,0.96
50,50,relaxed_order,38,50,1.0
50,50,relaxed_order,39,50,0.98
50,50,relaxed_order,40,50,1.0
50,50,relaxed_order,41,50,1.0
50,50,relaxed_order,42,50,1.0
50,50,relaxed_order,43,50,1.0
50,50,relaxed_order,44,50,1.0
50,50,relaxed_order,45,50,1.0
50,50,relaxed_order,46,50,0.94
50,50,relaxed_order,47,50,0.98
50,50,relaxed_order,48,50,0.38
50,50,relaxed_order,49,50,0.98
50,50,relaxed_order,50,50,1.0
50,50,relaxed_order,51,50,1.0
50,50,relaxed_order,52,50,1.0
50,50,relaxed_order,53,50,1.0
50,50,relaxed_order,54,50,1.0
50,50,relaxed_order,55,50,1.0
50,50,relaxed_order,56,50,0.94
50,50,relaxed_order,57,50,1.0
50,50,relaxed_order,58,50,1.0
50,50,relaxed_order,59,50,1.0
50,50,relaxed_order,60,50,1.0
50,50,relaxed_order,61,50,0.94
50,50,relaxed_order,62,50,0.98
50,50,relaxed_order,63,50,1.0
50,50,relaxed_order,64,50,0.96
50,50,relaxed_order,65,50,1.0
50,50,relaxed_order,66,50,0.0
50,50,relaxed_order,67,50,1.0
50,50,relaxed_order,68,50,1.0
50,50,relaxed_order,69,50,1.0
50,50,relaxed_order,70,50,1.0
50,50,relaxed_order,71,50,1.0
50,50,relaxed_order,72,50,0.98
50,50,relaxed_order,73,50,1.0
50,50,relaxed_order,74,50,1.0
50,50,relaxed_order,75,50,0.0
50,50,relaxed_order,76,50,1.0
50,50,relaxed_order,77,50,0.98
50,50,relaxed_order,78,50,1.0
50,50,relaxed_order,79,50,0.98
50,50,relaxed_order,80,50,1.0
50,50,relaxed_order,81,50,1.0
50,50,relaxed_order,82,50,1.0
50,50,relaxed_order,83,50,1.0
50,50,relaxed_order,84,50,0.9
50,50,relaxed_order,85,50,0.96
50,50,relaxed_order,86,50,1.0
50,50,relaxed_order,87,50,1.0
50,50,relaxed_order,88,50,0.96
50,50,relaxed_order,89,50,1.0
50,50,relaxed_order,90,50,1.0
50,50,relaxed_order,91,50,1.0
50,50,relaxed_order,92,50,0.94
50,50,relaxed_order,93,50,0.98
50,50,relaxed_order,94,50,0.96
50,50,relaxed_order,95,50,1.0
50,50,relaxed_order,96,50,1.0
50,50,relaxed_order,97,50,1.0
50,50,relaxed_order,98,50,1.0
50,50,relaxed_order,99,50,0.98
50,50,relaxed_order,100,50,0.98
50,50,relaxed_order,101,50,0.96
50,50,relaxed_order,102,50,1.0
50,50,relaxed_order,103,50,0.96
50,50,relaxed_order,104,50,0.92
50,50,relaxed_order,105,50,1.0
50,50,relaxed_order,106,50,1.0
50,50,relaxed_order,107,50,0.98
50,50,relaxed_order,108,50,1.0
50,50,relaxed_order,109,50,1.0
50,50,relaxed_order,110,50,0.98
50,50,relaxed_order,111,50,0.9
50,50,relaxed_order,112,50,1.0
50,50,relaxed_order,113,50,0.98
50,50,relaxed_order,114,50,1.0
50,50,relaxed_order,115,50,1.0
50,50,relaxed_order,116,50,1.0
50,50,relaxed_order,117,50,0.98
50,50,relaxed_order,118,50,0.94
50,50,relaxed_order,119,50,1.0
50,50,relaxed_order,120,50,0.96
50,50,relaxed_order,121,50,0.98
50,50,relaxed_order,122,50,1.0
50,50,relaxed_order,123,50,1.0
50,50,relaxed_order,124,50,1.0
50,50,relaxed_order,125,50,0.0
50,50,relaxed_order,126,50,1.0
50,50,relaxed_order,127,50,0.98
50,50,relaxed_order,128,50,0.96
50,50,relaxed_order,129,50,1.0
50,50,relaxed_order,130,50,0.98
50,50,relaxed_order,131,50,1.0
50,50,relaxed_order,132,50,0.76
50,50,relaxed_order,133,50,0.9
50,50,relaxed_order,134,50,0.92
50,50,relaxed_order,135,50,0.98
50,50,relaxed_order,136,50,1.0
50,50,relaxed_order,137,50,0.98
50,50,relaxed_order,138,50,1.0
50,50,relaxed_order,139,50,1.0
50,50,relaxed_order,140,50,1.0
50,50,relaxed_order,141,50,1.0
50,50,relaxed_order,142,50,1.0
50,50,relaxed_order,143,50,1.0
50,50,relaxed_order,144,50,0.98
50,50,relaxed_order,145,50,1.0
50,50,relaxed_order,146,50,1.0
50,50,relaxed_order,147,50,1.0
50,50,relaxed_order,148,50,1.0
50,50,relaxed_order,149,50,1.0
50,50,relaxed_order,150,50,1.0
50,50,relaxed_order,151,50,1.0
50,50,relaxed_order,152,50,0.98
50,50,relaxed_order,153,50,0.98
50,50,relaxed_order,154,50,0.96
50,50,relaxed_order,155,50,1.0
50,50,relaxed_order,156,50,1.0
50,50,relaxed_order,157,50,1.0
50,50,relaxed_order,158,50,0.98
50,50,relaxed_order,159,50,0.96
50,50,relaxed_order,160,50,0.98
50,50,relaxed_order,161,50,0.92
50,50,relaxed_order,162,50,0.98
50,50,relaxed_order,163,50,0.98
50,50,relaxed_order,164,50,0.94
50,50,relaxed_order,165,50,1.0
50,50,relaxed_order,166,50,0.98
50,50,relaxed_order,167,50,0.98
50,50,relaxed_order,168,50,0.98
50,50,relaxed_order,169,50,1.0
50,50,relaxed_order,170,50,1.0
50,50,relaxed_order,171,50,1.0
50,50,relaxed_order,172,50,1.0
50,50,relaxed_order,173,50,1.0
50,50,relaxed_order,174,50,1.0
50,50,relaxed_order,175,50,0.96
50,50,relaxed_order,176,50,1.0
50,50,relaxed_order,177,50,1.0
50,50,relaxed_order,178,50,1.0
50,50,relaxed_order,179,50,0.94
50,50,relaxed_order,180,50,1.0
50,50,relaxed_order,181,50,0.98
50,50,relaxed_order,182,50,0.96
50,50,relaxed_order,183,50,0.98
50,50,relaxed_order,184,50,0.98
50,50,relaxed_order,185,50,0.98
50,50,relaxed_order,186,50,0.94
50,50,relaxed_order,187,50,1.0
50,50,relaxed_order,188,50,0.98
50,50,relaxed_order,189,50,1.0
50,50,relaxed_order,190,50,0.98
50,50,relaxed_order,191,50,0.08
50,50,relaxed_order,192,50,0.98
50,50,relaxed_order,193,50,0.98
50,50,relaxed_order,194,50,1.0
50,50,relaxed_order,195,50,0.98
50,50,relaxed_order,196,50,0.96
50,50,relaxed_order,197,50,0.98
50,50,relaxed_order,198,50,0.92
50,50,relaxed_order,199,50,0.98
50,50,strict_order,0,50,0.98
50,50,strict_order,1,50,0.02
50,50,strict_order,2,50,1.0
50,50,strict_order,3,50,0.98
50,50,strict_order,4,50,0.96
50,50,strict_order,5,50,1.0
50,50,strict_order,6,50,0.94
50,50,strict_order,7,50,0.96
50,50,strict_order,8,50,1.0
50,50,strict_order,9,50,1.0
50,50,strict_order,10,50,0.98
50,50,strict_order,11,50,0.98
50,50,strict_order,12,50,0.96
50,50,strict_order,13,50,0.98
50,50,strict_order,14,50,1.0
50,50,strict_order,15,50,0.96
50,50,strict_order,16,50,1.0
50,50,strict_order,17,50,0.96
50,50,strict_order,18,50,0.84
50,50,strict_order,19,50,1.0
50,50,strict_order,20,50,0.98
50,50,strict_order,21,50,1.0
50,50,strict_order,22,50,1.0
50,50,strict_order,23,50,0.0
50,50,strict_order,24,50,1.0
50,50,strict_order,25,50,0.96
50,50,strict_order,26,50,1.0
50,50,strict_order,27,50,0.96
50,50,strict_order,28,50,1.0
50,50,strict_order,29,50,1.0
50,50,strict_order,30,50,0.98
50,50,strict_order,31,50,1.0
50,50,strict_order,32,50,1.0
50,50,strict_order,33,50,1.0
50,50,strict_order,34,50,0.96
50,50,strict_order,35,50,1.0
50,50,strict_order,36,50,0.98
50,50,strict_order,37,50,0.94
50,50,strict_order,38,50,1.0
50,50,strict_order,39,50,0.98
50,50,strict_order,40,50,0.98
50,50,strict_order,41,50,1.0
50,50,strict_order,42,50,1.0
50,50,strict_order,43,50,1.0
50,50,strict_order,44,50,1.0
50,50,strict_order,45,50,0.98
50,50,strict_order,46,50,0.94
50,50,strict_order,47,50,0.98
50,50,strict_order,48,50,0.0
50,50,strict_order,49,50,0.98
50,50,strict_order,50,50,1.0
50,50,strict_order,51,50,1.0
50,50,strict_order,52,50,1.0
50,50,strict_order,53,50,1.0
50,50,strict_order,54,50,1.0
50,50,strict_order,55,50,1.0
50,50,strict_order,56,50,0.94
50,50,strict_order,57,50,0.98
50,50,strict_order,58,50,1.0
50,50,strict_order,59,50,0.98
50,50,strict_order,60,50,1.0
50,50,strict_order,61,50,0.94
50,50,strict_order,62,50,0.98
50,50,strict_order,63,50,1.0
50,50,strict_order,64,50,0.96
50,50,strict_order,65,50,0.98
50,50,strict_order,66,50,0.0
50,50,strict_order,67,50,1.0
50,50,strict_order,68,50,0.98
50,50,strict_order,69,50,1.0
50,50,strict_order,70,50,1.0
50,50,strict_order,71,50,1.0
50,50,strict_order,72,50,0.98
50,50,strict_order,73,50,1.0
50,50,strict_order,74,50,1.0
50,50,strict_order,75,50,0.0
50,50,strict_order,76,50,1.0
50,50,strict_order,77,50,0.96
50,50,strict_order,78,50,1.0
50,50,strict_order,79,50,0.98
50,50,strict_order,80,50,0.98
50,50,strict_order,81,50,0.98
50,50,strict_order,82,50,1.0
50,50,strict_order,83,50,1.0
50,50,strict_order,84,50,0.9
50,50,strict_order,85,50,0.94
50,50,strict_order,86,50,1.0
50,50,strict_order,87,50,0.98
50,50,strict_order,88,50,0.96
50,50,strict_order,89,50,1.0
50,50,strict_order,90,50,1.0
50,50,strict_order,91,50,0.98
50,50,strict_order,92,50,0.94
50,50,strict_order,93,50,0.96
50,50,strict_order,94,50,0.96
50,50,strict_order,95,50,1.0
50,50,strict_order,96,50,1.0
50,50,strict_order,97,50,1.0
50,50,strict_order,98,50,1.0
50,50,strict_order,99,50,0.98
50,50,strict_order,100,50,0.98
50,50,strict_order,101,50,0.96
50,50,strict_order,102,50,0.98
50,50,strict_order,103,50,0.94
50,50,strict_order,104,50,0.92
50,50,strict_order,105,50,1.0
50,50,strict_order,106,50,1.0
50,50,strict_order,107,50,0.98
50,50,strict_order,108,50,0.98
50,50,strict_order,109,50,1.0
50,50,strict_order,110,50,0.98
50,50,strict_order,111,50,0.9
50,50,strict_order,112,50,1.0
50,50,strict_order,113,50,0.98
50,50,strict_order,114,50,0.98
50,50,strict_order,115,50,1.0
50,50,strict_order,116,50,1.0
50,50,strict_order,117,50,0.96
50,50,strict_order,118,50,0.94
50,50,strict_order,119,50,0.98
50,50,strict_order,120,50,0.96
50,50,strict_order,121,50,0.96
50,50,strict_order,122,50,1.0
50,50,strict_order,123,50,1.0
50,50,strict_order,124,50,0.98
50,50,strict_order,125,50,0.0
50,50,strict_order,126,50,1.0
50,50,strict_order,127,50,0.98
50,50,strict_order,128,50,0.96
50,50,strict_order,129,50,1.0
50,50,strict_order,130,50,0.96
50,50,strict_order,131,50,1.0
50,50,strict_order,132,50,0.76
50,50,strict_order,133,50,0.88
50,50,strict_order,134,50,0.88
50,50,strict_order,135,50,0.98
50,50,strict_order,136,50,0.98
50,50,strict_order,137,50,0.98
50,50,strict_order,138,50,1.0
50,50,strict_order,139,50,0.98
50,50,strict_order,140,50,1.0
50,50,strict_order,141,50,1.0
50,50,strict_order,142,50,1.0
50,50,strict_order,143,50,1.0
50,50,strict_order,144,50,0.98
50,50,strict_order,145,50,1.0
50,50,strict_order,146,50,1.0
50,50,strict_order,147,50,1.0
50,50,strict_order,148,50,0.98
50,50,strict_order,149,50,1.0
50,50,strict_order,150,50,1.0
50,50,strict_order,151,50,1.0
50,50,strict_order,152,50,0.98
50,50,strict_order,153,50,0.98
50,50,strict_order,154,50,0.96
50,50,strict_order,155,50,1.0
50,50,strict_order,156,50,1.0
50,50,strict_order,157,50,1.0
50,50,strict_order,158,50,0.96
50,50,strict_order,159,50,0.96
50,50,strict_order,160,50,0.98
50,50,strict_order,161,50,0.92
50,50,strict_order,162,50,0.98
50,50,strict_order,163,50,0.96
50,50,strict_order,164,50,0.94
50,50,strict_order,165,50,1.0
50,50,strict_order,166,50,0.96
50,50,strict_order,167,50,0.98
50,50,strict_order,168,50,0.98
50,50,strict_order,169,50,1.0
50,50,strict_order,170,50,0.96
50,50,strict_order,171,50,1.0
50,50,strict_order,172,50,0.98
50,50,strict_order,173,50,0.98
50,50,strict_order,174,50,1.0
50,50,strict_order,175,50,0.94
50,50,strict_order,176,50,1.0
50,50,strict_order,177,50,1.0
50,50,strict_order,178,50,1.0
50,50,strict_order,179,50,0.94
50,50,strict_order,180,50,0.98
50,50,strict_order,181,50,0.98
50,50,strict_order,182,50,0.96
50,50,strict_order,183,50,0.98
50,50,strict_order,184,50,0.98
50,50,strict_order,185,50,0.98
50,50,strict_order,186,50,0.94
50,50,strict_order,187,50,0.98
50,50,strict_order,188,50,0.96
50,50,strict_order,189,50,1.0
50,50,strict_order,190,50,0.96
50,50,strict_order,191,50,0.08
50,50,strict_order,192,50,0.98
50,50,strict_order,193,50,0.96
50,50,strict_order,194,50,1.0
50,50,strict_order,195,50,0.98
50,50,strict_order,196,50,0.94
50,50,strict_order,197,50,0.96
50,50,strict_order,198,50,0.92
50,50,strict_order,199,50,0.96
50,50,exact,0,50,1.0
50,50,exact,1,50,1.0
50,50,exact,2,50,1.0
50,50,exact,3,50,1.0
50,50,exact,4,50,1.0
50,50,exact,5,50,1.0
50,50,exact,6,50,1.0
50,50,exact,7,50,1.0
50,50,exact,8,50,1.0
50,50,exact,9,50,1.0
50,50,exact,10,50,1.0
50,50,exact,11,50,1.0
50,50,exact,12,50,1.0
50,50,exact,13,50,1.0
50,50,exact,14,50,1.0
50,50,exact,15,50,1.0
50,50,exact,16,50,1.0
50,50,exact,17,50,1.0
50,50,exact,18,50,1.0
50,50,exact,19,50,1.0
50,50,exact,20,50,1.0
50,50,exact,21,50,1.0
50,50,exact,22,50,1.0
50,50,exact,23,50,1.0
50,50,exact,24,50,1.0
50,50,exact,25,50,1.0
50,50,exact,26,50,1.0
50,50,exact,27,50,1.0
50,50,exact,28,50,1.0
50,50,exact,29,50,1.0
50,50,exact,30,50,1.0
50,50,exact,31,50,1.0
50,50,exact,32,50,1.0
50,50,exact,33,50,1.0
50,50,exact,34,50,1.0
50,50,exact,35,50,1.0
50,50,exact,36,50,1.0
50,50,exact,37,50,1.0
50,50,exact,38,50,1.0
50,50,exact,39,50,1.0
50,50,exact,40,50,1.0
50,50,exact,41,50,1.0
50,50,exact,42,50,1.0
50,50,exact,43,50,1.0
50,50,exact,44,50,1.0
50,50,exact,45,50,1.0
50,50,exact,46,50,1.0
50,50,exact,47,50,1.0
50,50,exact,48,50,1.0
50,50,exact,49,50,1.0
50,50,exact,50,50,1.0
50,50,exact,51,50,1.0
50,50,exact,52,50,1.0
50,50,exact,53,50,1.0
50,50,exact,54,50,1.0
50,50,exact,55,50,1.0
50,50,exact,56,50,1.0
50,50,exact,57,50,1.0
50,50,exact,58,50,1.0
50,50,exact,59,50,1.0
50,50,exact,60,50,1.0
50,50,exact,61,50,1.0
50,50,exact,62,50,1.0
50,50,exact,63,50,1.0
50,50,exact,64,50,1.0
50,50,exact,65,50,1.0
50,50,exact,66,50,1.0
50,50,exact,67,50,1.0
50,50,exact,68,50,1.0
50,50,exact,69,50,1.0
50,50,exact,70,50,1.0
50,50,exact,71,50,1.0
50,50,exact,72,50,1.0
50,50,exact,73,50,1.0
50,50,exact,74,50,1.0
50,50,exact,75,50,1.0
50,50,exact,76,50,1.0
50,50,exact,77,50,1.0
50,50,exact,78,50,1.0
50,50,exact,79,50,1.0
50,50,exact,80,50,1.0
50,50,exact,81,50,1.0
50,50,exact,82,50,1.0
50,50,exact,83,50,1.0
50,50,exact,84,50,1.0
50,50,exact,85,50,1.0
50,50,exact,86,50,1.0
50,50,exact,87,50,1.0
50,50,exact,88,50,1.0
50,50,exact,89,50,1.0
50,50,exact,90,50,1.0
50,50,exact,91,50,1.0
50,50,exact,92,50,1.0
50,50,exact,93,50,1.0
50,50,exact,94,50,1.0
50,50,exact,95,50,1.0
50,50,exact,96,50,1.0
50,50,exact,97,50,1.0
50,50,exact,98,50,1.0
50,50,exact,99,50,1.0
50,50,exact,100,50,1.0
50,50,exact,101,50,1.0
50,50,exact,102,50,1.0
50,50,exact,103,50,1.0
50,50,exact,104,50,1.0
50,50,exact,105,50,1.0
50,50,exact,106,50,1.0
50,50,exact,107,50,1.0
50,50,exact,108,50,1.0
50,50,exact,109,50,1.0
50,50,exact,110,50,1.0
50,50,exact,111,50,1.0
50,50,exact,112,50,1.0
50,50,exact,113,50,1.0
50,50,exact,114,50,1.0
50,50,exact,115,50,1.0
50,50,exact,116,50,1.0
50,50,exact,117,50,1.0
50,50,exact,118,50,1.0
50,50,exact,119,50,1.0
50,50,exact,120,50,1.0
50,50,exact,121,50,1.0
50,50,exact,122,50,1.0
50,50,exact,123,50,1.0
50,50,exact,124,50,1.0
50,50,exact,125,50,1.0
50,50,exact,126,50,1.0
50,50,exact,127,50,1.0
50,50,exact,128,50,1.0
50,50,exact,129,50,1.0
50,50,exact,130,50,1.0
50,50,exact,131,50,1.0
50,50,exact,132,50,1.0
50,50,exact,133,50,1.0
50,50,exact,134,50,1.0
50,50,exact,135,50,1.0
50,50,exact,136,50,1.0
50,50,exact,137,50,1.0
50,50,exact,138,50,1.0
50,50,exact,139,50,1.0
50,50,exact,140,50,1.0
50,50,exact,141,50,1.0
50,50,exact,142,50,1.0
50,50,exact,143,50,1.0
50,50,exact,144,50,1.0
50,50,exact,145,50,1.0
50,50,exact,146,50,1.0
50,50,exact,147,50,1.0
50,50,exact,148,50,1.0
50,50,exact,149,50,1.0
50,50,exact,150,50,1.0
50,50,exact,151,50,1.0
50,50,exact,152,50,1.0
50,50,exact,153,50,1.0
50,50,exact,154,50,1.0
50,50,exact,155,50,1.0
50,50,exact,156,50,1.0
50,50,exact,157,50,1.0
50,50,exact,158,50,1.0
50,50,exact,159,50,1.0
50,50,exact,160,50,1.0
50,50,exact,161,50,1.0
50,50,exact,162,50,1.0
50,50,exact,163,50,1.0
50,50,exact,164,50,1.0
50,50,exact,165,50,1.0
50,50,exact,166,50,1.0
50,50,exact,167,50,1.0
50,50,exact,168,50,1.0
50,50,exact,169,50,1.0
50,50,exact,170,50,1.0
50,50,exact,171,50,1.0
50,50,exact,172,50,1.0
50,50,exact,173,50,1.0
50,50,exact,174,50,1.0
50,50,exact,175,50,1.0
50,50,exact,176,50,1.0
50,50,exact,177,50,1.0
50,50,exact,178,50,1.0
50,50,exact,179,50,1.0
50,50,exact,180,50,1.0
50,50,exact,181,50,1.0
50,50,exact,182,50,1.0
50,50,exact,183,50,1.0
50,50,exact,184,50,1.0
50,50,exact,185,50,1.0
50,50,exact,186,50,1.0
50,50,exact,187,50,1.0
50,50,exact,188,50,1.0
50,50,exact,189,50,1.0
50,50,exact,190,50,1.0
50,50,exact,191,50,1.0
50,50,exact,192,50,1.0
50,50,exact,193,50,1.0
50,50,exact,194,50,1.0
50,50,exact,195,50,1.0
50,50,exact,196,50,1.0
50,50,exact,197,50,1.0
50,50,exact,198,50,1.0
50,50,exact,199,50,1.0
