mode,run,latency_ms
poll 1 s,1,343.753
poll 1 s,1,338.767
poll 1 s,1,333.502
poll 1 s,1,328.652
poll 1 s,1,323.494
poll 1 s,1,318.313
poll 1 s,1,313.381
poll 1 s,1,308.692
poll 1 s,1,303.342
poll 1 s,1,283.734
poll 1 s,1,293.582
poll 1 s,1,298.327
poll 1 s,1,288.36
poll 1 s,1,278.833
poll 1 s,1,273.674
poll 1 s,1,268.708
poll 1 s,1,263.798
poll 1 s,1,258.668
poll 1 s,1,253.347
poll 1 s,1,248.433
poll 1 s,1,243.465
poll 1 s,1,238.14
poll 1 s,1,233.223
poll 1 s,1,228.473
poll 1 s,1,223.282
poll 1 s,1,218.446
poll 1 s,1,213.341
poll 1 s,1,208.502
poll 1 s,1,203.305
poll 1 s,1,197.961
poll 1 s,1,193.674
poll 1 s,1,188.457
poll 1 s,1,183.278
poll 1 s,1,178.651
poll 1 s,1,173.586
poll 1 s,1,168.882
poll 1 s,1,163.502
poll 1 s,1,158.457
poll 1 s,1,153.429
poll 1 s,1,148.802
poll 1 s,1,143.747
poll 1 s,1,138.646
poll 1 s,1,133.47
poll 1 s,1,128.901
poll 1 s,1,123.322
poll 1 s,1,118.838
poll 1 s,1,113.792
poll 1 s,1,108.664
poll 1 s,1,103.474
poll 1 s,1,98.293
poll 1 s,1,93.55
poll 1 s,1,88.717
poll 1 s,1,83.806
poll 1 s,1,78.788
poll 1 s,1,73.509
poll 1 s,1,68.546
poll 1 s,1,63.431
poll 1 s,1,58.226
poll 1 s,1,53.553
poll 1 s,1,48.367
poll 1 s,1,43.232
poll 1 s,1,38.791
poll 1 s,1,33.743
poll 1 s,1,28.844
poll 1 s,1,23.562
poll 1 s,1,18.686
poll 1 s,1,13.933
poll 1 s,1,13.766
poll 1 s,1,8.655
poll 1 s,1,3.189
poll 1 s,1,1005.319
poll 1 s,1,1000.691
poll 1 s,1,995.416
poll 1 s,1,990.135
poll 1 s,1,985.428
poll 1 s,1,980.521
poll 1 s,1,975.365
poll 1 s,1,970.735
poll 1 s,1,965.609
poll 1 s,1,960.656
poll 1 s,1,955.441
poll 1 s,1,950.426
poll 1 s,1,945.281
poll 1 s,1,940.635
poll 1 s,1,935.131
poll 1 s,1,930.612
poll 1 s,1,925.543
poll 1 s,1,920.504
poll 1 s,1,915.335
poll 1 s,1,910.321
poll 1 s,1,905.262
poll 1 s,1,900.029
poll 1 s,1,895.664
poll 1 s,1,890.568
poll 1 s,1,885.176
poll 1 s,1,880.679
poll 1 s,1,875.797
poll 1 s,1,870.552
poll 1 s,1,865.567
poll 1 s,1,860.647
poll 1 s,1,855.434
poll 1 s,1,850.757
poll 1 s,1,845.472
poll 1 s,1,840.512
poll 1 s,1,835.362
poll 1 s,1,830.518
poll 1 s,1,825.317
poll 1 s,1,820.724
poll 1 s,1,815.607
poll 1 s,1,810.209
poll 1 s,1,805.53
poll 1 s,1,800.156
poll 1 s,1,795.799
poll 1 s,1,790.634
poll 1 s,1,785.325
poll 1 s,1,780.327
poll 1 s,1,775.569
poll 1 s,1,770.551
poll 1 s,1,765.7
poll 1 s,1,760.424
poll 1 s,1,755.252
poll 1 s,1,750.714
poll 1 s,1,745.486
poll 1 s,1,740.379
poll 1 s,1,735.31
poll 1 s,1,730.163
poll 1 s,1,725.688
poll 1 s,1,720.752
poll 1 s,1,715.356
poll 1 s,1,710.027
poll 1 s,1,705.675
poll 1 s,1,700.806
poll 1 s,1,695.244
poll 1 s,1,690.212
poll 1 s,1,685.202
poll 1 s,1,680.521
poll 1 s,1,675.345
poll 1 s,1,670.61
poll 1 s,1,665.244
poll 1 s,1,660.569
poll 1 s,1,655.322
poll 1 s,1,650.276
poll 1 s,1,645.256
poll 1 s,1,640.75
poll 1 s,1,635.585
poll 1 s,1,630.469
poll 1 s,1,625.443
poll 1 s,1,620.315
poll 1 s,1,615.274
poll 1 s,1,610.706
poll 1 s,1,605.607
poll 1 s,1,600.371
poll 1 s,1,595.17
poll 1 s,1,590.523
poll 1 s,1,585.473
poll 1 s,1,580.451
poll 1 s,1,575.308
poll 1 s,1,570.789
poll 1 s,1,565.315
poll 1 s,1,560.286
poll 1 s,1,555.773
poll 1 s,1,550.698
poll 1 s,1,545.553
poll 1 s,1,540.7
poll 1 s,1,535.508
poll 1 s,1,530.579
poll 1 s,1,525.514
poll 1 s,1,520.605
poll 1 s,1,515.235
poll 1 s,1,510.163
poll 1 s,1,511.209
poll 1 s,1,505.919
poll 1 s,1,500.859
poll 1 s,1,496.066
poll 1 s,1,490.883
poll 1 s,1,486.012
poll 1 s,1,480.848
poll 1 s,1,475.799
poll 1 s,1,470.749
poll 1 s,1,465.661
poll 1 s,1,460.927
poll 1 s,1,455.918
poll 1 s,1,451.045
poll 1 s,1,445.647
poll 1 s,1,440.605
poll 1 s,1,435.682
poll 1 s,1,431.114
poll 1 s,1,425.872
poll 1 s,1,420.69
poll 1 s,1,416.061
poll 1 s,1,411.047
poll 1 s,1,405.787
poll 1 s,1,400.779
poll 1 s,1,395.853
poll 1 s,1,390.781
poll 1 s,1,385.967
poll 1 s,1,380.647
poll 1 s,1,375.857
poll 1 s,1,371.036
poll 1 s,1,366.132
poll 1 s,1,361.145
poll 1 s,1,356.009
poll 1 s,1,350.997
poll 1 s,1,345.9
poll 1 s,1,340.631
poll 1 s,1,335.92
poll 1 s,1,331.032
poll 1 s,1,325.423
poll 1 s,1,320.595
poll 1 s,1,316.083
poll 1 s,1,311.065
poll 1 s,1,306.226
poll 1 s,1,300.711
poll 1 s,1,296.063
poll 1 s,1,290.998
poll 1 s,1,286.2
poll 1 s,1,280.995
poll 1 s,1,275.782
poll 1 s,1,270.824
poll 1 s,1,265.912
poll 1 s,1,260.509
poll 1 s,1,256.174
poll 1 s,1,250.764
poll 1 s,1,245.977
poll 1 s,1,240.846
poll 1 s,1,235.777
poll 1 s,1,230.981
poll 1 s,1,225.905
poll 1 s,1,221.027
poll 1 s,1,215.992
poll 1 s,1,210.894
poll 1 s,1,205.767
poll 1 s,1,201.139
poll 1 s,1,195.863
poll 1 s,1,191.109
poll 1 s,1,186.193
poll 1 s,1,181.014
poll 1 s,1,175.847
poll 1 s,1,170.893
poll 1 s,1,165.765
poll 1 s,1,160.75
poll 1 s,1,155.942
poll 1 s,1,150.809
poll 1 s,1,145.82
poll 1 s,1,140.696
poll 1 s,1,136.166
poll 1 s,1,130.804
poll 1 s,1,125.825
poll 1 s,1,121.109
poll 1 s,1,115.861
poll 1 s,1,110.821
poll 1 s,1,105.737
poll 1 s,1,101.144
poll 1 s,1,96.073
poll 1 s,1,90.914
poll 1 s,1,85.908
poll 1 s,1,80.843
poll 1 s,1,75.738
poll 1 s,1,70.696
poll 1 s,1,66.183
poll 1 s,1,60.938
poll 1 s,1,55.764
poll 1 s,1,50.933
poll 1 s,1,45.789
poll 1 s,1,40.87
poll 1 s,1,36.087
poll 1 s,1,31.071
poll 1 s,1,26.066
poll 1 s,1,20.885
poll 1 s,1,15.737
poll 1 s,1,16.031
poll 1 s,1,11.069
poll 1 s,1,5.992
poll 1 s,1,1006.724
poll 1 s,1,1001.591
poll 1 s,1,996.692
poll 1 s,1,991.769
poll 1 s,1,986.73
poll 1 s,1,981.792
poll 1 s,1,976.688
poll 1 s,1,972.056
poll 1 s,1,966.991
poll 1 s,1,961.824
poll 1 s,1,956.777
poll 1 s,1,951.577
poll 1 s,1,946.556
poll 1 s,1,941.294
poll 1 s,1,936.765
poll 1 s,1,931.71
poll 1 s,1,926.527
poll 1 s,1,921.65
poll 1 s,1,916.95
poll 1 s,1,911.609
poll 1 s,1,906.552
poll 1 s,1,901.962
poll 1 s,1,896.958
poll 1 s,1,891.821
poll 1 s,1,886.756
poll 1 s,1,881.642
poll 1 s,1,876.49
poll 1 s,1,871.626
poll 1 s,1,866.877
poll 1 s,1,861.492
poll 1 s,1,856.805
poll 1 s,1,851.731
poll 1 s,1,846.649
poll 1 s,1,841.572
poll 1 s,1,836.565
poll 1 s,1,831.571
poll 1 s,1,826.606
poll 1 s,1,821.686
poll 1 s,1,816.687
poll 1 s,1,811.691
poll 1 s,1,806.413
poll 1 s,1,801.452
poll 1 s,1,796.95
poll 1 s,1,791.827
poll 1 s,1,786.834
poll 1 s,1,781.628
poll 1 s,1,766.859
poll 1 s,1,771.545
poll 1 s,1,776.394
poll 1 s,1,760.682
poll 1 s,1,756.309
poll 1 s,1,751.731
poll 1 s,1,746.918
poll 1 s,1,741.976
poll 1 s,1,736.881
poll 1 s,1,731.722
poll 1 s,1,726.928
poll 1 s,1,721.796
poll 1 s,1,716.686
poll 1 s,1,711.578
poll 1 s,1,706.558
poll 1 s,1,701.531
poll 1 s,1,696.4
poll 1 s,1,691.052
poll 1 s,1,686.892
poll 1 s,1,681.879
poll 1 s,1,676.751
poll 1 s,1,671.757
poll 1 s,1,666.648
poll 1 s,1,661.677
poll 1 s,1,656.586
poll 1 s,1,651.963
poll 1 s,1,646.609
poll 1 s,1,641.963
poll 1 s,1,636.688
poll 1 s,1,631.582
poll 1 s,1,626.23
poll 1 s,1,622.004
poll 1 s,1,616.804
poll 1 s,1,611.687
poll 1 s,1,606.706
poll 1 s,1,601.542
poll 1 s,1,596.737
poll 1 s,1,591.566
poll 1 s,1,586.525
poll 1 s,1,581.728
poll 1 s,1,576.481
poll 1 s,1,571.389
poll 1 s,1,566.799
poll 1 s,1,561.56
poll 1 s,1,556.941
poll 1 s,1,551.535
poll 1 s,1,546.948
poll 1 s,1,541.692
poll 1 s,1,536.855
poll 1 s,1,531.699
poll 1 s,1,526.683
poll 1 s,1,521.626
poll 1 s,1,516.252
poll 1 s,1,511.931
poll 1 s,1,512.356
poll 1 s,1,507.219
poll 1 s,1,502.424
poll 1 s,1,496.51
poll 1 s,1,491.952
poll 1 s,1,487.378
poll 1 s,1,482.331
poll 1 s,1,477.107
poll 1 s,1,472.096
poll 1 s,1,467.23
poll 1 s,1,462.299
poll 1 s,1,456.935
poll 1 s,1,452.47
poll 1 s,1,447.369
poll 1 s,1,442.339
poll 1 s,1,437.188
poll 1 s,1,432.109
poll 1 s,1,427.021
poll 1 s,1,422.39
poll 1 s,1,417.319
poll 1 s,1,412.05
poll 1 s,1,407.164
poll 1 s,1,401.913
poll 1 s,1,397.419
poll 1 s,1,392.148
poll 1 s,1,387.261
poll 1 s,1,382.279
poll 1 s,1,377.192
poll 1 s,1,372.356
poll 1 s,1,367.293
poll 1 s,1,362.219
poll 1 s,1,357.034
poll 1 s,1,352.03
poll 1 s,1,347.495
poll 1 s,1,342.272
poll 1 s,1,336.938
poll 1 s,1,332.006
poll 1 s,1,327.508
poll 1 s,1,322.491
poll 1 s,1,317.315
poll 1 s,1,312.311
poll 1 s,1,307.541
poll 1 s,1,302.452
poll 1 s,1,296.983
poll 1 s,1,292.05
poll 1 s,1,287.509
poll 1 s,1,282.596
poll 1 s,1,277.004
poll 1 s,1,272.448
poll 1 s,1,267.402
poll 1 s,1,262.288
poll 1 s,1,256.966
poll 1 s,1,252.125
poll 1 s,1,247.474
poll 1 s,1,237.077
poll 1 s,1,242.156
poll 1 s,1,231.228
poll 1 s,1,227.393
poll 1 s,1,221.937
poll 1 s,1,217.05
poll 1 s,1,212.36
poll 1 s,1,207.163
poll 1 s,1,202.313
poll 1 s,1,197.44
poll 1 s,1,192.504
poll 1 s,1,187.258
poll 1 s,1,182.051
poll 1 s,1,176.988
poll 1 s,1,172.062
poll 1 s,1,167.397
poll 1 s,1,162.309
poll 1 s,1,157.121
poll 1 s,1,152.035
poll 1 s,1,147.528
poll 1 s,1,142.145
poll 1 s,1,137.051
poll 1 s,1,132.475
poll 1 s,1,127.243
poll 1 s,1,121.981
poll 1 s,1,117.468
poll 1 s,1,112.419
poll 1 s,1,106.748
poll 1 s,1,102.588
poll 1 s,1,97.247
poll 1 s,1,92.192
poll 1 s,1,87.027
poll 1 s,1,82.026
poll 1 s,1,77.434
poll 1 s,1,72.118
poll 1 s,1,67.209
poll 1 s,1,62.106
poll 1 s,1,57.467
poll 1 s,1,52.347
poll 1 s,1,47.076
poll 1 s,1,42.143
poll 1 s,1,36.747
poll 1 s,1,31.947
poll 1 s,1,26.991
poll 1 s,1,22.314
poll 1 s,1,17.198
poll 1 s,1,16.811
poll 1 s,1,11.715
poll 1 s,1,6.813
poll 1 s,1,1.676
poll 1 s,1,1002.957
poll 1 s,1,997.98
poll 1 s,1,992.677
poll 1 s,1,987.808
poll 1 s,1,982.548
poll 1 s,1,977.691
poll 1 s,1,973.011
poll 1 s,1,967.837
poll 1 s,1,962.866
poll 1 s,1,957.763
poll 1 s,1,952.591
poll 1 s,1,947.958
poll 1 s,1,942.685
poll 1 s,1,937.938
poll 1 s,1,932.919
poll 1 s,1,927.634
poll 1 s,1,922.836
poll 1 s,1,917.801
poll 1 s,1,912.677
poll 1 s,1,907.453
poll 1 s,1,902.969
poll 1 s,1,897.711
poll 1 s,1,892.814
poll 1 s,1,887.636
poll 1 s,1,882.915
poll 1 s,1,877.888
poll 1 s,1,872.515
poll 1 s,1,867.959
poll 1 s,1,862.993
poll 1 s,1,857.747
poll 1 s,1,852.798
poll 1 s,1,847.749
poll 1 s,1,842.611
poll 1 s,1,837.646
poll 1 s,1,832.936
poll 1 s,1,827.68
poll 1 s,1,822.474
poll 1 s,1,818.028
poll 1 s,1,812.532
poll 1 s,1,807.768
poll 1 s,1,802.824
poll 1 s,1,797.592
poll 1 s,1,792.646
poll 1 s,1,787.757
poll 1 s,1,782.565
poll 1 s,1,777.888
poll 1 s,1,773.011
poll 1 s,1,767.307
poll 1 s,1,762.937
poll 1 s,1,757.926
poll 1 s,1,752.756
poll 1 s,1,738.025
poll 1 s,1,742.903
poll 1 s,1,747.69
poll 1 s,1,731.813
poll 1 s,1,727.702
poll 1 s,1,722.539
poll 1 s,1,717.914
poll 1 s,1,712.766
poll 1 s,1,707.796
poll 1 s,1,702.647
poll 1 s,1,697.559
poll 1 s,1,692.83
poll 1 s,1,687.577
poll 1 s,1,682.502
poll 1 s,1,677.67
poll 1 s,1,672.803
poll 1 s,1,667.505
poll 1 s,1,662.827
poll 1 s,1,657.495
poll 1 s,1,652.644
poll 1 s,1,647.99
poll 1 s,1,642.856
poll 1 s,1,637.724
poll 1 s,1,632.768
poll 1 s,1,627.617
poll 1 s,1,622.884
poll 1 s,1,617.619
poll 1 s,1,612.839
poll 1 s,1,607.597
poll 1 s,1,603.077
poll 1 s,1,597.915
poll 1 s,1,592.7
poll 1 s,1,587.81
poll 1 s,1,582.641
poll 1 s,1,577.628
poll 1 s,1,572.538
poll 1 s,1,568.008
poll 1 s,1,562.954
poll 1 s,1,557.855
poll 1 s,1,552.229
poll 1 s,1,547.775
poll 1 s,1,542.636
poll 1 s,1,537.606
poll 1 s,1,532.652
poll 1 s,1,527.513
poll 1 s,1,522.948
poll 1 s,1,517.743
poll 1 s,1,512.734
poll 1 s,1,507.605
poll 1 s,1,507.735
poll 1 s,1,502.707
poll 1 s,1,497.736
poll 1 s,1,492.702
poll 1 s,1,488.059
poll 1 s,1,483.006
poll 1 s,1,477.932
poll 1 s,1,472.89
poll 1 s,1,467.862
poll 1 s,1,462.743
poll 1 s,1,457.949
poll 1 s,1,453.135
poll 1 s,1,447.902
poll 1 s,1,443.033
poll 1 s,1,437.81
poll 1 s,1,432.403
poll 1 s,1,427.931
poll 1 s,1,422.902
poll 1 s,1,417.853
poll 1 s,1,412.801
poll 1 s,1,407.824
poll 1 s,1,402.692
poll 1 s,1,397.744
poll 1 s,1,393.121
poll 1 s,1,388.058
poll 1 s,1,383.014
poll 1 s,1,377.861
poll 1 s,1,372.557
poll 1 s,1,368.022
poll 1 s,1,363.086
poll 1 s,1,358.109
poll 1 s,1,352.995
poll 1 s,1,347.896
poll 1 s,1,342.758
poll 1 s,1,338.017
poll 1 s,1,332.909
poll 1 s,1,327.727
poll 1 s,1,322.75
poll 1 s,1,317.666
poll 1 s,1,312.636
poll 1 s,1,308.094
poll 1 s,1,302.991
poll 1 s,1,298.076
poll 1 s,1,292.917
poll 1 s,1,287.813
poll 1 s,1,283.229
poll 1 s,1,277.906
poll 1 s,1,272.769
poll 1 s,1,267.808
poll 1 s,1,262.758
poll 1 s,1,257.947
poll 1 s,1,252.764
poll 1 s,1,248.002
poll 1 s,1,242.857
poll 1 s,1,237.843
poll 1 s,1,232.786
poll 1 s,1,227.798
poll 1 s,1,222.687
poll 1 s,1,218.218
poll 1 s,1,207.764
poll 1 s,1,212.646
poll 1 s,1,201.822
poll 1 s,1,197.852
poll 1 s,1,192.962
poll 1 s,1,187.96
poll 1 s,1,182.904
poll 1 s,1,177.769
poll 1 s,1,172.563
poll 1 s,1,167.732
poll 1 s,1,163.284
poll 1 s,1,158.2
poll 1 s,1,153.204
poll 1 s,1,147.869
poll 1 s,1,142.864
poll 1 s,1,137.649
poll 1 s,1,133.142
poll 1 s,1,128.108
poll 1 s,1,122.942
poll 1 s,1,118.212
poll 1 s,1,112.952
poll 1 s,1,107.909
poll 1 s,1,102.702
poll 1 s,1,98.2
poll 1 s,1,93.127
poll 1 s,1,88.093
poll 1 s,1,83.097
poll 1 s,1,77.299
poll 1 s,1,72.726
poll 1 s,1,67.885
poll 1 s,1,62.768
poll 1 s,1,58.269
poll 1 s,1,53.004
poll 1 s,1,47.84
poll 1 s,1,42.822
poll 1 s,1,38.03
poll 1 s,1,32.975
poll 1 s,1,27.945
poll 1 s,1,23.004
poll 1 s,1,17.798
poll 1 s,1,12.846
poll 1 s,1,12.202
poll 1 s,1,6.976
poll 1 s,1,1007.194
poll 1 s,1,1002.298
poll 1 s,1,997.363
poll 1 s,1,992.26
poll 1 s,1,987.34
poll 1 s,1,982.562
poll 1 s,1,977.637
poll 1 s,1,972.233
poll 1 s,1,967.688
poll 1 s,1,961.888
poll 1 s,1,957.499
poll 1 s,1,952.262
poll 1 s,1,947.375
poll 1 s,1,942.351
poll 1 s,1,937.639
poll 1 s,1,932.763
poll 1 s,1,927.656
poll 1 s,1,922.304
poll 1 s,1,917.653
poll 1 s,1,912.512
poll 1 s,1,907.006
poll 1 s,1,902.202
poll 1 s,1,897.197
poll 1 s,1,892.706
poll 1 s,1,887.367
poll 1 s,1,882.79
poll 1 s,1,877.45
poll 1 s,1,872.294
poll 1 s,1,867.309
poll 1 s,1,862.29
poll 1 s,1,857.725
poll 1 s,1,852.318
poll 1 s,1,847.473
poll 1 s,1,841.972
poll 1 s,1,837.735
poll 1 s,1,832.619
poll 1 s,1,827.42
poll 1 s,1,822.625
poll 1 s,1,817.46
poll 1 s,1,812.262
poll 1 s,1,807.48
poll 1 s,1,802.502
poll 1 s,1,797.505
poll 1 s,1,792.411
poll 1 s,1,787.249
poll 1 s,1,782.416
poll 1 s,1,777.249
poll 1 s,1,772.571
poll 1 s,1,767.821
poll 1 s,1,762.138
poll 1 s,1,757.774
poll 1 s,1,752.548
poll 1 s,1,747.65
poll 1 s,1,742.347
poll 1 s,1,732.575
poll 1 s,1,737.559
poll 1 s,1,727.307
poll 1 s,1,721.566
poll 1 s,1,717.698
poll 1 s,1,712.417
poll 1 s,1,707.763
poll 1 s,1,702.694
poll 1 s,1,697.495
poll 1 s,1,692.558
poll 1 s,1,687.343
poll 1 s,1,682.375
poll 1 s,1,677.234
poll 1 s,1,672.788
poll 1 s,1,667.729
poll 1 s,1,662.374
poll 1 s,1,657.139
poll 1 s,1,652.256
poll 1 s,1,647.123
poll 1 s,1,642.72
poll 1 s,1,637.41
poll 1 s,1,632.522
poll 1 s,1,627.552
poll 1 s,1,622.283
poll 1 s,1,617.177
poll 1 s,1,612.569
poll 1 s,1,607.394
poll 1 s,1,602.356
poll 1 s,1,597.555
poll 1 s,1,592.489
poll 1 s,1,587.266
poll 1 s,1,582.05
poll 1 s,1,577.732
poll 1 s,1,572.54
poll 1 s,1,567.567
poll 1 s,1,562.43
poll 1 s,1,557.636
poll 1 s,1,552.772
poll 1 s,1,547.332
poll 1 s,1,542.701
poll 1 s,1,537.668
poll 1 s,1,532.453
poll 1 s,1,527.222
poll 1 s,1,522.677
poll 1 s,1,517.261
poll 1 s,1,512.248
poll 1 s,1,512.405
poll 1 s,1,507.823
poll 1 s,1,502.657
poll 1 s,1,497.949
poll 1 s,1,492.68
poll 1 s,1,487.776
poll 1 s,1,482.793
poll 1 s,1,477.729
poll 1 s,1,472.649
poll 1 s,1,467.56
poll 1 s,1,462.567
poll 1 s,1,457.544
poll 1 s,1,452.394
poll 1 s,1,447.701
poll 1 s,1,442.42
poll 1 s,1,437.774
poll 1 s,1,432.656
poll 1 s,1,427.691
poll 1 s,1,422.658
poll 1 s,1,417.28
poll 1 s,1,412.991
poll 1 s,1,407.717
poll 1 s,1,402.719
poll 1 s,1,397.667
poll 1 s,1,392.421
poll 1 s,1,387.469
poll 1 s,1,382.949
poll 1 s,1,377.851
poll 1 s,1,372.682
poll 1 s,1,367.494
poll 1 s,1,362.49
poll 1 s,1,357.985
poll 1 s,1,352.848
poll 1 s,1,347.904
poll 1 s,1,342.72
poll 1 s,1,337.813
poll 1 s,1,332.811
poll 1 s,1,327.572
poll 1 s,1,322.75
poll 1 s,1,317.74
poll 1 s,1,312.609
poll 1 s,1,307.929
poll 1 s,1,302.904
poll 1 s,1,297.766
poll 1 s,1,292.689
poll 1 s,1,287.594
poll 1 s,1,282.596
poll 1 s,1,277.742
poll 1 s,1,272.538
poll 1 s,1,267.616
poll 1 s,1,262.728
poll 1 s,1,257.717
poll 1 s,1,252.567
poll 1 s,1,247.792
poll 1 s,1,242.665
poll 1 s,1,237.499
poll 1 s,1,232.434
poll 1 s,1,227.424
poll 1 s,1,222.974
poll 1 s,1,217.919
poll 1 s,1,202.92
poll 1 s,1,212.82
poll 1 s,1,207.864
poll 1 s,1,197.09
poll 1 s,1,192.66
poll 1 s,1,187.686
poll 1 s,1,182.882
poll 1 s,1,177.865
poll 1 s,1,173.031
poll 1 s,1,167.514
poll 1 s,1,162.842
poll 1 s,1,157.85
poll 1 s,1,152.704
poll 1 s,1,147.627
poll 1 s,1,142.746
poll 1 s,1,137.595
poll 1 s,1,133.071
poll 1 s,1,127.937
poll 1 s,1,122.841
poll 1 s,1,117.49
poll 1 s,1,112.631
poll 1 s,1,107.956
poll 1 s,1,102.835
poll 1 s,1,97.887
poll 1 s,1,92.727
poll 1 s,1,87.419
poll 1 s,1,82.881
poll 1 s,1,77.755
poll 1 s,1,72.758
poll 1 s,1,68.051
poll 1 s,1,62.922
poll 1 s,1,57.62
poll 1 s,1,53.074
poll 1 s,1,47.856
poll 1 s,1,42.563
poll 1 s,1,37.859
poll 1 s,1,32.829
poll 1 s,1,27.539
poll 1 s,1,22.59
poll 1 s,1,17.652
poll 1 s,1,17.759
poll 1 s,1,13.003
poll 1 s,1,7.892
poll 1 s,1,2.804
poll 1 s,1,1004.466
poll 1 s,1,999.425
poll 1 s,1,994.069
poll 1 s,1,989.087
poll 1 s,1,984.533
poll 1 s,1,979.048
poll 1 s,1,974.414
poll 1 s,1,969.317
poll 1 s,1,964.134
poll 1 s,1,959.069
poll 1 s,1,954.126
poll 1 s,1,949.42
poll 1 s,1,944.257
poll 1 s,1,939.208
poll 1 s,1,934.174
poll 1 s,1,929.141
poll 1 s,1,924.181
poll 1 s,1,919.025
poll 1 s,1,914.368
poll 1 s,1,909.419
poll 1 s,1,903.94
poll 1 s,1,899.48
poll 1 s,1,894.207
poll 1 s,1,889.188
poll 1 s,1,884.251
poll 1 s,1,878.862
poll 1 s,1,874.169
poll 1 s,1,868.925
poll 1 s,1,864.379
poll 1 s,1,859.331
poll 1 s,1,854.102
poll 1 s,1,849.267
poll 1 s,1,844.044
poll 1 s,1,839.387
poll 1 s,1,834.336
poll 1 s,1,829.369
poll 1 s,1,824.496
poll 1 s,1,819.345
poll 1 s,1,814.046
poll 1 s,1,809.147
poll 1 s,1,803.964
poll 1 s,1,799.071
poll 1 s,1,794.435
poll 1 s,1,789.316
poll 1 s,1,784.161
poll 1 s,1,779.01
poll 1 s,1,774.139
poll 1 s,1,769.019
poll 1 s,1,763.832
poll 1 s,1,759.363
poll 1 s,1,754.283
poll 1 s,1,749.263
poll 1 s,1,743.995
poll 1 s,1,739.327
poll 1 s,1,734.202
poll 1 s,1,728.96
poll 1 s,1,723.088
poll 1 s,1,719.291
poll 1 s,1,714.069
poll 1 s,1,709.513
poll 1 s,1,704.438
poll 1 s,1,699.186
poll 1 s,1,694.068
poll 1 s,1,688.893
poll 1 s,1,684.493
poll 1 s,1,679.253
poll 1 s,1,674.386
poll 1 s,1,669.258
poll 1 s,1,664.13
poll 1 s,1,659.073
poll 1 s,1,653.744
poll 1 s,1,649.225
poll 1 s,1,644.368
poll 1 s,1,639.289
poll 1 s,1,634.16
poll 1 s,1,629.044
poll 1 s,1,624.059
poll 1 s,1,619.047
poll 1 s,1,614.047
poll 1 s,1,609.011
poll 1 s,1,603.84
poll 1 s,1,598.502
poll 1 s,1,593.746
poll 1 s,1,589.259
poll 1 s,1,584.165
poll 1 s,1,579.159
poll 1 s,1,573.977
poll 1 s,1,568.779
poll 1 s,1,563.596
poll 1 s,1,558.981
poll 1 s,1,553.966
poll 1 s,1,549.261
poll 1 s,1,543.68
poll 1 s,1,538.868
poll 1 s,1,533.152
poll 1 s,1,529.057
poll 1 s,1,524.298
poll 1 s,1,519.24
poll 1 s,1,514.211
poll 1 s,1,509.159
poll 1 s,1,509.262
poll 1 s,1,504.325
poll 1 s,1,499.481
poll 1 s,1,494.683
poll 1 s,1,489.55
poll 1 s,1,484.509
poll 1 s,1,479.434
poll 1 s,1,474.49
poll 1 s,1,469.635
poll 1 s,1,464.57
poll 1 s,1,459.463
poll 1 s,1,454.473
poll 1 s,1,449.427
poll 1 s,1,444.492
poll 1 s,1,439.628
poll 1 s,1,434.252
poll 1 s,1,429.519
poll 1 s,1,424.082
poll 1 s,1,419.511
poll 1 s,1,414.531
poll 1 s,1,409.138
poll 1 s,1,404.494
poll 1 s,1,398.926
poll 1 s,1,394.439
poll 1 s,1,389.735
poll 1 s,1,384.401
poll 1 s,1,379.467
poll 1 s,1,374.274
poll 1 s,1,369.57
poll 1 s,1,364.513
poll 1 s,1,359.225
poll 1 s,1,354.826
poll 1 s,1,349.637
poll 1 s,1,344.717
poll 1 s,1,339.193
poll 1 s,1,334.133
poll 1 s,1,329.734
poll 1 s,1,324.603
poll 1 s,1,319.339
poll 1 s,1,314.772
poll 1 s,1,309.695
poll 1 s,1,304.644
poll 1 s,1,299.616
poll 1 s,1,294.487
poll 1 s,1,289.419
poll 1 s,1,283.817
poll 1 s,1,279.847
poll 1 s,1,274.564
poll 1 s,1,269.769
poll 1 s,1,264.387
poll 1 s,1,259.695
poll 1 s,1,254.406
poll 1 s,1,249.624
poll 1 s,1,244.447
poll 1 s,1,239.792
poll 1 s,1,234.687
poll 1 s,1,229.575
poll 1 s,1,224.611
poll 1 s,1,219.719
poll 1 s,1,209.672
poll 1 s,1,204.546
poll 1 s,1,214.731
poll 1 s,1,199.001
poll 1 s,1,194.208
poll 1 s,1,189.701
poll 1 s,1,184.445
poll 1 s,1,179.386
poll 1 s,1,174.757
poll 1 s,1,169.746
poll 1 s,1,164.66
poll 1 s,1,159.562
poll 1 s,1,154.475
poll 1 s,1,149.317
poll 1 s,1,144.562
poll 1 s,1,139.406
poll 1 s,1,134.307
poll 1 s,1,129.169
poll 1 s,1,124.74
poll 1 s,1,119.723
poll 1 s,1,114.633
poll 1 s,1,109.47
poll 1 s,1,104.495
poll 1 s,1,99.605
poll 1 s,1,94.562
poll 1 s,1,89.594
poll 1 s,1,84.624
poll 1 s,1,79.499
poll 1 s,1,74.561
poll 1 s,1,69.449
poll 1 s,1,64.504
poll 1 s,1,59.417
poll 1 s,1,54.201
poll 1 s,1,49.703
poll 1 s,1,44.649
poll 1 s,1,39.384
poll 1 s,1,34.324
poll 1 s,1,29.81
poll 1 s,1,24.696
poll 1 s,1,19.607
poll 1 s,1,14.509
poll 1 s,1,13.621
poll 1 s,1,8.606
poll 1 s,1,3.73
poll 1 s,1,1004.976
poll 1 s,1,1000.021
poll 1 s,1,994.981
poll 1 s,1,989.813
poll 1 s,1,984.875
poll 1 s,1,979.743
poll 1 s,1,975.218
poll 1 s,1,970.242
poll 1 s,1,965.121
poll 1 s,1,960.148
poll 1 s,1,955.231
poll 1 s,1,950.075
poll 1 s,1,945.132
poll 1 s,1,940.177
poll 1 s,1,934.97
poll 1 s,1,929.873
poll 1 s,1,925.144
poll 1 s,1,920.041
poll 1 s,1,914.977
poll 1 s,1,909.913
poll 1 s,1,904.636
poll 1 s,1,900.3
poll 1 s,1,894.866
poll 1 s,1,889.818
poll 1 s,1,885.334
poll 1 s,1,880.233
poll 1 s,1,874.813
poll 1 s,1,869.591
poll 1 s,1,865.012
poll 1 s,1,859.847
poll 1 s,1,855.113
poll 1 s,1,849.992
poll 1 s,1,844.932
poll 1 s,1,839.611
poll 1 s,1,834.795
poll 1 s,1,829.931
poll 1 s,1,824.703
poll 1 s,1,820.225
poll 1 s,1,815.012
poll 1 s,1,809.917
poll 1 s,1,805.191
poll 1 s,1,799.994
poll 1 s,1,794.854
poll 1 s,1,789.83
poll 1 s,1,784.945
poll 1 s,1,780.021
poll 1 s,1,775.024
poll 1 s,1,770.164
poll 1 s,1,765.044
poll 1 s,1,759.997
poll 1 s,1,754.946
poll 1 s,1,749.855
poll 1 s,1,744.792
poll 1 s,1,740.19
poll 1 s,1,734.989
poll 1 s,1,729.929
poll 1 s,1,724.864
poll 1 s,1,720.18
poll 1 s,1,714.991
poll 1 s,1,710.35
poll 1 s,1,705.016
poll 1 s,1,699.924
poll 1 s,1,694.901
poll 1 s,1,689.773
poll 1 s,1,685.31
poll 1 s,1,680.183
poll 1 s,1,674.801
poll 1 s,1,670.122
poll 1 s,1,664.787
poll 1 s,1,659.855
poll 1 s,1,654.821
poll 1 s,1,650.135
poll 1 s,1,644.905
poll 1 s,1,639.671
poll 1 s,1,635.154
poll 1 s,1,630.075
poll 1 s,1,625.081
poll 1 s,1,620.001
poll 1 s,1,614.945
poll 1 s,1,609.909
poll 1 s,1,604.945
poll 1 s,1,599.814
poll 1 s,1,594.941
poll 1 s,1,589.895
poll 1 s,1,584.806
poll 1 s,1,580.24
poll 1 s,1,575.21
poll 1 s,1,569.7
poll 1 s,1,565.11
poll 1 s,1,560.049
poll 1 s,1,554.924
poll 1 s,1,550.237
poll 1 s,1,544.66
poll 1 s,1,539.863
poll 1 s,1,534.804
poll 1 s,1,529.897
poll 1 s,1,524.882
poll 1 s,1,520.161
poll 1 s,1,515.223
poll 1 s,1,510.058
poll 1 s,1,509.793
poll 1 s,1,504.52
poll 1 s,1,500.04
poll 1 s,1,494.815
poll 1 s,1,490.051
poll 1 s,1,484.938
poll 1 s,1,479.856
poll 1 s,1,474.661
poll 1 s,1,470.128
poll 1 s,1,465.124
poll 1 s,1,459.968
poll 1 s,1,454.728
poll 1 s,1,449.613
poll 1 s,1,445.146
poll 1 s,1,439.91
poll 1 s,1,434.978
poll 1 s,1,429.861
poll 1 s,1,424.808
poll 1 s,1,419.691
poll 1 s,1,414.934
poll 1 s,1,409.542
poll 1 s,1,404.786
poll 1 s,1,400.049
poll 1 s,1,395.019
poll 1 s,1,389.72
poll 1 s,1,385.063
poll 1 s,1,380.129
poll 1 s,1,375.073
poll 1 s,1,369.842
poll 1 s,1,365.084
poll 1 s,1,359.919
poll 1 s,1,354.708
poll 1 s,1,350.204
poll 1 s,1,345.201
poll 1 s,1,339.93
poll 1 s,1,334.789
poll 1 s,1,329.707
poll 1 s,1,324.828
poll 1 s,1,318.991
poll 1 s,1,314.775
poll 1 s,1,309.608
poll 1 s,1,305.093
poll 1 s,1,299.848
poll 1 s,1,294.898
poll 1 s,1,289.547
poll 1 s,1,284.816
poll 1 s,1,279.33
poll 1 s,1,274.919
poll 1 s,1,269.895
poll 1 s,1,264.829
poll 1 s,1,259.606
poll 1 s,1,255.117
poll 1 s,1,249.623
poll 1 s,1,245.234
poll 1 s,1,239.881
poll 1 s,1,234.791
poll 1 s,1,229.687
poll 1 s,1,224.617
poll 1 s,1,219.598
poll 1 s,1,214.734
poll 1 s,1,210.014
poll 1 s,1,204.962
poll 1 s,1,199.836
poll 1 s,1,195.118
poll 1 s,1,189.848
poll 1 s,1,184.716
poll 1 s,1,180.106
poll 1 s,1,174.864
poll 1 s,1,169.931
poll 1 s,1,164.774
poll 1 s,1,159.666
poll 1 s,1,154.82
poll 1 s,1,149.522
poll 1 s,1,144.629
poll 1 s,1,139.668
poll 1 s,1,135.2
poll 1 s,1,130.014
poll 1 s,1,124.893
poll 1 s,1,119.845
poll 1 s,1,115.148
poll 1 s,1,110.016
poll 1 s,1,104.843
poll 1 s,1,100.062
poll 1 s,1,94.943
poll 1 s,1,89.886
poll 1 s,1,84.853
poll 1 s,1,80.124
poll 1 s,1,74.593
poll 1 s,1,69.739
poll 1 s,1,64.733
poll 1 s,1,60.142
poll 1 s,1,55.016
poll 1 s,1,49.828
poll 1 s,1,45.076
poll 1 s,1,40.111
poll 1 s,1,34.866
poll 1 s,1,29.94
poll 1 s,1,25.09
poll 1 s,1,19.937
poll 1 s,1,14.933
poll 1 s,1,14.27
poll 1 s,1,8.801
poll 1 s,1,4.338
poll 1 s,1,1005.168
poll 1 s,1,999.918
poll 1 s,1,994.875
poll 1 s,1,989.862
poll 1 s,1,985.225
poll 1 s,1,980.194
poll 1 s,1,974.99
poll 1 s,1,970.266
poll 1 s,1,965.108
poll 1 s,1,960.064
poll 1 s,1,954.998
poll 1 s,1,950.309
poll 1 s,1,944.885
poll 1 s,1,939.88
poll 1 s,1,935.078
poll 1 s,1,930.131
poll 1 s,1,924.849
poll 1 s,1,919.726
poll 1 s,1,915.224
poll 1 s,1,910.221
poll 1 s,1,905.062
poll 1 s,1,899.875
poll 1 s,1,894.748
poll 1 s,1,890.16
poll 1 s,1,884.878
poll 1 s,1,879.962
poll 1 s,1,874.791
poll 1 s,1,870.271
poll 1 s,1,865.135
poll 1 s,1,859.46
poll 1 s,1,855.181
poll 1 s,1,850.03
poll 1 s,1,844.889
poll 1 s,1,839.774
poll 1 s,1,835.126
poll 1 s,1,820.116
poll 1 s,1,829.878
poll 1 s,1,824.773
poll 1 s,1,814.564
poll 1 s,1,809.667
poll 1 s,1,805.246
poll 1 s,1,800.075
poll 1 s,1,794.958
poll 1 s,1,789.889
poll 1 s,1,784.671
poll 1 s,1,780.199
poll 1 s,1,775.01
poll 1 s,1,769.874
poll 1 s,1,764.795
poll 1 s,1,759.777
poll 1 s,1,754.976
poll 1 s,1,749.861
poll 1 s,1,745.209
poll 1 s,1,739.882
poll 1 s,1,734.767
poll 1 s,1,730.162
poll 1 s,1,725.187
poll 1 s,1,720.107
poll 1 s,1,715.006
poll 1 s,1,710.063
poll 1 s,1,705.018
poll 1 s,1,699.907
poll 1 s,1,695.001
poll 1 s,1,689.939
poll 1 s,1,684.695
poll 1 s,1,679.567
poll 1 s,1,675.043
poll 1 s,1,670.179
poll 1 s,1,665.17
poll 1 s,1,660.06
poll 1 s,1,655.062
poll 1 s,1,649.995
poll 1 s,1,645.007
poll 1 s,1,639.957
poll 1 s,1,634.897
poll 1 s,1,630.207
poll 1 s,1,625.08
poll 1 s,1,619.573
poll 1 s,1,615.209
poll 1 s,1,609.959
poll 1 s,1,605.269
poll 1 s,1,599.707
poll 1 s,1,594.994
poll 1 s,1,590.236
poll 1 s,1,585.078
poll 1 s,1,580.015
poll 1 s,1,575.015
poll 1 s,1,569.996
poll 1 s,1,564.751
poll 1 s,1,560.024
poll 1 s,1,555.179
poll 1 s,1,549.993
poll 1 s,1,545.039
poll 1 s,1,540.038
poll 1 s,1,534.639
poll 1 s,1,529.917
poll 1 s,1,524.61
poll 1 s,1,519.875
poll 1 s,1,515.133
poll 1 s,1,509.783
poll 1 s,1,510.508
poll 1 s,1,505.447
poll 1 s,1,500.956
poll 1 s,1,495.394
poll 1 s,1,490.504
poll 1 s,1,485.45
poll 1 s,1,480.744
poll 1 s,1,475.604
poll 1 s,1,470.5
poll 1 s,1,465.068
poll 1 s,1,460.812
poll 1 s,1,455.707
poll 1 s,1,450.557
poll 1 s,1,445.526
poll 1 s,1,440.434
poll 1 s,1,435.965
poll 1 s,1,430.752
poll 1 s,1,425.649
poll 1 s,1,420.59
poll 1 s,1,415.525
poll 1 s,1,410.91
poll 1 s,1,405.823
poll 1 s,1,400.612
poll 1 s,1,395.593
poll 1 s,1,390.306
poll 1 s,1,385.188
poll 1 s,1,380.823
poll 1 s,1,375.74
poll 1 s,1,370.553
poll 1 s,1,365.862
poll 1 s,1,360.859
poll 1 s,1,355.867
poll 1 s,1,350.641
poll 1 s,1,345.548
poll 1 s,1,340.521
poll 1 s,1,335.528
poll 1 s,1,330.548
poll 1 s,1,325.563
poll 1 s,1,320.636
poll 1 s,1,315.266
poll 1 s,1,310.427
poll 1 s,1,305.515
poll 1 s,1,300.248
poll 1 s,1,295.452
poll 1 s,1,290.869
poll 1 s,1,285.416
poll 1 s,1,280.324
poll 1 s,1,275.558
poll 1 s,1,270.391
poll 1 s,1,265.45
poll 1 s,1,260.753
poll 1 s,1,255.41
poll 1 s,1,250.273
poll 1 s,1,245.69
poll 1 s,1,240.554
poll 1 s,1,235.5
poll 1 s,1,230.469
poll 1 s,1,225.521
poll 1 s,1,220.517
poll 1 s,1,215.493
poll 1 s,1,210.657
poll 1 s,1,205.516
poll 1 s,1,200.337
poll 1 s,1,195.873
poll 1 s,1,190.618
poll 1 s,1,185.443
poll 1 s,1,180.41
poll 1 s,1,175.663
poll 1 s,1,170.495
poll 1 s,1,165.491
poll 1 s,1,160.499
poll 1 s,1,155.396
poll 1 s,1,150.438
poll 1 s,1,145.928
poll 1 s,1,140.834
poll 1 s,1,135.788
poll 1 s,1,130.722
poll 1 s,1,125.625
poll 1 s,1,120.549
poll 1 s,1,115.079
poll 1 s,1,110.834
poll 1 s,1,105.816
poll 1 s,1,100.29
poll 1 s,1,95.514
poll 1 s,1,90.5
poll 1 s,1,85.765
poll 1 s,1,80.626
poll 1 s,1,75.195
poll 1 s,1,70.677
poll 1 s,1,65.432
poll 1 s,1,60.629
poll 1 s,1,55.546
poll 1 s,1,50.589
poll 1 s,1,45.544
poll 1 s,1,40.401
poll 1 s,1,35.598
poll 1 s,1,30.743
poll 1 s,1,25.521
poll 1 s,1,20.486
poll 1 s,1,15.736
poll 1 s,1,15.304
poll 1 s,1,10.038
poll 1 s,1,4.964
poll 1 s,1,1005.799
poll 1 s,1,1001.368
poll 1 s,1,996.14
poll 1 s,1,991.148
poll 1 s,1,986.174
poll 1 s,1,981.055
poll 1 s,1,976.03
poll 1 s,1,971.11
poll 1 s,1,965.921
poll 1 s,1,960.982
poll 1 s,1,955.892
poll 1 s,1,951.345
poll 1 s,1,945.979
poll 1 s,1,940.899
poll 1 s,1,936.111
poll 1 s,1,931.144
poll 1 s,1,925.973
poll 1 s,1,920.685
poll 1 s,1,915.762
poll 1 s,1,910.886
poll 1 s,1,906.072
poll 1 s,1,901.016
poll 1 s,1,896.084
poll 1 s,1,890.926
poll 1 s,1,885.853
poll 1 s,1,880.758
poll 1 s,1,876.109
poll 1 s,1,871.214
poll 1 s,1,866.1
poll 1 s,1,861.155
poll 1 s,1,856.12
poll 1 s,1,850.984
poll 1 s,1,846.155
poll 1 s,1,840.969
poll 1 s,1,836.124
poll 1 s,1,831.075
poll 1 s,1,825.806
poll 1 s,1,821.419
poll 1 s,1,816.291
poll 1 s,1,811.055
poll 1 s,1,805.954
poll 1 s,1,801.342
poll 1 s,1,796.256
poll 1 s,1,791.191
poll 1 s,1,785.919
poll 1 s,1,781.048
poll 1 s,1,775.994
poll 1 s,1,770.952
poll 1 s,1,765.951
poll 1 s,1,761.408
poll 1 s,1,756.345
poll 1 s,1,751.27
poll 1 s,1,746.109
poll 1 s,1,741.018
poll 1 s,1,735.963
poll 1 s,1,731.082
poll 1 s,1,726.013
poll 1 s,1,720.888
poll 1 s,1,716.284
poll 1 s,1,711.239
poll 1 s,1,706.158
poll 1 s,1,700.745
poll 1 s,1,695.721
poll 1 s,1,691.252
poll 1 s,1,685.965
poll 1 s,1,681.034
poll 1 s,1,676.098
poll 1 s,1,671.175
poll 1 s,1,665.986
poll 1 s,1,660.979
poll 1 s,1,656.348
poll 1 s,1,651.058
poll 1 s,1,645.973
poll 1 s,1,641.036
poll 1 s,1,636.003
poll 1 s,1,631.318
poll 1 s,1,626.005
poll 1 s,1,621.146
poll 1 s,1,615.997
poll 1 s,1,610.183
poll 1 s,1,605.879
poll 1 s,1,601.336
poll 1 s,1,596.27
poll 1 s,1,591.316
poll 1 s,1,586.055
poll 1 s,1,581.076
poll 1 s,1,575.889
poll 1 s,1,570.965
poll 1 s,1,566.251
poll 1 s,1,561.05
poll 1 s,1,556.377
poll 1 s,1,550.995
poll 1 s,1,545.856
poll 1 s,1,541.281
poll 1 s,1,536.164
poll 1 s,1,530.961
poll 1 s,1,525.95
poll 1 s,1,521.314
poll 1 s,1,516.263
poll 1 s,1,511.225
poll 1 s,1,511.139
poll 1 s,1,506.158
poll 1 s,1,501.143
poll 1 s,1,496.507
poll 1 s,1,491.505
poll 1 s,1,486.457
poll 1 s,1,480.972
poll 1 s,1,476.401
poll 1 s,1,471.309
poll 1 s,1,466.081
poll 1 s,1,461.131
poll 1 s,1,456.605
poll 1 s,1,451.427
poll 1 s,1,446.48
poll 1 s,1,441.417
poll 1 s,1,436.219
poll 1 s,1,430.985
poll 1 s,1,426.184
poll 1 s,1,421.376
poll 1 s,1,416.282
poll 1 s,1,411.492
poll 1 s,1,406.041
poll 1 s,1,401.245
poll 1 s,1,396.44
poll 1 s,1,391.144
poll 1 s,1,386.276
poll 1 s,1,381.258
poll 1 s,1,376.321
poll 1 s,1,371.135
poll 1 s,1,366.551
poll 1 s,1,361.38
poll 1 s,1,356.339
poll 1 s,1,351.449
poll 1 s,1,346.225
poll 1 s,1,341.032
poll 1 s,1,336.181
poll 1 s,1,331.573
poll 1 s,1,326.302
poll 1 s,1,321.279
poll 1 s,1,316.322
poll 1 s,1,311.218
poll 1 s,1,306.14
poll 1 s,1,301.183
poll 1 s,1,296.62
poll 1 s,1,291.413
poll 1 s,1,286.334
poll 1 s,1,281.152
poll 1 s,1,276.266
poll 1 s,1,271.223
poll 1 s,1,266.092
poll 1 s,1,261.457
poll 1 s,1,256.551
poll 1 s,1,251.389
poll 1 s,1,246.54
poll 1 s,1,241.47
poll 1 s,1,236.426
poll 1 s,1,231.175
poll 1 s,1,226.426
poll 1 s,1,221.172
poll 1 s,1,216.273
poll 1 s,1,211.122
poll 1 s,1,205.968
poll 1 s,1,201.1
poll 1 s,1,196.231
poll 1 s,1,191.327
poll 1 s,1,186.221
poll 1 s,1,181.15
poll 1 s,1,176.073
poll 1 s,1,171.363
poll 1 s,1,166.359
poll 1 s,1,161.307
poll 1 s,1,156.17
poll 1 s,1,151.484
poll 1 s,1,146.414
poll 1 s,1,141.364
poll 1 s,1,136.444
poll 1 s,1,131.226
poll 1 s,1,126.316
poll 1 s,1,121.296
poll 1 s,1,116.341
poll 1 s,1,111.434
poll 1 s,1,106.041
poll 1 s,1,101.187
poll 1 s,1,96.259
poll 1 s,1,91.102
poll 1 s,1,86.547
poll 1 s,1,81.316
poll 1 s,1,76.37
poll 1 s,1,71.101
poll 1 s,1,66.211
poll 1 s,1,61.083
poll 1 s,1,56.148
poll 1 s,1,51.501
poll 1 s,1,46.338
poll 1 s,1,41.223
poll 1 s,1,36.55
poll 1 s,1,31.44
poll 1 s,1,26.299
poll 1 s,1,21.254
poll 1 s,1,16.257
poll 1 s,1,15.392
poll 1 s,1,10.188
poll 1 s,1,5.454
poll 1 s,1,1005.997
poll 1 s,1,1001.164
poll 1 s,1,996.084
poll 1 s,1,990.941
poll 1 s,1,985.674
poll 1 s,1,980.999
poll 1 s,1,976.246
poll 1 s,1,970.642
poll 1 s,1,966.349
poll 1 s,1,961.139
poll 1 s,1,956.015
poll 1 s,1,950.916
poll 1 s,1,946.271
poll 1 s,1,941.094
poll 1 s,1,936.088
poll 1 s,1,930.979
poll 1 s,1,926.036
poll 1 s,1,920.789
poll 1 s,1,915.703
poll 1 s,1,911.07
poll 1 s,1,905.949
poll 1 s,1,900.777
poll 1 s,1,896.009
poll 1 s,1,890.807
poll 1 s,1,886.347
poll 1 s,1,881.241
poll 1 s,1,876.055
poll 1 s,1,870.97
poll 1 s,1,866.217
poll 1 s,1,861.315
poll 1 s,1,855.924
poll 1 s,1,851.017
poll 1 s,1,846.209
poll 1 s,1,841.146
poll 1 s,1,836.187
poll 1 s,1,830.957
poll 1 s,1,826.126
poll 1 s,1,811.204
poll 1 s,1,820.887
poll 1 s,1,816.264
poll 1 s,1,805.239
poll 1 s,1,800.989
poll 1 s,1,795.902
poll 1 s,1,791.168
poll 1 s,1,786.271
poll 1 s,1,780.854
poll 1 s,1,776.349
poll 1 s,1,771.354
poll 1 s,1,765.968
poll 1 s,1,761.173
poll 1 s,1,755.69
poll 1 s,1,751.188
poll 1 s,1,746.271
poll 1 s,1,741.246
poll 1 s,1,736.235
poll 1 s,1,731.126
poll 1 s,1,725.968
poll 1 s,1,720.817
poll 1 s,1,715.711
poll 1 s,1,710.896
poll 1 s,1,705.977
poll 1 s,1,700.859
poll 1 s,1,695.921
poll 1 s,1,691.19
poll 1 s,1,685.867
poll 1 s,1,681.319
poll 1 s,1,676.269
poll 1 s,1,671.249
poll 1 s,1,666.273
poll 1 s,1,660.933
poll 1 s,1,656.024
poll 1 s,1,651.338
poll 1 s,1,646.204
poll 1 s,1,641.415
poll 1 s,1,636.099
poll 1 s,1,631.214
poll 1 s,1,626.248
poll 1 s,1,621.446
poll 1 s,1,616.157
poll 1 s,1,611.402
poll 1 s,1,606.437
poll 1 s,1,601.313
poll 1 s,1,596.014
poll 1 s,1,591.056
poll 1 s,1,586.083
poll 1 s,1,581.07
poll 1 s,1,576.192
poll 1 s,1,571.126
poll 1 s,1,566.149
poll 1 s,1,560.874
poll 1 s,1,555.949
poll 1 s,1,551.01
poll 1 s,1,546.074
poll 1 s,1,541.03
poll 1 s,1,535.712
poll 1 s,1,531.343
poll 1 s,1,526.359
poll 1 s,1,520.827
poll 1 s,1,515.767
poll 1 s,1,511.242
poll 1 s,1,510.934
poll 1 s,1,505.882
poll 1 s,1,500.66
poll 1 s,1,495.87
poll 1 s,1,490.931
poll 100 ms,1,99.194
poll 100 ms,1,93.913
poll 100 ms,1,89.248
poll 100 ms,1,84.182
poll 100 ms,1,78.896
poll 100 ms,1,73.92
poll 100 ms,1,69.269
poll 100 ms,1,64.145
poll 100 ms,1,58.682
poll 100 ms,1,53.969
poll 100 ms,1,49.209
poll 100 ms,1,43.951
poll 100 ms,1,38.762
poll 100 ms,1,34.306
poll 100 ms,1,29.217
poll 100 ms,1,24.19
poll 100 ms,1,18.876
poll 100 ms,1,13.837
poll 100 ms,1,8.927
poll 100 ms,1,3.86
poll 100 ms,1,104.213
poll 100 ms,1,99.3
poll 100 ms,1,94.17
poll 100 ms,1,89.501
poll 100 ms,1,84.317
poll 100 ms,1,79.596
poll 100 ms,1,74.333
poll 100 ms,1,69.149
poll 100 ms,1,64.529
poll 100 ms,1,59.611
poll 100 ms,1,54.492
poll 100 ms,1,49.47
poll 100 ms,1,44.35
poll 100 ms,1,39.282
poll 100 ms,1,34.302
poll 100 ms,1,29.526
poll 100 ms,1,24.377
poll 100 ms,1,19.656
poll 100 ms,1,14.4
poll 100 ms,1,9.254
poll 100 ms,1,4.531
poll 100 ms,1,122.171
poll 100 ms,1,112.499
poll 100 ms,1,102.554
poll 100 ms,1,117.727
poll 100 ms,1,107.743
poll 100 ms,1,97.0
poll 100 ms,1,92.284
poll 100 ms,1,87.585
poll 100 ms,1,82.547
poll 100 ms,1,77.647
poll 100 ms,1,72.223
poll 100 ms,1,67.522
poll 100 ms,1,62.481
poll 100 ms,1,57.293
poll 100 ms,1,52.653
poll 100 ms,1,47.456
poll 100 ms,1,42.299
poll 100 ms,1,37.252
poll 100 ms,1,32.672
poll 100 ms,1,27.762
poll 100 ms,1,22.483
poll 100 ms,1,17.303
poll 100 ms,1,12.361
poll 100 ms,1,7.053
poll 100 ms,1,2.606
poll 100 ms,1,102.561
poll 100 ms,1,97.498
poll 100 ms,1,92.519
poll 100 ms,1,87.392
poll 100 ms,1,82.253
poll 100 ms,1,77.451
poll 100 ms,1,72.826
poll 100 ms,1,67.778
poll 100 ms,1,62.598
poll 100 ms,1,57.566
poll 100 ms,1,52.165
poll 100 ms,1,47.295
poll 100 ms,1,42.798
poll 100 ms,1,37.218
poll 100 ms,1,32.68
poll 100 ms,1,27.326
poll 100 ms,1,22.657
poll 100 ms,1,17.582
poll 100 ms,1,12.38
poll 100 ms,1,7.342
poll 100 ms,1,2.457
poll 100 ms,1,102.843
poll 100 ms,1,97.93
poll 100 ms,1,92.967
poll 100 ms,1,88.134
poll 100 ms,1,82.999
poll 100 ms,1,77.806
poll 100 ms,1,73.143
poll 100 ms,1,68.018
poll 100 ms,1,62.393
poll 100 ms,1,57.736
poll 100 ms,1,52.895
poll 100 ms,1,47.862
poll 100 ms,1,42.835
poll 100 ms,1,37.824
poll 100 ms,1,33.262
poll 100 ms,1,28.188
poll 100 ms,1,22.895
poll 100 ms,1,17.801
poll 100 ms,1,13.055
poll 100 ms,1,7.862
poll 100 ms,1,2.929
poll 100 ms,1,102.87
poll 100 ms,1,98.158
poll 100 ms,1,93.276
poll 100 ms,1,87.781
poll 100 ms,1,83.214
poll 100 ms,1,78.136
poll 100 ms,1,73.294
poll 100 ms,1,68.037
poll 100 ms,1,62.746
poll 100 ms,1,58.184
poll 100 ms,1,52.952
poll 100 ms,1,47.864
poll 100 ms,1,42.864
poll 100 ms,1,37.612
poll 100 ms,1,32.762
poll 100 ms,1,28.036
poll 100 ms,1,22.846
poll 100 ms,1,17.8
poll 100 ms,1,13.139
poll 100 ms,1,7.973
poll 100 ms,1,3.066
poll 100 ms,1,103.757
poll 100 ms,1,98.287
poll 100 ms,1,93.385
poll 100 ms,1,88.394
poll 100 ms,1,83.339
poll 100 ms,1,78.548
poll 100 ms,1,73.453
poll 100 ms,1,68.255
poll 100 ms,1,63.225
poll 100 ms,1,57.968
poll 100 ms,1,53.664
poll 100 ms,1,48.248
poll 100 ms,1,43.644
poll 100 ms,1,38.616
poll 100 ms,1,33.574
poll 100 ms,1,28.467
poll 100 ms,1,23.396
poll 100 ms,1,13.657
poll 100 ms,1,18.27
poll 100 ms,1,8.472
poll 100 ms,1,2.517
poll 100 ms,1,103.488
poll 100 ms,1,98.412
poll 100 ms,1,93.326
poll 100 ms,1,88.987
poll 100 ms,1,83.877
poll 100 ms,1,78.759
poll 100 ms,1,73.506
poll 100 ms,1,68.928
poll 100 ms,1,63.879
poll 100 ms,1,58.99
poll 100 ms,1,53.862
poll 100 ms,1,48.922
poll 100 ms,1,43.85
poll 100 ms,1,38.844
poll 100 ms,1,33.809
poll 100 ms,1,28.749
poll 100 ms,1,23.406
poll 100 ms,1,18.903
poll 100 ms,1,13.697
poll 100 ms,1,8.593
poll 100 ms,1,4.125
poll 100 ms,1,104.249
poll 100 ms,1,98.877
poll 100 ms,1,94.462
poll 100 ms,1,89.358
poll 100 ms,1,84.067
poll 100 ms,1,78.902
poll 100 ms,1,74.056
poll 100 ms,1,68.956
poll 100 ms,1,63.93
poll 100 ms,1,58.95
poll 100 ms,1,54.241
poll 100 ms,1,49.372
poll 100 ms,1,44.226
poll 100 ms,1,39.31
poll 100 ms,1,34.266
poll 100 ms,1,29.131
poll 100 ms,1,23.957
poll 100 ms,1,18.972
poll 100 ms,1,14.289
poll 100 ms,1,9.217
poll 100 ms,1,4.275
poll 100 ms,1,103.936
poll 100 ms,1,99.329
poll 100 ms,1,94.369
poll 100 ms,1,89.35
poll 100 ms,1,84.08
poll 100 ms,1,79.094
poll 100 ms,1,73.913
poll 100 ms,1,69.332
poll 100 ms,1,63.932
poll 100 ms,1,59.281
poll 100 ms,1,54.069
poll 100 ms,1,49.49
poll 100 ms,1,44.454
poll 100 ms,1,39.258
poll 100 ms,1,34.199
poll 100 ms,1,29.079
poll 100 ms,1,24.112
poll 100 ms,1,19.318
poll 100 ms,1,14.083
poll 100 ms,1,9.011
poll 100 ms,1,4.427
poll 100 ms,1,104.179
poll 100 ms,1,99.548
poll 100 ms,1,94.5
poll 100 ms,1,89.313
poll 100 ms,1,84.153
poll 100 ms,1,79.32
poll 100 ms,1,74.136
poll 100 ms,1,69.36
poll 100 ms,1,64.461
poll 100 ms,1,59.47
poll 100 ms,1,54.486
poll 100 ms,1,49.635
poll 100 ms,1,44.536
poll 100 ms,1,39.508
poll 100 ms,1,34.643
poll 100 ms,1,29.448
poll 100 ms,1,24.323
poll 100 ms,1,19.751
poll 100 ms,1,14.649
poll 100 ms,1,9.564
poll 100 ms,1,4.456
poll 100 ms,1,104.725
poll 100 ms,1,99.408
poll 100 ms,1,94.746
poll 100 ms,1,89.408
poll 100 ms,1,84.465
poll 100 ms,1,79.778
poll 100 ms,1,74.474
poll 100 ms,1,69.526
poll 100 ms,1,64.469
poll 100 ms,1,59.629
poll 100 ms,1,54.6
poll 100 ms,1,49.639
poll 100 ms,1,44.464
poll 100 ms,1,34.847
poll 100 ms,1,39.327
poll 100 ms,1,29.693
poll 100 ms,1,23.68
poll 100 ms,1,19.772
poll 100 ms,1,14.715
poll 100 ms,1,9.333
poll 100 ms,1,4.562
poll 100 ms,1,104.464
poll 100 ms,1,99.378
poll 100 ms,1,94.635
poll 100 ms,1,89.42
poll 100 ms,1,84.242
poll 100 ms,1,79.163
poll 100 ms,1,74.446
poll 100 ms,1,69.491
poll 100 ms,1,64.537
poll 100 ms,1,59.486
poll 100 ms,1,54.346
poll 100 ms,1,49.23
poll 100 ms,1,44.366
poll 100 ms,1,39.46
poll 100 ms,1,34.237
poll 100 ms,1,29.72
poll 100 ms,1,24.612
poll 100 ms,1,19.729
poll 100 ms,1,14.84
poll 100 ms,1,9.674
poll 100 ms,1,4.586
poll 100 ms,1,104.586
poll 100 ms,1,99.459
poll 100 ms,1,94.415
poll 100 ms,1,89.824
poll 100 ms,1,84.602
poll 100 ms,1,79.395
poll 100 ms,1,74.602
poll 100 ms,1,69.72
poll 100 ms,1,64.179
poll 100 ms,1,59.86
poll 100 ms,1,54.457
poll 100 ms,1,49.744
poll 100 ms,1,44.8
poll 100 ms,1,39.49
poll 100 ms,1,34.8
poll 100 ms,1,29.63
poll 100 ms,1,24.686
poll 100 ms,1,19.654
poll 100 ms,1,14.595
poll 100 ms,1,9.564
poll 100 ms,1,4.53
poll 100 ms,1,104.079
poll 100 ms,1,99.282
poll 100 ms,1,94.179
poll 100 ms,1,89.396
poll 100 ms,1,84.143
poll 100 ms,1,78.725
poll 100 ms,1,73.885
poll 100 ms,1,69.369
poll 100 ms,1,64.297
poll 100 ms,1,59.128
poll 100 ms,1,54.123
poll 100 ms,1,49.284
poll 100 ms,1,44.11
poll 100 ms,1,39.253
poll 100 ms,1,34.249
poll 100 ms,1,28.996
poll 100 ms,1,24.101
poll 100 ms,1,19.033
poll 100 ms,1,14.461
poll 100 ms,1,8.981
poll 100 ms,1,4.067
poll 100 ms,1,103.915
poll 100 ms,1,99.088
poll 100 ms,1,93.951
poll 100 ms,1,89.252
poll 100 ms,1,84.056
poll 100 ms,1,78.787
poll 100 ms,1,74.317
poll 100 ms,1,69.401
poll 100 ms,1,64.179
poll 100 ms,1,59.191
poll 100 ms,1,54.352
poll 100 ms,1,49.431
poll 100 ms,1,44.292
poll 100 ms,1,39.203
poll 100 ms,1,34.306
poll 100 ms,1,29.073
poll 100 ms,1,23.92
poll 100 ms,1,19.003
poll 100 ms,1,14.212
poll 100 ms,1,9.312
poll 100 ms,1,4.28
poll 100 ms,1,104.0
poll 100 ms,1,99.352
poll 100 ms,1,94.136
poll 100 ms,1,89.25
poll 100 ms,1,84.209
poll 100 ms,1,79.001
poll 100 ms,1,74.405
poll 100 ms,1,69.398
poll 100 ms,1,64.09
poll 100 ms,1,59.348
poll 100 ms,1,54.121
poll 100 ms,1,49.148
poll 100 ms,1,43.874
poll 100 ms,1,38.731
poll 100 ms,1,34.262
poll 100 ms,1,29.161
poll 100 ms,1,24.08
poll 100 ms,1,18.898
poll 100 ms,1,14.11
poll 100 ms,1,9.294
poll 100 ms,1,4.225
poll 100 ms,1,104.259
poll 100 ms,1,99.131
poll 100 ms,1,94.464
poll 100 ms,1,89.39
poll 100 ms,1,84.262
poll 100 ms,1,79.544
poll 100 ms,1,74.361
poll 100 ms,1,69.238
poll 100 ms,1,64.621
poll 100 ms,1,59.274
poll 100 ms,1,54.474
poll 100 ms,1,49.422
poll 100 ms,1,44.338
poll 100 ms,1,39.3
poll 100 ms,1,34.348
poll 100 ms,1,29.565
poll 100 ms,1,24.376
poll 100 ms,1,19.324
poll 100 ms,1,14.375
poll 100 ms,1,9.219
poll 100 ms,1,4.68
poll 100 ms,1,104.742
poll 100 ms,1,99.698
poll 100 ms,1,94.975
poll 100 ms,1,89.895
poll 100 ms,1,84.769
poll 100 ms,1,79.518
poll 100 ms,1,74.646
poll 100 ms,1,69.456
poll 100 ms,1,64.452
poll 100 ms,1,59.794
poll 100 ms,1,54.656
poll 100 ms,1,49.77
poll 100 ms,1,44.515
poll 100 ms,1,39.455
poll 100 ms,1,34.881
poll 100 ms,1,29.352
poll 100 ms,1,24.864
poll 100 ms,1,19.671
poll 100 ms,1,14.645
poll 100 ms,1,9.711
poll 100 ms,1,4.476
poll 100 ms,1,104.3
poll 100 ms,1,99.289
poll 100 ms,1,94.602
poll 100 ms,1,89.516
poll 100 ms,1,84.256
poll 100 ms,1,79.487
poll 100 ms,1,74.554
poll 100 ms,1,69.237
poll 100 ms,1,64.315
poll 100 ms,1,59.764
poll 100 ms,1,54.618
poll 100 ms,1,49.54
poll 100 ms,1,44.377
poll 100 ms,1,39.261
poll 100 ms,1,34.698
poll 100 ms,1,29.421
poll 100 ms,1,24.322
poll 100 ms,1,19.258
poll 100 ms,1,14.428
poll 100 ms,1,9.631
poll 100 ms,1,4.535
poll 100 ms,1,104.531
poll 100 ms,1,99.319
poll 100 ms,1,94.556
poll 100 ms,1,89.46
poll 100 ms,1,84.343
poll 100 ms,1,79.527
poll 100 ms,1,74.648
poll 100 ms,1,69.545
poll 100 ms,1,64.339
poll 100 ms,1,59.364
poll 100 ms,1,54.347
poll 100 ms,1,49.411
poll 100 ms,1,44.46
poll 100 ms,1,39.81
poll 100 ms,1,34.685
poll 100 ms,1,29.507
poll 100 ms,1,24.784
poll 100 ms,1,19.545
poll 100 ms,1,14.423
poll 100 ms,1,9.767
poll 100 ms,1,4.45
poll 100 ms,1,104.501
poll 100 ms,1,99.292
poll 100 ms,1,94.189
poll 100 ms,1,89.434
poll 100 ms,1,84.694
poll 100 ms,1,79.62
poll 100 ms,1,74.422
poll 100 ms,1,69.734
poll 100 ms,1,64.272
poll 100 ms,1,59.421
poll 100 ms,1,54.81
poll 100 ms,1,49.541
poll 100 ms,1,44.487
poll 100 ms,1,39.711
poll 100 ms,1,34.484
poll 100 ms,1,29.624
poll 100 ms,1,24.286
poll 100 ms,1,19.546
poll 100 ms,1,14.899
poll 100 ms,1,9.794
poll 100 ms,1,4.666
poll 100 ms,1,103.994
poll 100 ms,1,99.485
poll 100 ms,1,94.63
poll 100 ms,1,89.644
poll 100 ms,1,84.581
poll 100 ms,1,79.303
poll 100 ms,1,74.292
poll 100 ms,1,69.67
poll 100 ms,1,64.228
poll 100 ms,1,59.509
poll 100 ms,1,54.059
poll 100 ms,1,49.549
poll 100 ms,1,44.33
poll 100 ms,1,39.444
poll 100 ms,1,34.129
poll 100 ms,1,28.874
poll 100 ms,1,24.402
poll 100 ms,1,19.595
poll 100 ms,1,14.358
poll 100 ms,1,9.237
poll 100 ms,1,4.088
poll 100 ms,1,105.15
poll 100 ms,1,99.817
poll 100 ms,1,95.151
poll 100 ms,1,89.853
poll 100 ms,1,85.184
poll 100 ms,1,79.778
poll 100 ms,1,74.93
poll 100 ms,1,69.711
poll 100 ms,1,65.121
poll 100 ms,1,59.902
poll 100 ms,1,54.736
poll 100 ms,1,50.04
poll 100 ms,1,44.844
poll 100 ms,1,39.812
poll 100 ms,1,35.021
poll 100 ms,1,29.792
poll 100 ms,1,20.991
poll 100 ms,1,19.849
poll 100 ms,1,14.873
poll 100 ms,1,9.733
poll 100 ms,1,4.825
poll 100 ms,1,105.159
poll 100 ms,1,100.202
poll 100 ms,1,95.314
poll 100 ms,1,90.247
poll 100 ms,1,84.833
poll 100 ms,1,80.395
poll 100 ms,1,75.293
poll 100 ms,1,70.245
poll 100 ms,1,65.206
poll 100 ms,1,59.986
poll 100 ms,1,55.072
poll 100 ms,1,50.12
poll 100 ms,1,45.399
poll 100 ms,1,40.222
poll 100 ms,1,35.063
poll 100 ms,1,30.219
poll 100 ms,1,25.43
poll 100 ms,1,20.436
poll 100 ms,1,15.274
poll 100 ms,1,10.013
poll 100 ms,1,5.273
poll 100 ms,1,104.724
poll 100 ms,1,100.127
poll 100 ms,1,94.907
poll 100 ms,1,89.751
poll 100 ms,1,85.122
poll 100 ms,1,79.976
poll 100 ms,1,74.925
poll 100 ms,1,69.866
poll 100 ms,1,64.922
poll 100 ms,1,60.044
poll 100 ms,1,50.083
poll 100 ms,1,54.839
poll 100 ms,1,44.151
poll 100 ms,1,39.557
poll 100 ms,1,34.914
poll 100 ms,1,29.685
poll 100 ms,1,25.226
poll 100 ms,1,19.904
poll 100 ms,1,14.573
poll 100 ms,1,9.983
poll 100 ms,1,5.214
poll 100 ms,1,105.093
poll 100 ms,1,99.792
poll 100 ms,1,95.023
poll 100 ms,1,89.795
poll 100 ms,1,85.071
poll 100 ms,1,80.049
poll 100 ms,1,74.961
poll 100 ms,1,69.739
poll 100 ms,1,64.848
poll 100 ms,1,60.26
poll 100 ms,1,55.058
poll 100 ms,1,49.884
poll 100 ms,1,45.274
poll 100 ms,1,40.036
poll 100 ms,1,34.919
poll 100 ms,1,30.017
poll 100 ms,1,24.784
poll 100 ms,1,19.785
poll 100 ms,1,15.166
poll 100 ms,1,9.981
poll 100 ms,1,5.099
poll 100 ms,1,105.005
poll 100 ms,1,99.809
poll 100 ms,1,94.937
poll 100 ms,1,89.931
poll 100 ms,1,85.14
poll 100 ms,1,80.456
poll 100 ms,1,75.242
poll 100 ms,1,69.955
poll 100 ms,1,65.43
poll 100 ms,1,60.34
poll 100 ms,1,55.28
poll 100 ms,1,50.208
poll 100 ms,1,45.121
poll 100 ms,1,40.282
poll 100 ms,1,34.979
poll 100 ms,1,29.896
poll 100 ms,1,24.914
poll 100 ms,1,20.056
poll 100 ms,1,15.14
poll 100 ms,1,10.084
poll 100 ms,1,5.149
poll 100 ms,1,105.05
poll 100 ms,1,100.148
poll 100 ms,1,95.049
poll 100 ms,1,90.244
poll 100 ms,1,84.656
poll 100 ms,1,80.23
poll 100 ms,1,75.143
poll 100 ms,1,70.447
poll 100 ms,1,65.006
poll 100 ms,1,60.412
poll 100 ms,1,55.409
poll 100 ms,1,50.191
poll 100 ms,1,45.372
poll 100 ms,1,39.986
poll 100 ms,1,35.11
poll 100 ms,1,30.249
poll 100 ms,1,25.12
poll 100 ms,1,20.364
poll 100 ms,1,15.478
poll 100 ms,1,9.861
poll 100 ms,1,5.447
poll 100 ms,1,105.059
poll 100 ms,1,100.597
poll 100 ms,1,95.354
poll 100 ms,1,90.135
poll 100 ms,1,85.37
poll 100 ms,1,80.535
poll 100 ms,1,75.474
poll 100 ms,1,70.382
poll 100 ms,1,65.302
poll 100 ms,1,60.132
poll 100 ms,1,54.784
poll 100 ms,1,50.29
poll 100 ms,1,45.339
poll 100 ms,1,40.245
poll 100 ms,1,35.644
poll 100 ms,1,30.135
poll 100 ms,1,25.492
poll 100 ms,1,20.618
poll 100 ms,1,15.671
poll 100 ms,1,10.6
poll 100 ms,1,5.532
poll 100 ms,1,105.722
poll 100 ms,1,100.605
poll 100 ms,1,95.322
poll 100 ms,1,90.683
poll 100 ms,1,85.744
poll 100 ms,1,80.371
poll 100 ms,1,75.472
poll 100 ms,1,70.063
poll 100 ms,1,65.448
poll 100 ms,1,60.509
poll 100 ms,1,55.763
poll 100 ms,1,50.749
poll 100 ms,1,45.832
poll 100 ms,1,40.347
poll 100 ms,1,35.388
poll 100 ms,1,30.733
poll 100 ms,1,25.637
poll 100 ms,1,20.574
poll 100 ms,1,15.494
poll 100 ms,1,10.504
poll 100 ms,1,5.502
poll 100 ms,1,105.64
poll 100 ms,1,100.908
poll 100 ms,1,95.382
poll 100 ms,1,90.487
poll 100 ms,1,85.908
poll 100 ms,1,80.838
poll 100 ms,1,75.774
poll 100 ms,1,70.781
poll 100 ms,1,65.804
poll 100 ms,1,60.864
poll 100 ms,1,55.655
poll 100 ms,1,50.516
poll 100 ms,1,46.021
poll 100 ms,1,40.889
poll 100 ms,1,35.626
poll 100 ms,1,30.693
poll 100 ms,1,25.664
poll 100 ms,1,21.104
poll 100 ms,1,15.632
poll 100 ms,1,10.705
poll 100 ms,1,5.552
poll 100 ms,1,106.209
poll 100 ms,1,101.026
poll 100 ms,1,95.822
poll 100 ms,1,91.178
poll 100 ms,1,85.788
poll 100 ms,1,80.767
poll 100 ms,1,75.913
poll 100 ms,1,70.777
poll 100 ms,1,65.786
poll 100 ms,1,61.198
poll 100 ms,1,56.104
poll 100 ms,1,50.944
poll 100 ms,1,45.919
poll 100 ms,1,41.215
poll 100 ms,1,36.155
poll 100 ms,1,31.012
poll 100 ms,1,26.15
poll 100 ms,1,21.039
poll 100 ms,1,16.255
poll 100 ms,1,11.162
poll 100 ms,1,5.968
poll 100 ms,1,106.005
poll 100 ms,1,101.027
poll 100 ms,1,95.86
poll 100 ms,1,91.175
poll 100 ms,1,86.209
poll 100 ms,1,81.294
poll 100 ms,1,75.972
poll 100 ms,1,71.101
poll 100 ms,1,65.911
poll 100 ms,1,60.949
poll 100 ms,1,56.231
poll 100 ms,1,50.933
poll 100 ms,1,45.762
poll 100 ms,1,40.933
poll 100 ms,1,35.943
poll 100 ms,1,30.823
poll 100 ms,1,26.211
poll 100 ms,1,20.974
poll 100 ms,1,16.024
poll 100 ms,1,11.172
poll 100 ms,1,6.067
poll 100 ms,1,105.878
poll 100 ms,1,100.898
poll 100 ms,1,95.857
poll 100 ms,1,90.447
poll 100 ms,1,85.843
poll 100 ms,1,80.784
poll 100 ms,1,76.061
poll 100 ms,1,70.904
poll 100 ms,1,65.955
poll 100 ms,1,60.679
poll 100 ms,1,55.983
poll 100 ms,1,50.757
poll 100 ms,1,45.817
poll 100 ms,1,40.896
poll 100 ms,1,35.604
poll 100 ms,1,30.632
poll 100 ms,1,25.612
poll 100 ms,1,20.855
poll 100 ms,1,15.971
poll 100 ms,1,10.875
poll 100 ms,1,6.059
poll 100 ms,1,105.87
poll 100 ms,1,100.715
poll 100 ms,1,95.59
poll 100 ms,1,90.574
poll 100 ms,1,85.578
poll 100 ms,1,80.647
poll 100 ms,1,75.696
poll 100 ms,1,70.616
poll 100 ms,1,66.056
poll 100 ms,1,61.027
poll 100 ms,1,55.853
poll 100 ms,1,50.963
poll 100 ms,1,45.714
poll 100 ms,1,40.785
poll 100 ms,1,35.975
poll 100 ms,1,30.853
poll 100 ms,1,25.335
poll 100 ms,1,20.702
poll 100 ms,1,15.575
poll 100 ms,1,10.56
poll 100 ms,1,5.756
poll 100 ms,1,105.161
poll 100 ms,1,100.383
poll 100 ms,1,95.365
poll 100 ms,1,90.217
poll 100 ms,1,85.525
poll 100 ms,1,80.164
poll 100 ms,1,75.639
poll 100 ms,1,70.614
poll 100 ms,1,65.726
poll 100 ms,1,60.593
poll 100 ms,1,55.438
poll 100 ms,1,50.52
poll 100 ms,1,45.445
poll 100 ms,1,40.216
poll 100 ms,1,35.431
poll 100 ms,1,30.474
poll 100 ms,1,25.48
poll 100 ms,1,20.377
poll 100 ms,1,15.696
poll 100 ms,1,10.617
poll 100 ms,1,5.621
poll 100 ms,1,105.663
poll 100 ms,1,100.517
poll 100 ms,1,95.998
poll 100 ms,1,90.842
poll 100 ms,1,85.742
poll 100 ms,1,80.716
poll 100 ms,1,75.764
poll 100 ms,1,70.815
poll 100 ms,1,65.801
poll 100 ms,1,60.453
poll 100 ms,1,55.828
poll 100 ms,1,50.392
poll 100 ms,1,45.332
poll 100 ms,1,40.813
poll 100 ms,1,35.816
poll 100 ms,1,30.633
poll 100 ms,1,25.331
poll 100 ms,1,20.952
poll 100 ms,1,15.627
poll 100 ms,1,10.962
poll 100 ms,1,5.608
poll 100 ms,1,105.379
poll 100 ms,1,100.354
poll 100 ms,1,95.212
poll 100 ms,1,90.681
poll 100 ms,1,85.481
poll 100 ms,1,80.296
poll 100 ms,1,75.745
poll 100 ms,1,70.403
poll 100 ms,1,65.716
poll 100 ms,1,60.548
poll 100 ms,1,55.434
poll 100 ms,1,50.414
poll 100 ms,1,45.825
poll 100 ms,1,40.452
poll 100 ms,1,35.553
poll 100 ms,1,30.27
poll 100 ms,1,25.371
poll 100 ms,1,20.472
poll 100 ms,1,15.29
poll 100 ms,1,10.329
poll 100 ms,1,5.568
poll 100 ms,1,105.76
poll 100 ms,1,100.645
poll 100 ms,1,95.555
poll 100 ms,1,90.499
poll 100 ms,1,85.917
poll 100 ms,1,80.946
poll 100 ms,1,75.613
poll 100 ms,1,70.542
poll 100 ms,1,65.684
poll 100 ms,1,60.442
poll 100 ms,1,55.449
poll 100 ms,1,50.566
poll 100 ms,1,45.547
poll 100 ms,1,40.897
poll 100 ms,1,35.894
poll 100 ms,1,30.765
poll 100 ms,1,25.578
poll 100 ms,1,20.322
poll 100 ms,1,15.647
poll 100 ms,1,10.459
poll 100 ms,1,5.468
poll 100 ms,1,105.737
poll 100 ms,1,100.904
poll 100 ms,1,95.814
poll 100 ms,1,90.78
poll 100 ms,1,85.745
poll 100 ms,1,80.664
poll 100 ms,1,75.485
poll 100 ms,1,70.539
poll 100 ms,1,65.516
poll 100 ms,1,60.463
poll 100 ms,1,55.635
poll 100 ms,1,50.141
poll 100 ms,1,45.638
poll 100 ms,1,40.678
poll 100 ms,1,35.625
poll 100 ms,1,30.909
poll 100 ms,1,25.659
poll 100 ms,1,20.396
poll 100 ms,1,15.613
poll 100 ms,1,10.674
poll 100 ms,1,5.784
poll 100 ms,1,105.499
poll 100 ms,1,100.472
poll 100 ms,1,95.371
poll 100 ms,1,90.829
poll 100 ms,1,85.78
poll 100 ms,1,80.735
poll 100 ms,1,75.64
poll 100 ms,1,70.311
poll 100 ms,1,65.715
poll 100 ms,1,60.5
poll 100 ms,1,55.227
poll 100 ms,1,50.841
poll 100 ms,1,45.81
poll 100 ms,1,40.585
poll 100 ms,1,35.432
poll 100 ms,1,30.914
poll 100 ms,1,25.371
poll 100 ms,1,20.308
poll 100 ms,1,15.574
poll 100 ms,1,10.495
poll 100 ms,1,5.861
poll 100 ms,1,105.269
poll 100 ms,1,100.272
poll 100 ms,1,95.392
poll 100 ms,1,90.271
poll 100 ms,1,85.573
poll 100 ms,1,80.572
poll 100 ms,1,75.473
poll 100 ms,1,70.438
poll 100 ms,1,65.041
poll 100 ms,1,60.619
poll 100 ms,1,55.251
poll 100 ms,1,50.096
poll 100 ms,1,45.135
poll 100 ms,1,40.65
poll 100 ms,1,35.519
poll 100 ms,1,30.296
poll 100 ms,1,25.43
poll 100 ms,1,20.473
poll 100 ms,1,15.35
poll 100 ms,1,10.332
poll 100 ms,1,5.285
poll 100 ms,1,105.623
poll 100 ms,1,100.441
poll 100 ms,1,95.429
poll 100 ms,1,90.321
poll 100 ms,1,85.627
poll 100 ms,1,80.482
poll 100 ms,1,75.479
poll 100 ms,1,70.262
poll 100 ms,1,65.652
poll 100 ms,1,60.376
poll 100 ms,1,55.208
poll 100 ms,1,50.813
poll 100 ms,1,45.649
poll 100 ms,1,40.544
poll 100 ms,1,35.548
poll 100 ms,1,30.246
poll 100 ms,1,25.57
poll 100 ms,1,20.412
poll 100 ms,1,15.596
poll 100 ms,1,10.179
poll 100 ms,1,5.766
poll 100 ms,1,105.844
poll 100 ms,1,100.633
poll 100 ms,1,95.946
poll 100 ms,1,90.885
poll 100 ms,1,86.072
poll 100 ms,1,80.983
poll 100 ms,1,75.947
poll 100 ms,1,70.831
poll 100 ms,1,65.667
poll 100 ms,1,60.603
poll 100 ms,1,55.753
poll 100 ms,1,50.921
poll 100 ms,1,45.567
poll 100 ms,1,40.735
poll 100 ms,1,35.729
poll 100 ms,1,30.505
poll 100 ms,1,25.645
poll 100 ms,1,20.288
poll 100 ms,1,15.88
poll 100 ms,1,10.66
poll 100 ms,1,5.593
poll 100 ms,1,105.168
poll 100 ms,1,100.499
poll 100 ms,1,95.45
poll 100 ms,1,90.35
poll 100 ms,1,85.462
poll 100 ms,1,80.135
poll 100 ms,1,75.537
poll 100 ms,1,70.195
poll 100 ms,1,65.505
poll 100 ms,1,60.334
poll 100 ms,1,55.308
poll 100 ms,1,50.337
poll 100 ms,1,45.144
poll 100 ms,1,40.586
poll 100 ms,1,35.531
poll 100 ms,1,30.514
poll 100 ms,1,25.339
poll 100 ms,1,20.529
poll 100 ms,1,15.555
poll 100 ms,1,10.441
poll 100 ms,1,5.808
poll 100 ms,1,105.629
poll 100 ms,1,100.695
poll 100 ms,1,95.614
poll 100 ms,1,90.761
poll 100 ms,1,85.858
poll 100 ms,1,80.825
poll 100 ms,1,75.738
poll 100 ms,1,70.61
poll 100 ms,1,65.255
poll 100 ms,1,60.889
poll 100 ms,1,55.636
poll 100 ms,1,50.764
poll 100 ms,1,45.59
poll 100 ms,1,40.469
poll 100 ms,1,35.973
poll 100 ms,1,30.741
poll 100 ms,1,25.339
poll 100 ms,1,20.58
poll 100 ms,1,15.882
poll 100 ms,1,10.825
poll 100 ms,1,5.549
poll 100 ms,1,105.438
poll 100 ms,1,100.886
poll 100 ms,1,95.479
poll 100 ms,1,90.861
poll 100 ms,1,85.666
poll 100 ms,1,80.399
poll 100 ms,1,75.608
poll 100 ms,1,70.548
poll 100 ms,1,65.757
poll 100 ms,1,60.341
poll 100 ms,1,55.574
poll 100 ms,1,50.627
poll 100 ms,1,45.54
poll 100 ms,1,40.533
poll 100 ms,1,35.531
poll 100 ms,1,30.227
poll 100 ms,1,25.853
poll 100 ms,1,20.17
poll 100 ms,1,15.732
poll 100 ms,1,10.463
poll 100 ms,1,5.088
poll 100 ms,1,105.355
poll 100 ms,1,100.239
poll 100 ms,1,95.663
poll 100 ms,1,90.417
poll 100 ms,1,85.636
poll 100 ms,1,80.652
poll 100 ms,1,75.576
poll 100 ms,1,70.417
poll 100 ms,1,65.419
poll 100 ms,1,60.659
poll 100 ms,1,55.421
poll 100 ms,1,50.415
poll 100 ms,1,45.581
poll 100 ms,1,40.415
poll 100 ms,1,34.996
poll 100 ms,1,30.541
poll 100 ms,1,25.536
poll 100 ms,1,20.479
poll 100 ms,1,15.345
poll 100 ms,1,10.119
poll 100 ms,1,5.451
poll 100 ms,1,105.428
poll 100 ms,1,100.34
poll 100 ms,1,95.264
poll 100 ms,1,90.013
poll 100 ms,1,80.216
poll 100 ms,1,75.167
poll 100 ms,1,85.35
poll 100 ms,1,69.191
poll 100 ms,1,65.547
poll 100 ms,1,60.475
poll 100 ms,1,55.268
poll 100 ms,1,50.494
poll 100 ms,1,45.176
poll 100 ms,1,39.951
poll 100 ms,1,35.331
poll 100 ms,1,30.311
poll 100 ms,1,25.186
poll 100 ms,1,20.32
poll 100 ms,1,15.246
poll 100 ms,1,9.904
poll 100 ms,1,5.089
poll 100 ms,1,105.695
poll 100 ms,1,100.37
poll 100 ms,1,95.61
poll 100 ms,1,90.54
poll 100 ms,1,85.307
poll 100 ms,1,80.49
poll 100 ms,1,75.302
poll 100 ms,1,70.249
poll 100 ms,1,65.552
poll 100 ms,1,60.522
poll 100 ms,1,55.456
poll 100 ms,1,50.11
poll 100 ms,1,45.209
poll 100 ms,1,40.662
poll 100 ms,1,35.637
poll 100 ms,1,30.453
poll 100 ms,1,25.379
poll 100 ms,1,19.993
poll 100 ms,1,15.431
poll 100 ms,1,10.141
poll 100 ms,1,5.614
poll 100 ms,1,104.879
poll 100 ms,1,100.394
poll 100 ms,1,95.054
poll 100 ms,1,90.399
poll 100 ms,1,85.29
poll 100 ms,1,80.521
poll 100 ms,1,75.209
poll 100 ms,1,70.251
poll 100 ms,1,65.513
poll 100 ms,1,60.32
poll 100 ms,1,55.081
poll 100 ms,1,50.286
poll 100 ms,1,45.311
poll 100 ms,1,40.371
poll 100 ms,1,35.297
poll 100 ms,1,30.46
poll 100 ms,1,25.33
poll 100 ms,1,20.584
poll 100 ms,1,15.442
poll 100 ms,1,10.295
poll 100 ms,1,5.114
poll 100 ms,1,105.238
poll 100 ms,1,100.216
poll 100 ms,1,95.378
poll 100 ms,1,90.018
poll 100 ms,1,84.907
poll 100 ms,1,79.982
poll 100 ms,1,74.785
poll 100 ms,1,70.222
poll 100 ms,1,65.084
poll 100 ms,1,59.85
poll 100 ms,1,55.15
poll 100 ms,1,50.263
poll 100 ms,1,45.158
poll 100 ms,1,40.152
poll 100 ms,1,35.325
poll 100 ms,1,30.407
poll 100 ms,1,25.139
poll 100 ms,1,20.337
poll 100 ms,1,15.364
poll 100 ms,1,10.346
poll 100 ms,1,5.118
poll 100 ms,1,105.049
poll 100 ms,1,100.308
poll 100 ms,1,95.23
poll 100 ms,1,90.509
poll 100 ms,1,85.025
poll 100 ms,1,80.087
poll 100 ms,1,74.929
poll 100 ms,1,70.178
poll 100 ms,1,65.196
poll 100 ms,1,60.449
poll 100 ms,1,55.296
poll 100 ms,1,50.485
poll 100 ms,1,45.374
poll 100 ms,1,40.538
poll 100 ms,1,35.05
poll 100 ms,1,30.638
poll 100 ms,1,25.497
poll 100 ms,1,20.483
poll 100 ms,1,15.512
poll 100 ms,1,10.16
poll 100 ms,1,5.25
poll 100 ms,1,124.033
poll 100 ms,1,113.647
poll 100 ms,1,103.796
poll 100 ms,1,108.964
poll 100 ms,1,119.05
poll 100 ms,1,99.203
poll 100 ms,1,93.724
poll 100 ms,1,89.074
poll 100 ms,1,83.955
poll 100 ms,1,79.021
poll 100 ms,1,73.87
poll 100 ms,1,68.678
poll 100 ms,1,64.006
poll 100 ms,1,59.131
poll 100 ms,1,54.142
poll 100 ms,1,49.047
poll 100 ms,1,43.699
poll 100 ms,1,39.217
poll 100 ms,1,33.873
poll 100 ms,1,28.586
poll 100 ms,1,24.158
poll 100 ms,1,19.091
poll 100 ms,1,13.957
poll 100 ms,1,8.713
poll 100 ms,1,3.277
poll 100 ms,1,103.795
poll 100 ms,1,98.387
poll 100 ms,1,93.74
poll 100 ms,1,88.671
poll 100 ms,1,83.757
poll 100 ms,1,78.497
poll 100 ms,1,73.354
poll 100 ms,1,68.203
poll 100 ms,1,63.67
poll 100 ms,1,58.583
poll 100 ms,1,53.885
poll 100 ms,1,48.638
poll 100 ms,1,43.904
poll 100 ms,1,38.726
poll 100 ms,1,33.8
poll 100 ms,1,28.733
poll 100 ms,1,23.605
poll 100 ms,1,18.799
poll 100 ms,1,13.585
poll 100 ms,1,8.788
poll 100 ms,1,3.67
poll 100 ms,1,103.788
poll 100 ms,1,98.911
poll 100 ms,1,93.745
poll 100 ms,1,89.053
poll 100 ms,1,83.961
poll 100 ms,1,78.858
poll 100 ms,1,73.969
poll 100 ms,1,69.092
poll 100 ms,1,63.753
poll 100 ms,1,58.949
poll 100 ms,1,53.767
poll 100 ms,1,48.665
poll 100 ms,1,43.518
poll 100 ms,1,39.1
poll 100 ms,1,33.988
poll 100 ms,1,28.672
poll 100 ms,1,24.065
poll 100 ms,1,18.841
poll 100 ms,1,13.537
poll 100 ms,1,8.719
poll 100 ms,1,3.615
poll 100 ms,1,104.211
poll 100 ms,1,98.998
poll 100 ms,1,93.727
poll 100 ms,1,89.055
poll 100 ms,1,83.921
poll 100 ms,1,79.053
poll 100 ms,1,73.92
poll 100 ms,1,68.636
poll 100 ms,1,64.114
poll 100 ms,1,58.939
poll 100 ms,1,53.708
poll 100 ms,1,49.173
poll 100 ms,1,44.08
poll 100 ms,1,38.962
poll 100 ms,1,33.922
poll 100 ms,1,28.942
poll 100 ms,1,24.248
poll 100 ms,1,19.1
poll 100 ms,1,14.073
poll 100 ms,1,9.135
poll 100 ms,1,4.08
poll 100 ms,1,103.964
poll 100 ms,1,99.126
poll 100 ms,1,93.953
poll 100 ms,1,89.006
poll 100 ms,1,84.249
poll 100 ms,1,79.12
poll 100 ms,1,74.101
poll 100 ms,1,69.246
poll 100 ms,1,64.071
poll 100 ms,1,59.333
poll 100 ms,1,54.059
poll 100 ms,1,49.008
poll 100 ms,1,44.212
poll 100 ms,1,37.428
poll 100 ms,1,29.278
poll 100 ms,1,34.346
poll 100 ms,1,22.996
poll 100 ms,1,19.319
poll 100 ms,1,14.027
poll 100 ms,1,9.319
poll 100 ms,1,4.146
poll 100 ms,1,104.499
poll 100 ms,1,99.307
poll 100 ms,1,94.206
poll 100 ms,1,89.063
poll 100 ms,1,84.05
poll 100 ms,1,79.539
poll 100 ms,1,74.219
poll 100 ms,1,69.2
poll 100 ms,1,64.351
poll 100 ms,1,59.311
poll 100 ms,1,54.367
poll 100 ms,1,49.188
poll 100 ms,1,44.15
poll 100 ms,1,38.948
poll 100 ms,1,34.002
poll 100 ms,1,28.926
poll 100 ms,1,24.174
poll 100 ms,1,18.882
poll 100 ms,1,14.244
poll 100 ms,1,8.944
poll 100 ms,1,3.872
poll 100 ms,1,105.489
poll 100 ms,1,100.052
poll 100 ms,1,95.468
poll 100 ms,1,90.048
poll 100 ms,1,85.197
poll 100 ms,1,80.113
poll 100 ms,1,75.028
poll 100 ms,1,70.271
poll 100 ms,1,65.054
poll 100 ms,1,60.221
poll 100 ms,1,55.182
poll 100 ms,1,50.149
poll 100 ms,1,45.266
poll 100 ms,1,40.204
poll 100 ms,1,34.846
poll 100 ms,1,30.194
poll 100 ms,1,25.159
poll 100 ms,1,20.291
poll 100 ms,1,15.035
poll 100 ms,1,10.253
poll 100 ms,1,5.133
poll 100 ms,1,104.858
poll 100 ms,1,99.9
poll 100 ms,1,94.847
poll 100 ms,1,90.414
poll 100 ms,1,85.081
poll 100 ms,1,80.194
poll 100 ms,1,75.316
poll 100 ms,1,70.18
poll 100 ms,1,65.123
poll 100 ms,1,59.971
poll 100 ms,1,55.305
poll 100 ms,1,49.966
poll 100 ms,1,44.84
poll 100 ms,1,40.267
poll 100 ms,1,35.093
poll 100 ms,1,30.006
poll 100 ms,1,25.228
poll 100 ms,1,20.069
poll 100 ms,1,14.982
poll 100 ms,1,10.063
poll 100 ms,1,5.429
poll 100 ms,1,105.002
poll 100 ms,1,100.153
poll 100 ms,1,94.967
poll 100 ms,1,90.1
poll 100 ms,1,85.23
poll 100 ms,1,80.007
poll 100 ms,1,75.235
poll 100 ms,1,70.404
poll 100 ms,1,65.321
poll 100 ms,1,60.472
poll 100 ms,1,55.313
poll 100 ms,1,50.079
poll 100 ms,1,45.022
poll 100 ms,1,40.446
poll 100 ms,1,35.133
poll 100 ms,1,30.271
poll 100 ms,1,25.253
poll 100 ms,1,20.205
poll 100 ms,1,14.998
poll 100 ms,1,10.022
poll 100 ms,1,4.497
poll 100 ms,1,105.113
poll 100 ms,1,100.552
poll 100 ms,1,95.196
poll 100 ms,1,90.559
poll 100 ms,1,85.346
poll 100 ms,1,80.119
poll 100 ms,1,75.783
poll 100 ms,1,70.247
poll 100 ms,1,65.577
poll 100 ms,1,60.437
poll 100 ms,1,55.393
poll 100 ms,1,50.15
poll 100 ms,1,40.581
poll 100 ms,1,45.358
poll 100 ms,1,34.649
poll 100 ms,1,30.613
poll 100 ms,1,25.437
poll 100 ms,1,20.387
poll 100 ms,1,15.585
poll 100 ms,1,10.443
poll 100 ms,1,5.071
poll 100 ms,1,105.82
poll 100 ms,1,100.763
poll 100 ms,1,95.614
poll 100 ms,1,90.474
poll 100 ms,1,85.508
poll 100 ms,1,80.725
poll 100 ms,1,75.429
poll 100 ms,1,70.688
poll 100 ms,1,65.498
poll 100 ms,1,60.587
poll 100 ms,1,55.957
poll 100 ms,1,50.911
poll 100 ms,1,45.898
poll 100 ms,1,40.833
poll 100 ms,1,35.428
poll 100 ms,1,30.6
poll 100 ms,1,26.039
poll 100 ms,1,20.989
poll 100 ms,1,15.617
poll 100 ms,1,10.628
poll 100 ms,1,5.844
poll 100 ms,1,105.724
poll 100 ms,1,100.769
poll 100 ms,1,95.605
poll 100 ms,1,90.418
poll 100 ms,1,85.607
poll 100 ms,1,80.399
poll 100 ms,1,75.917
poll 100 ms,1,70.633
poll 100 ms,1,65.46
poll 100 ms,1,60.916
poll 100 ms,1,55.78
poll 100 ms,1,50.753
poll 100 ms,1,45.633
poll 100 ms,1,40.756
poll 100 ms,1,35.789
poll 100 ms,1,30.563
poll 100 ms,1,25.554
poll 100 ms,1,20.622
poll 100 ms,1,15.142
poll 100 ms,1,10.707
poll 100 ms,1,5.622
poll 100 ms,1,106.107
poll 100 ms,1,100.945
poll 100 ms,1,95.869
poll 100 ms,1,91.045
poll 100 ms,1,85.902
poll 100 ms,1,80.747
poll 100 ms,1,75.906
poll 100 ms,1,71.009
poll 100 ms,1,66.003
poll 100 ms,1,60.879
poll 100 ms,1,56.054
poll 100 ms,1,50.982
poll 100 ms,1,45.558
poll 100 ms,1,40.904
poll 100 ms,1,35.964
poll 100 ms,1,30.898
poll 100 ms,1,26.151
poll 100 ms,1,20.972
poll 100 ms,1,16.064
poll 100 ms,1,11.009
poll 100 ms,1,6.102
poll 100 ms,1,106.156
poll 100 ms,1,101.055
poll 100 ms,1,96.23
poll 100 ms,1,90.932
poll 100 ms,1,86.515
poll 100 ms,1,81.056
poll 100 ms,1,76.056
poll 100 ms,1,71.095
poll 100 ms,1,66.099
poll 100 ms,1,61.039
poll 100 ms,1,56.176
poll 100 ms,1,51.281
poll 100 ms,1,46.306
poll 100 ms,1,41.298
poll 100 ms,1,36.316
poll 100 ms,1,31.077
poll 100 ms,1,26.0
poll 100 ms,1,21.204
poll 100 ms,1,16.04
poll 100 ms,1,10.901
poll 100 ms,1,6.314
poll 100 ms,1,105.566
poll 100 ms,1,100.789
poll 100 ms,1,95.854
poll 100 ms,1,90.783
poll 100 ms,1,86.269
poll 100 ms,1,81.141
poll 100 ms,1,75.921
poll 100 ms,1,70.77
poll 100 ms,1,65.795
poll 100 ms,1,60.731
poll 100 ms,1,56.036
poll 100 ms,1,51.146
poll 100 ms,1,45.459
poll 100 ms,1,40.88
poll 100 ms,1,35.952
poll 100 ms,1,31.126
poll 100 ms,1,25.866
poll 100 ms,1,21.289
poll 100 ms,1,16.052
poll 100 ms,1,10.971
poll 100 ms,1,6.062
poll 100 ms,1,106.016
poll 100 ms,1,101.276
poll 100 ms,1,96.313
poll 100 ms,1,90.7
poll 100 ms,1,86.099
poll 100 ms,1,80.532
poll 100 ms,1,75.995
poll 100 ms,1,71.038
poll 100 ms,1,65.792
poll 100 ms,1,61.104
poll 100 ms,1,56.003
poll 100 ms,1,50.976
poll 100 ms,1,46.068
poll 100 ms,1,40.813
poll 100 ms,1,36.253
poll 100 ms,1,31.059
poll 100 ms,1,25.524
poll 100 ms,1,21.015
poll 100 ms,1,15.919
poll 100 ms,1,11.078
poll 100 ms,1,6.216
poll 100 ms,1,105.857
poll 100 ms,1,101.174
poll 100 ms,1,95.969
poll 100 ms,1,90.875
poll 100 ms,1,85.675
poll 100 ms,1,81.247
poll 100 ms,1,75.733
poll 100 ms,1,70.793
poll 100 ms,1,65.526
poll 100 ms,1,61.093
poll 100 ms,1,56.146
poll 100 ms,1,51.082
poll 100 ms,1,45.813
poll 100 ms,1,41.286
poll 100 ms,1,35.759
poll 100 ms,1,31.196
poll 100 ms,1,25.989
poll 100 ms,1,21.221
poll 100 ms,1,16.037
poll 100 ms,1,10.654
poll 100 ms,1,6.122
poll 100 ms,1,106.718
poll 100 ms,1,101.631
poll 100 ms,1,96.874
poll 100 ms,1,91.589
poll 100 ms,1,86.597
poll 100 ms,1,81.937
poll 100 ms,1,76.966
poll 100 ms,1,71.889
poll 100 ms,1,66.79
poll 100 ms,1,61.855
poll 100 ms,1,56.809
poll 100 ms,1,51.88
poll 100 ms,1,46.998
poll 100 ms,1,41.887
poll 100 ms,1,36.952
poll 100 ms,1,31.524
poll 100 ms,1,27.084
poll 100 ms,1,21.931
poll 100 ms,1,16.691
poll 100 ms,1,12.036
poll 100 ms,1,6.832
poll 100 ms,1,1.937
poll 100 ms,1,102.079
poll 100 ms,1,97.115
poll 100 ms,1,91.824
poll 100 ms,1,87.19
poll 100 ms,1,82.027
poll 100 ms,1,76.919
poll 100 ms,1,71.735
poll 100 ms,1,67.121
poll 100 ms,1,61.993
poll 100 ms,1,56.81
poll 100 ms,1,52.266
poll 100 ms,1,47.178
poll 100 ms,1,42.176
poll 100 ms,1,37.055
poll 100 ms,1,32.006
poll 100 ms,1,26.708
poll 100 ms,1,21.81
poll 100 ms,1,17.156
poll 100 ms,1,12.066
poll 100 ms,1,7.142
poll 100 ms,1,107.31
poll 100 ms,1,102.392
poll 100 ms,1,97.701
poll 100 ms,1,92.618
poll 100 ms,1,87.219
poll 100 ms,1,82.596
poll 100 ms,1,77.53
poll 100 ms,1,72.216
poll 100 ms,1,67.499
poll 100 ms,1,62.432
poll 100 ms,1,57.325
poll 100 ms,1,52.439
poll 100 ms,1,47.475
poll 100 ms,1,42.457
poll 100 ms,1,37.658
poll 100 ms,1,32.303
poll 100 ms,1,27.707
poll 100 ms,1,22.453
poll 100 ms,1,17.473
poll 100 ms,1,12.607
poll 100 ms,1,7.488
poll 100 ms,1,106.977
poll 100 ms,1,102.682
poll 100 ms,1,97.494
poll 100 ms,1,92.383
poll 100 ms,1,87.625
poll 100 ms,1,82.654
poll 100 ms,1,77.599
poll 100 ms,1,72.375
poll 100 ms,1,67.547
poll 100 ms,1,62.355
poll 100 ms,1,57.238
poll 100 ms,1,52.573
poll 100 ms,1,47.147
poll 100 ms,1,42.291
poll 100 ms,1,37.212
poll 100 ms,1,32.565
poll 100 ms,1,27.24
poll 100 ms,1,22.118
poll 100 ms,1,17.399
poll 100 ms,1,12.133
poll 100 ms,1,7.222
poll 100 ms,1,2.395
poll 100 ms,1,103.809
poll 100 ms,1,98.347
poll 100 ms,1,93.364
poll 100 ms,1,88.333
poll 100 ms,1,83.792
poll 100 ms,1,78.267
poll 100 ms,1,73.812
poll 100 ms,1,68.46
poll 100 ms,1,63.513
poll 100 ms,1,58.75
poll 100 ms,1,53.649
poll 100 ms,1,48.376
poll 100 ms,1,43.818
poll 100 ms,1,38.64
poll 100 ms,1,33.783
poll 100 ms,1,28.65
poll 100 ms,1,23.672
poll 100 ms,1,18.37
poll 100 ms,1,13.493
poll 100 ms,1,8.555
poll 100 ms,1,3.621
poll 100 ms,1,103.755
poll 100 ms,1,98.494
poll 100 ms,1,93.852
poll 100 ms,1,88.541
poll 100 ms,1,83.671
poll 100 ms,1,78.734
poll 100 ms,1,73.323
poll 100 ms,1,68.514
poll 100 ms,1,63.728
poll 100 ms,1,58.894
poll 100 ms,1,53.673
poll 100 ms,1,48.399
poll 100 ms,1,43.527
poll 100 ms,1,38.511
poll 100 ms,1,33.855
poll 100 ms,1,28.761
poll 100 ms,1,23.637
poll 100 ms,1,18.364
poll 100 ms,1,13.904
poll 100 ms,1,8.843
poll 100 ms,1,3.616
poll 100 ms,1,103.72
poll 100 ms,1,99.118
poll 100 ms,1,93.978
poll 100 ms,1,88.853
poll 100 ms,1,83.921
poll 100 ms,1,78.661
poll 100 ms,1,74.2
poll 100 ms,1,69.004
poll 100 ms,1,63.764
poll 100 ms,1,58.909
poll 100 ms,1,53.612
poll 100 ms,1,48.961
poll 100 ms,1,43.978
poll 100 ms,1,38.694
poll 100 ms,1,33.948
poll 100 ms,1,28.867
poll 100 ms,1,14.08
poll 100 ms,1,18.635
poll 100 ms,1,23.767
poll 100 ms,1,7.761
poll 100 ms,1,3.776
poll 100 ms,1,104.078
poll 100 ms,1,99.026
poll 100 ms,1,93.798
poll 100 ms,1,88.527
poll 100 ms,1,84.042
poll 100 ms,1,78.889
poll 100 ms,1,73.86
poll 100 ms,1,69.014
poll 100 ms,1,63.831
poll 100 ms,1,58.996
poll 100 ms,1,53.898
poll 100 ms,1,48.749
poll 100 ms,1,43.811
poll 100 ms,1,39.008
poll 100 ms,1,33.765
poll 100 ms,1,29.036
poll 100 ms,1,23.839
poll 100 ms,1,18.754
poll 100 ms,1,13.758
poll 100 ms,1,8.75
poll 100 ms,1,3.765
poll 100 ms,1,104.057
poll 100 ms,1,98.638
poll 100 ms,1,93.747
poll 100 ms,1,88.992
poll 100 ms,1,84.208
poll 100 ms,1,79.058
poll 100 ms,1,73.596
poll 100 ms,1,68.914
poll 100 ms,1,63.954
poll 100 ms,1,58.753
poll 100 ms,1,53.687
poll 100 ms,1,49.087
poll 100 ms,1,44.146
poll 100 ms,1,38.993
poll 100 ms,1,33.871
poll 100 ms,1,28.832
poll 100 ms,1,24.081
poll 100 ms,1,18.605
poll 100 ms,1,13.73
poll 100 ms,1,9.052
poll 100 ms,1,3.827
poll 100 ms,1,103.762
poll 100 ms,1,98.678
poll 100 ms,1,93.678
poll 100 ms,1,88.966
poll 100 ms,1,83.961
poll 100 ms,1,79.181
poll 100 ms,1,73.796
poll 100 ms,1,68.743
poll 100 ms,1,63.764
poll 100 ms,1,59.008
poll 100 ms,1,54.155
poll 100 ms,1,48.959
poll 100 ms,1,43.806
poll 100 ms,1,39.104
poll 100 ms,1,33.863
poll 100 ms,1,29.177
poll 100 ms,1,23.669
poll 100 ms,1,18.945
poll 100 ms,1,13.615
poll 100 ms,1,8.904
poll 100 ms,1,3.837
poll 100 ms,1,104.418
poll 100 ms,1,99.368
poll 100 ms,1,94.244
poll 100 ms,1,89.619
poll 100 ms,1,84.478
poll 100 ms,1,79.297
poll 100 ms,1,74.203
poll 100 ms,1,69.669
poll 100 ms,1,64.357
poll 100 ms,1,59.377
poll 100 ms,1,54.591
poll 100 ms,1,49.459
poll 100 ms,1,44.463
poll 100 ms,1,39.292
poll 100 ms,1,34.204
poll 100 ms,1,29.482
poll 100 ms,1,24.449
poll 100 ms,1,19.453
poll 100 ms,1,14.297
poll 100 ms,1,9.271
poll 100 ms,1,4.647
poll 100 ms,1,104.596
poll 100 ms,1,99.631
poll 100 ms,1,94.256
poll 100 ms,1,89.282
poll 100 ms,1,84.776
poll 100 ms,1,79.448
poll 100 ms,1,74.65
poll 100 ms,1,69.48
poll 100 ms,1,64.411
poll 100 ms,1,59.227
poll 100 ms,1,44.255
poll 100 ms,1,54.784
poll 100 ms,1,49.491
poll 100 ms,1,38.262
poll 100 ms,1,34.667
poll 100 ms,1,29.425
poll 100 ms,1,24.502
poll 100 ms,1,19.466
poll 100 ms,1,14.779
poll 100 ms,1,9.567
poll 100 ms,1,4.438
poll 100 ms,1,104.732
poll 100 ms,1,99.649
poll 100 ms,1,94.938
poll 100 ms,1,89.757
poll 100 ms,1,84.567
poll 100 ms,1,79.587
poll 100 ms,1,74.616
poll 100 ms,1,69.65
poll 100 ms,1,64.549
poll 100 ms,1,59.716
poll 100 ms,1,54.634
poll 100 ms,1,49.885
poll 100 ms,1,44.789
poll 100 ms,1,39.616
poll 100 ms,1,34.854
poll 100 ms,1,29.719
poll 100 ms,1,24.323
poll 100 ms,1,19.843
poll 100 ms,1,14.803
poll 100 ms,1,9.557
poll 100 ms,1,4.812
poll 100 ms,1,104.417
poll 100 ms,1,99.614
poll 100 ms,1,94.427
poll 100 ms,1,89.454
poll 100 ms,1,84.469
poll 100 ms,1,79.748
poll 100 ms,1,74.668
poll 100 ms,1,69.421
poll 100 ms,1,64.435
poll 100 ms,1,59.767
poll 100 ms,1,54.686
poll 100 ms,1,49.37
poll 100 ms,1,44.589
poll 100 ms,1,39.513
poll 100 ms,1,34.391
poll 100 ms,1,29.508
poll 100 ms,1,24.398
poll 100 ms,1,19.759
poll 100 ms,1,14.784
poll 100 ms,1,9.474
poll 100 ms,1,4.508
poll 100 ms,1,104.558
poll 100 ms,1,100.001
poll 100 ms,1,94.943
poll 100 ms,1,89.639
poll 100 ms,1,84.639
poll 100 ms,1,79.988
poll 100 ms,1,75.009
LISTEN/NOTIFY,1,2.795
LISTEN/NOTIFY,1,2.763
LISTEN/NOTIFY,1,2.422
LISTEN/NOTIFY,1,2.616
LISTEN/NOTIFY,1,2.343
LISTEN/NOTIFY,1,2.484
LISTEN/NOTIFY,1,2.643
LISTEN/NOTIFY,1,2.837
LISTEN/NOTIFY,1,2.895
LISTEN/NOTIFY,1,2.799
LISTEN/NOTIFY,1,2.673
LISTEN/NOTIFY,1,2.789
LISTEN/NOTIFY,1,2.888
LISTEN/NOTIFY,1,2.688
LISTEN/NOTIFY,1,2.612
LISTEN/NOTIFY,1,2.585
LISTEN/NOTIFY,1,4.105
LISTEN/NOTIFY,1,3.197
LISTEN/NOTIFY,1,3.071
LISTEN/NOTIFY,1,2.654
LISTEN/NOTIFY,1,2.57
LISTEN/NOTIFY,1,2.794
LISTEN/NOTIFY,1,2.755
LISTEN/NOTIFY,1,2.9
LISTEN/NOTIFY,1,2.759
LISTEN/NOTIFY,1,2.649
LISTEN/NOTIFY,1,2.749
LISTEN/NOTIFY,1,2.655
LISTEN/NOTIFY,1,2.773
LISTEN/NOTIFY,1,2.714
LISTEN/NOTIFY,1,2.564
LISTEN/NOTIFY,1,2.42
LISTEN/NOTIFY,1,2.858
LISTEN/NOTIFY,1,2.603
LISTEN/NOTIFY,1,21.512
LISTEN/NOTIFY,1,21.712
LISTEN/NOTIFY,1,16.499
LISTEN/NOTIFY,1,11.721
LISTEN/NOTIFY,1,4.848
LISTEN/NOTIFY,1,5.86
LISTEN/NOTIFY,1,4.849
LISTEN/NOTIFY,1,4.439
LISTEN/NOTIFY,1,3.419
LISTEN/NOTIFY,1,2.736
LISTEN/NOTIFY,1,2.649
LISTEN/NOTIFY,1,2.703
LISTEN/NOTIFY,1,3.024
LISTEN/NOTIFY,1,2.761
LISTEN/NOTIFY,1,2.729
LISTEN/NOTIFY,1,2.529
LISTEN/NOTIFY,1,2.53
LISTEN/NOTIFY,1,2.806
LISTEN/NOTIFY,1,2.722
LISTEN/NOTIFY,1,2.713
LISTEN/NOTIFY,1,2.863
LISTEN/NOTIFY,1,2.88
LISTEN/NOTIFY,1,2.8
LISTEN/NOTIFY,1,2.802
LISTEN/NOTIFY,1,2.854
LISTEN/NOTIFY,1,2.746
LISTEN/NOTIFY,1,2.765
LISTEN/NOTIFY,1,2.852
LISTEN/NOTIFY,1,2.86
LISTEN/NOTIFY,1,2.763
LISTEN/NOTIFY,1,2.206
LISTEN/NOTIFY,1,2.575
LISTEN/NOTIFY,1,2.892
LISTEN/NOTIFY,1,2.369
LISTEN/NOTIFY,1,2.169
LISTEN/NOTIFY,1,1.95
LISTEN/NOTIFY,1,2.648
LISTEN/NOTIFY,1,2.662
LISTEN/NOTIFY,1,2.729
LISTEN/NOTIFY,1,2.509
LISTEN/NOTIFY,1,2.791
LISTEN/NOTIFY,1,2.712
LISTEN/NOTIFY,1,2.828
LISTEN/NOTIFY,1,2.739
LISTEN/NOTIFY,1,2.801
LISTEN/NOTIFY,1,2.285
LISTEN/NOTIFY,1,2.647
LISTEN/NOTIFY,1,2.738
LISTEN/NOTIFY,1,2.696
LISTEN/NOTIFY,1,2.83
LISTEN/NOTIFY,1,2.704
LISTEN/NOTIFY,1,2.763
LISTEN/NOTIFY,1,2.826
LISTEN/NOTIFY,1,3.04
LISTEN/NOTIFY,1,2.756
LISTEN/NOTIFY,1,2.59
LISTEN/NOTIFY,1,2.436
LISTEN/NOTIFY,1,2.874
LISTEN/NOTIFY,1,2.926
LISTEN/NOTIFY,1,2.962
LISTEN/NOTIFY,1,21.002
LISTEN/NOTIFY,1,21.052
LISTEN/NOTIFY,1,15.972
LISTEN/NOTIFY,1,10.657
LISTEN/NOTIFY,1,4.182
LISTEN/NOTIFY,1,5.362
LISTEN/NOTIFY,1,4.198
LISTEN/NOTIFY,1,4.439
LISTEN/NOTIFY,1,3.575
LISTEN/NOTIFY,1,2.758
LISTEN/NOTIFY,1,2.615
LISTEN/NOTIFY,1,2.936
LISTEN/NOTIFY,1,2.709
LISTEN/NOTIFY,1,3.067
LISTEN/NOTIFY,1,2.872
LISTEN/NOTIFY,1,2.57
LISTEN/NOTIFY,1,2.751
LISTEN/NOTIFY,1,2.66
LISTEN/NOTIFY,1,2.784
LISTEN/NOTIFY,1,2.721
LISTEN/NOTIFY,1,2.653
LISTEN/NOTIFY,1,2.804
LISTEN/NOTIFY,1,2.734
LISTEN/NOTIFY,1,2.876
LISTEN/NOTIFY,1,2.83
LISTEN/NOTIFY,1,2.729
LISTEN/NOTIFY,1,2.831
LISTEN/NOTIFY,1,2.782
LISTEN/NOTIFY,1,2.839
LISTEN/NOTIFY,1,2.791
LISTEN/NOTIFY,1,2.836
LISTEN/NOTIFY,1,2.735
LISTEN/NOTIFY,1,2.83
LISTEN/NOTIFY,1,2.785
LISTEN/NOTIFY,1,2.777
LISTEN/NOTIFY,1,2.393
LISTEN/NOTIFY,1,2.829
LISTEN/NOTIFY,1,2.741
LISTEN/NOTIFY,1,2.839
LISTEN/NOTIFY,1,2.774
LISTEN/NOTIFY,1,2.794
LISTEN/NOTIFY,1,2.62
LISTEN/NOTIFY,1,2.808
LISTEN/NOTIFY,1,2.863
LISTEN/NOTIFY,1,2.874
LISTEN/NOTIFY,1,2.911
LISTEN/NOTIFY,1,2.585
LISTEN/NOTIFY,1,2.697
LISTEN/NOTIFY,1,3.293
LISTEN/NOTIFY,1,3.046
LISTEN/NOTIFY,1,2.837
LISTEN/NOTIFY,1,2.861
LISTEN/NOTIFY,1,3.009
LISTEN/NOTIFY,1,3.157
LISTEN/NOTIFY,1,3.165
LISTEN/NOTIFY,1,2.965
LISTEN/NOTIFY,1,3.091
LISTEN/NOTIFY,1,2.962
LISTEN/NOTIFY,1,2.979
LISTEN/NOTIFY,1,2.822
LISTEN/NOTIFY,1,21.661
LISTEN/NOTIFY,1,16.413
LISTEN/NOTIFY,1,16.285
LISTEN/NOTIFY,1,11.144
LISTEN/NOTIFY,1,4.232
LISTEN/NOTIFY,1,6.115
LISTEN/NOTIFY,1,5.17
LISTEN/NOTIFY,1,4.364
LISTEN/NOTIFY,1,3.598
LISTEN/NOTIFY,1,2.772
LISTEN/NOTIFY,1,2.848
LISTEN/NOTIFY,1,2.952
LISTEN/NOTIFY,1,2.85
LISTEN/NOTIFY,1,3.192
LISTEN/NOTIFY,1,2.956
LISTEN/NOTIFY,1,2.948
LISTEN/NOTIFY,1,3.008
LISTEN/NOTIFY,1,3.297
LISTEN/NOTIFY,1,2.998
LISTEN/NOTIFY,1,2.846
LISTEN/NOTIFY,1,2.833
LISTEN/NOTIFY,1,3.138
LISTEN/NOTIFY,1,3.147
LISTEN/NOTIFY,1,3.279
LISTEN/NOTIFY,1,3.158
LISTEN/NOTIFY,1,2.909
LISTEN/NOTIFY,1,2.742
LISTEN/NOTIFY,1,2.729
LISTEN/NOTIFY,1,3.311
LISTEN/NOTIFY,1,2.941
LISTEN/NOTIFY,1,2.982
LISTEN/NOTIFY,1,2.721
LISTEN/NOTIFY,1,2.943
LISTEN/NOTIFY,1,3.228
LISTEN/NOTIFY,1,2.93
LISTEN/NOTIFY,1,2.921
LISTEN/NOTIFY,1,2.825
LISTEN/NOTIFY,1,2.939
LISTEN/NOTIFY,1,2.874
LISTEN/NOTIFY,1,2.688
LISTEN/NOTIFY,1,2.532
LISTEN/NOTIFY,1,2.736
LISTEN/NOTIFY,1,3.035
LISTEN/NOTIFY,1,3.759
LISTEN/NOTIFY,1,3.232
LISTEN/NOTIFY,1,2.979
LISTEN/NOTIFY,1,2.969
LISTEN/NOTIFY,1,3.02
LISTEN/NOTIFY,1,3.236
LISTEN/NOTIFY,1,3.877
LISTEN/NOTIFY,1,3.389
LISTEN/NOTIFY,1,2.796
LISTEN/NOTIFY,1,2.908
LISTEN/NOTIFY,1,2.539
LISTEN/NOTIFY,1,2.81
LISTEN/NOTIFY,1,2.751
LISTEN/NOTIFY,1,2.898
LISTEN/NOTIFY,1,3.117
LISTEN/NOTIFY,1,3.052
LISTEN/NOTIFY,1,19.606
LISTEN/NOTIFY,1,19.134
LISTEN/NOTIFY,1,13.89
LISTEN/NOTIFY,1,9.315
LISTEN/NOTIFY,1,4.29
LISTEN/NOTIFY,1,3.559
LISTEN/NOTIFY,1,3.32
LISTEN/NOTIFY,1,2.933
LISTEN/NOTIFY,1,2.745
LISTEN/NOTIFY,1,2.838
LISTEN/NOTIFY,1,2.669
LISTEN/NOTIFY,1,2.763
LISTEN/NOTIFY,1,2.699
LISTEN/NOTIFY,1,2.713
LISTEN/NOTIFY,1,2.736
LISTEN/NOTIFY,1,2.687
LISTEN/NOTIFY,1,2.761
LISTEN/NOTIFY,1,2.776
LISTEN/NOTIFY,1,2.83
LISTEN/NOTIFY,1,2.878
LISTEN/NOTIFY,1,2.808
LISTEN/NOTIFY,1,2.726
LISTEN/NOTIFY,1,2.708
LISTEN/NOTIFY,1,2.732
LISTEN/NOTIFY,1,3.215
LISTEN/NOTIFY,1,3.124
LISTEN/NOTIFY,1,3.083
LISTEN/NOTIFY,1,2.945
LISTEN/NOTIFY,1,3.037
LISTEN/NOTIFY,1,3.025
LISTEN/NOTIFY,1,2.768
LISTEN/NOTIFY,1,2.991
LISTEN/NOTIFY,1,2.971
LISTEN/NOTIFY,1,2.871
LISTEN/NOTIFY,1,3.12
LISTEN/NOTIFY,1,2.714
LISTEN/NOTIFY,1,2.619
LISTEN/NOTIFY,1,2.791
LISTEN/NOTIFY,1,2.605
LISTEN/NOTIFY,1,2.776
LISTEN/NOTIFY,1,2.732
LISTEN/NOTIFY,1,2.738
LISTEN/NOTIFY,1,2.763
LISTEN/NOTIFY,1,2.896
LISTEN/NOTIFY,1,2.81
LISTEN/NOTIFY,1,2.757
LISTEN/NOTIFY,1,2.788
LISTEN/NOTIFY,1,2.735
LISTEN/NOTIFY,1,2.694
LISTEN/NOTIFY,1,3.054
LISTEN/NOTIFY,1,2.58
LISTEN/NOTIFY,1,2.808
LISTEN/NOTIFY,1,2.791
LISTEN/NOTIFY,1,2.651
LISTEN/NOTIFY,1,2.829
LISTEN/NOTIFY,1,2.766
LISTEN/NOTIFY,1,2.782
LISTEN/NOTIFY,1,2.737
LISTEN/NOTIFY,1,2.79
LISTEN/NOTIFY,1,2.835
LISTEN/NOTIFY,1,2.817
LISTEN/NOTIFY,1,21.63
LISTEN/NOTIFY,1,16.889
LISTEN/NOTIFY,1,16.565
LISTEN/NOTIFY,1,11.554
LISTEN/NOTIFY,1,4.8
LISTEN/NOTIFY,1,5.943
LISTEN/NOTIFY,1,5.778
LISTEN/NOTIFY,1,5.522
LISTEN/NOTIFY,1,4.314
LISTEN/NOTIFY,1,3.349
LISTEN/NOTIFY,1,2.823
LISTEN/NOTIFY,1,2.853
LISTEN/NOTIFY,1,2.762
LISTEN/NOTIFY,1,2.824
LISTEN/NOTIFY,1,2.673
LISTEN/NOTIFY,1,2.617
LISTEN/NOTIFY,1,2.808
LISTEN/NOTIFY,1,2.791
LISTEN/NOTIFY,1,2.656
LISTEN/NOTIFY,1,2.511
LISTEN/NOTIFY,1,2.814
LISTEN/NOTIFY,1,2.809
LISTEN/NOTIFY,1,2.85
LISTEN/NOTIFY,1,2.884
LISTEN/NOTIFY,1,2.78
LISTEN/NOTIFY,1,2.88
LISTEN/NOTIFY,1,2.788
LISTEN/NOTIFY,1,2.948
LISTEN/NOTIFY,1,2.68
LISTEN/NOTIFY,1,2.832
LISTEN/NOTIFY,1,2.882
LISTEN/NOTIFY,1,2.916
LISTEN/NOTIFY,1,3.307
LISTEN/NOTIFY,1,2.951
LISTEN/NOTIFY,1,2.789
LISTEN/NOTIFY,1,2.867
LISTEN/NOTIFY,1,3.092
LISTEN/NOTIFY,1,3.042
LISTEN/NOTIFY,1,2.903
LISTEN/NOTIFY,1,2.236
LISTEN/NOTIFY,1,2.632
LISTEN/NOTIFY,1,2.815
LISTEN/NOTIFY,1,2.612
LISTEN/NOTIFY,1,2.763
LISTEN/NOTIFY,1,2.877
LISTEN/NOTIFY,1,2.697
LISTEN/NOTIFY,1,2.733
LISTEN/NOTIFY,1,2.763
LISTEN/NOTIFY,1,2.85
LISTEN/NOTIFY,1,2.789
LISTEN/NOTIFY,1,2.8
LISTEN/NOTIFY,1,2.685
LISTEN/NOTIFY,1,2.759
LISTEN/NOTIFY,1,2.825
LISTEN/NOTIFY,1,2.65
LISTEN/NOTIFY,1,2.857
LISTEN/NOTIFY,1,2.704
LISTEN/NOTIFY,1,21.33
LISTEN/NOTIFY,1,20.704
LISTEN/NOTIFY,1,15.506
LISTEN/NOTIFY,1,10.881
LISTEN/NOTIFY,1,8.488
LISTEN/NOTIFY,1,5.297
LISTEN/NOTIFY,1,4.39
LISTEN/NOTIFY,1,3.838
LISTEN/NOTIFY,1,3.068
LISTEN/NOTIFY,1,2.86
LISTEN/NOTIFY,1,3.265
LISTEN/NOTIFY,1,2.838
LISTEN/NOTIFY,1,2.661
LISTEN/NOTIFY,1,2.601
LISTEN/NOTIFY,1,2.724
LISTEN/NOTIFY,1,3.084
LISTEN/NOTIFY,1,2.944
LISTEN/NOTIFY,1,2.95
LISTEN/NOTIFY,1,2.869
LISTEN/NOTIFY,1,2.798
LISTEN/NOTIFY,1,2.751
LISTEN/NOTIFY,1,2.589
LISTEN/NOTIFY,1,2.863
LISTEN/NOTIFY,1,2.688
LISTEN/NOTIFY,1,2.784
LISTEN/NOTIFY,1,2.801
LISTEN/NOTIFY,1,2.729
LISTEN/NOTIFY,1,2.461
LISTEN/NOTIFY,1,2.762
LISTEN/NOTIFY,1,2.848
LISTEN/NOTIFY,1,2.737
LISTEN/NOTIFY,1,2.738
LISTEN/NOTIFY,1,2.83
LISTEN/NOTIFY,1,2.801
LISTEN/NOTIFY,1,2.904
LISTEN/NOTIFY,1,3.021
LISTEN/NOTIFY,1,2.621
LISTEN/NOTIFY,1,2.815
LISTEN/NOTIFY,1,2.65
LISTEN/NOTIFY,1,2.889
LISTEN/NOTIFY,1,2.721
LISTEN/NOTIFY,1,2.875
LISTEN/NOTIFY,1,2.771
LISTEN/NOTIFY,1,2.863
LISTEN/NOTIFY,1,2.699
LISTEN/NOTIFY,1,2.865
LISTEN/NOTIFY,1,2.888
LISTEN/NOTIFY,1,2.829
LISTEN/NOTIFY,1,2.683
LISTEN/NOTIFY,1,2.8
LISTEN/NOTIFY,1,2.741
LISTEN/NOTIFY,1,2.877
LISTEN/NOTIFY,1,3.159
LISTEN/NOTIFY,1,2.8
LISTEN/NOTIFY,1,2.797
LISTEN/NOTIFY,1,2.62
LISTEN/NOTIFY,1,2.932
LISTEN/NOTIFY,1,2.902
LISTEN/NOTIFY,1,2.871
LISTEN/NOTIFY,1,22.409
LISTEN/NOTIFY,1,21.923
LISTEN/NOTIFY,1,16.828
LISTEN/NOTIFY,1,11.841
LISTEN/NOTIFY,1,8.818
LISTEN/NOTIFY,1,6.409
LISTEN/NOTIFY,1,5.215
LISTEN/NOTIFY,1,5.31
LISTEN/NOTIFY,1,4.467
LISTEN/NOTIFY,1,3.468
LISTEN/NOTIFY,1,3.184
LISTEN/NOTIFY,1,2.887
LISTEN/NOTIFY,1,3.07
LISTEN/NOTIFY,1,2.987
LISTEN/NOTIFY,1,2.959
LISTEN/NOTIFY,1,3.243
LISTEN/NOTIFY,1,3.135
LISTEN/NOTIFY,1,3.23
LISTEN/NOTIFY,1,2.998
LISTEN/NOTIFY,1,2.364
LISTEN/NOTIFY,1,2.962
LISTEN/NOTIFY,1,2.941
LISTEN/NOTIFY,1,3.068
LISTEN/NOTIFY,1,3.021
LISTEN/NOTIFY,1,2.976
LISTEN/NOTIFY,1,3.021
LISTEN/NOTIFY,1,3.055
LISTEN/NOTIFY,1,3.037
LISTEN/NOTIFY,1,2.973
LISTEN/NOTIFY,1,2.903
LISTEN/NOTIFY,1,3.131
LISTEN/NOTIFY,1,3.005
LISTEN/NOTIFY,1,3.38
LISTEN/NOTIFY,1,2.959
LISTEN/NOTIFY,1,2.984
LISTEN/NOTIFY,1,3.075
LISTEN/NOTIFY,1,3.185
LISTEN/NOTIFY,1,3.054
LISTEN/NOTIFY,1,3.258
LISTEN/NOTIFY,1,2.841
LISTEN/NOTIFY,1,2.858
LISTEN/NOTIFY,1,2.849
LISTEN/NOTIFY,1,2.623
LISTEN/NOTIFY,1,2.73
LISTEN/NOTIFY,1,2.807
LISTEN/NOTIFY,1,3.108
LISTEN/NOTIFY,1,3.161
LISTEN/NOTIFY,1,3.168
LISTEN/NOTIFY,1,2.858
LISTEN/NOTIFY,1,3.027
LISTEN/NOTIFY,1,3.261
LISTEN/NOTIFY,1,3.079
LISTEN/NOTIFY,1,3.018
LISTEN/NOTIFY,1,3.127
LISTEN/NOTIFY,1,3.221
LISTEN/NOTIFY,1,3.073
LISTEN/NOTIFY,1,3.067
LISTEN/NOTIFY,1,2.924
LISTEN/NOTIFY,1,21.628
LISTEN/NOTIFY,1,21.739
LISTEN/NOTIFY,1,16.583
LISTEN/NOTIFY,1,11.731
LISTEN/NOTIFY,1,4.809
LISTEN/NOTIFY,1,6.497
LISTEN/NOTIFY,1,6.543
LISTEN/NOTIFY,1,5.367
LISTEN/NOTIFY,1,5.195
LISTEN/NOTIFY,1,4.312
LISTEN/NOTIFY,1,3.199
LISTEN/NOTIFY,1,2.832
LISTEN/NOTIFY,1,2.839
LISTEN/NOTIFY,1,2.91
LISTEN/NOTIFY,1,2.739
LISTEN/NOTIFY,1,2.778
LISTEN/NOTIFY,1,2.682
LISTEN/NOTIFY,1,2.827
LISTEN/NOTIFY,1,2.916
LISTEN/NOTIFY,1,2.874
LISTEN/NOTIFY,1,2.847
LISTEN/NOTIFY,1,2.667
LISTEN/NOTIFY,1,2.938
LISTEN/NOTIFY,1,2.65
LISTEN/NOTIFY,1,2.798
LISTEN/NOTIFY,1,2.684
LISTEN/NOTIFY,1,2.892
LISTEN/NOTIFY,1,2.805
LISTEN/NOTIFY,1,2.893
LISTEN/NOTIFY,1,2.836
LISTEN/NOTIFY,1,2.743
LISTEN/NOTIFY,1,2.829
LISTEN/NOTIFY,1,2.92
LISTEN/NOTIFY,1,2.797
LISTEN/NOTIFY,1,2.77
LISTEN/NOTIFY,1,2.725
LISTEN/NOTIFY,1,2.738
LISTEN/NOTIFY,1,2.714
LISTEN/NOTIFY,1,2.654
LISTEN/NOTIFY,1,2.834
LISTEN/NOTIFY,1,2.899
LISTEN/NOTIFY,1,2.757
LISTEN/NOTIFY,1,2.816
LISTEN/NOTIFY,1,2.997
LISTEN/NOTIFY,1,2.814
LISTEN/NOTIFY,1,2.856
LISTEN/NOTIFY,1,2.717
LISTEN/NOTIFY,1,2.78
LISTEN/NOTIFY,1,2.757
LISTEN/NOTIFY,1,2.701
LISTEN/NOTIFY,1,2.796
LISTEN/NOTIFY,1,21.447
LISTEN/NOTIFY,1,20.543
LISTEN/NOTIFY,1,15.771
LISTEN/NOTIFY,1,10.537
LISTEN/NOTIFY,1,3.852
LISTEN/NOTIFY,1,5.422
LISTEN/NOTIFY,1,4.439
LISTEN/NOTIFY,1,3.046
LISTEN/NOTIFY,1,2.847
LISTEN/NOTIFY,1,2.797
LISTEN/NOTIFY,1,2.701
LISTEN/NOTIFY,1,2.742
LISTEN/NOTIFY,1,2.595
LISTEN/NOTIFY,1,2.604
LISTEN/NOTIFY,1,2.85
LISTEN/NOTIFY,1,2.834
LISTEN/NOTIFY,1,2.934
LISTEN/NOTIFY,1,2.466
LISTEN/NOTIFY,1,2.831
LISTEN/NOTIFY,1,2.839
LISTEN/NOTIFY,1,2.805
LISTEN/NOTIFY,1,2.888
LISTEN/NOTIFY,1,2.671
LISTEN/NOTIFY,1,2.647
LISTEN/NOTIFY,1,2.592
LISTEN/NOTIFY,1,2.744
LISTEN/NOTIFY,1,2.771
LISTEN/NOTIFY,1,2.819
LISTEN/NOTIFY,1,2.74
LISTEN/NOTIFY,1,2.621
LISTEN/NOTIFY,1,2.393
LISTEN/NOTIFY,1,2.216
LISTEN/NOTIFY,1,2.815
LISTEN/NOTIFY,1,2.622
LISTEN/NOTIFY,1,2.651
LISTEN/NOTIFY,1,2.768
LISTEN/NOTIFY,1,2.604
LISTEN/NOTIFY,1,2.891
LISTEN/NOTIFY,1,2.711
LISTEN/NOTIFY,1,2.835
LISTEN/NOTIFY,1,2.801
LISTEN/NOTIFY,1,2.889
LISTEN/NOTIFY,1,2.845
LISTEN/NOTIFY,1,2.707
LISTEN/NOTIFY,1,2.859
LISTEN/NOTIFY,1,2.725
LISTEN/NOTIFY,1,2.857
LISTEN/NOTIFY,1,2.738
LISTEN/NOTIFY,1,2.924
LISTEN/NOTIFY,1,2.889
LISTEN/NOTIFY,1,2.819
LISTEN/NOTIFY,1,2.848
LISTEN/NOTIFY,1,2.933
LISTEN/NOTIFY,1,2.875
LISTEN/NOTIFY,1,2.528
LISTEN/NOTIFY,1,2.736
LISTEN/NOTIFY,1,2.967
LISTEN/NOTIFY,1,2.906
LISTEN/NOTIFY,1,2.77
LISTEN/NOTIFY,1,2.713
LISTEN/NOTIFY,1,2.105
LISTEN/NOTIFY,1,21.474
LISTEN/NOTIFY,1,20.927
LISTEN/NOTIFY,1,16.124
LISTEN/NOTIFY,1,10.899
LISTEN/NOTIFY,1,4.397
LISTEN/NOTIFY,1,5.359
LISTEN/NOTIFY,1,4.775
LISTEN/NOTIFY,1,3.866
LISTEN/NOTIFY,1,2.754
LISTEN/NOTIFY,1,2.721
LISTEN/NOTIFY,1,2.754
LISTEN/NOTIFY,1,2.789
LISTEN/NOTIFY,1,2.805
LISTEN/NOTIFY,1,2.67
LISTEN/NOTIFY,1,2.796
LISTEN/NOTIFY,1,2.954
LISTEN/NOTIFY,1,2.952
LISTEN/NOTIFY,1,2.825
LISTEN/NOTIFY,1,2.802
LISTEN/NOTIFY,1,2.691
LISTEN/NOTIFY,1,2.78
LISTEN/NOTIFY,1,2.718
LISTEN/NOTIFY,1,3.064
LISTEN/NOTIFY,1,2.917
LISTEN/NOTIFY,1,2.912
LISTEN/NOTIFY,1,2.839
LISTEN/NOTIFY,1,2.854
LISTEN/NOTIFY,1,2.729
LISTEN/NOTIFY,1,2.787
LISTEN/NOTIFY,1,2.56
LISTEN/NOTIFY,1,2.792
LISTEN/NOTIFY,1,2.463
LISTEN/NOTIFY,1,2.8
LISTEN/NOTIFY,1,2.727
LISTEN/NOTIFY,1,2.781
LISTEN/NOTIFY,1,2.844
LISTEN/NOTIFY,1,2.729
LISTEN/NOTIFY,1,2.704
LISTEN/NOTIFY,1,2.772
LISTEN/NOTIFY,1,2.828
LISTEN/NOTIFY,1,2.773
LISTEN/NOTIFY,1,2.775
LISTEN/NOTIFY,1,2.79
LISTEN/NOTIFY,1,2.787
LISTEN/NOTIFY,1,2.797
LISTEN/NOTIFY,1,2.636
LISTEN/NOTIFY,1,2.329
LISTEN/NOTIFY,1,2.808
LISTEN/NOTIFY,1,2.786
LISTEN/NOTIFY,1,2.752
LISTEN/NOTIFY,1,2.86
LISTEN/NOTIFY,1,2.757
LISTEN/NOTIFY,1,2.751
LISTEN/NOTIFY,1,2.436
LISTEN/NOTIFY,1,2.696
LISTEN/NOTIFY,1,2.663
LISTEN/NOTIFY,1,2.729
LISTEN/NOTIFY,1,2.74
LISTEN/NOTIFY,1,2.734
LISTEN/NOTIFY,1,2.576
LISTEN/NOTIFY,1,21.582
LISTEN/NOTIFY,1,20.594
LISTEN/NOTIFY,1,15.996
LISTEN/NOTIFY,1,10.761
LISTEN/NOTIFY,1,4.231
LISTEN/NOTIFY,1,5.604
LISTEN/NOTIFY,1,4.822
LISTEN/NOTIFY,1,3.747
LISTEN/NOTIFY,1,2.77
LISTEN/NOTIFY,1,2.582
LISTEN/NOTIFY,1,2.731
LISTEN/NOTIFY,1,2.736
LISTEN/NOTIFY,1,2.729
LISTEN/NOTIFY,1,2.651
LISTEN/NOTIFY,1,2.517
LISTEN/NOTIFY,1,2.716
LISTEN/NOTIFY,1,2.806
LISTEN/NOTIFY,1,2.711
LISTEN/NOTIFY,1,2.608
LISTEN/NOTIFY,1,2.621
LISTEN/NOTIFY,1,2.764
LISTEN/NOTIFY,1,2.675
LISTEN/NOTIFY,1,2.862
LISTEN/NOTIFY,1,2.764
LISTEN/NOTIFY,1,2.722
LISTEN/NOTIFY,1,2.843
LISTEN/NOTIFY,1,2.786
LISTEN/NOTIFY,1,2.733
LISTEN/NOTIFY,1,2.698
LISTEN/NOTIFY,1,2.678
LISTEN/NOTIFY,1,2.74
LISTEN/NOTIFY,1,2.758
LISTEN/NOTIFY,1,2.751
LISTEN/NOTIFY,1,2.675
LISTEN/NOTIFY,1,2.629
LISTEN/NOTIFY,1,2.736
LISTEN/NOTIFY,1,2.81
LISTEN/NOTIFY,1,2.909
LISTEN/NOTIFY,1,2.802
LISTEN/NOTIFY,1,2.677
LISTEN/NOTIFY,1,2.635
LISTEN/NOTIFY,1,2.799
LISTEN/NOTIFY,1,2.457
LISTEN/NOTIFY,1,2.855
LISTEN/NOTIFY,1,2.801
LISTEN/NOTIFY,1,2.788
LISTEN/NOTIFY,1,2.855
LISTEN/NOTIFY,1,2.574
LISTEN/NOTIFY,1,2.244
LISTEN/NOTIFY,1,2.097
LISTEN/NOTIFY,1,2.834
LISTEN/NOTIFY,1,2.776
LISTEN/NOTIFY,1,2.715
LISTEN/NOTIFY,1,2.633
LISTEN/NOTIFY,1,2.749
LISTEN/NOTIFY,1,2.724
LISTEN/NOTIFY,1,2.936
LISTEN/NOTIFY,1,2.826
LISTEN/NOTIFY,1,2.79
LISTEN/NOTIFY,1,2.797
LISTEN/NOTIFY,1,2.968
LISTEN/NOTIFY,1,21.353
LISTEN/NOTIFY,1,16.66
LISTEN/NOTIFY,1,16.147
LISTEN/NOTIFY,1,11.153
LISTEN/NOTIFY,1,3.96
LISTEN/NOTIFY,1,5.234
LISTEN/NOTIFY,1,4.546
LISTEN/NOTIFY,1,3.812
LISTEN/NOTIFY,1,2.819
LISTEN/NOTIFY,1,2.732
LISTEN/NOTIFY,1,2.754
LISTEN/NOTIFY,1,2.726
LISTEN/NOTIFY,1,2.82
LISTEN/NOTIFY,1,2.092
LISTEN/NOTIFY,1,2.829
LISTEN/NOTIFY,1,2.81
LISTEN/NOTIFY,1,2.8
LISTEN/NOTIFY,1,2.814
LISTEN/NOTIFY,1,2.928
LISTEN/NOTIFY,1,2.921
LISTEN/NOTIFY,1,2.968
LISTEN/NOTIFY,1,2.75
LISTEN/NOTIFY,1,2.593
LISTEN/NOTIFY,1,2.785
LISTEN/NOTIFY,1,2.819
LISTEN/NOTIFY,1,2.66
LISTEN/NOTIFY,1,3.025
LISTEN/NOTIFY,1,2.768
LISTEN/NOTIFY,1,2.717
LISTEN/NOTIFY,1,2.674
LISTEN/NOTIFY,1,2.824
LISTEN/NOTIFY,1,2.831
LISTEN/NOTIFY,1,2.801
LISTEN/NOTIFY,1,2.787
LISTEN/NOTIFY,1,2.321
LISTEN/NOTIFY,1,2.233
LISTEN/NOTIFY,1,2.208
LISTEN/NOTIFY,1,2.815
LISTEN/NOTIFY,1,2.501
LISTEN/NOTIFY,1,2.251
LISTEN/NOTIFY,1,2.757
LISTEN/NOTIFY,1,2.811
LISTEN/NOTIFY,1,1.958
LISTEN/NOTIFY,1,2.032
LISTEN/NOTIFY,1,2.478
LISTEN/NOTIFY,1,2.373
LISTEN/NOTIFY,1,2.311
LISTEN/NOTIFY,1,2.841
LISTEN/NOTIFY,1,2.71
LISTEN/NOTIFY,1,2.31
LISTEN/NOTIFY,1,2.788
LISTEN/NOTIFY,1,2.758
LISTEN/NOTIFY,1,2.653
LISTEN/NOTIFY,1,2.74
LISTEN/NOTIFY,1,2.836
LISTEN/NOTIFY,1,2.871
LISTEN/NOTIFY,1,2.753
LISTEN/NOTIFY,1,2.779
LISTEN/NOTIFY,1,2.734
LISTEN/NOTIFY,1,21.557
LISTEN/NOTIFY,1,20.9
LISTEN/NOTIFY,1,15.846
LISTEN/NOTIFY,1,10.794
LISTEN/NOTIFY,1,5.103
LISTEN/NOTIFY,1,4.794
LISTEN/NOTIFY,1,4.278
LISTEN/NOTIFY,1,3.487
LISTEN/NOTIFY,1,2.871
LISTEN/NOTIFY,1,2.754
LISTEN/NOTIFY,1,2.818
LISTEN/NOTIFY,1,2.892
LISTEN/NOTIFY,1,2.843
LISTEN/NOTIFY,1,2.959
LISTEN/NOTIFY,1,2.964
LISTEN/NOTIFY,1,2.743
LISTEN/NOTIFY,1,2.69
LISTEN/NOTIFY,1,2.11
LISTEN/NOTIFY,1,2.252
LISTEN/NOTIFY,1,2.607
LISTEN/NOTIFY,1,2.899
LISTEN/NOTIFY,1,2.563
LISTEN/NOTIFY,1,2.6
LISTEN/NOTIFY,1,2.799
LISTEN/NOTIFY,1,2.79
LISTEN/NOTIFY,1,2.866
LISTEN/NOTIFY,1,3.07
LISTEN/NOTIFY,1,3.034
LISTEN/NOTIFY,1,2.935
LISTEN/NOTIFY,1,2.792
LISTEN/NOTIFY,1,2.621
LISTEN/NOTIFY,1,2.854
LISTEN/NOTIFY,1,2.73
LISTEN/NOTIFY,1,2.69
LISTEN/NOTIFY,1,2.675
LISTEN/NOTIFY,1,2.948
LISTEN/NOTIFY,1,2.948
LISTEN/NOTIFY,1,2.757
LISTEN/NOTIFY,1,2.971
LISTEN/NOTIFY,1,2.789
LISTEN/NOTIFY,1,2.593
LISTEN/NOTIFY,1,2.789
LISTEN/NOTIFY,1,2.652
LISTEN/NOTIFY,1,2.722
LISTEN/NOTIFY,1,2.673
LISTEN/NOTIFY,1,2.589
LISTEN/NOTIFY,1,2.408
LISTEN/NOTIFY,1,2.403
LISTEN/NOTIFY,1,2.874
LISTEN/NOTIFY,1,2.676
LISTEN/NOTIFY,1,2.657
LISTEN/NOTIFY,1,2.879
LISTEN/NOTIFY,1,3.306
LISTEN/NOTIFY,1,2.861
LISTEN/NOTIFY,1,2.716
LISTEN/NOTIFY,1,2.919
LISTEN/NOTIFY,1,3.075
LISTEN/NOTIFY,1,2.754
LISTEN/NOTIFY,1,2.825
LISTEN/NOTIFY,1,21.447
LISTEN/NOTIFY,1,20.53
LISTEN/NOTIFY,1,15.627
LISTEN/NOTIFY,1,10.647
LISTEN/NOTIFY,1,4.085
LISTEN/NOTIFY,1,4.839
LISTEN/NOTIFY,1,4.025
LISTEN/NOTIFY,1,3.393
LISTEN/NOTIFY,1,2.84
LISTEN/NOTIFY,1,2.715
LISTEN/NOTIFY,1,2.856
LISTEN/NOTIFY,1,2.774
LISTEN/NOTIFY,1,2.706
LISTEN/NOTIFY,1,2.697
LISTEN/NOTIFY,1,2.658
LISTEN/NOTIFY,1,2.731
LISTEN/NOTIFY,1,2.76
LISTEN/NOTIFY,1,2.557
LISTEN/NOTIFY,1,2.763
LISTEN/NOTIFY,1,2.785
LISTEN/NOTIFY,1,2.676
LISTEN/NOTIFY,1,2.69
LISTEN/NOTIFY,1,2.908
LISTEN/NOTIFY,1,2.686
LISTEN/NOTIFY,1,2.784
LISTEN/NOTIFY,1,2.793
LISTEN/NOTIFY,1,2.906
LISTEN/NOTIFY,1,2.875
LISTEN/NOTIFY,1,2.882
LISTEN/NOTIFY,1,2.809
LISTEN/NOTIFY,1,2.769
LISTEN/NOTIFY,1,2.616
LISTEN/NOTIFY,1,2.756
LISTEN/NOTIFY,1,2.702
LISTEN/NOTIFY,1,2.675
LISTEN/NOTIFY,1,2.729
LISTEN/NOTIFY,1,2.682
LISTEN/NOTIFY,1,2.797
LISTEN/NOTIFY,1,2.766
LISTEN/NOTIFY,1,2.75
LISTEN/NOTIFY,1,2.762
LISTEN/NOTIFY,1,2.779
LISTEN/NOTIFY,1,2.685
LISTEN/NOTIFY,1,2.764
LISTEN/NOTIFY,1,2.828
LISTEN/NOTIFY,1,2.566
LISTEN/NOTIFY,1,2.681
LISTEN/NOTIFY,1,2.764
LISTEN/NOTIFY,1,2.679
LISTEN/NOTIFY,1,2.788
LISTEN/NOTIFY,1,2.877
LISTEN/NOTIFY,1,2.854
LISTEN/NOTIFY,1,2.812
LISTEN/NOTIFY,1,2.814
LISTEN/NOTIFY,1,2.932
LISTEN/NOTIFY,1,2.74
LISTEN/NOTIFY,1,2.822
LISTEN/NOTIFY,1,2.911
LISTEN/NOTIFY,1,2.841
LISTEN/NOTIFY,1,2.846
LISTEN/NOTIFY,1,2.692
LISTEN/NOTIFY,1,21.694
LISTEN/NOTIFY,1,20.716
LISTEN/NOTIFY,1,16.11
LISTEN/NOTIFY,1,10.952
LISTEN/NOTIFY,1,10.103
LISTEN/NOTIFY,1,5.396
LISTEN/NOTIFY,1,4.716
LISTEN/NOTIFY,1,4.008
LISTEN/NOTIFY,1,2.899
LISTEN/NOTIFY,1,2.663
LISTEN/NOTIFY,1,2.772
LISTEN/NOTIFY,1,2.846
LISTEN/NOTIFY,1,2.609
LISTEN/NOTIFY,1,2.826
LISTEN/NOTIFY,1,2.82
LISTEN/NOTIFY,1,2.793
LISTEN/NOTIFY,1,2.675
LISTEN/NOTIFY,1,2.709
LISTEN/NOTIFY,1,2.67
LISTEN/NOTIFY,1,2.593
LISTEN/NOTIFY,1,2.665
LISTEN/NOTIFY,1,2.751
LISTEN/NOTIFY,1,2.617
LISTEN/NOTIFY,1,2.555
LISTEN/NOTIFY,1,2.676
LISTEN/NOTIFY,1,2.81
LISTEN/NOTIFY,1,2.813
LISTEN/NOTIFY,1,2.922
LISTEN/NOTIFY,1,2.829
LISTEN/NOTIFY,1,2.798
LISTEN/NOTIFY,1,2.708
LISTEN/NOTIFY,1,2.602
LISTEN/NOTIFY,1,2.704
LISTEN/NOTIFY,1,2.593
LISTEN/NOTIFY,1,2.59
LISTEN/NOTIFY,1,2.761
LISTEN/NOTIFY,1,3.716
LISTEN/NOTIFY,1,3.332
LISTEN/NOTIFY,1,2.783
LISTEN/NOTIFY,1,2.744
LISTEN/NOTIFY,1,3.074
LISTEN/NOTIFY,1,2.992
LISTEN/NOTIFY,1,2.804
LISTEN/NOTIFY,1,2.694
LISTEN/NOTIFY,1,2.802
LISTEN/NOTIFY,1,3.009
LISTEN/NOTIFY,1,3.023
LISTEN/NOTIFY,1,2.716
LISTEN/NOTIFY,1,2.311
LISTEN/NOTIFY,1,2.605
LISTEN/NOTIFY,1,3.112
LISTEN/NOTIFY,1,2.807
LISTEN/NOTIFY,1,2.949
LISTEN/NOTIFY,1,2.834
LISTEN/NOTIFY,1,2.741
LISTEN/NOTIFY,1,2.947
LISTEN/NOTIFY,1,3.832
LISTEN/NOTIFY,1,3.293
LISTEN/NOTIFY,1,2.885
LISTEN/NOTIFY,1,3.166
LISTEN/NOTIFY,1,3.244
LISTEN/NOTIFY,1,2.935
LISTEN/NOTIFY,1,2.876
LISTEN/NOTIFY,1,2.767
LISTEN/NOTIFY,1,2.81
LISTEN/NOTIFY,1,2.732
LISTEN/NOTIFY,1,2.817
LISTEN/NOTIFY,1,2.861
LISTEN/NOTIFY,1,2.912
LISTEN/NOTIFY,1,2.79
LISTEN/NOTIFY,1,2.744
LISTEN/NOTIFY,1,2.748
LISTEN/NOTIFY,1,3.175
LISTEN/NOTIFY,1,2.99
LISTEN/NOTIFY,1,3.096
LISTEN/NOTIFY,1,3.064
LISTEN/NOTIFY,1,3.556
LISTEN/NOTIFY,1,2.993
LISTEN/NOTIFY,1,2.999
LISTEN/NOTIFY,1,2.872
LISTEN/NOTIFY,1,3.275
LISTEN/NOTIFY,1,2.895
LISTEN/NOTIFY,1,2.842
LISTEN/NOTIFY,1,2.747
LISTEN/NOTIFY,1,2.61
LISTEN/NOTIFY,1,2.79
LISTEN/NOTIFY,1,2.803
LISTEN/NOTIFY,1,2.795
LISTEN/NOTIFY,1,2.243
LISTEN/NOTIFY,1,2.238
LISTEN/NOTIFY,1,2.669
LISTEN/NOTIFY,1,2.791
LISTEN/NOTIFY,1,2.956
LISTEN/NOTIFY,1,2.915
LISTEN/NOTIFY,1,2.656
LISTEN/NOTIFY,1,2.694
LISTEN/NOTIFY,1,2.756
LISTEN/NOTIFY,1,2.8
LISTEN/NOTIFY,1,2.642
LISTEN/NOTIFY,1,2.488
LISTEN/NOTIFY,1,2.927
LISTEN/NOTIFY,1,2.54
LISTEN/NOTIFY,1,2.773
LISTEN/NOTIFY,1,2.726
LISTEN/NOTIFY,1,2.371
LISTEN/NOTIFY,1,2.671
LISTEN/NOTIFY,1,2.919
LISTEN/NOTIFY,1,2.899
LISTEN/NOTIFY,1,2.692
LISTEN/NOTIFY,1,2.648
LISTEN/NOTIFY,1,2.796
LISTEN/NOTIFY,1,2.599
LISTEN/NOTIFY,1,2.693
LISTEN/NOTIFY,1,2.563
LISTEN/NOTIFY,1,2.66
LISTEN/NOTIFY,1,2.602
LISTEN/NOTIFY,1,2.459
LISTEN/NOTIFY,1,2.847
LISTEN/NOTIFY,1,2.707
LISTEN/NOTIFY,1,2.801
LISTEN/NOTIFY,1,2.818
LISTEN/NOTIFY,1,2.65
LISTEN/NOTIFY,1,2.575
LISTEN/NOTIFY,1,2.635
LISTEN/NOTIFY,1,2.425
LISTEN/NOTIFY,1,2.631
LISTEN/NOTIFY,1,2.641
LISTEN/NOTIFY,1,2.693
LISTEN/NOTIFY,1,2.858
LISTEN/NOTIFY,1,2.834
LISTEN/NOTIFY,1,2.7
LISTEN/NOTIFY,1,2.766
LISTEN/NOTIFY,1,2.727
LISTEN/NOTIFY,1,2.811
LISTEN/NOTIFY,1,2.778
LISTEN/NOTIFY,1,2.744
LISTEN/NOTIFY,1,2.788
LISTEN/NOTIFY,1,2.743
LISTEN/NOTIFY,1,2.768
LISTEN/NOTIFY,1,2.312
LISTEN/NOTIFY,1,2.813
LISTEN/NOTIFY,1,2.484
LISTEN/NOTIFY,1,2.741
LISTEN/NOTIFY,1,2.821
LISTEN/NOTIFY,1,2.72
LISTEN/NOTIFY,1,2.736
LISTEN/NOTIFY,1,2.717
LISTEN/NOTIFY,1,2.673
LISTEN/NOTIFY,1,2.863
LISTEN/NOTIFY,1,2.313
LISTEN/NOTIFY,1,2.284
LISTEN/NOTIFY,1,2.331
LISTEN/NOTIFY,1,2.256
LISTEN/NOTIFY,1,2.658
LISTEN/NOTIFY,1,2.725
LISTEN/NOTIFY,1,2.735
LISTEN/NOTIFY,1,2.815
LISTEN/NOTIFY,1,2.606
LISTEN/NOTIFY,1,2.849
LISTEN/NOTIFY,1,2.111
LISTEN/NOTIFY,1,2.168
LISTEN/NOTIFY,1,2.924
LISTEN/NOTIFY,1,2.799
LISTEN/NOTIFY,1,2.711
LISTEN/NOTIFY,1,2.674
LISTEN/NOTIFY,1,2.68
LISTEN/NOTIFY,1,2.855
LISTEN/NOTIFY,1,2.85
LISTEN/NOTIFY,1,2.722
LISTEN/NOTIFY,1,2.61
LISTEN/NOTIFY,1,2.738
LISTEN/NOTIFY,1,2.902
LISTEN/NOTIFY,1,2.801
LISTEN/NOTIFY,1,2.68
LISTEN/NOTIFY,1,2.77
LISTEN/NOTIFY,1,2.758
LISTEN/NOTIFY,1,3.325
LISTEN/NOTIFY,1,14.425
LISTEN/NOTIFY,1,14.287
LISTEN/NOTIFY,1,8.976
LISTEN/NOTIFY,1,3.927
LISTEN/NOTIFY,1,3.39
LISTEN/NOTIFY,1,2.911
LISTEN/NOTIFY,1,2.587
LISTEN/NOTIFY,1,2.724
LISTEN/NOTIFY,1,2.807
LISTEN/NOTIFY,1,2.424
LISTEN/NOTIFY,1,2.761
LISTEN/NOTIFY,1,2.819
LISTEN/NOTIFY,1,2.791
LISTEN/NOTIFY,1,3.047
LISTEN/NOTIFY,1,3.265
LISTEN/NOTIFY,1,2.752
LISTEN/NOTIFY,1,2.973
LISTEN/NOTIFY,1,2.861
LISTEN/NOTIFY,1,2.854
LISTEN/NOTIFY,1,2.914
LISTEN/NOTIFY,1,2.735
LISTEN/NOTIFY,1,2.758
LISTEN/NOTIFY,1,2.879
LISTEN/NOTIFY,1,2.745
LISTEN/NOTIFY,1,2.704
LISTEN/NOTIFY,1,2.785
LISTEN/NOTIFY,1,2.805
LISTEN/NOTIFY,1,2.856
LISTEN/NOTIFY,1,2.661
LISTEN/NOTIFY,1,2.834
LISTEN/NOTIFY,1,2.582
LISTEN/NOTIFY,1,2.152
LISTEN/NOTIFY,1,2.789
LISTEN/NOTIFY,1,2.855
LISTEN/NOTIFY,1,2.835
LISTEN/NOTIFY,1,2.794
LISTEN/NOTIFY,1,3.381
LISTEN/NOTIFY,1,2.752
LISTEN/NOTIFY,1,2.956
LISTEN/NOTIFY,1,2.889
LISTEN/NOTIFY,1,2.738
LISTEN/NOTIFY,1,2.488
LISTEN/NOTIFY,1,2.858
LISTEN/NOTIFY,1,2.807
LISTEN/NOTIFY,1,2.766
LISTEN/NOTIFY,1,2.722
LISTEN/NOTIFY,1,2.775
LISTEN/NOTIFY,1,2.625
LISTEN/NOTIFY,1,2.803
LISTEN/NOTIFY,1,2.761
LISTEN/NOTIFY,1,2.846
LISTEN/NOTIFY,1,2.746
LISTEN/NOTIFY,1,2.78
LISTEN/NOTIFY,1,2.867
LISTEN/NOTIFY,1,2.778
LISTEN/NOTIFY,1,2.733
LISTEN/NOTIFY,1,2.864
LISTEN/NOTIFY,1,2.716
LISTEN/NOTIFY,1,2.673
LISTEN/NOTIFY,1,2.838
LISTEN/NOTIFY,1,2.758
LISTEN/NOTIFY,1,3.078
LISTEN/NOTIFY,1,3.135
LISTEN/NOTIFY,1,3.265
LISTEN/NOTIFY,1,3.278
LISTEN/NOTIFY,1,2.981
LISTEN/NOTIFY,1,2.775
LISTEN/NOTIFY,1,2.76
LISTEN/NOTIFY,1,2.644
LISTEN/NOTIFY,1,2.906
LISTEN/NOTIFY,1,2.718
LISTEN/NOTIFY,1,2.857
LISTEN/NOTIFY,1,2.763
LISTEN/NOTIFY,1,2.869
LISTEN/NOTIFY,1,2.732
LISTEN/NOTIFY,1,2.639
LISTEN/NOTIFY,1,2.836
LISTEN/NOTIFY,1,2.717
LISTEN/NOTIFY,1,2.746
LISTEN/NOTIFY,1,2.734
LISTEN/NOTIFY,1,2.688
LISTEN/NOTIFY,1,2.847
LISTEN/NOTIFY,1,2.768
LISTEN/NOTIFY,1,2.696
LISTEN/NOTIFY,1,2.648
LISTEN/NOTIFY,1,2.83
LISTEN/NOTIFY,1,2.794
LISTEN/NOTIFY,1,2.804
LISTEN/NOTIFY,1,2.362
LISTEN/NOTIFY,1,2.755
LISTEN/NOTIFY,1,2.678
LISTEN/NOTIFY,1,2.797
LISTEN/NOTIFY,1,2.779
LISTEN/NOTIFY,1,2.833
LISTEN/NOTIFY,1,2.752
LISTEN/NOTIFY,1,2.826
LISTEN/NOTIFY,1,2.777
LISTEN/NOTIFY,1,2.811
LISTEN/NOTIFY,1,2.632
LISTEN/NOTIFY,1,2.864
LISTEN/NOTIFY,1,2.671
LISTEN/NOTIFY,1,2.19
LISTEN/NOTIFY,1,2.947
LISTEN/NOTIFY,1,2.967
LISTEN/NOTIFY,1,2.916
LISTEN/NOTIFY,1,2.868
LISTEN/NOTIFY,1,2.145
LISTEN/NOTIFY,1,2.115
LISTEN/NOTIFY,1,2.185
LISTEN/NOTIFY,1,2.703
LISTEN/NOTIFY,1,2.821
LISTEN/NOTIFY,1,2.808
LISTEN/NOTIFY,1,2.742
LISTEN/NOTIFY,1,2.825
LISTEN/NOTIFY,1,2.8
LISTEN/NOTIFY,1,2.957
LISTEN/NOTIFY,1,2.847
LISTEN/NOTIFY,1,21.458
LISTEN/NOTIFY,1,21.599
LISTEN/NOTIFY,1,16.697
LISTEN/NOTIFY,1,11.809
LISTEN/NOTIFY,1,9.533
LISTEN/NOTIFY,1,6.058
LISTEN/NOTIFY,1,5.188
LISTEN/NOTIFY,1,4.412
LISTEN/NOTIFY,1,4.121
LISTEN/NOTIFY,1,2.962
LISTEN/NOTIFY,1,2.8
LISTEN/NOTIFY,1,3.067
LISTEN/NOTIFY,1,3.022
LISTEN/NOTIFY,1,3.162
LISTEN/NOTIFY,1,3.023
LISTEN/NOTIFY,1,2.856
LISTEN/NOTIFY,1,2.706
LISTEN/NOTIFY,1,2.826
LISTEN/NOTIFY,1,2.774
LISTEN/NOTIFY,1,2.774
LISTEN/NOTIFY,1,2.8
LISTEN/NOTIFY,1,2.712
LISTEN/NOTIFY,1,2.931
LISTEN/NOTIFY,1,2.623
LISTEN/NOTIFY,1,2.701
LISTEN/NOTIFY,1,2.511
LISTEN/NOTIFY,1,2.794
LISTEN/NOTIFY,1,2.754
LISTEN/NOTIFY,1,2.834
LISTEN/NOTIFY,1,2.986
LISTEN/NOTIFY,1,2.93
LISTEN/NOTIFY,1,2.791
LISTEN/NOTIFY,1,2.803
LISTEN/NOTIFY,1,2.769
LISTEN/NOTIFY,1,2.834
LISTEN/NOTIFY,1,2.747
LISTEN/NOTIFY,1,2.676
LISTEN/NOTIFY,1,2.791
LISTEN/NOTIFY,1,2.679
LISTEN/NOTIFY,1,2.788
LISTEN/NOTIFY,1,2.79
LISTEN/NOTIFY,1,2.77
LISTEN/NOTIFY,1,2.813
LISTEN/NOTIFY,1,2.701
LISTEN/NOTIFY,1,2.959
LISTEN/NOTIFY,1,2.558
LISTEN/NOTIFY,1,2.839
LISTEN/NOTIFY,1,2.798
LISTEN/NOTIFY,1,2.563
LISTEN/NOTIFY,1,2.567
LISTEN/NOTIFY,1,2.533
LISTEN/NOTIFY,1,2.911
LISTEN/NOTIFY,1,2.719
LISTEN/NOTIFY,1,2.66
LISTEN/NOTIFY,1,2.8
LISTEN/NOTIFY,1,2.554
LISTEN/NOTIFY,1,2.644
LISTEN/NOTIFY,1,2.763
LISTEN/NOTIFY,1,2.799
LISTEN/NOTIFY,1,21.44
LISTEN/NOTIFY,1,21.568
LISTEN/NOTIFY,1,16.784
LISTEN/NOTIFY,1,11.758
LISTEN/NOTIFY,1,5.056
LISTEN/NOTIFY,1,6.288
LISTEN/NOTIFY,1,5.551
LISTEN/NOTIFY,1,4.818
LISTEN/NOTIFY,1,3.759
LISTEN/NOTIFY,1,2.83
LISTEN/NOTIFY,1,2.817
LISTEN/NOTIFY,1,2.86
LISTEN/NOTIFY,1,2.897
LISTEN/NOTIFY,1,3.05
LISTEN/NOTIFY,1,2.782
LISTEN/NOTIFY,1,2.681
LISTEN/NOTIFY,1,2.395
LISTEN/NOTIFY,1,2.705
LISTEN/NOTIFY,1,2.759
LISTEN/NOTIFY,1,2.512
LISTEN/NOTIFY,1,2.747
LISTEN/NOTIFY,1,2.721
LISTEN/NOTIFY,1,2.638
LISTEN/NOTIFY,1,3.013
LISTEN/NOTIFY,1,2.899
LISTEN/NOTIFY,1,2.917
LISTEN/NOTIFY,1,2.776
LISTEN/NOTIFY,1,2.898
LISTEN/NOTIFY,1,2.915
LISTEN/NOTIFY,1,2.636
LISTEN/NOTIFY,1,2.723
LISTEN/NOTIFY,1,2.664
LISTEN/NOTIFY,1,2.833
LISTEN/NOTIFY,1,2.333
LISTEN/NOTIFY,1,2.838
LISTEN/NOTIFY,1,2.586
LISTEN/NOTIFY,1,2.678
LISTEN/NOTIFY,1,2.649
LISTEN/NOTIFY,1,2.903
LISTEN/NOTIFY,1,2.874
LISTEN/NOTIFY,1,2.678
LISTEN/NOTIFY,1,2.707
LISTEN/NOTIFY,1,2.835
LISTEN/NOTIFY,1,2.749
LISTEN/NOTIFY,1,2.751
LISTEN/NOTIFY,1,2.676
LISTEN/NOTIFY,1,2.751
LISTEN/NOTIFY,1,2.868
LISTEN/NOTIFY,1,2.741
LISTEN/NOTIFY,1,2.811
LISTEN/NOTIFY,1,2.768
LISTEN/NOTIFY,1,2.903
LISTEN/NOTIFY,1,2.906
LISTEN/NOTIFY,1,2.473
LISTEN/NOTIFY,1,2.786
LISTEN/NOTIFY,1,2.931
LISTEN/NOTIFY,1,2.836
LISTEN/NOTIFY,1,2.834
LISTEN/NOTIFY,1,2.909
LISTEN/NOTIFY,1,2.762
LISTEN/NOTIFY,1,21.608
LISTEN/NOTIFY,1,21.014
LISTEN/NOTIFY,1,16.112
LISTEN/NOTIFY,1,11.038
LISTEN/NOTIFY,1,4.359
LISTEN/NOTIFY,1,5.65
LISTEN/NOTIFY,1,4.732
LISTEN/NOTIFY,1,4.237
LISTEN/NOTIFY,1,3.5
LISTEN/NOTIFY,1,2.773
LISTEN/NOTIFY,1,3.143
LISTEN/NOTIFY,1,2.844
LISTEN/NOTIFY,1,2.827
LISTEN/NOTIFY,1,2.834
LISTEN/NOTIFY,1,2.725
LISTEN/NOTIFY,1,2.475
LISTEN/NOTIFY,1,2.445
LISTEN/NOTIFY,1,2.813
LISTEN/NOTIFY,1,2.82
LISTEN/NOTIFY,1,2.749
LISTEN/NOTIFY,1,2.818
LISTEN/NOTIFY,1,2.891
LISTEN/NOTIFY,1,2.798
LISTEN/NOTIFY,1,3.039
LISTEN/NOTIFY,1,2.901
LISTEN/NOTIFY,1,2.904
LISTEN/NOTIFY,1,2.902
LISTEN/NOTIFY,1,2.724
LISTEN/NOTIFY,1,2.927
LISTEN/NOTIFY,1,2.656
LISTEN/NOTIFY,1,2.881
LISTEN/NOTIFY,1,2.837
LISTEN/NOTIFY,1,2.832
LISTEN/NOTIFY,1,3.037
LISTEN/NOTIFY,1,2.83
LISTEN/NOTIFY,1,2.791
LISTEN/NOTIFY,1,2.826
LISTEN/NOTIFY,1,2.962
LISTEN/NOTIFY,1,2.683
LISTEN/NOTIFY,1,2.615
LISTEN/NOTIFY,1,2.632
LISTEN/NOTIFY,1,2.876
LISTEN/NOTIFY,1,2.744
LISTEN/NOTIFY,1,2.723
LISTEN/NOTIFY,1,2.581
LISTEN/NOTIFY,1,2.861
LISTEN/NOTIFY,1,2.399
LISTEN/NOTIFY,1,2.307
LISTEN/NOTIFY,1,2.751
LISTEN/NOTIFY,1,2.717
LISTEN/NOTIFY,1,2.708
LISTEN/NOTIFY,1,2.667
LISTEN/NOTIFY,1,2.387
LISTEN/NOTIFY,1,2.288
LISTEN/NOTIFY,1,2.62
LISTEN/NOTIFY,1,2.667
LISTEN/NOTIFY,1,2.874
LISTEN/NOTIFY,1,2.702
LISTEN/NOTIFY,1,21.704
LISTEN/NOTIFY,1,16.689
LISTEN/NOTIFY,1,16.053
LISTEN/NOTIFY,1,11.086
LISTEN/NOTIFY,1,5.344
LISTEN/NOTIFY,1,4.844
LISTEN/NOTIFY,1,4.325
LISTEN/NOTIFY,1,3.338
LISTEN/NOTIFY,1,2.782
LISTEN/NOTIFY,1,2.876
LISTEN/NOTIFY,1,2.754
LISTEN/NOTIFY,1,2.854
LISTEN/NOTIFY,1,2.82
LISTEN/NOTIFY,1,2.747
LISTEN/NOTIFY,1,2.833
LISTEN/NOTIFY,1,2.786
LISTEN/NOTIFY,1,2.55
LISTEN/NOTIFY,1,2.619
LISTEN/NOTIFY,1,2.45
LISTEN/NOTIFY,1,2.205
LISTEN/NOTIFY,1,2.139
LISTEN/NOTIFY,1,2.673
LISTEN/NOTIFY,1,2.712
LISTEN/NOTIFY,1,2.641
LISTEN/NOTIFY,1,2.922
LISTEN/NOTIFY,1,2.673
LISTEN/NOTIFY,1,2.83
LISTEN/NOTIFY,1,2.722
LISTEN/NOTIFY,1,2.959
LISTEN/NOTIFY,1,2.952
LISTEN/NOTIFY,1,2.7
LISTEN/NOTIFY,1,2.547
LISTEN/NOTIFY,1,2.822
LISTEN/NOTIFY,1,2.751
LISTEN/NOTIFY,1,2.879
LISTEN/NOTIFY,1,2.686
LISTEN/NOTIFY,1,2.813
LISTEN/NOTIFY,1,2.31
LISTEN/NOTIFY,1,2.706
LISTEN/NOTIFY,1,2.729
LISTEN/NOTIFY,1,2.681
LISTEN/NOTIFY,1,2.816
LISTEN/NOTIFY,1,2.735
LISTEN/NOTIFY,1,2.774
LISTEN/NOTIFY,1,2.657
LISTEN/NOTIFY,1,2.837
LISTEN/NOTIFY,1,2.757
LISTEN/NOTIFY,1,2.66
LISTEN/NOTIFY,1,2.796
LISTEN/NOTIFY,1,2.797
LISTEN/NOTIFY,1,2.823
LISTEN/NOTIFY,1,2.7
LISTEN/NOTIFY,1,2.393
LISTEN/NOTIFY,1,2.481
LISTEN/NOTIFY,1,2.899
LISTEN/NOTIFY,1,2.601
LISTEN/NOTIFY,1,2.731
LISTEN/NOTIFY,1,2.836
LISTEN/NOTIFY,1,2.983
LISTEN/NOTIFY,1,3.407
LISTEN/NOTIFY,1,3.217
LISTEN/NOTIFY,1,22.379
LISTEN/NOTIFY,1,22.186
LISTEN/NOTIFY,1,16.803
LISTEN/NOTIFY,1,12.312
LISTEN/NOTIFY,1,5.893
LISTEN/NOTIFY,1,6.952
LISTEN/NOTIFY,1,2.382
LISTEN/NOTIFY,1,3.309
LISTEN/NOTIFY,1,3.428
LISTEN/NOTIFY,1,3.054
LISTEN/NOTIFY,1,2.917
LISTEN/NOTIFY,1,2.869
LISTEN/NOTIFY,1,2.882
LISTEN/NOTIFY,1,2.682
LISTEN/NOTIFY,1,2.871
LISTEN/NOTIFY,1,2.712
LISTEN/NOTIFY,1,2.757
LISTEN/NOTIFY,1,2.845
LISTEN/NOTIFY,1,2.772
LISTEN/NOTIFY,1,2.861
LISTEN/NOTIFY,1,2.682
LISTEN/NOTIFY,1,2.229
LISTEN/NOTIFY,1,2.19
LISTEN/NOTIFY,1,2.264
LISTEN/NOTIFY,1,2.672
LISTEN/NOTIFY,1,2.189
LISTEN/NOTIFY,1,2.277
LISTEN/NOTIFY,1,2.731
LISTEN/NOTIFY,1,2.783
LISTEN/NOTIFY,1,2.747
LISTEN/NOTIFY,1,2.679
LISTEN/NOTIFY,1,2.844
LISTEN/NOTIFY,1,2.509
LISTEN/NOTIFY,1,2.619
LISTEN/NOTIFY,1,3.041
LISTEN/NOTIFY,1,2.848
LISTEN/NOTIFY,1,2.918
LISTEN/NOTIFY,1,2.542
LISTEN/NOTIFY,1,2.733
LISTEN/NOTIFY,1,2.716
LISTEN/NOTIFY,1,2.863
LISTEN/NOTIFY,1,2.693
LISTEN/NOTIFY,1,2.822
LISTEN/NOTIFY,1,2.603
LISTEN/NOTIFY,1,2.828
LISTEN/NOTIFY,1,2.843
LISTEN/NOTIFY,1,2.526
LISTEN/NOTIFY,1,2.518
LISTEN/NOTIFY,1,2.849
LISTEN/NOTIFY,1,2.747
LISTEN/NOTIFY,1,2.848
LISTEN/NOTIFY,1,2.989
LISTEN/NOTIFY,1,2.814
LISTEN/NOTIFY,1,2.858
LISTEN/NOTIFY,1,2.768
LISTEN/NOTIFY,1,2.746
LISTEN/NOTIFY,1,2.612
LISTEN/NOTIFY,1,2.632
LISTEN/NOTIFY,1,2.946
LISTEN/NOTIFY,1,2.804
LISTEN/NOTIFY,1,21.522
LISTEN/NOTIFY,1,21.335
LISTEN/NOTIFY,1,16.429
LISTEN/NOTIFY,1,11.135
LISTEN/NOTIFY,1,9.192
LISTEN/NOTIFY,1,5.596
LISTEN/NOTIFY,1,5.389
LISTEN/NOTIFY,1,4.479
LISTEN/NOTIFY,1,3.436
LISTEN/NOTIFY,1,2.867
LISTEN/NOTIFY,1,2.817
LISTEN/NOTIFY,1,3.003
LISTEN/NOTIFY,1,2.847
LISTEN/NOTIFY,1,2.895
LISTEN/NOTIFY,1,2.717
LISTEN/NOTIFY,1,2.684
LISTEN/NOTIFY,1,2.589
LISTEN/NOTIFY,1,2.694
LISTEN/NOTIFY,1,2.68
LISTEN/NOTIFY,1,2.748
LISTEN/NOTIFY,1,2.797
LISTEN/NOTIFY,1,2.652
LISTEN/NOTIFY,1,2.553
LISTEN/NOTIFY,1,2.764
LISTEN/NOTIFY,1,2.769
LISTEN/NOTIFY,1,2.762
LISTEN/NOTIFY,1,2.661
LISTEN/NOTIFY,1,2.768
LISTEN/NOTIFY,1,2.715
LISTEN/NOTIFY,1,2.673
LISTEN/NOTIFY,1,2.823
LISTEN/NOTIFY,1,2.603
LISTEN/NOTIFY,1,2.175
LISTEN/NOTIFY,1,2.191
LISTEN/NOTIFY,1,2.139
LISTEN/NOTIFY,1,2.128
LISTEN/NOTIFY,1,2.114
LISTEN/NOTIFY,1,2.413
LISTEN/NOTIFY,1,2.31
LISTEN/NOTIFY,1,2.292
LISTEN/NOTIFY,1,2.251
LISTEN/NOTIFY,1,2.913
LISTEN/NOTIFY,1,2.535
LISTEN/NOTIFY,1,2.35
LISTEN/NOTIFY,1,2.659
LISTEN/NOTIFY,1,2.732
LISTEN/NOTIFY,1,2.83
LISTEN/NOTIFY,1,2.58
LISTEN/NOTIFY,1,2.812
LISTEN/NOTIFY,1,2.734
LISTEN/NOTIFY,1,2.263
LISTEN/NOTIFY,1,2.003
LISTEN/NOTIFY,1,2.082
LISTEN/NOTIFY,1,2.997
LISTEN/NOTIFY,1,2.919
LISTEN/NOTIFY,1,2.777
LISTEN/NOTIFY,1,3.02
LISTEN/NOTIFY,1,2.845
LISTEN/NOTIFY,1,3.12
LISTEN/NOTIFY,1,21.611
LISTEN/NOTIFY,1,20.484
LISTEN/NOTIFY,1,16.02
LISTEN/NOTIFY,1,10.971
LISTEN/NOTIFY,1,5.303
LISTEN/NOTIFY,1,5.081
LISTEN/NOTIFY,1,4.397
LISTEN/NOTIFY,1,3.886
LISTEN/NOTIFY,1,2.966
LISTEN/NOTIFY,1,2.94
LISTEN/NOTIFY,1,2.66
LISTEN/NOTIFY,1,2.538
LISTEN/NOTIFY,1,2.818
LISTEN/NOTIFY,1,2.827
LISTEN/NOTIFY,1,2.935
LISTEN/NOTIFY,1,2.758
LISTEN/NOTIFY,1,2.81
LISTEN/NOTIFY,1,2.215
LISTEN/NOTIFY,1,2.679
LISTEN/NOTIFY,1,2.686
LISTEN/NOTIFY,1,2.38
LISTEN/NOTIFY,1,2.21
LISTEN/NOTIFY,1,2.125
LISTEN/NOTIFY,1,2.28
LISTEN/NOTIFY,1,2.729
LISTEN/NOTIFY,1,2.762
LISTEN/NOTIFY,1,2.69
LISTEN/NOTIFY,1,3.04
LISTEN/NOTIFY,1,2.753
LISTEN/NOTIFY,1,2.926
LISTEN/NOTIFY,1,2.634
LISTEN/NOTIFY,1,2.61
LISTEN/NOTIFY,1,2.812
LISTEN/NOTIFY,1,2.893
LISTEN/NOTIFY,1,3.077
LISTEN/NOTIFY,1,2.83
LISTEN/NOTIFY,1,2.797
LISTEN/NOTIFY,1,2.641
LISTEN/NOTIFY,1,2.806
LISTEN/NOTIFY,1,2.743
LISTEN/NOTIFY,1,2.828
LISTEN/NOTIFY,1,3.548
LISTEN/NOTIFY,1,2.768
LISTEN/NOTIFY,1,2.792
LISTEN/NOTIFY,1,2.785
LISTEN/NOTIFY,1,2.352
LISTEN/NOTIFY,1,2.588
LISTEN/NOTIFY,1,2.814
LISTEN/NOTIFY,1,2.767
LISTEN/NOTIFY,1,2.988
LISTEN/NOTIFY,1,2.778
LISTEN/NOTIFY,1,2.989
LISTEN/NOTIFY,1,2.881
LISTEN/NOTIFY,1,2.741
LISTEN/NOTIFY,1,2.803
LISTEN/NOTIFY,1,2.189
LISTEN/NOTIFY,1,2.625
LISTEN/NOTIFY,1,2.712
LISTEN/NOTIFY,1,2.669
LISTEN/NOTIFY,1,2.804
LISTEN/NOTIFY,1,3.285
LISTEN/NOTIFY,1,3.576
LISTEN/NOTIFY,1,2.764
LISTEN/NOTIFY,1,2.71
LISTEN/NOTIFY,1,2.311
LISTEN/NOTIFY,1,2.719
LISTEN/NOTIFY,1,2.671
LISTEN/NOTIFY,1,2.893
LISTEN/NOTIFY,1,2.881
LISTEN/NOTIFY,1,2.765
LISTEN/NOTIFY,1,2.667
LISTEN/NOTIFY,1,2.718
LISTEN/NOTIFY,1,2.568
LISTEN/NOTIFY,1,2.755
LISTEN/NOTIFY,1,2.651
LISTEN/NOTIFY,1,3.043
LISTEN/NOTIFY,1,2.701
LISTEN/NOTIFY,1,2.733
LISTEN/NOTIFY,1,2.794
LISTEN/NOTIFY,1,2.756
LISTEN/NOTIFY,1,2.654
LISTEN/NOTIFY,1,2.859
LISTEN/NOTIFY,1,2.94
LISTEN/NOTIFY,1,2.807
LISTEN/NOTIFY,1,2.772
LISTEN/NOTIFY,1,2.807
LISTEN/NOTIFY,1,2.854
LISTEN/NOTIFY,1,2.813
LISTEN/NOTIFY,1,2.731
LISTEN/NOTIFY,1,2.903
LISTEN/NOTIFY,1,2.872
LISTEN/NOTIFY,1,2.662
LISTEN/NOTIFY,1,2.836
LISTEN/NOTIFY,1,2.75
LISTEN/NOTIFY,1,2.508
LISTEN/NOTIFY,1,2.768
LISTEN/NOTIFY,1,2.83
LISTEN/NOTIFY,1,2.826
LISTEN/NOTIFY,1,2.735
LISTEN/NOTIFY,1,2.726
LISTEN/NOTIFY,1,2.708
LISTEN/NOTIFY,1,2.69
LISTEN/NOTIFY,1,2.397
LISTEN/NOTIFY,1,2.89
LISTEN/NOTIFY,1,2.817
LISTEN/NOTIFY,1,2.696
LISTEN/NOTIFY,1,2.684
LISTEN/NOTIFY,1,3.059
LISTEN/NOTIFY,1,2.833
LISTEN/NOTIFY,1,2.906
LISTEN/NOTIFY,1,2.631
LISTEN/NOTIFY,1,2.667
LISTEN/NOTIFY,1,2.513
LISTEN/NOTIFY,1,2.774
LISTEN/NOTIFY,1,2.618
LISTEN/NOTIFY,1,2.795
LISTEN/NOTIFY,1,2.853
LISTEN/NOTIFY,1,2.476
LISTEN/NOTIFY,1,2.801
LISTEN/NOTIFY,1,2.7
LISTEN/NOTIFY,1,2.747
LISTEN/NOTIFY,1,2.781
LISTEN/NOTIFY,1,2.836
LISTEN/NOTIFY,1,2.87
LISTEN/NOTIFY,1,2.801
LISTEN/NOTIFY,1,2.628
LISTEN/NOTIFY,1,2.648
LISTEN/NOTIFY,1,2.911
LISTEN/NOTIFY,1,2.889
LISTEN/NOTIFY,1,2.954
LISTEN/NOTIFY,1,2.874
LISTEN/NOTIFY,1,2.732
LISTEN/NOTIFY,1,2.719
LISTEN/NOTIFY,1,2.776
LISTEN/NOTIFY,1,2.911
LISTEN/NOTIFY,1,3.002
LISTEN/NOTIFY,1,2.78
LISTEN/NOTIFY,1,2.432
LISTEN/NOTIFY,1,2.908
LISTEN/NOTIFY,1,2.84
LISTEN/NOTIFY,1,2.64
LISTEN/NOTIFY,1,2.645
LISTEN/NOTIFY,1,2.907
LISTEN/NOTIFY,1,2.808
LISTEN/NOTIFY,1,2.984
LISTEN/NOTIFY,1,2.778
LISTEN/NOTIFY,1,3.003
LISTEN/NOTIFY,1,2.739
LISTEN/NOTIFY,1,2.967
LISTEN/NOTIFY,1,2.889
LISTEN/NOTIFY,1,2.876
LISTEN/NOTIFY,1,2.737
LISTEN/NOTIFY,1,2.851
LISTEN/NOTIFY,1,2.806
LISTEN/NOTIFY,1,2.765
LISTEN/NOTIFY,1,2.643
LISTEN/NOTIFY,1,2.705
LISTEN/NOTIFY,1,2.755
LISTEN/NOTIFY,1,2.718
LISTEN/NOTIFY,1,2.835
LISTEN/NOTIFY,1,2.63
LISTEN/NOTIFY,1,2.238
LISTEN/NOTIFY,1,2.798
LISTEN/NOTIFY,1,2.857
LISTEN/NOTIFY,1,2.789
LISTEN/NOTIFY,1,2.714
LISTEN/NOTIFY,1,2.627
LISTEN/NOTIFY,1,2.854
LISTEN/NOTIFY,1,2.901
LISTEN/NOTIFY,1,2.657
LISTEN/NOTIFY,1,2.745
LISTEN/NOTIFY,1,2.734
LISTEN/NOTIFY,1,2.781
LISTEN/NOTIFY,1,2.788
LISTEN/NOTIFY,1,2.846
LISTEN/NOTIFY,1,2.81
LISTEN/NOTIFY,1,2.873
LISTEN/NOTIFY,1,21.388
LISTEN/NOTIFY,1,21.037
LISTEN/NOTIFY,1,15.712
LISTEN/NOTIFY,1,10.999
LISTEN/NOTIFY,1,4.087
LISTEN/NOTIFY,1,5.389
LISTEN/NOTIFY,1,4.369
LISTEN/NOTIFY,1,3.859
LISTEN/NOTIFY,1,2.955
LISTEN/NOTIFY,1,2.427
LISTEN/NOTIFY,1,2.878
LISTEN/NOTIFY,1,2.896
LISTEN/NOTIFY,1,3.016
LISTEN/NOTIFY,1,2.992
LISTEN/NOTIFY,1,2.905
LISTEN/NOTIFY,1,2.547
LISTEN/NOTIFY,1,2.84
LISTEN/NOTIFY,1,3.177
LISTEN/NOTIFY,1,2.968
LISTEN/NOTIFY,1,2.789
LISTEN/NOTIFY,1,2.688
LISTEN/NOTIFY,1,2.813
LISTEN/NOTIFY,1,2.827
LISTEN/NOTIFY,1,2.868
LISTEN/NOTIFY,1,2.763
LISTEN/NOTIFY,1,2.953
LISTEN/NOTIFY,1,2.795
LISTEN/NOTIFY,1,2.743
LISTEN/NOTIFY,1,2.691
LISTEN/NOTIFY,1,2.695
LISTEN/NOTIFY,1,2.327
LISTEN/NOTIFY,1,2.879
LISTEN/NOTIFY,1,2.984
LISTEN/NOTIFY,1,2.989
LISTEN/NOTIFY,1,2.872
LISTEN/NOTIFY,1,2.81
LISTEN/NOTIFY,1,2.979
LISTEN/NOTIFY,1,2.766
LISTEN/NOTIFY,1,2.815
LISTEN/NOTIFY,1,2.949
LISTEN/NOTIFY,1,2.789
LISTEN/NOTIFY,1,2.738
LISTEN/NOTIFY,1,2.828
LISTEN/NOTIFY,1,2.603
LISTEN/NOTIFY,1,2.697
LISTEN/NOTIFY,1,2.842
LISTEN/NOTIFY,1,2.899
LISTEN/NOTIFY,1,2.919
LISTEN/NOTIFY,1,2.696
LISTEN/NOTIFY,1,3.136
LISTEN/NOTIFY,1,2.834
LISTEN/NOTIFY,1,2.801
LISTEN/NOTIFY,1,2.746
LISTEN/NOTIFY,1,2.605
LISTEN/NOTIFY,1,2.461
LISTEN/NOTIFY,1,2.687
LISTEN/NOTIFY,1,2.758
LISTEN/NOTIFY,1,2.06
LISTEN/NOTIFY,1,2.367
LISTEN/NOTIFY,1,21.511
LISTEN/NOTIFY,1,20.466
LISTEN/NOTIFY,1,16.076
LISTEN/NOTIFY,1,10.811
LISTEN/NOTIFY,1,4.29
LISTEN/NOTIFY,1,5.055
LISTEN/NOTIFY,1,4.036
LISTEN/NOTIFY,1,3.145
LISTEN/NOTIFY,1,2.829
LISTEN/NOTIFY,1,2.832
LISTEN/NOTIFY,1,2.712
LISTEN/NOTIFY,1,2.792
LISTEN/NOTIFY,1,2.86
LISTEN/NOTIFY,1,2.348
LISTEN/NOTIFY,1,2.847
LISTEN/NOTIFY,1,2.834
LISTEN/NOTIFY,1,2.735
LISTEN/NOTIFY,1,2.915
LISTEN/NOTIFY,1,2.793
LISTEN/NOTIFY,1,2.805
LISTEN/NOTIFY,1,2.767
LISTEN/NOTIFY,1,2.497
LISTEN/NOTIFY,1,2.772
LISTEN/NOTIFY,1,2.718
LISTEN/NOTIFY,1,2.819
LISTEN/NOTIFY,1,2.763
LISTEN/NOTIFY,1,2.81
LISTEN/NOTIFY,1,2.871
LISTEN/NOTIFY,1,2.833
LISTEN/NOTIFY,1,2.794
LISTEN/NOTIFY,1,2.872
LISTEN/NOTIFY,1,2.737
LISTEN/NOTIFY,1,2.754
LISTEN/NOTIFY,1,2.896
LISTEN/NOTIFY,1,2.685
LISTEN/NOTIFY,1,2.811
LISTEN/NOTIFY,1,2.755
LISTEN/NOTIFY,1,2.803
LISTEN/NOTIFY,1,2.81
LISTEN/NOTIFY,1,2.958
LISTEN/NOTIFY,1,2.905
LISTEN/NOTIFY,1,3.045
LISTEN/NOTIFY,1,2.9
LISTEN/NOTIFY,1,2.834
LISTEN/NOTIFY,1,2.675
LISTEN/NOTIFY,1,2.696
LISTEN/NOTIFY,1,2.935
LISTEN/NOTIFY,1,2.7
LISTEN/NOTIFY,1,2.361
LISTEN/NOTIFY,1,2.95
LISTEN/NOTIFY,1,2.975
LISTEN/NOTIFY,1,3.033
LISTEN/NOTIFY,1,3.047
poll 1 s,2,339.802
poll 1 s,2,335.252
poll 1 s,2,330.138
poll 1 s,2,324.805
poll 1 s,2,320.044
poll 1 s,2,315.146
poll 1 s,2,309.957
poll 1 s,2,305.023
poll 1 s,2,300.015
poll 1 s,2,294.907
poll 1 s,2,289.773
poll 1 s,2,285.171
poll 1 s,2,280.12
poll 1 s,2,274.733
poll 1 s,2,269.921
poll 1 s,2,264.839
poll 1 s,2,259.831
poll 1 s,2,255.257
poll 1 s,2,249.868
poll 1 s,2,244.79
poll 1 s,2,239.461
poll 1 s,2,234.783
poll 1 s,2,230.189
poll 1 s,2,225.009
poll 1 s,2,219.988
poll 1 s,2,214.964
poll 1 s,2,210.038
poll 1 s,2,204.903
poll 1 s,2,199.647
poll 1 s,2,195.012
poll 1 s,2,189.693
poll 1 s,2,185.122
poll 1 s,2,180.052
poll 1 s,2,174.756
poll 1 s,2,169.98
poll 1 s,2,164.648
poll 1 s,2,160.192
poll 1 s,2,155.052
poll 1 s,2,149.706
poll 1 s,2,144.952
poll 1 s,2,139.92
poll 1 s,2,134.651
poll 1 s,2,130.023
poll 1 s,2,124.776
poll 1 s,2,119.714
poll 1 s,2,115.196
poll 1 s,2,109.9
poll 1 s,2,104.833
poll 1 s,2,99.575
poll 1 s,2,95.215
poll 1 s,2,90.022
poll 1 s,2,84.867
poll 1 s,2,79.719
poll 1 s,2,75.161
poll 1 s,2,70.044
poll 1 s,2,64.954
poll 1 s,2,59.654
poll 1 s,2,55.179
poll 1 s,2,49.9
poll 1 s,2,44.797
poll 1 s,2,39.743
poll 1 s,2,34.697
poll 1 s,2,30.211
poll 1 s,2,25.125
poll 1 s,2,19.919
poll 1 s,2,14.824
poll 1 s,2,14.507
poll 1 s,2,9.871
poll 1 s,2,4.792
poll 1 s,2,1006.125
poll 1 s,2,1001.126
poll 1 s,2,996.354
poll 1 s,2,991.262
poll 1 s,2,986.207
poll 1 s,2,980.545
poll 1 s,2,975.939
poll 1 s,2,971.388
poll 1 s,2,966.364
poll 1 s,2,961.055
poll 1 s,2,956.01
poll 1 s,2,951.117
poll 1 s,2,946.358
poll 1 s,2,941.222
poll 1 s,2,936.086
poll 1 s,2,931.13
poll 1 s,2,925.992
poll 1 s,2,921.35
poll 1 s,2,916.013
poll 1 s,2,911.24
poll 1 s,2,906.179
poll 1 s,2,901.171
poll 1 s,2,896.022
poll 1 s,2,891.488
poll 1 s,2,886.317
poll 1 s,2,880.771
poll 1 s,2,876.322
poll 1 s,2,871.332
poll 1 s,2,866.281
poll 1 s,2,861.029
poll 1 s,2,856.396
poll 1 s,2,851.239
poll 1 s,2,846.289
poll 1 s,2,841.214
poll 1 s,2,836.093
poll 1 s,2,830.88
poll 1 s,2,826.526
poll 1 s,2,821.362
poll 1 s,2,816.098
poll 1 s,2,810.989
poll 1 s,2,806.113
poll 1 s,2,801.101
poll 1 s,2,796.177
poll 1 s,2,790.979
poll 1 s,2,786.095
poll 1 s,2,781.004
poll 1 s,2,776.395
poll 1 s,2,771.136
poll 1 s,2,766.493
poll 1 s,2,761.086
poll 1 s,2,756.226
poll 1 s,2,750.981
poll 1 s,2,746.556
poll 1 s,2,741.239
poll 1 s,2,736.129
poll 1 s,2,731.16
poll 1 s,2,725.938
poll 1 s,2,721.429
poll 1 s,2,716.45
poll 1 s,2,710.861
poll 1 s,2,706.582
poll 1 s,2,701.174
poll 1 s,2,696.137
poll 1 s,2,691.509
poll 1 s,2,686.219
poll 1 s,2,681.211
poll 1 s,2,676.07
poll 1 s,2,671.203
poll 1 s,2,666.189
poll 1 s,2,660.926
poll 1 s,2,656.396
poll 1 s,2,650.953
poll 1 s,2,645.917
poll 1 s,2,641.04
poll 1 s,2,636.356
poll 1 s,2,631.254
poll 1 s,2,626.093
poll 1 s,2,621.133
poll 1 s,2,615.987
poll 1 s,2,611.166
poll 1 s,2,606.155
poll 1 s,2,601.012
poll 1 s,2,596.406
poll 1 s,2,591.332
poll 1 s,2,586.217
poll 1 s,2,581.12
poll 1 s,2,576.239
poll 1 s,2,570.864
poll 1 s,2,566.429
poll 1 s,2,561.175
poll 1 s,2,556.057
poll 1 s,2,551.5
poll 1 s,2,546.452
poll 1 s,2,541.209
poll 1 s,2,536.346
poll 1 s,2,530.892
poll 1 s,2,526.586
poll 1 s,2,521.463
poll 1 s,2,516.293
poll 1 s,2,511.116
poll 1 s,2,511.448
poll 1 s,2,506.491
poll 1 s,2,501.958
poll 1 s,2,496.839
poll 1 s,2,491.872
poll 1 s,2,486.799
poll 1 s,2,481.511
poll 1 s,2,476.696
poll 1 s,2,471.755
poll 1 s,2,466.599
poll 1 s,2,461.39
poll 1 s,2,456.305
poll 1 s,2,451.685
poll 1 s,2,446.447
poll 1 s,2,441.757
poll 1 s,2,436.468
poll 1 s,2,431.705
poll 1 s,2,426.705
poll 1 s,2,421.507
poll 1 s,2,416.452
poll 1 s,2,411.975
poll 1 s,2,406.593
poll 1 s,2,401.592
poll 1 s,2,396.51
poll 1 s,2,391.873
poll 1 s,2,386.735
poll 1 s,2,381.599
poll 1 s,2,376.74
poll 1 s,2,371.756
poll 1 s,2,366.531
poll 1 s,2,361.511
poll 1 s,2,356.938
poll 1 s,2,351.671
poll 1 s,2,346.51
poll 1 s,2,341.679
poll 1 s,2,336.605
poll 1 s,2,331.714
poll 1 s,2,326.603
poll 1 s,2,321.554
poll 1 s,2,316.304
poll 1 s,2,311.553
poll 1 s,2,306.428
poll 1 s,2,301.396
poll 1 s,2,296.391
poll 1 s,2,291.477
poll 1 s,2,286.907
poll 1 s,2,281.711
poll 1 s,2,276.549
poll 1 s,2,271.518
poll 1 s,2,266.409
poll 1 s,2,261.885
poll 1 s,2,256.671
poll 1 s,2,251.754
poll 1 s,2,246.71
poll 1 s,2,241.81
poll 1 s,2,236.55
poll 1 s,2,231.607
poll 1 s,2,226.56
poll 1 s,2,221.502
poll 1 s,2,216.33
poll 1 s,2,211.449
poll 1 s,2,206.843
poll 1 s,2,201.551
poll 1 s,2,196.806
poll 1 s,2,191.734
poll 1 s,2,186.656
poll 1 s,2,181.391
poll 1 s,2,176.731
poll 1 s,2,171.742
poll 1 s,2,166.39
poll 1 s,2,161.378
poll 1 s,2,156.872
poll 1 s,2,151.885
poll 1 s,2,146.362
poll 1 s,2,141.537
poll 1 s,2,136.993
poll 1 s,2,131.989
poll 1 s,2,126.859
poll 1 s,2,121.619
poll 1 s,2,116.391
poll 1 s,2,111.555
poll 1 s,2,106.821
poll 1 s,2,101.889
poll 1 s,2,96.903
poll 1 s,2,91.799
poll 1 s,2,86.476
poll 1 s,2,81.64
poll 1 s,2,76.484
poll 1 s,2,71.657
poll 1 s,2,66.636
poll 1 s,2,61.383
poll 1 s,2,56.489
poll 1 s,2,51.358
poll 1 s,2,46.815
poll 1 s,2,41.579
poll 1 s,2,36.588
poll 1 s,2,26.638
poll 1 s,2,31.805
poll 1 s,2,20.787
poll 1 s,2,16.717
poll 1 s,2,16.541
poll 1 s,2,11.343
poll 1 s,2,6.247
poll 1 s,2,1007.397
poll 1 s,2,1002.209
poll 1 s,2,997.081
poll 1 s,2,992.579
poll 1 s,2,987.396
poll 1 s,2,982.404
poll 1 s,2,977.35
poll 1 s,2,972.206
poll 1 s,2,967.167
poll 1 s,2,962.095
poll 1 s,2,957.43
poll 1 s,2,952.498
poll 1 s,2,947.308
poll 1 s,2,942.356
poll 1 s,2,937.547
poll 1 s,2,932.476
poll 1 s,2,927.419
poll 1 s,2,922.237
poll 1 s,2,917.663
poll 1 s,2,912.517
poll 1 s,2,907.386
poll 1 s,2,902.283
poll 1 s,2,897.256
poll 1 s,2,892.177
poll 1 s,2,887.507
poll 1 s,2,882.632
poll 1 s,2,877.172
poll 1 s,2,872.404
poll 1 s,2,867.247
poll 1 s,2,862.515
poll 1 s,2,857.4
poll 1 s,2,852.213
poll 1 s,2,847.38
poll 1 s,2,842.314
poll 1 s,2,837.282
poll 1 s,2,832.155
poll 1 s,2,827.065
poll 1 s,2,822.599
poll 1 s,2,817.466
poll 1 s,2,812.516
poll 1 s,2,807.38
poll 1 s,2,802.263
poll 1 s,2,797.219
poll 1 s,2,792.819
poll 1 s,2,787.451
poll 1 s,2,782.319
poll 1 s,2,777.49
poll 1 s,2,772.468
poll 1 s,2,767.521
poll 1 s,2,762.683
poll 1 s,2,757.398
poll 1 s,2,752.352
poll 1 s,2,747.405
poll 1 s,2,742.562
poll 1 s,2,737.463
poll 1 s,2,732.486
poll 1 s,2,727.785
poll 1 s,2,722.681
poll 1 s,2,717.208
poll 1 s,2,712.593
poll 1 s,2,707.34
poll 1 s,2,702.512
poll 1 s,2,697.342
poll 1 s,2,692.319
poll 1 s,2,687.176
poll 1 s,2,682.61
poll 1 s,2,677.306
poll 1 s,2,672.525
poll 1 s,2,667.38
poll 1 s,2,662.103
poll 1 s,2,657.47
poll 1 s,2,652.263
poll 1 s,2,647.38
poll 1 s,2,642.444
poll 1 s,2,637.621
poll 1 s,2,632.403
poll 1 s,2,627.571
poll 1 s,2,622.233
poll 1 s,2,617.091
poll 1 s,2,612.683
poll 1 s,2,607.546
poll 1 s,2,602.637
poll 1 s,2,597.287
poll 1 s,2,592.339
poll 1 s,2,587.355
poll 1 s,2,582.387
poll 1 s,2,577.205
poll 1 s,2,572.169
poll 1 s,2,567.626
poll 1 s,2,562.586
poll 1 s,2,557.276
poll 1 s,2,552.432
poll 1 s,2,547.487
poll 1 s,2,542.246
poll 1 s,2,537.362
poll 1 s,2,527.578
poll 1 s,2,522.616
poll 1 s,2,532.692
poll 1 s,2,516.796
poll 1 s,2,512.555
poll 1 s,2,512.967
poll 1 s,2,508.067
poll 1 s,2,503.029
poll 1 s,2,498.014
poll 1 s,2,493.056
poll 1 s,2,488.032
poll 1 s,2,482.933
poll 1 s,2,477.703
poll 1 s,2,472.89
poll 1 s,2,467.893
poll 1 s,2,463.237
poll 1 s,2,458.268
poll 1 s,2,452.967
poll 1 s,2,447.916
poll 1 s,2,442.91
poll 1 s,2,438.251
poll 1 s,2,433.179
poll 1 s,2,428.074
poll 1 s,2,423.003
poll 1 s,2,417.978
poll 1 s,2,413.039
poll 1 s,2,407.8
poll 1 s,2,402.798
poll 1 s,2,397.747
poll 1 s,2,392.526
poll 1 s,2,387.659
poll 1 s,2,383.014
poll 1 s,2,378.165
poll 1 s,2,372.679
poll 1 s,2,368.062
poll 1 s,2,363.052
poll 1 s,2,357.713
poll 1 s,2,352.832
poll 1 s,2,348.196
poll 1 s,2,343.038
poll 1 s,2,338.017
poll 1 s,2,333.019
poll 1 s,2,327.838
poll 1 s,2,322.882
poll 1 s,2,317.918
poll 1 s,2,312.784
poll 1 s,2,307.953
poll 1 s,2,302.789
poll 1 s,2,298.135
poll 1 s,2,293.1
poll 1 s,2,287.97
poll 1 s,2,282.974
poll 1 s,2,277.93
poll 1 s,2,272.469
poll 1 s,2,267.747
poll 1 s,2,262.971
poll 1 s,2,257.69
poll 1 s,2,252.973
poll 1 s,2,247.991
poll 1 s,2,242.697
poll 1 s,2,237.901
poll 1 s,2,232.874
poll 1 s,2,227.705
poll 1 s,2,223.246
poll 1 s,2,217.919
poll 1 s,2,212.875
poll 1 s,2,208.045
poll 1 s,2,203.019
poll 1 s,2,198.029
poll 1 s,2,192.931
poll 1 s,2,188.036
poll 1 s,2,183.073
poll 1 s,2,178.183
poll 1 s,2,173.093
poll 1 s,2,167.962
poll 1 s,2,162.887
poll 1 s,2,157.811
poll 1 s,2,152.695
poll 1 s,2,147.733
poll 1 s,2,143.172
poll 1 s,2,138.122
poll 1 s,2,132.689
poll 1 s,2,127.682
poll 1 s,2,122.763
poll 1 s,2,117.702
poll 1 s,2,113.025
poll 1 s,2,108.051
poll 1 s,2,102.928
poll 1 s,2,97.743
poll 1 s,2,92.801
poll 1 s,2,87.829
poll 1 s,2,82.702
poll 1 s,2,77.786
poll 1 s,2,72.601
poll 1 s,2,68.137
poll 1 s,2,62.679
poll 1 s,2,57.908
poll 1 s,2,52.692
poll 1 s,2,47.737
poll 1 s,2,42.558
poll 1 s,2,38.013
poll 1 s,2,31.761
poll 1 s,2,28.037
poll 1 s,2,23.04
poll 1 s,2,17.852
poll 1 s,2,18.316
poll 1 s,2,13.762
poll 1 s,2,8.552
poll 1 s,2,3.445
poll 1 s,2,1004.118
poll 1 s,2,999.643
poll 1 s,2,994.623
poll 1 s,2,989.121
poll 1 s,2,984.708
poll 1 s,2,979.592
poll 1 s,2,974.309
poll 1 s,2,969.692
poll 1 s,2,964.504
poll 1 s,2,959.629
poll 1 s,2,954.206
poll 1 s,2,949.526
poll 1 s,2,944.612
poll 1 s,2,939.459
poll 1 s,2,934.491
poll 1 s,2,929.215
poll 1 s,2,924.565
poll 1 s,2,919.496
poll 1 s,2,914.184
poll 1 s,2,909.621
poll 1 s,2,904.456
poll 1 s,2,899.444
poll 1 s,2,894.114
poll 1 s,2,889.57
poll 1 s,2,884.545
poll 1 s,2,879.385
poll 1 s,2,874.4
poll 1 s,2,869.338
poll 1 s,2,864.693
poll 1 s,2,859.667
poll 1 s,2,854.33
poll 1 s,2,849.62
poll 1 s,2,844.623
poll 1 s,2,839.579
poll 1 s,2,834.643
poll 1 s,2,829.514
poll 1 s,2,824.435
poll 1 s,2,819.643
poll 1 s,2,814.361
poll 1 s,2,809.419
poll 1 s,2,804.197
poll 1 s,2,799.111
poll 1 s,2,794.528
poll 1 s,2,788.881
poll 1 s,2,784.323
poll 1 s,2,779.295
poll 1 s,2,774.159
poll 1 s,2,769.205
poll 1 s,2,764.727
poll 1 s,2,759.536
poll 1 s,2,754.513
poll 1 s,2,749.63
poll 1 s,2,744.579
poll 1 s,2,739.558
poll 1 s,2,734.564
poll 1 s,2,729.656
poll 1 s,2,724.488
poll 1 s,2,719.486
poll 1 s,2,714.421
poll 1 s,2,709.163
poll 1 s,2,704.136
poll 1 s,2,699.433
poll 1 s,2,694.299
poll 1 s,2,689.711
poll 1 s,2,684.692
poll 1 s,2,679.677
poll 1 s,2,674.449
poll 1 s,2,669.453
poll 1 s,2,664.028
poll 1 s,2,659.384
poll 1 s,2,654.222
poll 1 s,2,649.064
poll 1 s,2,644.74
poll 1 s,2,639.564
poll 1 s,2,634.458
poll 1 s,2,629.517
poll 1 s,2,624.326
poll 1 s,2,619.214
poll 1 s,2,613.987
poll 1 s,2,609.276
poll 1 s,2,604.654
poll 1 s,2,599.393
poll 1 s,2,593.818
poll 1 s,2,589.311
poll 1 s,2,584.298
poll 1 s,2,579.282
poll 1 s,2,564.165
poll 1 s,2,574.14
poll 1 s,2,569.506
poll 1 s,2,558.41
poll 1 s,2,554.508
poll 1 s,2,549.358
poll 1 s,2,544.394
poll 1 s,2,539.644
poll 1 s,2,534.507
poll 1 s,2,529.217
poll 1 s,2,524.466
poll 1 s,2,519.316
poll 1 s,2,514.671
poll 1 s,2,509.544
poll 1 s,2,509.442
poll 1 s,2,504.189
poll 1 s,2,499.531
poll 1 s,2,494.137
poll 1 s,2,489.308
poll 1 s,2,484.558
poll 1 s,2,479.313
poll 1 s,2,474.44
poll 1 s,2,469.3
poll 1 s,2,464.491
poll 1 s,2,459.314
poll 1 s,2,454.28
poll 1 s,2,449.175
poll 1 s,2,444.122
poll 1 s,2,439.228
poll 1 s,2,434.611
poll 1 s,2,429.52
poll 1 s,2,424.532
poll 1 s,2,419.239
poll 1 s,2,414.303
poll 1 s,2,409.138
poll 1 s,2,404.203
poll 1 s,2,399.6
poll 1 s,2,394.187
poll 1 s,2,389.531
poll 1 s,2,384.426
poll 1 s,2,379.439
poll 1 s,2,374.661
poll 1 s,2,369.667
poll 1 s,2,364.493
poll 1 s,2,359.503
poll 1 s,2,354.446
poll 1 s,2,349.439
poll 1 s,2,343.649
poll 1 s,2,338.665
poll 1 s,2,334.446
poll 1 s,2,329.361
poll 1 s,2,324.141
poll 1 s,2,319.499
poll 1 s,2,314.393
poll 1 s,2,309.351
poll 1 s,2,304.207
poll 1 s,2,299.625
poll 1 s,2,294.527
poll 1 s,2,289.527
poll 1 s,2,284.549
poll 1 s,2,279.306
poll 1 s,2,274.466
poll 1 s,2,269.314
poll 1 s,2,264.051
poll 1 s,2,259.127
poll 1 s,2,254.141
poll 1 s,2,249.692
poll 1 s,2,244.464
poll 1 s,2,239.203
poll 1 s,2,234.389
poll 1 s,2,228.926
poll 1 s,2,224.192
poll 1 s,2,219.223
poll 1 s,2,214.04
poll 1 s,2,209.392
poll 1 s,2,204.216
poll 1 s,2,199.096
poll 1 s,2,194.083
poll 1 s,2,188.89
poll 1 s,2,184.179
poll 1 s,2,179.457
poll 1 s,2,174.671
poll 1 s,2,169.626
poll 1 s,2,164.6
poll 1 s,2,159.393
poll 1 s,2,154.39
poll 1 s,2,149.328
poll 1 s,2,144.291
poll 1 s,2,139.295
poll 1 s,2,134.59
poll 1 s,2,129.11
poll 1 s,2,124.509
poll 1 s,2,119.028
poll 1 s,2,114.556
poll 1 s,2,109.367
poll 1 s,2,104.22
poll 1 s,2,99.061
poll 1 s,2,94.501
poll 1 s,2,89.566
poll 1 s,2,84.334
poll 1 s,2,79.397
poll 1 s,2,74.624
poll 1 s,2,69.403
poll 1 s,2,64.461
poll 1 s,2,59.401
poll 1 s,2,54.163
poll 1 s,2,49.074
poll 1 s,2,44.593
poll 1 s,2,34.319
poll 1 s,2,29.042
poll 1 s,2,39.536
poll 1 s,2,23.576
poll 1 s,2,19.582
poll 1 s,2,14.482
poll 1 s,2,13.643
poll 1 s,2,8.38
poll 1 s,2,3.849
poll 1 s,2,1004.317
poll 1 s,2,999.136
poll 1 s,2,994.067
poll 1 s,2,989.1
poll 1 s,2,983.973
poll 1 s,2,978.61
poll 1 s,2,974.283
poll 1 s,2,969.14
poll 1 s,2,964.315
poll 1 s,2,959.467
poll 1 s,2,954.179
poll 1 s,2,949.1
poll 1 s,2,944.057
poll 1 s,2,939.267
poll 1 s,2,934.417
poll 1 s,2,929.305
poll 1 s,2,924.041
poll 1 s,2,919.069
poll 1 s,2,914.131
poll 1 s,2,909.0
poll 1 s,2,904.149
poll 1 s,2,898.974
poll 1 s,2,893.843
poll 1 s,2,889.254
poll 1 s,2,884.401
poll 1 s,2,879.431
poll 1 s,2,874.106
poll 1 s,2,869.08
poll 1 s,2,864.385
poll 1 s,2,859.409
poll 1 s,2,854.073
poll 1 s,2,848.881
poll 1 s,2,843.954
poll 1 s,2,838.775
poll 1 s,2,834.303
poll 1 s,2,829.183
poll 1 s,2,824.245
poll 1 s,2,819.199
poll 1 s,2,814.01
poll 1 s,2,809.098
poll 1 s,2,804.025
poll 1 s,2,799.037
poll 1 s,2,794.125
poll 1 s,2,789.066
poll 1 s,2,784.093
poll 1 s,2,778.95
poll 1 s,2,774.441
poll 1 s,2,769.382
poll 1 s,2,764.146
poll 1 s,2,759.216
poll 1 s,2,754.428
poll 1 s,2,749.235
poll 1 s,2,744.214
poll 1 s,2,739.258
poll 1 s,2,734.303
poll 1 s,2,729.293
poll 1 s,2,724.235
poll 1 s,2,719.342
poll 1 s,2,714.161
poll 1 s,2,709.168
poll 1 s,2,704.205
poll 1 s,2,699.144
poll 1 s,2,694.159
poll 1 s,2,689.035
poll 1 s,2,683.923
poll 1 s,2,679.27
poll 1 s,2,674.3
poll 1 s,2,669.228
poll 1 s,2,663.914
poll 1 s,2,659.201
poll 1 s,2,653.88
poll 1 s,2,649.494
poll 1 s,2,644.123
poll 1 s,2,638.999
poll 1 s,2,634.213
poll 1 s,2,628.927
poll 1 s,2,623.873
poll 1 s,2,619.411
poll 1 s,2,613.924
poll 1 s,2,608.669
poll 1 s,2,604.259
poll 1 s,2,598.989
poll 1 s,2,594.058
poll 1 s,2,588.978
poll 1 s,2,584.221
poll 1 s,2,579.192
poll 1 s,2,574.429
poll 1 s,2,569.151
poll 1 s,2,564.194
poll 1 s,2,558.896
poll 1 s,2,554.181
poll 1 s,2,549.135
poll 1 s,2,544.463
poll 1 s,2,539.323
poll 1 s,2,524.035
poll 1 s,2,529.149
poll 1 s,2,534.349
poll 1 s,2,518.428
poll 1 s,2,514.039
poll 1 s,2,509.254
poll 1 s,2,509.693
poll 1 s,2,504.567
poll 1 s,2,499.588
poll 1 s,2,494.965
poll 1 s,2,489.842
poll 1 s,2,484.375
poll 1 s,2,479.88
poll 1 s,2,474.766
poll 1 s,2,469.658
poll 1 s,2,464.45
poll 1 s,2,459.758
poll 1 s,2,454.683
poll 1 s,2,450.025
poll 1 s,2,444.921
poll 1 s,2,439.617
poll 1 s,2,434.722
poll 1 s,2,429.857
poll 1 s,2,424.846
poll 1 s,2,419.599
poll 1 s,2,415.083
poll 1 s,2,409.947
poll 1 s,2,404.761
poll 1 s,2,399.597
poll 1 s,2,394.874
poll 1 s,2,389.79
poll 1 s,2,384.354
poll 1 s,2,380.033
poll 1 s,2,374.557
poll 1 s,2,369.637
poll 1 s,2,364.51
poll 1 s,2,359.841
poll 1 s,2,354.788
poll 1 s,2,349.746
poll 1 s,2,344.529
poll 1 s,2,339.484
poll 1 s,2,334.978
poll 1 s,2,329.683
poll 1 s,2,324.735
poll 1 s,2,319.751
poll 1 s,2,314.821
poll 1 s,2,309.694
poll 1 s,2,304.697
poll 1 s,2,299.672
poll 1 s,2,294.74
poll 1 s,2,289.591
poll 1 s,2,284.681
poll 1 s,2,279.552
poll 1 s,2,274.571
poll 1 s,2,269.476
poll 1 s,2,264.87
poll 1 s,2,259.848
poll 1 s,2,254.768
poll 1 s,2,249.957
poll 1 s,2,245.035
poll 1 s,2,239.672
poll 1 s,2,234.438
poll 1 s,2,229.999
poll 1 s,2,224.913
poll 1 s,2,219.612
poll 1 s,2,214.612
poll 1 s,2,209.593
poll 1 s,2,204.315
poll 1 s,2,199.872
poll 1 s,2,194.707
poll 1 s,2,189.274
poll 1 s,2,185.033
poll 1 s,2,180.08
poll 1 s,2,174.474
poll 1 s,2,170.033
poll 1 s,2,164.986
poll 1 s,2,159.384
poll 1 s,2,154.857
poll 1 s,2,149.972
poll 1 s,2,144.835
poll 1 s,2,139.614
poll 1 s,2,134.644
poll 1 s,2,130.079
poll 1 s,2,124.877
poll 1 s,2,119.701
poll 1 s,2,114.831
poll 1 s,2,109.896
poll 1 s,2,104.34
poll 1 s,2,100.052
poll 1 s,2,94.907
poll 1 s,2,89.912
poll 1 s,2,85.058
poll 1 s,2,80.006
poll 1 s,2,74.545
poll 1 s,2,69.531
poll 1 s,2,64.943
poll 1 s,2,59.831
poll 1 s,2,54.799
poll 1 s,2,49.765
poll 1 s,2,44.628
poll 1 s,2,39.603
poll 1 s,2,34.756
poll 1 s,2,29.724
poll 1 s,2,24.658
poll 1 s,2,19.565
poll 1 s,2,14.615
poll 1 s,2,14.021
poll 1 s,2,8.878
poll 1 s,2,4.363
poll 1 s,2,1005.091
poll 1 s,2,1000.133
poll 1 s,2,995.137
poll 1 s,2,990.087
poll 1 s,2,985.106
poll 1 s,2,979.969
poll 1 s,2,974.867
poll 1 s,2,969.947
poll 1 s,2,964.883
poll 1 s,2,959.882
poll 1 s,2,954.833
poll 1 s,2,949.63
poll 1 s,2,944.8
poll 1 s,2,940.265
poll 1 s,2,935.209
poll 1 s,2,930.138
poll 1 s,2,925.014
poll 1 s,2,920.127
poll 1 s,2,914.88
poll 1 s,2,909.955
poll 1 s,2,904.937
poll 1 s,2,900.006
poll 1 s,2,894.937
poll 1 s,2,889.924
poll 1 s,2,884.74
poll 1 s,2,879.614
poll 1 s,2,874.402
poll 1 s,2,870.262
poll 1 s,2,865.192
poll 1 s,2,860.137
poll 1 s,2,855.13
poll 1 s,2,850.127
poll 1 s,2,845.028
poll 1 s,2,839.807
poll 1 s,2,834.798
poll 1 s,2,829.742
poll 1 s,2,824.779
poll 1 s,2,819.786
poll 1 s,2,815.193
poll 1 s,2,810.036
poll 1 s,2,804.74
poll 1 s,2,799.719
poll 1 s,2,795.174
poll 1 s,2,789.677
poll 1 s,2,785.221
poll 1 s,2,780.046
poll 1 s,2,775.087
poll 1 s,2,769.878
poll 1 s,2,765.231
poll 1 s,2,760.208
poll 1 s,2,754.88
poll 1 s,2,749.961
poll 1 s,2,744.683
poll 1 s,2,740.175
poll 1 s,2,734.994
poll 1 s,2,729.735
poll 1 s,2,724.965
poll 1 s,2,720.167
poll 1 s,2,715.006
poll 1 s,2,710.006
poll 1 s,2,704.717
poll 1 s,2,700.268
poll 1 s,2,695.003
poll 1 s,2,689.545
poll 1 s,2,684.686
poll 1 s,2,679.99
poll 1 s,2,675.059
poll 1 s,2,670.206
poll 1 s,2,664.853
poll 1 s,2,659.75
poll 1 s,2,654.973
poll 1 s,2,650.25
poll 1 s,2,645.206
poll 1 s,2,640.012
poll 1 s,2,634.954
poll 1 s,2,629.79
poll 1 s,2,624.886
poll 1 s,2,620.006
poll 1 s,2,615.215
poll 1 s,2,610.186
poll 1 s,2,604.896
poll 1 s,2,599.906
poll 1 s,2,594.825
poll 1 s,2,589.898
poll 1 s,2,584.852
poll 1 s,2,579.657
poll 1 s,2,575.101
poll 1 s,2,570.163
poll 1 s,2,565.063
poll 1 s,2,560.328
poll 1 s,2,555.055
poll 1 s,2,550.001
poll 1 s,2,545.065
poll 1 s,2,540.003
poll 1 s,2,535.118
poll 1 s,2,529.852
poll 1 s,2,524.972
poll 1 s,2,519.715
poll 1 s,2,515.26
poll 1 s,2,510.168
poll 1 s,2,510.552
poll 1 s,2,505.599
poll 1 s,2,500.687
poll 1 s,2,495.691
poll 1 s,2,490.651
poll 1 s,2,485.511
poll 1 s,2,480.377
poll 1 s,2,475.461
poll 1 s,2,470.316
poll 1 s,2,465.827
poll 1 s,2,460.752
poll 1 s,2,455.812
poll 1 s,2,450.718
poll 1 s,2,445.488
poll 1 s,2,440.509
poll 1 s,2,435.331
poll 1 s,2,430.363
poll 1 s,2,425.247
poll 1 s,2,420.368
poll 1 s,2,415.389
poll 1 s,2,410.748
poll 1 s,2,405.197
poll 1 s,2,400.652
poll 1 s,2,395.582
poll 1 s,2,390.42
poll 1 s,2,385.378
poll 1 s,2,380.572
poll 1 s,2,375.427
poll 1 s,2,370.33
poll 1 s,2,365.431
poll 1 s,2,360.433
poll 1 s,2,355.438
poll 1 s,2,350.662
poll 1 s,2,345.703
poll 1 s,2,340.593
poll 1 s,2,335.356
poll 1 s,2,330.363
poll 1 s,2,325.791
poll 1 s,2,320.648
poll 1 s,2,315.436
poll 1 s,2,310.214
poll 1 s,2,305.718
poll 1 s,2,300.616
poll 1 s,2,295.57
poll 1 s,2,290.779
poll 1 s,2,285.495
poll 1 s,2,280.57
poll 1 s,2,275.325
poll 1 s,2,270.384
poll 1 s,2,265.393
poll 1 s,2,260.203
poll 1 s,2,255.801
poll 1 s,2,250.622
poll 1 s,2,245.479
poll 1 s,2,240.499
poll 1 s,2,235.346
poll 1 s,2,230.431
poll 1 s,2,225.334
poll 1 s,2,220.794
poll 1 s,2,215.563
poll 1 s,2,210.41
poll 1 s,2,205.6
poll 1 s,2,200.502
poll 1 s,2,195.565
poll 1 s,2,190.665
poll 1 s,2,185.239
poll 1 s,2,180.437
poll 1 s,2,175.64
poll 1 s,2,170.52
poll 1 s,2,165.327
poll 1 s,2,160.564
poll 1 s,2,155.633
poll 1 s,2,150.413
poll 1 s,2,145.349
poll 1 s,2,140.622
poll 1 s,2,135.281
poll 1 s,2,130.328
poll 1 s,2,125.025
poll 1 s,2,120.69
poll 1 s,2,115.507
poll 1 s,2,110.298
poll 1 s,2,105.8
poll 1 s,2,100.676
poll 1 s,2,95.793
poll 1 s,2,90.609
poll 1 s,2,85.511
poll 1 s,2,80.756
poll 1 s,2,75.665
poll 1 s,2,70.523
poll 1 s,2,65.25
poll 1 s,2,59.968
poll 1 s,2,55.405
poll 1 s,2,50.326
poll 1 s,2,45.705
poll 1 s,2,40.6
poll 1 s,2,35.568
poll 1 s,2,30.458
poll 1 s,2,25.406
poll 1 s,2,20.715
poll 1 s,2,15.485
poll 1 s,2,14.451
poll 1 s,2,9.184
poll 1 s,2,4.046
poll 1 s,2,1005.303
poll 1 s,2,1000.768
poll 1 s,2,995.399
poll 1 s,2,990.625
poll 1 s,2,985.682
poll 1 s,2,980.753
poll 1 s,2,975.725
poll 1 s,2,970.488
poll 1 s,2,965.543
poll 1 s,2,960.472
poll 1 s,2,955.853
poll 1 s,2,950.377
poll 1 s,2,945.711
poll 1 s,2,940.717
poll 1 s,2,935.379
poll 1 s,2,930.372
poll 1 s,2,925.843
poll 1 s,2,920.441
poll 1 s,2,915.735
poll 1 s,2,910.462
poll 1 s,2,905.507
poll 1 s,2,900.351
poll 1 s,2,895.234
poll 1 s,2,890.507
poll 1 s,2,885.437
poll 1 s,2,880.937
poll 1 s,2,875.855
poll 1 s,2,870.705
poll 1 s,2,865.755
poll 1 s,2,860.694
poll 1 s,2,855.835
poll 1 s,2,850.435
poll 1 s,2,845.049
poll 1 s,2,840.782
poll 1 s,2,835.525
poll 1 s,2,830.52
poll 1 s,2,825.584
poll 1 s,2,820.355
poll 1 s,2,815.482
poll 1 s,2,810.261
poll 1 s,2,805.876
poll 1 s,2,800.547
poll 1 s,2,795.358
poll 1 s,2,790.223
poll 1 s,2,785.572
poll 1 s,2,780.166
poll 1 s,2,775.745
poll 1 s,2,770.718
poll 1 s,2,765.458
poll 1 s,2,760.238
poll 1 s,2,755.821
poll 1 s,2,750.713
poll 1 s,2,745.428
poll 1 s,2,740.492
poll 1 s,2,735.622
poll 1 s,2,730.55
poll 1 s,2,725.878
poll 1 s,2,720.711
poll 1 s,2,715.795
poll 1 s,2,710.49
poll 1 s,2,705.435
poll 1 s,2,700.389
poll 1 s,2,695.799
poll 1 s,2,690.781
poll 1 s,2,685.566
poll 1 s,2,680.334
poll 1 s,2,675.816
poll 1 s,2,670.569
poll 1 s,2,665.78
poll 1 s,2,660.641
poll 1 s,2,655.551
poll 1 s,2,650.882
poll 1 s,2,645.804
poll 1 s,2,640.736
poll 1 s,2,635.51
poll 1 s,2,630.595
poll 1 s,2,625.417
poll 1 s,2,620.261
poll 1 s,2,615.468
poll 1 s,2,610.286
poll 1 s,2,605.833
poll 1 s,2,600.903
poll 1 s,2,595.724
poll 1 s,2,590.791
poll 1 s,2,585.821
poll 1 s,2,580.584
poll 1 s,2,575.453
poll 1 s,2,570.34
poll 1 s,2,565.455
poll 1 s,2,560.684
poll 1 s,2,555.787
poll 1 s,2,550.755
poll 1 s,2,545.726
poll 1 s,2,540.731
poll 1 s,2,535.552
poll 1 s,2,530.672
poll 1 s,2,525.465
poll 1 s,2,520.55
poll 1 s,2,515.767
poll 1 s,2,510.682
poll 1 s,2,523.473
poll 1 s,2,517.916
poll 1 s,2,513.322
poll 1 s,2,508.742
poll 1 s,2,503.8
poll 1 s,2,498.768
poll 1 s,2,493.575
poll 1 s,2,488.414
poll 1 s,2,483.584
poll 1 s,2,478.295
poll 1 s,2,473.807
poll 1 s,2,468.793
poll 1 s,2,463.106
poll 1 s,2,458.775
poll 1 s,2,453.613
poll 1 s,2,448.744
poll 1 s,2,443.611
poll 1 s,2,438.571
poll 1 s,2,433.571
poll 1 s,2,428.444
poll 1 s,2,423.766
poll 1 s,2,418.591
poll 1 s,2,413.267
poll 1 s,2,408.463
poll 1 s,2,403.543
poll 1 s,2,398.725
poll 1 s,2,393.557
poll 1 s,2,388.567
poll 1 s,2,383.7
poll 1 s,2,378.888
poll 1 s,2,373.51
poll 1 s,2,368.414
poll 1 s,2,363.442
poll 1 s,2,358.674
poll 1 s,2,353.794
poll 1 s,2,348.79
poll 1 s,2,343.797
poll 1 s,2,338.579
poll 1 s,2,333.616
poll 1 s,2,328.689
poll 1 s,2,323.697
poll 1 s,2,318.521
poll 1 s,2,313.339
poll 1 s,2,308.224
poll 1 s,2,303.448
poll 1 s,2,298.71
poll 1 s,2,293.491
poll 1 s,2,288.258
poll 1 s,2,283.419
poll 1 s,2,278.501
poll 1 s,2,273.35
poll 1 s,2,268.462
poll 1 s,2,263.389
poll 1 s,2,258.059
poll 1 s,2,253.596
poll 1 s,2,248.112
poll 1 s,2,243.386
poll 1 s,2,238.653
poll 1 s,2,233.567
poll 1 s,2,228.775
poll 1 s,2,223.625
poll 1 s,2,218.795
poll 1 s,2,213.636
poll 1 s,2,208.504
poll 1 s,2,203.881
poll 1 s,2,198.536
poll 1 s,2,193.567
poll 1 s,2,188.292
poll 1 s,2,183.355
poll 1 s,2,178.399
poll 1 s,2,173.72
poll 1 s,2,168.625
poll 1 s,2,163.299
poll 1 s,2,158.417
poll 1 s,2,153.403
poll 1 s,2,148.483
poll 1 s,2,143.47
poll 1 s,2,138.416
poll 1 s,2,133.778
poll 1 s,2,128.622
poll 1 s,2,123.782
poll 1 s,2,118.419
poll 1 s,2,113.634
poll 1 s,2,108.71
poll 1 s,2,103.372
poll 1 s,2,98.9
poll 1 s,2,93.587
poll 1 s,2,88.477
poll 1 s,2,83.56
poll 1 s,2,78.426
poll 1 s,2,73.38
poll 1 s,2,68.337
poll 1 s,2,63.601
poll 1 s,2,58.475
poll 1 s,2,53.836
poll 1 s,2,48.804
poll 1 s,2,43.512
poll 1 s,2,38.552
poll 1 s,2,33.531
poll 1 s,2,28.497
poll 1 s,2,27.515
poll 1 s,2,22.909
poll 1 s,2,12.582
poll 1 s,2,17.599
poll 1 s,2,8.012
poll 1 s,2,2.901
poll 1 s,2,1003.192
poll 1 s,2,998.067
poll 1 s,2,992.944
poll 1 s,2,987.411
poll 1 s,2,983.054
poll 1 s,2,977.706
poll 1 s,2,973.143
poll 1 s,2,968.002
poll 1 s,2,963.367
poll 1 s,2,958.002
poll 1 s,2,953.133
poll 1 s,2,948.01
poll 1 s,2,943.15
poll 1 s,2,938.262
poll 1 s,2,933.117
poll 1 s,2,928.31
poll 1 s,2,923.323
poll 1 s,2,918.254
poll 1 s,2,913.055
poll 1 s,2,907.993
poll 1 s,2,902.955
poll 1 s,2,897.85
poll 1 s,2,893.403
poll 1 s,2,888.317
poll 1 s,2,883.092
poll 1 s,2,878.007
poll 1 s,2,873.394
poll 1 s,2,868.177
poll 1 s,2,863.002
poll 1 s,2,857.941
poll 1 s,2,853.337
poll 1 s,2,848.295
poll 1 s,2,843.223
poll 1 s,2,838.024
poll 1 s,2,832.971
poll 1 s,2,827.86
poll 1 s,2,822.776
poll 1 s,2,818.165
poll 1 s,2,813.456
poll 1 s,2,808.0
poll 1 s,2,803.017
poll 1 s,2,797.918
poll 1 s,2,793.364
poll 1 s,2,788.22
poll 1 s,2,783.153
poll 1 s,2,778.161
poll 1 s,2,773.073
poll 1 s,2,768.208
poll 1 s,2,763.206
poll 1 s,2,758.025
poll 1 s,2,752.996
poll 1 s,2,748.132
poll 1 s,2,743.058
poll 1 s,2,738.352
poll 1 s,2,733.305
poll 1 s,2,728.056
poll 1 s,2,723.039
poll 1 s,2,717.921
poll 1 s,2,713.071
poll 1 s,2,707.941
poll 1 s,2,703.266
poll 1 s,2,697.938
poll 1 s,2,693.216
poll 1 s,2,688.333
poll 1 s,2,682.91
poll 1 s,2,678.119
poll 1 s,2,673.278
poll 1 s,2,668.031
poll 1 s,2,663.101
poll 1 s,2,657.981
poll 1 s,2,653.086
poll 1 s,2,647.929
poll 1 s,2,643.089
poll 1 s,2,638.286
poll 1 s,2,633.238
poll 1 s,2,627.945
poll 1 s,2,623.001
poll 1 s,2,618.339
poll 1 s,2,613.294
poll 1 s,2,608.178
poll 1 s,2,603.12
poll 1 s,2,597.841
poll 1 s,2,593.314
poll 1 s,2,588.08
poll 1 s,2,582.945
poll 1 s,2,577.898
poll 1 s,2,573.207
poll 1 s,2,568.002
poll 1 s,2,562.91
poll 1 s,2,557.767
poll 1 s,2,553.035
poll 1 s,2,547.769
poll 1 s,2,542.797
poll 1 s,2,538.19
poll 1 s,2,533.059
poll 1 s,2,528.281
poll 1 s,2,522.875
poll 1 s,2,517.951
poll 1 s,2,512.947
poll 1 s,2,508.534
poll 1 s,2,508.253
poll 1 s,2,502.346
poll 1 s,2,498.416
poll 1 s,2,493.764
poll 1 s,2,488.677
poll 1 s,2,483.51
poll 1 s,2,478.899
poll 1 s,2,473.548
poll 1 s,2,468.717
poll 1 s,2,463.65
poll 1 s,2,458.637
poll 1 s,2,453.689
poll 1 s,2,448.551
poll 1 s,2,443.609
poll 1 s,2,438.686
poll 1 s,2,433.314
poll 1 s,2,428.538
poll 1 s,2,423.382
poll 1 s,2,418.518
poll 1 s,2,413.363
poll 1 s,2,408.281
poll 1 s,2,403.781
poll 1 s,2,398.49
poll 1 s,2,393.438
poll 1 s,2,388.818
poll 1 s,2,383.526
poll 1 s,2,378.649
poll 1 s,2,373.425
poll 1 s,2,368.295
poll 1 s,2,363.428
poll 1 s,2,358.364
poll 1 s,2,353.591
poll 1 s,2,348.519
poll 1 s,2,343.473
poll 1 s,2,338.735
poll 1 s,2,333.519
poll 1 s,2,328.424
poll 1 s,2,323.891
poll 1 s,2,318.852
poll 1 s,2,313.746
poll 1 s,2,308.653
poll 1 s,2,303.378
poll 1 s,2,298.562
poll 1 s,2,293.349
poll 1 s,2,288.477
poll 1 s,2,283.3
poll 1 s,2,278.561
poll 1 s,2,273.283
poll 1 s,2,268.455
poll 1 s,2,263.559
poll 1 s,2,258.514
poll 1 s,2,253.313
poll 1 s,2,248.57
poll 1 s,2,243.693
poll 1 s,2,238.643
poll 1 s,2,233.527
poll 1 s,2,228.519
poll 1 s,2,223.562
poll 1 s,2,218.556
poll 1 s,2,213.431
poll 1 s,2,208.243
poll 1 s,2,203.654
poll 1 s,2,198.661
poll 1 s,2,193.542
poll 1 s,2,188.529
poll 1 s,2,183.451
poll 1 s,2,178.429
poll 1 s,2,173.516
poll 1 s,2,168.771
poll 1 s,2,163.437
poll 1 s,2,158.299
poll 1 s,2,153.267
poll 1 s,2,148.765
poll 1 s,2,143.307
poll 1 s,2,138.794
poll 1 s,2,133.483
poll 1 s,2,128.659
poll 1 s,2,123.622
poll 1 s,2,118.736
poll 1 s,2,113.888
poll 1 s,2,108.576
poll 1 s,2,103.301
poll 1 s,2,98.227
poll 1 s,2,93.76
poll 1 s,2,88.78
poll 1 s,2,83.56
poll 1 s,2,78.487
poll 1 s,2,73.174
poll 1 s,2,68.907
poll 1 s,2,63.649
poll 1 s,2,58.628
poll 1 s,2,53.605
poll 1 s,2,48.565
poll 1 s,2,43.511
poll 1 s,2,38.451
poll 1 s,2,33.569
poll 1 s,2,28.38
poll 1 s,2,23.762
poll 1 s,2,18.51
poll 1 s,2,13.495
poll 1 s,2,13.034
poll 1 s,2,8.119
poll 1 s,2,3.009
poll 1 s,2,1023.485
poll 1 s,2,1013.046
poll 1 s,2,1018.423
poll 1 s,2,1008.207
poll 1 s,2,1002.31
poll 1 s,2,998.504
poll 1 s,2,993.434
poll 1 s,2,988.174
poll 1 s,2,983.138
poll 1 s,2,978.027
poll 1 s,2,973.063
poll 1 s,2,968.064
poll 1 s,2,962.886
poll 1 s,2,958.004
poll 1 s,2,953.364
poll 1 s,2,948.222
poll 1 s,2,943.14
poll 1 s,2,938.021
poll 1 s,2,932.96
poll 1 s,2,928.591
poll 1 s,2,923.309
poll 1 s,2,918.137
poll 1 s,2,912.971
poll 1 s,2,908.438
poll 1 s,2,903.079
poll 1 s,2,898.036
poll 1 s,2,893.051
poll 1 s,2,887.817
poll 1 s,2,883.169
poll 1 s,2,878.116
poll 1 s,2,873.229
poll 1 s,2,868.124
poll 1 s,2,862.827
poll 1 s,2,857.941
poll 1 s,2,853.453
poll 1 s,2,848.335
poll 1 s,2,843.042
poll 1 s,2,838.013
poll 1 s,2,832.926
poll 1 s,2,828.094
poll 1 s,2,822.898
poll 1 s,2,817.969
poll 1 s,2,812.871
poll 1 s,2,808.088
poll 1 s,2,802.915
poll 1 s,2,798.298
poll 1 s,2,793.167
poll 1 s,2,788.323
poll 1 s,2,783.337
poll 1 s,2,778.139
poll 1 s,2,773.239
poll 1 s,2,768.08
poll 1 s,2,762.944
poll 1 s,2,758.178
poll 1 s,2,753.33
poll 1 s,2,748.134
poll 1 s,2,743.145
poll 1 s,2,737.968
poll 1 s,2,732.863
poll 1 s,2,728.374
poll 1 s,2,723.084
poll 1 s,2,718.183
poll 1 s,2,713.01
poll 1 s,2,708.037
poll 1 s,2,702.891
poll 1 s,2,698.435
poll 1 s,2,693.231
poll 1 s,2,688.218
poll 1 s,2,683.345
poll 1 s,2,678.223
poll 1 s,2,673.214
poll 1 s,2,668.108
poll 1 s,2,663.045
poll 1 s,2,658.399
poll 1 s,2,653.46
poll 1 s,2,648.139
poll 1 s,2,643.004
poll 1 s,2,637.941
poll 1 s,2,633.48
poll 1 s,2,628.317
poll 1 s,2,623.171
poll 1 s,2,618.222
poll 1 s,2,613.007
poll 1 s,2,608.392
poll 1 s,2,603.284
poll 1 s,2,597.957
poll 1 s,2,593.323
poll 1 s,2,588.069
poll 1 s,2,583.43
poll 1 s,2,578.328
poll 1 s,2,573.414
poll 1 s,2,568.412
poll 1 s,2,562.891
poll 1 s,2,557.939
poll 1 s,2,553.365
poll 1 s,2,548.237
poll 1 s,2,543.057
poll 1 s,2,538.14
poll 1 s,2,533.164
poll 1 s,2,527.956
poll 1 s,2,528.092
poll 1 s,2,523.557
poll 1 s,2,518.459
poll 1 s,2,513.507
poll 1 s,2,508.363
poll 1 s,2,503.548
poll 1 s,2,498.578
poll 1 s,2,493.235
poll 1 s,2,478.522
poll 1 s,2,488.29
poll 1 s,2,483.194
poll 1 s,2,472.498
poll 1 s,2,468.325
poll 1 s,2,463.361
poll 1 s,2,458.282
poll 1 s,2,453.154
poll 1 s,2,448.164
poll 1 s,2,443.103
poll 1 s,2,438.162
poll 1 s,2,433.543
poll 1 s,2,428.551
poll 1 s,2,423.603
poll 1 s,2,418.358
poll 1 s,2,413.139
poll 1 s,2,408.239
poll 1 s,2,403.571
poll 1 s,2,398.431
poll 1 s,2,393.328
poll 1 s,2,388.308
poll 1 s,2,383.34
poll 1 s,2,378.303
poll 1 s,2,373.224
poll 1 s,2,368.165
poll 1 s,2,363.511
poll 1 s,2,358.289
poll 1 s,2,353.215
poll 1 s,2,348.641
poll 1 s,2,343.216
poll 1 s,2,338.192
poll 1 s,2,333.442
poll 1 s,2,328.335
poll 1 s,2,323.368
poll 1 s,2,318.165
poll 1 s,2,313.086
poll 1 s,2,308.112
poll 1 s,2,303.131
poll 1 s,2,298.525
poll 1 s,2,293.292
poll 1 s,2,288.493
poll 1 s,2,283.358
poll 1 s,2,277.686
poll 1 s,2,273.42
poll 1 s,2,268.125
poll 1 s,2,263.126
poll 1 s,2,258.645
poll 1 s,2,253.498
poll 1 s,2,248.129
poll 1 s,2,243.191
poll 1 s,2,238.178
poll 1 s,2,233.252
poll 1 s,2,228.649
poll 1 s,2,223.638
poll 1 s,2,218.492
poll 1 s,2,213.296
poll 1 s,2,208.21
poll 1 s,2,202.95
poll 1 s,2,198.623
poll 1 s,2,193.432
poll 1 s,2,188.366
poll 1 s,2,183.621
poll 1 s,2,178.422
poll 1 s,2,173.347
poll 1 s,2,168.15
poll 1 s,2,163.629
poll 1 s,2,158.59
poll 1 s,2,153.44
poll 1 s,2,148.126
poll 1 s,2,143.464
poll 1 s,2,138.385
poll 1 s,2,133.513
poll 1 s,2,128.393
poll 1 s,2,123.466
poll 1 s,2,118.255
poll 1 s,2,113.206
poll 1 s,2,108.483
poll 1 s,2,103.493
poll 1 s,2,98.448
poll 1 s,2,93.256
poll 1 s,2,88.369
poll 1 s,2,83.413
poll 1 s,2,78.308
poll 1 s,2,73.527
poll 1 s,2,68.167
poll 1 s,2,63.04
poll 1 s,2,58.713
poll 1 s,2,53.078
poll 1 s,2,48.522
poll 1 s,2,43.404
poll 1 s,2,38.537
poll 1 s,2,33.31
poll 1 s,2,33.029
poll 1 s,2,28.036
poll 1 s,2,22.88
poll 1 s,2,17.806
poll 1 s,2,12.647
poll 1 s,2,8.033
poll 1 s,2,2.721
poll 1 s,2,1003.271
poll 1 s,2,998.755
poll 1 s,2,993.603
poll 1 s,2,983.578
poll 1 s,2,988.588
poll 1 s,2,978.389
poll 1 s,2,972.408
poll 1 s,2,968.513
poll 1 s,2,963.805
poll 1 s,2,958.783
poll 1 s,2,953.71
poll 1 s,2,948.642
poll 1 s,2,943.633
poll 1 s,2,938.477
poll 1 s,2,933.679
poll 1 s,2,928.519
poll 1 s,2,923.582
poll 1 s,2,918.519
poll 1 s,2,913.842
poll 1 s,2,908.754
poll 1 s,2,903.626
poll 1 s,2,898.634
poll 1 s,2,893.401
poll 1 s,2,888.421
poll 1 s,2,883.363
poll 1 s,2,878.739
poll 1 s,2,873.204
poll 1 s,2,868.41
poll 1 s,2,863.689
poll 1 s,2,858.607
poll 1 s,2,853.442
poll 1 s,2,848.427
poll 1 s,2,843.318
poll 1 s,2,838.012
poll 1 s,2,833.481
poll 1 s,2,828.476
poll 1 s,2,823.593
poll 1 s,2,818.427
poll 1 s,2,813.35
poll 1 s,2,808.363
poll 1 s,2,803.367
poll 1 s,2,798.177
poll 1 s,2,793.241
poll 1 s,2,788.846
poll 1 s,2,783.316
poll 1 s,2,778.33
poll 1 s,2,773.28
poll 1 s,2,768.145
poll 1 s,2,763.476
poll 1 s,2,758.476
poll 1 s,2,753.193
poll 1 s,2,748.417
poll 1 s,2,743.364
poll 1 s,2,738.235
poll 1 s,2,733.593
poll 1 s,2,728.499
poll 1 s,2,723.698
poll 1 s,2,718.724
poll 1 s,2,713.515
poll 1 s,2,708.577
poll 1 s,2,703.425
poll 1 s,2,698.469
poll 1 s,2,693.38
poll 1 s,2,688.74
poll 1 s,2,683.742
poll 1 s,2,678.678
poll 1 s,2,673.419
poll 1 s,2,668.428
poll 1 s,2,663.22
poll 1 s,2,658.655
poll 1 s,2,653.582
poll 1 s,2,648.889
poll 1 s,2,643.733
poll 1 s,2,638.633
poll 1 s,2,633.71
poll 1 s,2,628.423
poll 1 s,2,623.667
poll 1 s,2,618.566
poll 1 s,2,613.459
poll 1 s,2,608.785
poll 1 s,2,603.564
poll 1 s,2,598.614
poll 1 s,2,593.485
poll 1 s,2,588.51
poll 1 s,2,583.651
poll 1 s,2,578.416
poll 1 s,2,573.322
poll 1 s,2,568.352
poll 1 s,2,563.15
poll 1 s,2,558.885
poll 1 s,2,553.354
poll 1 s,2,548.463
poll 1 s,2,543.757
poll 1 s,2,538.827
poll 1 s,2,533.415
poll 1 s,2,528.528
poll 1 s,2,523.626
poll 1 s,2,518.43
poll 1 s,2,513.326
poll 100 ms,2,77.639
poll 100 ms,2,72.811
poll 100 ms,2,67.531
poll 100 ms,2,62.425
poll 100 ms,2,57.441
poll 100 ms,2,52.436
poll 100 ms,2,47.298
poll 100 ms,2,42.31
poll 100 ms,2,37.384
poll 100 ms,2,32.424
poll 100 ms,2,27.805
poll 100 ms,2,22.528
poll 100 ms,2,17.333
poll 100 ms,2,12.831
poll 100 ms,2,7.672
poll 100 ms,2,2.488
poll 100 ms,2,102.519
poll 100 ms,2,97.391
poll 100 ms,2,92.48
poll 100 ms,2,87.481
poll 100 ms,2,82.343
poll 100 ms,2,77.449
poll 100 ms,2,72.398
poll 100 ms,2,67.014
poll 100 ms,2,62.447
poll 100 ms,2,57.053
poll 100 ms,2,52.413
poll 100 ms,2,47.255
poll 100 ms,2,42.152
poll 100 ms,2,37.24
poll 100 ms,2,31.828
poll 100 ms,2,27.417
poll 100 ms,2,22.187
poll 100 ms,2,17.333
poll 100 ms,2,12.29
poll 100 ms,2,6.905
poll 100 ms,2,109.977
poll 100 ms,2,115.017
poll 100 ms,2,105.263
poll 100 ms,2,120.269
poll 100 ms,2,100.211
poll 100 ms,2,95.151
poll 100 ms,2,90.35
poll 100 ms,2,85.047
poll 100 ms,2,79.834
poll 100 ms,2,75.342
poll 100 ms,2,70.421
poll 100 ms,2,65.325
poll 100 ms,2,60.219
poll 100 ms,2,54.903
poll 100 ms,2,50.169
poll 100 ms,2,45.081
poll 100 ms,2,39.913
poll 100 ms,2,34.961
poll 100 ms,2,30.34
poll 100 ms,2,25.095
poll 100 ms,2,19.979
poll 100 ms,2,14.963
poll 100 ms,2,10.251
poll 100 ms,2,5.067
poll 100 ms,2,105.78
poll 100 ms,2,101.176
poll 100 ms,2,95.773
poll 100 ms,2,91.127
poll 100 ms,2,85.938
poll 100 ms,2,80.702
poll 100 ms,2,76.191
poll 100 ms,2,71.072
poll 100 ms,2,66.118
poll 100 ms,2,61.135
poll 100 ms,2,55.884
poll 100 ms,2,50.751
poll 100 ms,2,45.845
poll 100 ms,2,40.56
poll 100 ms,2,35.919
poll 100 ms,2,31.137
poll 100 ms,2,26.144
poll 100 ms,2,21.162
poll 100 ms,2,16.156
poll 100 ms,2,10.874
poll 100 ms,2,6.007
poll 100 ms,2,106.157
poll 100 ms,2,101.131
poll 100 ms,2,95.888
poll 100 ms,2,90.822
poll 100 ms,2,85.681
poll 100 ms,2,81.113
poll 100 ms,2,76.054
poll 100 ms,2,71.061
poll 100 ms,2,65.883
poll 100 ms,2,61.256
poll 100 ms,2,56.114
poll 100 ms,2,51.056
poll 100 ms,2,45.994
poll 100 ms,2,40.749
poll 100 ms,2,36.118
poll 100 ms,2,31.319
poll 100 ms,2,26.202
poll 100 ms,2,20.985
poll 100 ms,2,15.928
poll 100 ms,2,10.877
poll 100 ms,2,6.108
poll 100 ms,2,105.745
poll 100 ms,2,100.655
poll 100 ms,2,95.676
poll 100 ms,2,90.368
poll 100 ms,2,85.63
poll 100 ms,2,80.423
poll 100 ms,2,75.801
poll 100 ms,2,70.694
poll 100 ms,2,65.757
poll 100 ms,2,60.726
poll 100 ms,2,56.003
poll 100 ms,2,50.618
poll 100 ms,2,45.762
poll 100 ms,2,40.973
poll 100 ms,2,35.687
poll 100 ms,2,30.66
poll 100 ms,2,25.523
poll 100 ms,2,20.912
poll 100 ms,2,15.406
poll 100 ms,2,10.705
poll 100 ms,2,5.457
poll 100 ms,2,106.081
poll 100 ms,2,100.778
poll 100 ms,2,95.78
poll 100 ms,2,90.59
poll 100 ms,2,85.637
poll 100 ms,2,80.545
poll 100 ms,2,75.861
poll 100 ms,2,70.578
poll 100 ms,2,65.811
poll 100 ms,2,60.826
poll 100 ms,2,55.956
poll 100 ms,2,51.141
poll 100 ms,2,46.095
poll 100 ms,2,40.934
poll 100 ms,2,35.977
poll 100 ms,2,30.833
poll 100 ms,2,25.724
poll 100 ms,2,21.011
poll 100 ms,2,15.865
poll 100 ms,2,11.024
poll 100 ms,2,6.108
poll 100 ms,2,118.279
poll 100 ms,2,103.353
poll 100 ms,2,113.199
poll 100 ms,2,108.386
poll 100 ms,2,98.302
poll 100 ms,2,92.986
poll 100 ms,2,88.195
poll 100 ms,2,83.209
poll 100 ms,2,78.337
poll 100 ms,2,73.204
poll 100 ms,2,68.351
poll 100 ms,2,63.394
poll 100 ms,2,58.392
poll 100 ms,2,53.345
poll 100 ms,2,48.271
poll 100 ms,2,43.096
poll 100 ms,2,38.191
poll 100 ms,2,32.841
poll 100 ms,2,28.579
poll 100 ms,2,23.463
poll 100 ms,2,18.401
poll 100 ms,2,13.173
poll 100 ms,2,8.176
poll 100 ms,2,3.034
poll 100 ms,2,103.89
poll 100 ms,2,99.015
poll 100 ms,2,93.98
poll 100 ms,2,88.889
poll 100 ms,2,83.901
poll 100 ms,2,79.013
poll 100 ms,2,73.986
poll 100 ms,2,69.009
poll 100 ms,2,63.935
poll 100 ms,2,59.216
poll 100 ms,2,53.802
poll 100 ms,2,49.144
poll 100 ms,2,44.107
poll 100 ms,2,38.737
poll 100 ms,2,34.146
poll 100 ms,2,28.962
poll 100 ms,2,23.813
poll 100 ms,2,18.642
poll 100 ms,2,14.194
poll 100 ms,2,9.138
poll 100 ms,2,3.888
poll 100 ms,2,103.765
poll 100 ms,2,98.881
poll 100 ms,2,93.653
poll 100 ms,2,89.23
poll 100 ms,2,83.664
poll 100 ms,2,78.705
poll 100 ms,2,73.649
poll 100 ms,2,68.762
poll 100 ms,2,63.567
poll 100 ms,2,59.075
poll 100 ms,2,53.873
poll 100 ms,2,48.976
poll 100 ms,2,43.882
poll 100 ms,2,38.941
poll 100 ms,2,33.934
poll 100 ms,2,28.812
poll 100 ms,2,23.609
poll 100 ms,2,19.029
poll 100 ms,2,13.92
poll 100 ms,2,8.659
poll 100 ms,2,4.094
poll 100 ms,2,104.027
poll 100 ms,2,99.015
poll 100 ms,2,94.321
poll 100 ms,2,89.255
poll 100 ms,2,84.179
poll 100 ms,2,78.683
poll 100 ms,2,74.187
poll 100 ms,2,69.374
poll 100 ms,2,64.315
poll 100 ms,2,58.8
poll 100 ms,2,54.206
poll 100 ms,2,49.206
poll 100 ms,2,44.459
poll 100 ms,2,39.249
poll 100 ms,2,34.4
poll 100 ms,2,28.912
poll 100 ms,2,23.908
poll 100 ms,2,19.087
poll 100 ms,2,14.066
poll 100 ms,2,9.296
poll 100 ms,2,3.995
poll 100 ms,2,103.805
poll 100 ms,2,99.183
poll 100 ms,2,94.063
poll 100 ms,2,88.983
poll 100 ms,2,83.94
poll 100 ms,2,79.024
poll 100 ms,2,73.501
poll 100 ms,2,68.477
poll 100 ms,2,64.01
poll 100 ms,2,58.929
poll 100 ms,2,54.052
poll 100 ms,2,49.065
poll 100 ms,2,43.871
poll 100 ms,2,39.111
poll 100 ms,2,34.138
poll 100 ms,2,29.19
poll 100 ms,2,23.561
poll 100 ms,2,19.061
poll 100 ms,2,13.836
poll 100 ms,2,8.842
poll 100 ms,2,3.935
poll 100 ms,2,118.574
poll 100 ms,2,103.554
poll 100 ms,2,108.584
poll 100 ms,2,113.455
poll 100 ms,2,98.461
poll 100 ms,2,93.907
poll 100 ms,2,88.677
poll 100 ms,2,83.831
poll 100 ms,2,78.612
poll 100 ms,2,73.358
poll 100 ms,2,68.52
poll 100 ms,2,63.745
poll 100 ms,2,58.642
poll 100 ms,2,53.342
poll 100 ms,2,48.932
poll 100 ms,2,43.843
poll 100 ms,2,38.789
poll 100 ms,2,33.694
poll 100 ms,2,28.655
poll 100 ms,2,23.522
poll 100 ms,2,18.934
poll 100 ms,2,13.881
poll 100 ms,2,8.845
poll 100 ms,2,3.614
poll 100 ms,2,103.776
poll 100 ms,2,99.176
poll 100 ms,2,94.147
poll 100 ms,2,88.672
poll 100 ms,2,83.626
poll 100 ms,2,78.607
poll 100 ms,2,74.194
poll 100 ms,2,68.701
poll 100 ms,2,63.667
poll 100 ms,2,58.571
poll 100 ms,2,54.065
poll 100 ms,2,48.907
poll 100 ms,2,43.937
poll 100 ms,2,38.849
poll 100 ms,2,33.901
poll 100 ms,2,28.868
poll 100 ms,2,24.146
poll 100 ms,2,19.175
poll 100 ms,2,13.658
poll 100 ms,2,9.199
poll 100 ms,2,3.978
poll 100 ms,2,103.734
poll 100 ms,2,98.915
poll 100 ms,2,93.852
poll 100 ms,2,88.79
poll 100 ms,2,83.918
poll 100 ms,2,78.582
poll 100 ms,2,73.899
poll 100 ms,2,68.818
poll 100 ms,2,63.781
poll 100 ms,2,58.942
poll 100 ms,2,53.954
poll 100 ms,2,48.774
poll 100 ms,2,43.83
poll 100 ms,2,38.875
poll 100 ms,2,33.974
poll 100 ms,2,28.982
poll 100 ms,2,23.947
poll 100 ms,2,18.87
poll 100 ms,2,13.766
poll 100 ms,2,8.755
poll 100 ms,2,3.497
poll 100 ms,2,103.797
poll 100 ms,2,98.733
poll 100 ms,2,93.279
poll 100 ms,2,88.796
poll 100 ms,2,84.037
poll 100 ms,2,78.823
poll 100 ms,2,73.723
poll 100 ms,2,68.727
poll 100 ms,2,63.823
poll 100 ms,2,58.642
poll 100 ms,2,53.54
poll 100 ms,2,48.577
poll 100 ms,2,43.527
poll 100 ms,2,38.498
poll 100 ms,2,34.051
poll 100 ms,2,29.041
poll 100 ms,2,23.671
poll 100 ms,2,18.498
poll 100 ms,2,13.537
poll 100 ms,2,8.393
poll 100 ms,2,3.457
poll 100 ms,2,103.601
poll 100 ms,2,99.002
poll 100 ms,2,93.86
poll 100 ms,2,89.078
poll 100 ms,2,83.944
poll 100 ms,2,78.936
poll 100 ms,2,73.704
poll 100 ms,2,69.122
poll 100 ms,2,64.025
poll 100 ms,2,59.02
poll 100 ms,2,53.825
poll 100 ms,2,48.926
poll 100 ms,2,44.199
poll 100 ms,2,38.673
poll 100 ms,2,34.087
poll 100 ms,2,29.101
poll 100 ms,2,23.962
poll 100 ms,2,18.987
poll 100 ms,2,13.859
poll 100 ms,2,122.299
poll 100 ms,2,116.731
poll 100 ms,2,106.836
poll 100 ms,2,112.219
poll 100 ms,2,101.44
poll 100 ms,2,96.792
poll 100 ms,2,91.609
poll 100 ms,2,86.928
poll 100 ms,2,82.072
poll 100 ms,2,76.869
poll 100 ms,2,71.896
poll 100 ms,2,66.762
poll 100 ms,2,61.62
poll 100 ms,2,57.035
poll 100 ms,2,51.779
poll 100 ms,2,47.187
poll 100 ms,2,41.997
poll 100 ms,2,36.777
poll 100 ms,2,32.18
poll 100 ms,2,26.97
poll 100 ms,2,22.002
poll 100 ms,2,16.848
poll 100 ms,2,11.944
poll 100 ms,2,7.073
poll 100 ms,2,2.071
poll 100 ms,2,101.781
poll 100 ms,2,96.681
poll 100 ms,2,91.574
poll 100 ms,2,87.238
poll 100 ms,2,82.149
poll 100 ms,2,76.854
poll 100 ms,2,71.697
poll 100 ms,2,67.131
poll 100 ms,2,62.205
poll 100 ms,2,57.162
poll 100 ms,2,51.992
poll 100 ms,2,47.124
poll 100 ms,2,41.965
poll 100 ms,2,36.967
poll 100 ms,2,31.846
poll 100 ms,2,26.863
poll 100 ms,2,21.884
poll 100 ms,2,16.868
poll 100 ms,2,11.944
poll 100 ms,2,7.037
poll 100 ms,2,1.86
poll 100 ms,2,102.024
poll 100 ms,2,97.175
poll 100 ms,2,92.209
poll 100 ms,2,87.198
poll 100 ms,2,82.109
poll 100 ms,2,77.049
poll 100 ms,2,71.97
poll 100 ms,2,66.98
poll 100 ms,2,61.803
poll 100 ms,2,56.83
poll 100 ms,2,51.856
poll 100 ms,2,47.127
poll 100 ms,2,41.856
poll 100 ms,2,36.958
poll 100 ms,2,31.829
poll 100 ms,2,26.773
poll 100 ms,2,21.646
poll 100 ms,2,17.065
poll 100 ms,2,12.157
poll 100 ms,2,7.111
poll 100 ms,2,2.124
poll 100 ms,2,101.651
poll 100 ms,2,96.555
poll 100 ms,2,91.567
poll 100 ms,2,86.452
poll 100 ms,2,81.462
poll 100 ms,2,76.379
poll 100 ms,2,71.863
poll 100 ms,2,66.489
poll 100 ms,2,61.589
poll 100 ms,2,56.521
poll 100 ms,2,51.459
poll 100 ms,2,46.88
poll 100 ms,2,41.475
poll 100 ms,2,36.381
poll 100 ms,2,31.635
poll 100 ms,2,26.548
poll 100 ms,2,21.549
poll 100 ms,2,16.608
poll 100 ms,2,10.932
poll 100 ms,2,6.564
poll 100 ms,2,106.412
poll 100 ms,2,101.213
poll 100 ms,2,96.396
poll 100 ms,2,91.767
poll 100 ms,2,86.588
poll 100 ms,2,81.338
poll 100 ms,2,76.474
poll 100 ms,2,71.442
poll 100 ms,2,66.869
poll 100 ms,2,61.825
poll 100 ms,2,56.237
poll 100 ms,2,51.76
poll 100 ms,2,46.559
poll 100 ms,2,41.637
poll 100 ms,2,36.552
poll 100 ms,2,31.413
poll 100 ms,2,26.416
poll 100 ms,2,21.817
poll 100 ms,2,16.604
poll 100 ms,2,11.311
poll 100 ms,2,6.603
poll 100 ms,2,125.944
poll 100 ms,2,120.931
poll 100 ms,2,115.874
poll 100 ms,2,105.656
poll 100 ms,2,111.218
poll 100 ms,2,100.69
poll 100 ms,2,96.054
poll 100 ms,2,91.304
poll 100 ms,2,85.553
poll 100 ms,2,80.694
poll 100 ms,2,76.123
poll 100 ms,2,71.078
poll 100 ms,2,66.107
poll 100 ms,2,60.94
poll 100 ms,2,55.672
poll 100 ms,2,50.911
poll 100 ms,2,46.231
poll 100 ms,2,41.097
poll 100 ms,2,36.022
poll 100 ms,2,31.026
poll 100 ms,2,25.917
poll 100 ms,2,20.688
poll 100 ms,2,15.777
poll 100 ms,2,10.866
poll 100 ms,2,5.775
poll 100 ms,2,107.081
poll 100 ms,2,101.99
poll 100 ms,2,96.905
poll 100 ms,2,91.854
poll 100 ms,2,86.945
poll 100 ms,2,81.865
poll 100 ms,2,77.302
poll 100 ms,2,72.25
poll 100 ms,2,67.052
poll 100 ms,2,62.128
poll 100 ms,2,56.882
poll 100 ms,2,51.223
poll 100 ms,2,46.869
poll 100 ms,2,41.842
poll 100 ms,2,36.967
poll 100 ms,2,31.944
poll 100 ms,2,26.989
poll 100 ms,2,21.844
poll 100 ms,2,17.045
poll 100 ms,2,12.111
poll 100 ms,2,7.112
poll 100 ms,2,2.078
poll 100 ms,2,102.056
poll 100 ms,2,97.074
poll 100 ms,2,91.937
poll 100 ms,2,87.407
poll 100 ms,2,82.464
poll 100 ms,2,77.487
poll 100 ms,2,72.19
poll 100 ms,2,67.346
poll 100 ms,2,62.093
poll 100 ms,2,57.012
poll 100 ms,2,51.976
poll 100 ms,2,47.087
poll 100 ms,2,41.601
poll 100 ms,2,37.467
poll 100 ms,2,32.177
poll 100 ms,2,27.327
poll 100 ms,2,22.185
poll 100 ms,2,17.226
poll 100 ms,2,12.092
poll 100 ms,2,7.156
poll 100 ms,2,1.89
poll 100 ms,2,101.848
poll 100 ms,2,97.038
poll 100 ms,2,92.227
poll 100 ms,2,87.303
poll 100 ms,2,82.113
poll 100 ms,2,76.963
poll 100 ms,2,71.936
poll 100 ms,2,66.839
poll 100 ms,2,61.896
poll 100 ms,2,57.39
poll 100 ms,2,51.89
poll 100 ms,2,46.894
poll 100 ms,2,42.123
poll 100 ms,2,37.28
poll 100 ms,2,32.229
poll 100 ms,2,27.094
poll 100 ms,2,21.868
poll 100 ms,2,17.002
poll 100 ms,2,12.126
poll 100 ms,2,7.07
poll 100 ms,2,1.95
poll 100 ms,2,102.092
poll 100 ms,2,96.63
poll 100 ms,2,91.814
poll 100 ms,2,86.911
poll 100 ms,2,81.803
poll 100 ms,2,76.572
poll 100 ms,2,71.439
poll 100 ms,2,66.969
poll 100 ms,2,61.653
poll 100 ms,2,56.879
poll 100 ms,2,51.807
poll 100 ms,2,46.951
poll 100 ms,2,41.891
poll 100 ms,2,36.983
poll 100 ms,2,31.753
poll 100 ms,2,26.74
poll 100 ms,2,21.706
poll 100 ms,2,16.861
poll 100 ms,2,11.817
poll 100 ms,2,6.977
poll 100 ms,2,2.048
poll 100 ms,2,101.64
poll 100 ms,2,96.736
poll 100 ms,2,91.642
poll 100 ms,2,86.654
poll 100 ms,2,81.658
poll 100 ms,2,76.621
poll 100 ms,2,71.644
poll 100 ms,2,66.962
poll 100 ms,2,61.889
poll 100 ms,2,56.486
poll 100 ms,2,51.96
poll 100 ms,2,46.987
poll 100 ms,2,41.78
poll 100 ms,2,36.685
poll 100 ms,2,31.678
poll 100 ms,2,26.713
poll 100 ms,2,21.654
poll 100 ms,2,16.569
poll 100 ms,2,11.453
poll 100 ms,2,6.505
poll 100 ms,2,106.53
poll 100 ms,2,102.1
poll 100 ms,2,97.039
poll 100 ms,2,91.639
poll 100 ms,2,86.549
poll 100 ms,2,82.059
poll 100 ms,2,76.969
poll 100 ms,2,72.104
poll 100 ms,2,66.759
poll 100 ms,2,61.636
poll 100 ms,2,57.13
poll 100 ms,2,51.984
poll 100 ms,2,47.011
poll 100 ms,2,41.746
poll 100 ms,2,37.099
poll 100 ms,2,32.081
poll 100 ms,2,26.528
poll 100 ms,2,21.644
poll 100 ms,2,17.071
poll 100 ms,2,12.052
poll 100 ms,2,7.023
poll 100 ms,2,1.883
poll 100 ms,2,102.077
poll 100 ms,2,97.27
poll 100 ms,2,92.042
poll 100 ms,2,87.205
poll 100 ms,2,82.05
poll 100 ms,2,77.21
poll 100 ms,2,72.102
poll 100 ms,2,67.063
poll 100 ms,2,62.018
poll 100 ms,2,56.921
poll 100 ms,2,51.863
poll 100 ms,2,47.122
poll 100 ms,2,41.937
poll 100 ms,2,36.663
poll 100 ms,2,32.127
poll 100 ms,2,26.986
poll 100 ms,2,21.879
poll 100 ms,2,17.185
poll 100 ms,2,11.725
poll 100 ms,2,7.314
poll 100 ms,2,2.134
poll 100 ms,2,102.122
poll 100 ms,2,97.016
poll 100 ms,2,92.607
poll 100 ms,2,87.546
poll 100 ms,2,82.597
poll 100 ms,2,77.416
poll 100 ms,2,72.216
poll 100 ms,2,67.44
poll 100 ms,2,62.336
poll 100 ms,2,57.325
poll 100 ms,2,52.438
poll 100 ms,2,47.569
poll 100 ms,2,42.54
poll 100 ms,2,37.502
poll 100 ms,2,32.254
poll 100 ms,2,27.593
poll 100 ms,2,22.674
poll 100 ms,2,17.477
poll 100 ms,2,12.486
poll 100 ms,2,7.126
poll 100 ms,2,2.369
poll 100 ms,2,103.359
poll 100 ms,2,98.232
poll 100 ms,2,93.53
poll 100 ms,2,88.07
poll 100 ms,2,82.987
poll 100 ms,2,78.184
poll 100 ms,2,73.303
poll 100 ms,2,68.212
poll 100 ms,2,63.025
poll 100 ms,2,58.451
poll 100 ms,2,53.28
poll 100 ms,2,48.015
poll 100 ms,2,43.548
poll 100 ms,2,38.377
poll 100 ms,2,33.294
poll 100 ms,2,28.462
poll 100 ms,2,23.222
poll 100 ms,2,18.278
poll 100 ms,2,13.459
poll 100 ms,2,8.294
poll 100 ms,2,3.248
poll 100 ms,2,103.656
poll 100 ms,2,98.673
poll 100 ms,2,93.627
poll 100 ms,2,88.588
poll 100 ms,2,83.683
poll 100 ms,2,79.026
poll 100 ms,2,74.025
poll 100 ms,2,68.892
poll 100 ms,2,63.682
poll 100 ms,2,58.664
poll 100 ms,2,53.645
poll 100 ms,2,49.079
poll 100 ms,2,44.086
poll 100 ms,2,39.006
poll 100 ms,2,33.979
poll 100 ms,2,28.615
poll 100 ms,2,23.641
poll 100 ms,2,18.807
poll 100 ms,2,13.897
poll 100 ms,2,8.967
poll 100 ms,2,3.991
poll 100 ms,2,103.678
poll 100 ms,2,98.469
poll 100 ms,2,93.767
poll 100 ms,2,88.361
poll 100 ms,2,83.817
poll 100 ms,2,78.674
poll 100 ms,2,73.531
poll 100 ms,2,68.509
poll 100 ms,2,63.447
poll 100 ms,2,58.684
poll 100 ms,2,53.596
poll 100 ms,2,48.473
poll 100 ms,2,43.674
poll 100 ms,2,38.756
poll 100 ms,2,33.507
poll 100 ms,2,28.419
poll 100 ms,2,23.515
poll 100 ms,2,18.46
poll 100 ms,2,13.432
poll 100 ms,2,8.763
poll 100 ms,2,3.72
poll 100 ms,2,103.327
poll 100 ms,2,98.129
poll 100 ms,2,93.063
poll 100 ms,2,88.381
poll 100 ms,2,83.326
poll 100 ms,2,78.414
poll 100 ms,2,73.299
poll 100 ms,2,68.448
poll 100 ms,2,63.548
poll 100 ms,2,58.518
poll 100 ms,2,53.433
poll 100 ms,2,48.283
poll 100 ms,2,43.409
poll 100 ms,2,38.211
poll 100 ms,2,33.357
poll 100 ms,2,28.277
poll 100 ms,2,23.105
poll 100 ms,2,18.324
poll 100 ms,2,13.115
poll 100 ms,2,8.517
poll 100 ms,2,3.071
poll 100 ms,2,103.275
poll 100 ms,2,98.057
poll 100 ms,2,93.223
poll 100 ms,2,88.0
poll 100 ms,2,83.241
poll 100 ms,2,78.037
poll 100 ms,2,73.371
poll 100 ms,2,68.507
poll 100 ms,2,63.479
poll 100 ms,2,58.365
poll 100 ms,2,53.178
poll 100 ms,2,48.338
poll 100 ms,2,43.445
poll 100 ms,2,38.122
poll 100 ms,2,33.014
poll 100 ms,2,28.415
poll 100 ms,2,22.82
poll 100 ms,2,17.49
poll 100 ms,2,13.403
poll 100 ms,2,8.449
poll 100 ms,2,3.062
poll 100 ms,2,103.842
poll 100 ms,2,99.254
poll 100 ms,2,93.808
poll 100 ms,2,88.792
poll 100 ms,2,83.853
poll 100 ms,2,78.948
poll 100 ms,2,74.124
poll 100 ms,2,68.98
poll 100 ms,2,63.801
poll 100 ms,2,58.998
poll 100 ms,2,53.8
poll 100 ms,2,48.83
poll 100 ms,2,44.322
poll 100 ms,2,39.038
poll 100 ms,2,34.026
poll 100 ms,2,29.13
poll 100 ms,2,23.883
poll 100 ms,2,18.672
poll 100 ms,2,13.713
poll 100 ms,2,8.756
poll 100 ms,2,3.692
poll 100 ms,2,104.178
poll 100 ms,2,99.06
poll 100 ms,2,93.716
poll 100 ms,2,89.034
poll 100 ms,2,83.853
poll 100 ms,2,79.171
poll 100 ms,2,73.998
poll 100 ms,2,69.289
poll 100 ms,2,64.109
poll 100 ms,2,59.376
poll 100 ms,2,54.253
poll 100 ms,2,49.084
poll 100 ms,2,44.097
poll 100 ms,2,39.267
poll 100 ms,2,34.104
poll 100 ms,2,29.016
poll 100 ms,2,24.495
poll 100 ms,2,19.323
poll 100 ms,2,14.175
poll 100 ms,2,9.221
poll 100 ms,2,4.208
poll 100 ms,2,103.902
poll 100 ms,2,99.19
poll 100 ms,2,93.972
poll 100 ms,2,88.884
poll 100 ms,2,84.023
poll 100 ms,2,79.341
poll 100 ms,2,74.314
poll 100 ms,2,69.268
poll 100 ms,2,64.247
poll 100 ms,2,59.129
poll 100 ms,2,54.113
poll 100 ms,2,49.271
poll 100 ms,2,44.282
poll 100 ms,2,39.059
poll 100 ms,2,34.249
poll 100 ms,2,29.079
poll 100 ms,2,24.034
poll 100 ms,2,18.855
poll 100 ms,2,13.955
poll 100 ms,2,9.301
poll 100 ms,2,4.28
poll 100 ms,2,104.396
poll 100 ms,2,99.215
poll 100 ms,2,94.27
poll 100 ms,2,89.205
poll 100 ms,2,84.459
poll 100 ms,2,79.358
poll 100 ms,2,74.115
poll 100 ms,2,69.2
poll 100 ms,2,64.162
poll 100 ms,2,59.144
poll 100 ms,2,54.144
poll 100 ms,2,49.072
poll 100 ms,2,44.072
poll 100 ms,2,39.48
poll 100 ms,2,34.143
poll 100 ms,2,28.984
poll 100 ms,2,24.403
poll 100 ms,2,19.441
poll 100 ms,2,14.441
poll 100 ms,2,9.607
poll 100 ms,2,4.321
poll 100 ms,2,103.909
poll 100 ms,2,99.491
poll 100 ms,2,94.171
poll 100 ms,2,88.678
poll 100 ms,2,84.064
poll 100 ms,2,78.661
poll 100 ms,2,74.137
poll 100 ms,2,69.316
poll 100 ms,2,64.269
poll 100 ms,2,59.278
poll 100 ms,2,53.969
poll 100 ms,2,49.067
poll 100 ms,2,44.031
poll 100 ms,2,39.003
poll 100 ms,2,34.249
poll 100 ms,2,28.9
poll 100 ms,2,24.3
poll 100 ms,2,19.293
poll 100 ms,2,14.179
poll 100 ms,2,9.149
poll 100 ms,2,4.077
poll 100 ms,2,103.999
poll 100 ms,2,99.427
poll 100 ms,2,93.991
poll 100 ms,2,89.449
poll 100 ms,2,84.043
poll 100 ms,2,79.315
poll 100 ms,2,74.212
poll 100 ms,2,69.199
poll 100 ms,2,64.172
poll 100 ms,2,59.04
poll 100 ms,2,54.202
poll 100 ms,2,48.905
poll 100 ms,2,44.036
poll 100 ms,2,39.297
poll 100 ms,2,33.912
poll 100 ms,2,29.128
poll 100 ms,2,24.11
poll 100 ms,2,19.315
poll 100 ms,2,14.267
poll 100 ms,2,9.12
poll 100 ms,2,4.232
poll 100 ms,2,103.788
poll 100 ms,2,98.918
poll 100 ms,2,93.812
poll 100 ms,2,88.804
poll 100 ms,2,83.748
poll 100 ms,2,78.869
poll 100 ms,2,73.696
poll 100 ms,2,68.74
poll 100 ms,2,63.696
poll 100 ms,2,58.872
poll 100 ms,2,53.72
poll 100 ms,2,49.096
poll 100 ms,2,43.753
poll 100 ms,2,38.783
poll 100 ms,2,33.735
poll 100 ms,2,28.959
poll 100 ms,2,23.593
poll 100 ms,2,18.712
poll 100 ms,2,13.732
poll 100 ms,2,8.753
poll 100 ms,2,4.129
poll 100 ms,2,103.979
poll 100 ms,2,98.962
poll 100 ms,2,94.003
poll 100 ms,2,88.729
poll 100 ms,2,84.194
poll 100 ms,2,78.818
poll 100 ms,2,73.532
poll 100 ms,2,68.972
poll 100 ms,2,63.788
poll 100 ms,2,58.869
poll 100 ms,2,53.909
poll 100 ms,2,48.89
poll 100 ms,2,43.651
poll 100 ms,2,38.932
poll 100 ms,2,34.053
poll 100 ms,2,28.884
poll 100 ms,2,23.794
poll 100 ms,2,18.715
poll 100 ms,2,14.076
poll 100 ms,2,9.123
poll 100 ms,2,4.112
poll 100 ms,2,104.105
poll 100 ms,2,99.301
poll 100 ms,2,94.04
poll 100 ms,2,88.836
poll 100 ms,2,84.22
poll 100 ms,2,79.017
poll 100 ms,2,73.85
poll 100 ms,2,68.782
poll 100 ms,2,64.272
poll 100 ms,2,59.326
poll 100 ms,2,54.054
poll 100 ms,2,48.788
poll 100 ms,2,43.811
poll 100 ms,2,39.313
poll 100 ms,2,34.128
poll 100 ms,2,29.152
poll 100 ms,2,24.233
poll 100 ms,2,19.23
poll 100 ms,2,14.177
poll 100 ms,2,9.007
poll 100 ms,2,4.183
poll 100 ms,2,104.083
poll 100 ms,2,98.91
poll 100 ms,2,93.624
poll 100 ms,2,89.112
poll 100 ms,2,84.163
poll 100 ms,2,79.024
poll 100 ms,2,73.746
poll 100 ms,2,68.985
poll 100 ms,2,63.982
poll 100 ms,2,58.892
poll 100 ms,2,53.966
poll 100 ms,2,48.983
poll 100 ms,2,44.277
poll 100 ms,2,38.811
poll 100 ms,2,33.638
poll 100 ms,2,28.861
poll 100 ms,2,23.656
poll 100 ms,2,19.084
poll 100 ms,2,13.752
poll 100 ms,2,8.762
poll 100 ms,2,4.192
poll 100 ms,2,104.082
poll 100 ms,2,98.969
poll 100 ms,2,93.659
poll 100 ms,2,88.735
poll 100 ms,2,83.855
poll 100 ms,2,78.66
poll 100 ms,2,73.874
poll 100 ms,2,68.909
poll 100 ms,2,63.636
poll 100 ms,2,58.625
poll 100 ms,2,53.983
poll 100 ms,2,49.146
poll 100 ms,2,44.005
poll 100 ms,2,38.89
poll 100 ms,2,33.709
poll 100 ms,2,28.918
poll 100 ms,2,23.794
poll 100 ms,2,18.613
poll 100 ms,2,13.925
poll 100 ms,2,8.825
poll 100 ms,2,3.939
poll 100 ms,2,103.815
poll 100 ms,2,98.506
poll 100 ms,2,93.573
poll 100 ms,2,88.369
poll 100 ms,2,83.778
poll 100 ms,2,78.358
poll 100 ms,2,73.931
poll 100 ms,2,68.816
poll 100 ms,2,63.473
poll 100 ms,2,57.758
poll 100 ms,2,54.036
poll 100 ms,2,48.602
poll 100 ms,2,43.528
poll 100 ms,2,38.414
poll 100 ms,2,33.927
poll 100 ms,2,28.563
poll 100 ms,2,23.547
poll 100 ms,2,18.596
poll 100 ms,2,13.496
poll 100 ms,2,8.453
poll 100 ms,2,3.473
poll 100 ms,2,103.475
poll 100 ms,2,99.259
poll 100 ms,2,93.948
poll 100 ms,2,88.961
poll 100 ms,2,84.262
poll 100 ms,2,79.305
poll 100 ms,2,74.083
poll 100 ms,2,68.845
poll 100 ms,2,64.092
poll 100 ms,2,59.0
poll 100 ms,2,54.136
poll 100 ms,2,49.07
poll 100 ms,2,43.973
poll 100 ms,2,39.257
poll 100 ms,2,34.155
poll 100 ms,2,29.191
poll 100 ms,2,24.112
poll 100 ms,2,19.021
poll 100 ms,2,13.957
poll 100 ms,2,9.273
poll 100 ms,2,4.25
poll 100 ms,2,104.392
poll 100 ms,2,99.122
poll 100 ms,2,94.579
poll 100 ms,2,89.585
poll 100 ms,2,84.441
poll 100 ms,2,79.319
poll 100 ms,2,74.069
poll 100 ms,2,69.025
poll 100 ms,2,64.56
poll 100 ms,2,59.314
poll 100 ms,2,54.179
poll 100 ms,2,49.051
poll 100 ms,2,44.176
poll 100 ms,2,39.119
poll 100 ms,2,34.135
poll 100 ms,2,29.121
poll 100 ms,2,24.013
poll 100 ms,2,19.068
poll 100 ms,2,13.927
poll 100 ms,2,9.044
poll 100 ms,2,3.992
poll 100 ms,2,103.589
poll 100 ms,2,99.204
poll 100 ms,2,94.078
poll 100 ms,2,89.222
poll 100 ms,2,84.015
poll 100 ms,2,78.902
poll 100 ms,2,74.041
poll 100 ms,2,68.917
poll 100 ms,2,63.873
poll 100 ms,2,58.856
poll 100 ms,2,53.8
poll 100 ms,2,49.331
poll 100 ms,2,43.92
poll 100 ms,2,38.872
poll 100 ms,2,34.235
poll 100 ms,2,29.171
poll 100 ms,2,24.176
poll 100 ms,2,19.384
poll 100 ms,2,14.287
poll 100 ms,2,8.899
poll 100 ms,2,4.339
poll 100 ms,2,103.966
poll 100 ms,2,99.064
poll 100 ms,2,94.278
poll 100 ms,2,88.856
poll 100 ms,2,83.837
poll 100 ms,2,79.447
poll 100 ms,2,74.381
poll 100 ms,2,69.022
poll 100 ms,2,63.787
poll 100 ms,2,58.797
poll 100 ms,2,53.889
poll 100 ms,2,48.753
poll 100 ms,2,44.111
poll 100 ms,2,38.836
poll 100 ms,2,33.804
poll 100 ms,2,28.657
poll 100 ms,2,23.697
poll 100 ms,2,18.743
poll 100 ms,2,14.112
poll 100 ms,2,9.119
poll 100 ms,2,4.053
poll 100 ms,2,104.26
poll 100 ms,2,99.484
poll 100 ms,2,94.246
poll 100 ms,2,89.185
poll 100 ms,2,84.19
poll 100 ms,2,79.117
poll 100 ms,2,73.224
poll 100 ms,2,68.987
poll 100 ms,2,64.023
poll 100 ms,2,59.558
poll 100 ms,2,54.349
poll 100 ms,2,49.503
poll 100 ms,2,44.183
poll 100 ms,2,39.171
poll 100 ms,2,33.765
poll 100 ms,2,29.036
poll 100 ms,2,23.982
poll 100 ms,2,18.797
poll 100 ms,2,13.931
poll 100 ms,2,8.964
poll 100 ms,2,4.226
poll 100 ms,2,103.672
poll 100 ms,2,99.123
poll 100 ms,2,94.256
poll 100 ms,2,88.995
poll 100 ms,2,83.971
poll 100 ms,2,78.933
poll 100 ms,2,73.718
poll 100 ms,2,68.913
poll 100 ms,2,63.905
poll 100 ms,2,58.727
poll 100 ms,2,53.831
poll 100 ms,2,48.762
poll 100 ms,2,43.887
poll 100 ms,2,38.715
poll 100 ms,2,33.856
poll 100 ms,2,28.77
poll 100 ms,2,23.597
poll 100 ms,2,19.158
poll 100 ms,2,13.887
poll 100 ms,2,8.749
poll 100 ms,2,3.957
poll 100 ms,2,103.387
poll 100 ms,2,98.798
poll 100 ms,2,93.728
poll 100 ms,2,88.899
poll 100 ms,2,83.808
poll 100 ms,2,78.855
poll 100 ms,2,73.705
poll 100 ms,2,68.646
poll 100 ms,2,63.467
poll 100 ms,2,58.992
poll 100 ms,2,53.722
poll 100 ms,2,48.688
poll 100 ms,2,43.621
poll 100 ms,2,38.641
poll 100 ms,2,33.537
poll 100 ms,2,28.351
poll 100 ms,2,23.291
poll 100 ms,2,18.475
poll 100 ms,2,13.292
poll 100 ms,2,8.405
poll 100 ms,2,3.395
poll 100 ms,2,103.254
poll 100 ms,2,98.377
poll 100 ms,2,93.839
poll 100 ms,2,88.798
poll 100 ms,2,83.61
poll 100 ms,2,78.665
poll 100 ms,2,73.688
poll 100 ms,2,68.371
poll 100 ms,2,63.779
poll 100 ms,2,58.518
poll 100 ms,2,53.65
poll 100 ms,2,48.714
poll 100 ms,2,43.414
poll 100 ms,2,38.484
poll 100 ms,2,33.594
poll 100 ms,2,28.454
poll 100 ms,2,23.55
poll 100 ms,2,18.822
poll 100 ms,2,13.807
poll 100 ms,2,8.393
poll 100 ms,2,3.512
poll 100 ms,2,103.289
poll 100 ms,2,98.359
poll 100 ms,2,93.165
poll 100 ms,2,88.081
poll 100 ms,2,83.391
poll 100 ms,2,78.298
poll 100 ms,2,73.251
poll 100 ms,2,67.812
poll 100 ms,2,63.245
poll 100 ms,2,58.16
poll 100 ms,2,53.458
poll 100 ms,2,48.241
poll 100 ms,2,43.305
poll 100 ms,2,38.306
poll 100 ms,2,33.436
poll 100 ms,2,28.224
poll 100 ms,2,23.581
poll 100 ms,2,18.598
poll 100 ms,2,13.196
poll 100 ms,2,8.208
poll 100 ms,2,3.387
poll 100 ms,2,103.543
poll 100 ms,2,98.013
poll 100 ms,2,93.201
poll 100 ms,2,88.268
poll 100 ms,2,83.288
poll 100 ms,2,78.357
poll 100 ms,2,73.269
poll 100 ms,2,68.141
poll 100 ms,2,53.432
poll 100 ms,2,58.14
poll 100 ms,2,63.311
poll 100 ms,2,47.297
poll 100 ms,2,43.582
poll 100 ms,2,38.173
poll 100 ms,2,33.533
poll 100 ms,2,28.434
poll 100 ms,2,23.242
poll 100 ms,2,17.992
poll 100 ms,2,13.25
poll 100 ms,2,8.043
poll 100 ms,2,3.634
poll 100 ms,2,103.367
poll 100 ms,2,98.315
poll 100 ms,2,93.466
poll 100 ms,2,88.406
poll 100 ms,2,83.282
poll 100 ms,2,78.26
poll 100 ms,2,73.181
poll 100 ms,2,68.013
poll 100 ms,2,63.151
poll 100 ms,2,58.084
poll 100 ms,2,53.135
poll 100 ms,2,48.043
poll 100 ms,2,43.095
poll 100 ms,2,38.507
poll 100 ms,2,33.114
poll 100 ms,2,28.19
poll 100 ms,2,22.875
poll 100 ms,2,18.142
poll 100 ms,2,13.078
poll 100 ms,2,8.461
poll 100 ms,2,3.45
poll 100 ms,2,103.687
poll 100 ms,2,98.814
poll 100 ms,2,93.636
poll 100 ms,2,88.674
poll 100 ms,2,83.764
poll 100 ms,2,78.678
poll 100 ms,2,73.417
poll 100 ms,2,68.962
poll 100 ms,2,63.858
poll 100 ms,2,59.103
poll 100 ms,2,53.622
poll 100 ms,2,48.699
poll 100 ms,2,43.7
poll 100 ms,2,38.864
poll 100 ms,2,33.913
poll 100 ms,2,28.498
poll 100 ms,2,23.542
poll 100 ms,2,18.6
poll 100 ms,2,13.617
poll 100 ms,2,8.923
poll 100 ms,2,3.959
poll 100 ms,2,104.229
poll 100 ms,2,99.041
poll 100 ms,2,94.142
poll 100 ms,2,89.108
poll 100 ms,2,84.123
poll 100 ms,2,78.835
poll 100 ms,2,73.974
poll 100 ms,2,69.087
poll 100 ms,2,64.03
poll 100 ms,2,58.98
poll 100 ms,2,53.977
poll 100 ms,2,48.945
poll 100 ms,2,44.395
poll 100 ms,2,39.304
poll 100 ms,2,33.9
poll 100 ms,2,28.718
poll 100 ms,2,24.1
poll 100 ms,2,18.975
poll 100 ms,2,14.169
poll 100 ms,2,8.728
poll 100 ms,2,4.152
poll 100 ms,2,104.325
poll 100 ms,2,99.119
poll 100 ms,2,94.286
poll 100 ms,2,89.107
poll 100 ms,2,84.02
poll 100 ms,2,78.923
poll 100 ms,2,74.403
poll 100 ms,2,69.348
poll 100 ms,2,63.845
poll 100 ms,2,58.892
poll 100 ms,2,54.358
poll 100 ms,2,49.124
poll 100 ms,2,44.316
poll 100 ms,2,39.103
poll 100 ms,2,34.054
poll 100 ms,2,29.06
poll 100 ms,2,24.032
poll 100 ms,2,19.141
poll 100 ms,2,14.018
poll 100 ms,2,9.006
poll 100 ms,2,4.109
poll 100 ms,2,103.896
poll 100 ms,2,98.956
poll 100 ms,2,93.928
poll 100 ms,2,89.309
poll 100 ms,2,83.994
poll 100 ms,2,79.295
poll 100 ms,2,74.203
poll 100 ms,2,68.716
poll 100 ms,2,64.303
poll 100 ms,2,59.075
poll 100 ms,2,53.996
poll 100 ms,2,49.002
poll 100 ms,2,43.771
poll 100 ms,2,38.759
poll 100 ms,2,34.187
poll 100 ms,2,28.771
poll 100 ms,2,23.768
poll 100 ms,2,19.191
poll 100 ms,2,13.912
poll 100 ms,2,9.076
poll 100 ms,2,3.976
poll 100 ms,2,104.02
poll 100 ms,2,98.877
poll 100 ms,2,93.796
poll 100 ms,2,89.076
poll 100 ms,2,84.313
poll 100 ms,2,79.248
poll 100 ms,2,74.168
poll 100 ms,2,69.193
poll 100 ms,2,64.063
poll 100 ms,2,58.994
poll 100 ms,2,54.282
poll 100 ms,2,48.958
poll 100 ms,2,44.075
poll 100 ms,2,39.231
poll 100 ms,2,34.082
poll 100 ms,2,28.974
poll 100 ms,2,24.12
poll 100 ms,2,19.292
poll 100 ms,2,14.062
poll 100 ms,2,9.031
poll 100 ms,2,4.004
poll 100 ms,2,103.904
poll 100 ms,2,99.036
poll 100 ms,2,93.745
poll 100 ms,2,89.256
poll 100 ms,2,83.785
poll 100 ms,2,78.811
poll 100 ms,2,74.084
poll 100 ms,2,68.884
poll 100 ms,2,64.216
poll 100 ms,2,58.583
poll 100 ms,2,53.601
poll 100 ms,2,49.01
poll 100 ms,2,43.905
poll 100 ms,2,39.06
poll 100 ms,2,33.863
poll 100 ms,2,28.851
poll 100 ms,2,23.88
poll 100 ms,2,19.186
poll 100 ms,2,13.955
poll 100 ms,2,9.013
poll 100 ms,2,3.718
poll 100 ms,2,103.728
poll 100 ms,2,98.869
poll 100 ms,2,93.667
poll 100 ms,2,88.593
poll 100 ms,2,83.473
poll 100 ms,2,78.989
poll 100 ms,2,73.762
poll 100 ms,2,68.558
poll 100 ms,2,63.462
poll 100 ms,2,58.179
poll 100 ms,2,53.98
poll 100 ms,2,49.016
poll 100 ms,2,43.702
poll 100 ms,2,38.652
poll 100 ms,2,33.552
poll 100 ms,2,28.301
poll 100 ms,2,24.091
poll 100 ms,2,18.943
poll 100 ms,2,13.857
poll 100 ms,2,8.546
poll 100 ms,2,3.429
poll 100 ms,2,103.701
poll 100 ms,2,98.752
poll 100 ms,2,94.072
poll 100 ms,2,89.047
poll 100 ms,2,83.995
poll 100 ms,2,79.116
poll 100 ms,2,74.157
poll 100 ms,2,69.09
poll 100 ms,2,63.838
poll 100 ms,2,58.893
poll 100 ms,2,53.718
poll 100 ms,2,49.115
poll 100 ms,2,44.098
poll 100 ms,2,38.848
poll 100 ms,2,33.882
poll 100 ms,2,28.802
poll 100 ms,2,23.858
poll 100 ms,2,18.878
poll 100 ms,2,13.802
poll 100 ms,2,9.165
poll 100 ms,2,3.956
poll 100 ms,2,103.771
poll 100 ms,2,98.761
poll 100 ms,2,93.516
poll 100 ms,2,89.071
poll 100 ms,2,83.523
poll 100 ms,2,77.978
poll 100 ms,2,73.868
poll 100 ms,2,68.687
poll 100 ms,2,64.211
poll 100 ms,2,59.05
poll 100 ms,2,54.035
poll 100 ms,2,48.854
poll 100 ms,2,43.571
poll 100 ms,2,38.643
poll 100 ms,2,33.698
poll 100 ms,2,28.862
poll 100 ms,2,24.012
poll 100 ms,2,18.894
poll 100 ms,2,13.942
poll 100 ms,2,8.672
poll 100 ms,2,4.156
poll 100 ms,2,104.419
poll 100 ms,2,99.085
poll 100 ms,2,94.034
poll 100 ms,2,89.363
poll 100 ms,2,84.456
poll 100 ms,2,79.441
poll 100 ms,2,74.212
poll 100 ms,2,69.433
poll 100 ms,2,64.366
poll 100 ms,2,59.381
poll 100 ms,2,54.309
poll 100 ms,2,49.183
poll 100 ms,2,44.261
poll 100 ms,2,39.334
poll 100 ms,2,34.216
poll 100 ms,2,29.116
poll 100 ms,2,24.25
poll 100 ms,2,19.23
poll 100 ms,2,13.997
poll 100 ms,2,9.157
poll 100 ms,2,4.039
poll 100 ms,2,104.02
poll 100 ms,2,99.472
poll 100 ms,2,94.209
poll 100 ms,2,89.212
poll 100 ms,2,84.068
poll 100 ms,2,79.238
poll 100 ms,2,74.524
poll 100 ms,2,69.098
poll 100 ms,2,64.019
poll 100 ms,2,59.374
poll 100 ms,2,54.116
poll 100 ms,2,49.133
poll 100 ms,2,44.441
poll 100 ms,2,38.781
poll 100 ms,2,34.377
poll 100 ms,2,28.845
poll 100 ms,2,24.53
poll 100 ms,2,19.167
poll 100 ms,2,14.436
poll 100 ms,2,9.175
poll 100 ms,2,3.919
poll 100 ms,2,104.437
poll 100 ms,2,99.79
poll 100 ms,2,94.53
poll 100 ms,2,89.591
poll 100 ms,2,84.433
poll 100 ms,2,79.647
poll 100 ms,2,74.7
poll 100 ms,2,69.669
poll 100 ms,2,64.883
poll 100 ms,2,59.815
poll 100 ms,2,54.723
poll 100 ms,2,49.621
poll 100 ms,2,44.947
poll 100 ms,2,39.521
poll 100 ms,2,34.468
poll 100 ms,2,29.592
poll 100 ms,2,24.753
poll 100 ms,2,19.996
poll 100 ms,2,14.688
poll 100 ms,2,9.562
poll 100 ms,2,4.506
poll 100 ms,2,104.876
poll 100 ms,2,100.223
poll 100 ms,2,95.067
poll 100 ms,2,89.878
poll 100 ms,2,85.115
poll 100 ms,2,79.833
poll 100 ms,2,74.813
poll 100 ms,2,70.289
poll 100 ms,2,65.196
poll 100 ms,2,59.873
poll 100 ms,2,55.243
poll 100 ms,2,50.139
poll 100 ms,2,45.129
poll 100 ms,2,39.834
poll 100 ms,2,30.161
poll 100 ms,2,34.867
poll 100 ms,2,25.326
poll 100 ms,2,19.069
poll 100 ms,2,14.94
poll 100 ms,2,9.868
poll 100 ms,2,4.922
poll 100 ms,2,104.819
poll 100 ms,2,99.76
poll 100 ms,2,94.73
poll 100 ms,2,90.177
poll 100 ms,2,85.119
poll 100 ms,2,80.143
poll 100 ms,2,74.816
poll 100 ms,2,70.127
poll 100 ms,2,65.026
poll 100 ms,2,60.017
poll 100 ms,2,55.2
poll 100 ms,2,50.167
poll 100 ms,2,44.915
poll 100 ms,2,40.029
poll 100 ms,2,34.918
poll 100 ms,2,29.981
poll 100 ms,2,24.765
poll 100 ms,2,19.949
poll 100 ms,2,14.775
poll 100 ms,2,10.269
poll 100 ms,2,4.8
poll 100 ms,2,105.336
poll 100 ms,2,100.239
poll 100 ms,2,95.39
poll 100 ms,2,90.117
poll 100 ms,2,85.212
poll 100 ms,2,80.252
poll 100 ms,2,75.505
poll 100 ms,2,70.435
poll 100 ms,2,65.298
poll 100 ms,2,60.27
poll 100 ms,2,55.669
poll 100 ms,2,50.316
poll 100 ms,2,45.763
poll 100 ms,2,40.153
poll 100 ms,2,35.691
poll 100 ms,2,30.123
poll 100 ms,2,25.159
poll 100 ms,2,20.234
poll 100 ms,2,15.068
poll 100 ms,2,10.244
poll 100 ms,2,5.621
poll 100 ms,2,105.204
poll 100 ms,2,100.601
poll 100 ms,2,95.404
poll 100 ms,2,90.444
poll 100 ms,2,85.202
poll 100 ms,2,80.66
poll 100 ms,2,75.278
poll 100 ms,2,70.642
poll 100 ms,2,65.241
poll 100 ms,2,60.399
poll 100 ms,2,55.37
poll 100 ms,2,50.167
poll 100 ms,2,45.598
poll 100 ms,2,40.333
poll 100 ms,2,35.439
poll 100 ms,2,30.284
poll 100 ms,2,25.205
poll 100 ms,2,20.278
poll 100 ms,2,15.387
poll 100 ms,2,10.456
poll 100 ms,2,5.012
poll 100 ms,2,105.447
poll 100 ms,2,100.549
poll 100 ms,2,95.467
poll 100 ms,2,90.284
poll 100 ms,2,85.169
poll 100 ms,2,80.552
poll 100 ms,2,75.6
poll 100 ms,2,70.392
poll 100 ms,2,65.707
poll 100 ms,2,60.271
poll 100 ms,2,55.207
poll 100 ms,2,50.215
poll 100 ms,2,45.49
poll 100 ms,2,40.525
poll 100 ms,2,35.354
poll 100 ms,2,30.275
poll 100 ms,2,25.759
poll 100 ms,2,20.377
poll 100 ms,2,15.634
poll 100 ms,2,10.361
poll 100 ms,2,5.442
poll 100 ms,2,105.274
poll 100 ms,2,100.117
poll 100 ms,2,95.011
poll 100 ms,2,89.833
poll 100 ms,2,84.716
poll 100 ms,2,80.267
poll 100 ms,2,75.148
poll 100 ms,2,70.211
poll 100 ms,2,64.951
poll 100 ms,2,60.388
poll 100 ms,2,55.191
poll 100 ms,2,50.328
poll 100 ms,2,45.237
poll 100 ms,2,40.198
poll 100 ms,2,35.141
poll 100 ms,2,30.051
poll 100 ms,2,24.996
poll 100 ms,2,20.042
poll 100 ms,2,122.272
poll 100 ms,2,112.19
poll 100 ms,2,107.295
poll 100 ms,2,117.341
poll 100 ms,2,101.388
poll 100 ms,2,97.24
poll 100 ms,2,92.324
poll 100 ms,2,87.078
poll 100 ms,2,82.651
poll 100 ms,2,77.651
poll 100 ms,2,72.152
poll 100 ms,2,67.576
poll 100 ms,2,62.301
poll 100 ms,2,57.576
poll 100 ms,2,52.488
poll 100 ms,2,47.419
poll 100 ms,2,42.238
poll 100 ms,2,37.421
poll 100 ms,2,32.219
poll 100 ms,2,27.43
poll 100 ms,2,22.188
poll 100 ms,2,17.751
poll 100 ms,2,12.522
poll 100 ms,2,7.628
poll 100 ms,2,2.472
poll 100 ms,2,102.142
poll 100 ms,2,97.167
poll 100 ms,2,92.717
poll 100 ms,2,87.498
poll 100 ms,2,82.348
poll 100 ms,2,77.472
poll 100 ms,2,72.448
poll 100 ms,2,67.354
poll 100 ms,2,62.419
poll 100 ms,2,57.274
poll 100 ms,2,52.065
poll 100 ms,2,47.077
poll 100 ms,2,42.601
poll 100 ms,2,37.425
poll 100 ms,2,32.484
poll 100 ms,2,27.19
poll 100 ms,2,22.309
poll 100 ms,2,17.191
poll 100 ms,2,12.708
poll 100 ms,2,7.67
poll 100 ms,2,2.352
poll 100 ms,2,102.502
poll 100 ms,2,97.506
poll 100 ms,2,92.211
poll 100 ms,2,87.283
poll 100 ms,2,82.415
poll 100 ms,2,77.311
poll 100 ms,2,72.21
poll 100 ms,2,67.325
poll 100 ms,2,62.207
poll 100 ms,2,57.419
poll 100 ms,2,52.33
poll 100 ms,2,47.241
poll 100 ms,2,42.253
poll 100 ms,2,37.646
poll 100 ms,2,32.252
poll 100 ms,2,27.548
poll 100 ms,2,22.207
poll 100 ms,2,17.628
poll 100 ms,2,12.588
poll 100 ms,2,7.203
poll 100 ms,2,2.451
poll 100 ms,2,102.736
poll 100 ms,2,97.596
poll 100 ms,2,92.505
poll 100 ms,2,87.284
poll 100 ms,2,82.771
poll 100 ms,2,77.404
poll 100 ms,2,72.61
poll 100 ms,2,67.407
poll 100 ms,2,62.634
poll 100 ms,2,57.573
poll 100 ms,2,52.381
poll 100 ms,2,47.268
poll 100 ms,2,42.756
poll 100 ms,2,37.479
poll 100 ms,2,32.651
poll 100 ms,2,27.492
poll 100 ms,2,22.756
poll 100 ms,2,17.603
poll 100 ms,2,12.535
poll 100 ms,2,7.407
poll 100 ms,2,2.642
poll 100 ms,2,102.576
poll 100 ms,2,97.688
poll 100 ms,2,92.431
poll 100 ms,2,88.02
poll 100 ms,2,82.914
poll 100 ms,2,77.478
poll 100 ms,2,73.012
poll 100 ms,2,67.53
poll 100 ms,2,62.639
poll 100 ms,2,57.839
poll 100 ms,2,52.952
poll 100 ms,2,47.946
poll 100 ms,2,42.594
poll 100 ms,2,37.691
poll 100 ms,2,32.846
poll 100 ms,2,27.466
poll 100 ms,2,22.433
poll 100 ms,2,17.547
poll 100 ms,2,122.255
poll 100 ms,2,116.925
poll 100 ms,2,107.08
poll 100 ms,2,112.042
poll 100 ms,2,101.216
poll 100 ms,2,97.206
poll 100 ms,2,92.235
poll 100 ms,2,87.358
poll 100 ms,2,82.454
poll 100 ms,2,77.107
poll 100 ms,2,72.243
poll 100 ms,2,66.885
poll 100 ms,2,62.034
poll 100 ms,2,57.364
poll 100 ms,2,51.982
poll 100 ms,2,47.275
poll 100 ms,2,42.317
poll 100 ms,2,37.221
poll 100 ms,2,32.416
poll 100 ms,2,27.04
poll 100 ms,2,22.438
poll 100 ms,2,17.432
poll 100 ms,2,12.278
poll 100 ms,2,7.302
poll 100 ms,2,2.21
poll 100 ms,2,101.703
poll 100 ms,2,96.829
poll 100 ms,2,91.841
poll 100 ms,2,86.789
poll 100 ms,2,81.872
poll 100 ms,2,76.633
poll 100 ms,2,71.955
poll 100 ms,2,66.752
poll 100 ms,2,61.914
poll 100 ms,2,56.831
poll 100 ms,2,51.844
poll 100 ms,2,46.914
poll 100 ms,2,41.887
poll 100 ms,2,36.838
poll 100 ms,2,31.731
poll 100 ms,2,26.966
poll 100 ms,2,21.363
poll 100 ms,2,17.093
poll 100 ms,2,12.046
poll 100 ms,2,6.969
poll 100 ms,2,2.014
poll 100 ms,2,101.827
poll 100 ms,2,96.774
poll 100 ms,2,91.789
poll 100 ms,2,86.706
poll 100 ms,2,81.559
poll 100 ms,2,76.765
poll 100 ms,2,71.411
poll 100 ms,2,66.611
poll 100 ms,2,61.502
poll 100 ms,2,56.432
poll 100 ms,2,51.743
poll 100 ms,2,46.639
poll 100 ms,2,41.632
poll 100 ms,2,36.532
poll 100 ms,2,31.481
poll 100 ms,2,26.66
poll 100 ms,2,21.681
poll 100 ms,2,16.638
poll 100 ms,2,11.471
poll 100 ms,2,6.629
poll 100 ms,2,106.462
poll 100 ms,2,101.487
poll 100 ms,2,96.6
poll 100 ms,2,91.718
poll 100 ms,2,86.627
LISTEN/NOTIFY,2,2.783
LISTEN/NOTIFY,2,2.76
LISTEN/NOTIFY,2,3.237
LISTEN/NOTIFY,2,2.799
LISTEN/NOTIFY,2,2.778
LISTEN/NOTIFY,2,2.497
LISTEN/NOTIFY,2,2.343
LISTEN/NOTIFY,2,2.843
LISTEN/NOTIFY,2,2.871
LISTEN/NOTIFY,2,2.682
LISTEN/NOTIFY,2,2.741
LISTEN/NOTIFY,2,2.635
LISTEN/NOTIFY,2,2.809
LISTEN/NOTIFY,2,2.752
LISTEN/NOTIFY,2,2.746
LISTEN/NOTIFY,2,2.67
LISTEN/NOTIFY,2,2.733
LISTEN/NOTIFY,2,2.739
LISTEN/NOTIFY,2,2.829
LISTEN/NOTIFY,2,2.763
LISTEN/NOTIFY,2,2.742
LISTEN/NOTIFY,2,2.512
LISTEN/NOTIFY,2,2.629
LISTEN/NOTIFY,2,2.82
LISTEN/NOTIFY,2,2.542
LISTEN/NOTIFY,2,2.548
LISTEN/NOTIFY,2,2.68
LISTEN/NOTIFY,2,2.765
LISTEN/NOTIFY,2,2.724
LISTEN/NOTIFY,2,2.068
LISTEN/NOTIFY,2,2.193
LISTEN/NOTIFY,2,2.805
LISTEN/NOTIFY,2,2.769
LISTEN/NOTIFY,2,3.012
LISTEN/NOTIFY,2,2.83
LISTEN/NOTIFY,2,2.767
LISTEN/NOTIFY,2,2.46
LISTEN/NOTIFY,2,2.855
LISTEN/NOTIFY,2,2.746
LISTEN/NOTIFY,2,2.555
LISTEN/NOTIFY,2,2.697
LISTEN/NOTIFY,2,2.74
LISTEN/NOTIFY,2,2.458
LISTEN/NOTIFY,2,2.784
LISTEN/NOTIFY,2,3.614
LISTEN/NOTIFY,2,2.913
LISTEN/NOTIFY,2,2.729
LISTEN/NOTIFY,2,2.557
LISTEN/NOTIFY,2,2.806
LISTEN/NOTIFY,2,2.735
LISTEN/NOTIFY,2,2.759
LISTEN/NOTIFY,2,21.246
LISTEN/NOTIFY,2,20.467
LISTEN/NOTIFY,2,15.907
LISTEN/NOTIFY,2,10.816
LISTEN/NOTIFY,2,4.203
LISTEN/NOTIFY,2,4.979
LISTEN/NOTIFY,2,3.867
LISTEN/NOTIFY,2,3.114
LISTEN/NOTIFY,2,2.751
LISTEN/NOTIFY,2,2.65
LISTEN/NOTIFY,2,2.58
LISTEN/NOTIFY,2,2.983
LISTEN/NOTIFY,2,3.998
LISTEN/NOTIFY,2,3.346
LISTEN/NOTIFY,2,2.826
LISTEN/NOTIFY,2,2.828
LISTEN/NOTIFY,2,2.899
LISTEN/NOTIFY,2,2.731
LISTEN/NOTIFY,2,2.699
LISTEN/NOTIFY,2,2.625
LISTEN/NOTIFY,2,2.715
LISTEN/NOTIFY,2,2.75
LISTEN/NOTIFY,2,2.678
LISTEN/NOTIFY,2,2.604
LISTEN/NOTIFY,2,2.83
LISTEN/NOTIFY,2,2.838
LISTEN/NOTIFY,2,2.987
LISTEN/NOTIFY,2,2.776
LISTEN/NOTIFY,2,2.804
LISTEN/NOTIFY,2,2.678
LISTEN/NOTIFY,2,2.832
LISTEN/NOTIFY,2,2.86
LISTEN/NOTIFY,2,2.721
LISTEN/NOTIFY,2,2.808
LISTEN/NOTIFY,2,2.701
LISTEN/NOTIFY,2,2.499
LISTEN/NOTIFY,2,2.744
LISTEN/NOTIFY,2,2.756
LISTEN/NOTIFY,2,2.65
LISTEN/NOTIFY,2,2.852
LISTEN/NOTIFY,2,2.669
LISTEN/NOTIFY,2,2.795
LISTEN/NOTIFY,2,2.671
LISTEN/NOTIFY,2,2.625
LISTEN/NOTIFY,2,2.512
LISTEN/NOTIFY,2,2.589
LISTEN/NOTIFY,2,2.608
LISTEN/NOTIFY,2,2.694
LISTEN/NOTIFY,2,2.589
LISTEN/NOTIFY,2,2.574
LISTEN/NOTIFY,2,2.353
LISTEN/NOTIFY,2,2.842
LISTEN/NOTIFY,2,2.825
LISTEN/NOTIFY,2,2.636
LISTEN/NOTIFY,2,2.598
LISTEN/NOTIFY,2,2.706
LISTEN/NOTIFY,2,2.701
LISTEN/NOTIFY,2,2.856
LISTEN/NOTIFY,2,2.779
LISTEN/NOTIFY,2,21.469
LISTEN/NOTIFY,2,20.533
LISTEN/NOTIFY,2,15.708
LISTEN/NOTIFY,2,10.921
LISTEN/NOTIFY,2,4.129
LISTEN/NOTIFY,2,5.363
LISTEN/NOTIFY,2,4.521
LISTEN/NOTIFY,2,4.275
LISTEN/NOTIFY,2,3.381
LISTEN/NOTIFY,2,2.799
LISTEN/NOTIFY,2,2.622
LISTEN/NOTIFY,2,2.939
LISTEN/NOTIFY,2,2.831
LISTEN/NOTIFY,2,2.756
LISTEN/NOTIFY,2,2.603
LISTEN/NOTIFY,2,2.063
LISTEN/NOTIFY,2,2.037
LISTEN/NOTIFY,2,2.882
LISTEN/NOTIFY,2,2.773
LISTEN/NOTIFY,2,2.675
LISTEN/NOTIFY,2,2.61
LISTEN/NOTIFY,2,2.673
LISTEN/NOTIFY,2,2.722
LISTEN/NOTIFY,2,2.846
LISTEN/NOTIFY,2,2.741
LISTEN/NOTIFY,2,2.138
LISTEN/NOTIFY,2,2.257
LISTEN/NOTIFY,2,2.448
LISTEN/NOTIFY,2,2.846
LISTEN/NOTIFY,2,2.808
LISTEN/NOTIFY,2,2.778
LISTEN/NOTIFY,2,2.738
LISTEN/NOTIFY,2,2.918
LISTEN/NOTIFY,2,2.813
LISTEN/NOTIFY,2,2.749
LISTEN/NOTIFY,2,2.7
LISTEN/NOTIFY,2,2.717
LISTEN/NOTIFY,2,2.862
LISTEN/NOTIFY,2,3.204
LISTEN/NOTIFY,2,3.084
LISTEN/NOTIFY,2,2.779
LISTEN/NOTIFY,2,2.726
LISTEN/NOTIFY,2,2.829
LISTEN/NOTIFY,2,2.782
LISTEN/NOTIFY,2,2.666
LISTEN/NOTIFY,2,2.114
LISTEN/NOTIFY,2,2.467
LISTEN/NOTIFY,2,2.091
LISTEN/NOTIFY,2,2.161
LISTEN/NOTIFY,2,2.693
LISTEN/NOTIFY,2,2.2
LISTEN/NOTIFY,2,2.154
LISTEN/NOTIFY,2,1.914
LISTEN/NOTIFY,2,2.826
LISTEN/NOTIFY,2,2.748
LISTEN/NOTIFY,2,2.751
LISTEN/NOTIFY,2,2.94
LISTEN/NOTIFY,2,2.814
LISTEN/NOTIFY,2,2.895
LISTEN/NOTIFY,2,2.558
LISTEN/NOTIFY,2,21.465
LISTEN/NOTIFY,2,20.649
LISTEN/NOTIFY,2,15.507
LISTEN/NOTIFY,2,10.986
LISTEN/NOTIFY,2,4.274
LISTEN/NOTIFY,2,5.105
LISTEN/NOTIFY,2,3.718
LISTEN/NOTIFY,2,2.98
LISTEN/NOTIFY,2,2.862
LISTEN/NOTIFY,2,2.799
LISTEN/NOTIFY,2,2.696
LISTEN/NOTIFY,2,2.62
LISTEN/NOTIFY,2,2.539
LISTEN/NOTIFY,2,2.609
LISTEN/NOTIFY,2,2.539
LISTEN/NOTIFY,2,2.606
LISTEN/NOTIFY,2,2.652
LISTEN/NOTIFY,2,2.769
LISTEN/NOTIFY,2,2.488
LISTEN/NOTIFY,2,2.178
LISTEN/NOTIFY,2,2.192
LISTEN/NOTIFY,2,2.747
LISTEN/NOTIFY,2,2.809
LISTEN/NOTIFY,2,2.596
LISTEN/NOTIFY,2,2.936
LISTEN/NOTIFY,2,2.721
LISTEN/NOTIFY,2,2.676
LISTEN/NOTIFY,2,2.805
LISTEN/NOTIFY,2,2.653
LISTEN/NOTIFY,2,2.946
LISTEN/NOTIFY,2,2.605
LISTEN/NOTIFY,2,2.426
LISTEN/NOTIFY,2,2.904
LISTEN/NOTIFY,2,2.602
LISTEN/NOTIFY,2,2.731
LISTEN/NOTIFY,2,2.802
LISTEN/NOTIFY,2,2.38
LISTEN/NOTIFY,2,2.514
LISTEN/NOTIFY,2,2.849
LISTEN/NOTIFY,2,2.644
LISTEN/NOTIFY,2,2.765
LISTEN/NOTIFY,2,2.656
LISTEN/NOTIFY,2,2.719
LISTEN/NOTIFY,2,2.769
LISTEN/NOTIFY,2,2.61
LISTEN/NOTIFY,2,2.64
LISTEN/NOTIFY,2,2.408
LISTEN/NOTIFY,2,2.8
LISTEN/NOTIFY,2,2.722
LISTEN/NOTIFY,2,2.569
LISTEN/NOTIFY,2,2.66
LISTEN/NOTIFY,2,2.526
LISTEN/NOTIFY,2,2.575
LISTEN/NOTIFY,2,2.184
LISTEN/NOTIFY,2,2.634
LISTEN/NOTIFY,2,2.605
LISTEN/NOTIFY,2,2.634
LISTEN/NOTIFY,2,2.117
LISTEN/NOTIFY,2,2.63
LISTEN/NOTIFY,2,2.547
LISTEN/NOTIFY,2,2.868
LISTEN/NOTIFY,2,2.688
LISTEN/NOTIFY,2,19.175
LISTEN/NOTIFY,2,18.564
LISTEN/NOTIFY,2,13.76
LISTEN/NOTIFY,2,8.691
LISTEN/NOTIFY,2,3.891
LISTEN/NOTIFY,2,3.298
LISTEN/NOTIFY,2,2.858
LISTEN/NOTIFY,2,3.01
LISTEN/NOTIFY,2,2.853
LISTEN/NOTIFY,2,2.891
LISTEN/NOTIFY,2,2.82
LISTEN/NOTIFY,2,2.828
LISTEN/NOTIFY,2,2.732
LISTEN/NOTIFY,2,2.856
LISTEN/NOTIFY,2,3.286
LISTEN/NOTIFY,2,2.839
LISTEN/NOTIFY,2,2.65
LISTEN/NOTIFY,2,2.8
LISTEN/NOTIFY,2,3.19
LISTEN/NOTIFY,2,3.284
LISTEN/NOTIFY,2,3.44
LISTEN/NOTIFY,2,3.466
LISTEN/NOTIFY,2,3.431
LISTEN/NOTIFY,2,3.548
LISTEN/NOTIFY,2,3.67
LISTEN/NOTIFY,2,3.738
LISTEN/NOTIFY,2,3.984
LISTEN/NOTIFY,2,4.461
LISTEN/NOTIFY,2,4.538
LISTEN/NOTIFY,2,4.661
LISTEN/NOTIFY,2,4.394
LISTEN/NOTIFY,2,4.821
LISTEN/NOTIFY,2,5.055
LISTEN/NOTIFY,2,4.676
LISTEN/NOTIFY,2,4.421
LISTEN/NOTIFY,2,5.018
LISTEN/NOTIFY,2,5.496
LISTEN/NOTIFY,2,5.777
LISTEN/NOTIFY,2,6.053
LISTEN/NOTIFY,2,5.981
LISTEN/NOTIFY,2,6.331
LISTEN/NOTIFY,2,6.677
LISTEN/NOTIFY,2,6.518
LISTEN/NOTIFY,2,7.548
LISTEN/NOTIFY,2,7.848
LISTEN/NOTIFY,2,2.634
LISTEN/NOTIFY,2,4.087
LISTEN/NOTIFY,2,4.046
LISTEN/NOTIFY,2,3.892
LISTEN/NOTIFY,2,4.592
LISTEN/NOTIFY,2,4.842
LISTEN/NOTIFY,2,4.998
LISTEN/NOTIFY,2,4.984
LISTEN/NOTIFY,2,4.789
LISTEN/NOTIFY,2,5.302
LISTEN/NOTIFY,2,5.082
LISTEN/NOTIFY,2,5.328
LISTEN/NOTIFY,2,5.026
LISTEN/NOTIFY,2,5.655
LISTEN/NOTIFY,2,5.484
LISTEN/NOTIFY,2,5.834
LISTEN/NOTIFY,2,5.878
LISTEN/NOTIFY,2,22.62
LISTEN/NOTIFY,2,17.36
LISTEN/NOTIFY,2,17.54
LISTEN/NOTIFY,2,12.691
LISTEN/NOTIFY,2,5.958
LISTEN/NOTIFY,2,2.556
LISTEN/NOTIFY,2,4.182
LISTEN/NOTIFY,2,4.113
LISTEN/NOTIFY,2,4.219
LISTEN/NOTIFY,2,4.631
LISTEN/NOTIFY,2,4.615
LISTEN/NOTIFY,2,4.693
LISTEN/NOTIFY,2,4.613
LISTEN/NOTIFY,2,4.669
LISTEN/NOTIFY,2,4.821
LISTEN/NOTIFY,2,5.744
LISTEN/NOTIFY,2,5.76
LISTEN/NOTIFY,2,5.835
LISTEN/NOTIFY,2,5.608
LISTEN/NOTIFY,2,5.994
LISTEN/NOTIFY,2,5.29
LISTEN/NOTIFY,2,5.396
LISTEN/NOTIFY,2,5.347
LISTEN/NOTIFY,2,5.395
LISTEN/NOTIFY,2,5.375
LISTEN/NOTIFY,2,5.449
LISTEN/NOTIFY,2,5.431
LISTEN/NOTIFY,2,6.129
LISTEN/NOTIFY,2,6.457
LISTEN/NOTIFY,2,6.477
LISTEN/NOTIFY,2,6.389
LISTEN/NOTIFY,2,6.35
LISTEN/NOTIFY,2,6.798
LISTEN/NOTIFY,2,6.972
LISTEN/NOTIFY,2,7.052
LISTEN/NOTIFY,2,7.139
LISTEN/NOTIFY,2,7.587
LISTEN/NOTIFY,2,2.866
LISTEN/NOTIFY,2,4.144
LISTEN/NOTIFY,2,4.611
LISTEN/NOTIFY,2,4.661
LISTEN/NOTIFY,2,4.526
LISTEN/NOTIFY,2,4.956
LISTEN/NOTIFY,2,5.247
LISTEN/NOTIFY,2,5.866
LISTEN/NOTIFY,2,6.037
LISTEN/NOTIFY,2,6.382
LISTEN/NOTIFY,2,6.193
LISTEN/NOTIFY,2,5.968
LISTEN/NOTIFY,2,5.88
LISTEN/NOTIFY,2,5.999
LISTEN/NOTIFY,2,6.598
LISTEN/NOTIFY,2,6.527
LISTEN/NOTIFY,2,1.675
LISTEN/NOTIFY,2,3.168
LISTEN/NOTIFY,2,3.745
LISTEN/NOTIFY,2,4.091
LISTEN/NOTIFY,2,4.677
LISTEN/NOTIFY,2,4.769
LISTEN/NOTIFY,2,4.883
LISTEN/NOTIFY,2,4.388
LISTEN/NOTIFY,2,5.131
LISTEN/NOTIFY,2,5.624
LISTEN/NOTIFY,2,5.375
LISTEN/NOTIFY,2,5.781
LISTEN/NOTIFY,2,5.461
LISTEN/NOTIFY,2,22.804
LISTEN/NOTIFY,2,17.765
LISTEN/NOTIFY,2,18.201
LISTEN/NOTIFY,2,12.964
LISTEN/NOTIFY,2,6.099
LISTEN/NOTIFY,2,8.266
LISTEN/NOTIFY,2,3.814
LISTEN/NOTIFY,2,4.174
LISTEN/NOTIFY,2,4.029
LISTEN/NOTIFY,2,3.742
LISTEN/NOTIFY,2,4.117
LISTEN/NOTIFY,2,4.518
LISTEN/NOTIFY,2,4.316
LISTEN/NOTIFY,2,5.21
LISTEN/NOTIFY,2,5.596
LISTEN/NOTIFY,2,5.793
LISTEN/NOTIFY,2,6.063
LISTEN/NOTIFY,2,5.799
LISTEN/NOTIFY,2,6.102
LISTEN/NOTIFY,2,5.933
LISTEN/NOTIFY,2,6.015
LISTEN/NOTIFY,2,5.92
LISTEN/NOTIFY,2,6.032
LISTEN/NOTIFY,2,6.28
LISTEN/NOTIFY,2,6.459
LISTEN/NOTIFY,2,1.712
LISTEN/NOTIFY,2,3.103
LISTEN/NOTIFY,2,3.526
LISTEN/NOTIFY,2,3.447
LISTEN/NOTIFY,2,3.1
LISTEN/NOTIFY,2,3.959
LISTEN/NOTIFY,2,3.225
LISTEN/NOTIFY,2,3.438
LISTEN/NOTIFY,2,3.002
LISTEN/NOTIFY,2,2.823
LISTEN/NOTIFY,2,2.797
LISTEN/NOTIFY,2,3.032
LISTEN/NOTIFY,2,2.973
LISTEN/NOTIFY,2,2.899
LISTEN/NOTIFY,2,2.988
LISTEN/NOTIFY,2,2.926
LISTEN/NOTIFY,2,3.382
LISTEN/NOTIFY,2,2.884
LISTEN/NOTIFY,2,2.951
LISTEN/NOTIFY,2,2.852
LISTEN/NOTIFY,2,2.799
LISTEN/NOTIFY,2,2.537
LISTEN/NOTIFY,2,2.817
LISTEN/NOTIFY,2,2.974
LISTEN/NOTIFY,2,2.859
LISTEN/NOTIFY,2,2.824
LISTEN/NOTIFY,2,3.02
LISTEN/NOTIFY,2,3.074
LISTEN/NOTIFY,2,2.8
LISTEN/NOTIFY,2,3.084
LISTEN/NOTIFY,2,2.874
LISTEN/NOTIFY,2,2.843
LISTEN/NOTIFY,2,2.866
LISTEN/NOTIFY,2,2.888
LISTEN/NOTIFY,2,2.624
LISTEN/NOTIFY,2,2.933
LISTEN/NOTIFY,2,21.495
LISTEN/NOTIFY,2,20.604
LISTEN/NOTIFY,2,15.889
LISTEN/NOTIFY,2,11.291
LISTEN/NOTIFY,2,8.569
LISTEN/NOTIFY,2,5.481
LISTEN/NOTIFY,2,4.5
LISTEN/NOTIFY,2,3.405
LISTEN/NOTIFY,2,3.79
LISTEN/NOTIFY,2,3.025
LISTEN/NOTIFY,2,3.066
LISTEN/NOTIFY,2,2.997
LISTEN/NOTIFY,2,2.937
LISTEN/NOTIFY,2,2.876
LISTEN/NOTIFY,2,2.893
LISTEN/NOTIFY,2,2.99
LISTEN/NOTIFY,2,2.521
LISTEN/NOTIFY,2,2.856
LISTEN/NOTIFY,2,2.721
LISTEN/NOTIFY,2,2.941
LISTEN/NOTIFY,2,2.879
LISTEN/NOTIFY,2,2.915
LISTEN/NOTIFY,2,2.83
LISTEN/NOTIFY,2,2.787
LISTEN/NOTIFY,2,2.599
LISTEN/NOTIFY,2,2.47
LISTEN/NOTIFY,2,2.728
LISTEN/NOTIFY,2,2.735
LISTEN/NOTIFY,2,2.743
LISTEN/NOTIFY,2,2.847
LISTEN/NOTIFY,2,2.809
LISTEN/NOTIFY,2,2.954
LISTEN/NOTIFY,2,2.806
LISTEN/NOTIFY,2,2.869
LISTEN/NOTIFY,2,2.708
LISTEN/NOTIFY,2,2.982
LISTEN/NOTIFY,2,3.038
LISTEN/NOTIFY,2,3.01
LISTEN/NOTIFY,2,2.802
LISTEN/NOTIFY,2,2.659
LISTEN/NOTIFY,2,2.914
LISTEN/NOTIFY,2,2.846
LISTEN/NOTIFY,2,2.544
LISTEN/NOTIFY,2,2.971
LISTEN/NOTIFY,2,2.849
LISTEN/NOTIFY,2,3.083
LISTEN/NOTIFY,2,2.816
LISTEN/NOTIFY,2,2.968
LISTEN/NOTIFY,2,2.837
LISTEN/NOTIFY,2,2.894
LISTEN/NOTIFY,2,3.016
LISTEN/NOTIFY,2,2.827
LISTEN/NOTIFY,2,2.765
LISTEN/NOTIFY,2,2.879
LISTEN/NOTIFY,2,2.616
LISTEN/NOTIFY,2,2.74
LISTEN/NOTIFY,2,2.796
LISTEN/NOTIFY,2,2.819
LISTEN/NOTIFY,2,2.931
LISTEN/NOTIFY,2,2.802
LISTEN/NOTIFY,2,3.78
LISTEN/NOTIFY,2,2.872
LISTEN/NOTIFY,2,2.9
LISTEN/NOTIFY,2,2.884
LISTEN/NOTIFY,2,2.909
LISTEN/NOTIFY,2,2.837
LISTEN/NOTIFY,2,3.031
LISTEN/NOTIFY,2,2.777
LISTEN/NOTIFY,2,2.8
LISTEN/NOTIFY,2,2.872
LISTEN/NOTIFY,2,2.464
LISTEN/NOTIFY,2,2.876
LISTEN/NOTIFY,2,2.791
LISTEN/NOTIFY,2,2.818
LISTEN/NOTIFY,2,2.74
LISTEN/NOTIFY,2,3.064
LISTEN/NOTIFY,2,3.108
LISTEN/NOTIFY,2,2.849
LISTEN/NOTIFY,2,2.686
LISTEN/NOTIFY,2,2.831
LISTEN/NOTIFY,2,2.882
LISTEN/NOTIFY,2,2.96
LISTEN/NOTIFY,2,2.542
LISTEN/NOTIFY,2,2.693
LISTEN/NOTIFY,2,2.556
LISTEN/NOTIFY,2,2.984
LISTEN/NOTIFY,2,2.922
LISTEN/NOTIFY,2,2.049
LISTEN/NOTIFY,2,2.759
LISTEN/NOTIFY,2,2.743
LISTEN/NOTIFY,2,2.996
LISTEN/NOTIFY,2,2.819
LISTEN/NOTIFY,2,2.931
LISTEN/NOTIFY,2,2.891
LISTEN/NOTIFY,2,2.821
LISTEN/NOTIFY,2,2.777
LISTEN/NOTIFY,2,2.919
LISTEN/NOTIFY,2,2.825
LISTEN/NOTIFY,2,2.632
LISTEN/NOTIFY,2,2.626
LISTEN/NOTIFY,2,2.948
LISTEN/NOTIFY,2,2.888
LISTEN/NOTIFY,2,2.511
LISTEN/NOTIFY,2,2.866
LISTEN/NOTIFY,2,2.774
LISTEN/NOTIFY,2,2.836
LISTEN/NOTIFY,2,2.77
LISTEN/NOTIFY,2,3.117
LISTEN/NOTIFY,2,2.814
LISTEN/NOTIFY,2,2.799
LISTEN/NOTIFY,2,2.832
LISTEN/NOTIFY,2,2.856
LISTEN/NOTIFY,2,2.974
LISTEN/NOTIFY,2,2.732
LISTEN/NOTIFY,2,2.682
LISTEN/NOTIFY,2,2.65
LISTEN/NOTIFY,2,3.004
LISTEN/NOTIFY,2,2.762
LISTEN/NOTIFY,2,2.804
LISTEN/NOTIFY,2,2.743
LISTEN/NOTIFY,2,2.788
LISTEN/NOTIFY,2,2.775
LISTEN/NOTIFY,2,2.939
LISTEN/NOTIFY,2,2.868
LISTEN/NOTIFY,2,2.797
LISTEN/NOTIFY,2,2.61
LISTEN/NOTIFY,2,2.877
LISTEN/NOTIFY,2,2.908
LISTEN/NOTIFY,2,2.863
LISTEN/NOTIFY,2,2.74
LISTEN/NOTIFY,2,2.78
LISTEN/NOTIFY,2,2.897
LISTEN/NOTIFY,2,2.591
LISTEN/NOTIFY,2,2.918
LISTEN/NOTIFY,2,2.759
LISTEN/NOTIFY,2,2.841
LISTEN/NOTIFY,2,2.667
LISTEN/NOTIFY,2,2.816
LISTEN/NOTIFY,2,2.864
LISTEN/NOTIFY,2,2.816
LISTEN/NOTIFY,2,2.642
LISTEN/NOTIFY,2,2.731
LISTEN/NOTIFY,2,2.853
LISTEN/NOTIFY,2,2.353
LISTEN/NOTIFY,2,2.739
LISTEN/NOTIFY,2,2.883
LISTEN/NOTIFY,2,2.83
LISTEN/NOTIFY,2,2.844
LISTEN/NOTIFY,2,2.834
LISTEN/NOTIFY,2,2.751
LISTEN/NOTIFY,2,2.905
LISTEN/NOTIFY,2,2.899
LISTEN/NOTIFY,2,2.915
LISTEN/NOTIFY,2,2.583
LISTEN/NOTIFY,2,2.879
LISTEN/NOTIFY,2,3.09
LISTEN/NOTIFY,2,3.049
LISTEN/NOTIFY,2,2.959
LISTEN/NOTIFY,2,2.882
LISTEN/NOTIFY,2,2.741
LISTEN/NOTIFY,2,2.788
LISTEN/NOTIFY,2,2.775
LISTEN/NOTIFY,2,2.639
LISTEN/NOTIFY,2,2.805
LISTEN/NOTIFY,2,2.63
LISTEN/NOTIFY,2,2.751
LISTEN/NOTIFY,2,2.788
LISTEN/NOTIFY,2,2.796
LISTEN/NOTIFY,2,2.907
LISTEN/NOTIFY,2,3.012
LISTEN/NOTIFY,2,3.271
LISTEN/NOTIFY,2,3.119
LISTEN/NOTIFY,2,3.413
LISTEN/NOTIFY,2,3.218
LISTEN/NOTIFY,2,3.161
LISTEN/NOTIFY,2,21.715
LISTEN/NOTIFY,2,21.226
LISTEN/NOTIFY,2,16.48
LISTEN/NOTIFY,2,11.238
LISTEN/NOTIFY,2,4.535
LISTEN/NOTIFY,2,6.089
LISTEN/NOTIFY,2,5.424
LISTEN/NOTIFY,2,5.48
LISTEN/NOTIFY,2,4.462
LISTEN/NOTIFY,2,3.895
LISTEN/NOTIFY,2,2.965
LISTEN/NOTIFY,2,2.858
LISTEN/NOTIFY,2,2.828
LISTEN/NOTIFY,2,2.862
LISTEN/NOTIFY,2,2.545
LISTEN/NOTIFY,2,2.962
LISTEN/NOTIFY,2,2.901
LISTEN/NOTIFY,2,2.464
LISTEN/NOTIFY,2,2.631
LISTEN/NOTIFY,2,2.695
LISTEN/NOTIFY,2,2.868
LISTEN/NOTIFY,2,2.91
LISTEN/NOTIFY,2,2.714
LISTEN/NOTIFY,2,2.868
LISTEN/NOTIFY,2,2.734
LISTEN/NOTIFY,2,2.568
LISTEN/NOTIFY,2,2.82
LISTEN/NOTIFY,2,2.813
LISTEN/NOTIFY,2,2.762
LISTEN/NOTIFY,2,2.618
LISTEN/NOTIFY,2,2.857
LISTEN/NOTIFY,2,2.782
LISTEN/NOTIFY,2,2.773
LISTEN/NOTIFY,2,2.857
LISTEN/NOTIFY,2,2.663
LISTEN/NOTIFY,2,2.825
LISTEN/NOTIFY,2,2.784
LISTEN/NOTIFY,2,2.689
LISTEN/NOTIFY,2,2.69
LISTEN/NOTIFY,2,2.788
LISTEN/NOTIFY,2,2.765
LISTEN/NOTIFY,2,2.721
LISTEN/NOTIFY,2,2.638
LISTEN/NOTIFY,2,2.574
LISTEN/NOTIFY,2,2.832
LISTEN/NOTIFY,2,3.727
LISTEN/NOTIFY,2,2.981
LISTEN/NOTIFY,2,2.83
LISTEN/NOTIFY,2,2.39
LISTEN/NOTIFY,2,2.824
LISTEN/NOTIFY,2,2.749
LISTEN/NOTIFY,2,2.557
LISTEN/NOTIFY,2,2.769
LISTEN/NOTIFY,2,2.872
LISTEN/NOTIFY,2,2.78
LISTEN/NOTIFY,2,2.757
LISTEN/NOTIFY,2,2.868
LISTEN/NOTIFY,2,2.833
LISTEN/NOTIFY,2,2.765
LISTEN/NOTIFY,2,2.587
LISTEN/NOTIFY,2,2.672
LISTEN/NOTIFY,2,3.417
LISTEN/NOTIFY,2,24.629
LISTEN/NOTIFY,2,28.015
LISTEN/NOTIFY,2,22.815
LISTEN/NOTIFY,2,26.839
LISTEN/NOTIFY,2,21.087
LISTEN/NOTIFY,2,19.196
LISTEN/NOTIFY,2,25.135
LISTEN/NOTIFY,2,20.222
LISTEN/NOTIFY,2,23.823
LISTEN/NOTIFY,2,18.661
LISTEN/NOTIFY,2,24.979
LISTEN/NOTIFY,2,19.761
LISTEN/NOTIFY,2,22.356
LISTEN/NOTIFY,2,17.788
LISTEN/NOTIFY,2,19.657
LISTEN/NOTIFY,2,20.777
LISTEN/NOTIFY,2,24.162
LISTEN/NOTIFY,2,19.074
LISTEN/NOTIFY,2,21.37
LISTEN/NOTIFY,2,16.633
LISTEN/NOTIFY,2,19.965
LISTEN/NOTIFY,2,14.802
LISTEN/NOTIFY,2,17.524
LISTEN/NOTIFY,2,12.444
LISTEN/NOTIFY,2,15.985
LISTEN/NOTIFY,2,10.759
LISTEN/NOTIFY,2,14.595
LISTEN/NOTIFY,2,9.85
LISTEN/NOTIFY,2,12.448
LISTEN/NOTIFY,2,7.02
LISTEN/NOTIFY,2,9.396
LISTEN/NOTIFY,2,12.292
LISTEN/NOTIFY,2,7.043
LISTEN/NOTIFY,2,7.987
LISTEN/NOTIFY,2,8.347
LISTEN/NOTIFY,2,16.877
LISTEN/NOTIFY,2,12.255
LISTEN/NOTIFY,2,14.911
LISTEN/NOTIFY,2,9.705
LISTEN/NOTIFY,2,10.983
LISTEN/NOTIFY,2,13.301
LISTEN/NOTIFY,2,8.049
LISTEN/NOTIFY,2,10.61
LISTEN/NOTIFY,2,5.673
LISTEN/NOTIFY,2,7.316
LISTEN/NOTIFY,2,11.338
LISTEN/NOTIFY,2,6.11
LISTEN/NOTIFY,2,9.864
LISTEN/NOTIFY,2,13.146
LISTEN/NOTIFY,2,7.947
LISTEN/NOTIFY,2,11.686
LISTEN/NOTIFY,2,6.327
LISTEN/NOTIFY,2,7.138
LISTEN/NOTIFY,2,8.125
LISTEN/NOTIFY,2,10.05
LISTEN/NOTIFY,2,14.152
LISTEN/NOTIFY,2,8.94
LISTEN/NOTIFY,2,10.306
LISTEN/NOTIFY,2,5.678
LISTEN/NOTIFY,2,6.813
LISTEN/NOTIFY,2,7.876
LISTEN/NOTIFY,2,11.552
LISTEN/NOTIFY,2,6.676
LISTEN/NOTIFY,2,7.346
LISTEN/NOTIFY,2,7.898
LISTEN/NOTIFY,2,9.302
LISTEN/NOTIFY,2,16.729
LISTEN/NOTIFY,2,11.986
LISTEN/NOTIFY,2,16.518
LISTEN/NOTIFY,2,11.477
LISTEN/NOTIFY,2,14.907
LISTEN/NOTIFY,2,9.881
LISTEN/NOTIFY,2,12.744
LISTEN/NOTIFY,2,7.883
LISTEN/NOTIFY,2,11.552
LISTEN/NOTIFY,2,6.319
LISTEN/NOTIFY,2,7.632
LISTEN/NOTIFY,2,8.746
LISTEN/NOTIFY,2,12.15
LISTEN/NOTIFY,2,7.338
LISTEN/NOTIFY,2,8.853
LISTEN/NOTIFY,2,12.14
LISTEN/NOTIFY,2,7.116
LISTEN/NOTIFY,2,8.34
LISTEN/NOTIFY,2,10.167
LISTEN/NOTIFY,2,5.227
LISTEN/NOTIFY,2,6.152
LISTEN/NOTIFY,2,7.381
LISTEN/NOTIFY,2,8.1
LISTEN/NOTIFY,2,11.23
LISTEN/NOTIFY,2,6.845
LISTEN/NOTIFY,2,7.151
LISTEN/NOTIFY,2,7.77
LISTEN/NOTIFY,2,9.672
LISTEN/NOTIFY,2,12.486
LISTEN/NOTIFY,2,7.224
LISTEN/NOTIFY,2,7.5
LISTEN/NOTIFY,2,7.17
LISTEN/NOTIFY,2,9.359
LISTEN/NOTIFY,2,12.684
LISTEN/NOTIFY,2,7.969
LISTEN/NOTIFY,2,8.082
LISTEN/NOTIFY,2,11.724
LISTEN/NOTIFY,2,6.869
LISTEN/NOTIFY,2,9.115
LISTEN/NOTIFY,2,14.535
LISTEN/NOTIFY,2,30.497
LISTEN/NOTIFY,2,33.737
LISTEN/NOTIFY,2,28.221
LISTEN/NOTIFY,2,33.959
LISTEN/NOTIFY,2,28.276
LISTEN/NOTIFY,2,24.716
LISTEN/NOTIFY,2,21.797
LISTEN/NOTIFY,2,24.731
LISTEN/NOTIFY,2,21.216
LISTEN/NOTIFY,2,22.9
LISTEN/NOTIFY,2,20.058
LISTEN/NOTIFY,2,22.252
LISTEN/NOTIFY,2,19.383
LISTEN/NOTIFY,2,22.264
LISTEN/NOTIFY,2,19.219
LISTEN/NOTIFY,2,22.241
LISTEN/NOTIFY,2,19.43
LISTEN/NOTIFY,2,21.687
LISTEN/NOTIFY,2,17.986
LISTEN/NOTIFY,2,21.685
LISTEN/NOTIFY,2,16.211
LISTEN/NOTIFY,2,21.133
LISTEN/NOTIFY,2,16.248
LISTEN/NOTIFY,2,19.486
LISTEN/NOTIFY,2,14.387
LISTEN/NOTIFY,2,17.693
LISTEN/NOTIFY,2,12.607
LISTEN/NOTIFY,2,15.464
LISTEN/NOTIFY,2,10.52
LISTEN/NOTIFY,2,16.791
LISTEN/NOTIFY,2,11.615
LISTEN/NOTIFY,2,14.76
LISTEN/NOTIFY,2,9.3
LISTEN/NOTIFY,2,13.249
LISTEN/NOTIFY,2,8.18
LISTEN/NOTIFY,2,12.079
LISTEN/NOTIFY,2,6.908
LISTEN/NOTIFY,2,7.677
LISTEN/NOTIFY,2,9.794
LISTEN/NOTIFY,2,5.21
LISTEN/NOTIFY,2,9.037
LISTEN/NOTIFY,2,18.575
LISTEN/NOTIFY,2,36.041
LISTEN/NOTIFY,2,30.992
LISTEN/NOTIFY,2,30.572
LISTEN/NOTIFY,2,25.59
LISTEN/NOTIFY,2,20.497
LISTEN/NOTIFY,2,5.04
LISTEN/NOTIFY,2,7.651
LISTEN/NOTIFY,2,6.966
LISTEN/NOTIFY,2,5.071
LISTEN/NOTIFY,2,4.203
LISTEN/NOTIFY,2,3.443
LISTEN/NOTIFY,2,2.86
LISTEN/NOTIFY,2,2.751
LISTEN/NOTIFY,2,2.824
LISTEN/NOTIFY,2,2.709
LISTEN/NOTIFY,2,2.619
LISTEN/NOTIFY,2,2.818
LISTEN/NOTIFY,2,2.792
LISTEN/NOTIFY,2,2.815
LISTEN/NOTIFY,2,2.697
LISTEN/NOTIFY,2,2.892
LISTEN/NOTIFY,2,2.638
LISTEN/NOTIFY,2,3.05
LISTEN/NOTIFY,2,2.907
LISTEN/NOTIFY,2,2.826
LISTEN/NOTIFY,2,2.803
LISTEN/NOTIFY,2,2.801
LISTEN/NOTIFY,2,2.619
LISTEN/NOTIFY,2,2.715
LISTEN/NOTIFY,2,3.016
LISTEN/NOTIFY,2,2.792
LISTEN/NOTIFY,2,2.786
LISTEN/NOTIFY,2,2.584
LISTEN/NOTIFY,2,2.783
LISTEN/NOTIFY,2,2.736
LISTEN/NOTIFY,2,3.241
LISTEN/NOTIFY,2,2.863
LISTEN/NOTIFY,2,2.685
LISTEN/NOTIFY,2,2.78
LISTEN/NOTIFY,2,2.325
LISTEN/NOTIFY,2,2.639
LISTEN/NOTIFY,2,2.758
LISTEN/NOTIFY,2,2.633
LISTEN/NOTIFY,2,2.626
LISTEN/NOTIFY,2,2.571
LISTEN/NOTIFY,2,2.831
LISTEN/NOTIFY,2,3.033
LISTEN/NOTIFY,2,2.649
LISTEN/NOTIFY,2,2.806
LISTEN/NOTIFY,2,2.727
LISTEN/NOTIFY,2,2.858
LISTEN/NOTIFY,2,2.711
LISTEN/NOTIFY,2,2.833
LISTEN/NOTIFY,2,2.673
LISTEN/NOTIFY,2,2.622
LISTEN/NOTIFY,2,2.935
LISTEN/NOTIFY,2,2.871
LISTEN/NOTIFY,2,2.997
LISTEN/NOTIFY,2,2.772
LISTEN/NOTIFY,2,3.117
LISTEN/NOTIFY,2,2.748
LISTEN/NOTIFY,2,2.841
LISTEN/NOTIFY,2,21.717
LISTEN/NOTIFY,2,20.834
LISTEN/NOTIFY,2,15.691
LISTEN/NOTIFY,2,10.751
LISTEN/NOTIFY,2,4.971
LISTEN/NOTIFY,2,5.511
LISTEN/NOTIFY,2,5.007
LISTEN/NOTIFY,2,4.146
LISTEN/NOTIFY,2,4.054
LISTEN/NOTIFY,2,2.823
LISTEN/NOTIFY,2,2.969
LISTEN/NOTIFY,2,2.583
LISTEN/NOTIFY,2,2.63
LISTEN/NOTIFY,2,2.983
LISTEN/NOTIFY,2,2.942
LISTEN/NOTIFY,2,2.945
LISTEN/NOTIFY,2,2.673
LISTEN/NOTIFY,2,2.544
LISTEN/NOTIFY,2,2.875
LISTEN/NOTIFY,2,2.815
LISTEN/NOTIFY,2,2.786
LISTEN/NOTIFY,2,2.902
LISTEN/NOTIFY,2,2.681
LISTEN/NOTIFY,2,2.915
LISTEN/NOTIFY,2,2.597
LISTEN/NOTIFY,2,2.657
LISTEN/NOTIFY,2,2.828
LISTEN/NOTIFY,2,2.707
LISTEN/NOTIFY,2,2.745
LISTEN/NOTIFY,2,2.95
LISTEN/NOTIFY,2,2.746
LISTEN/NOTIFY,2,2.808
LISTEN/NOTIFY,2,2.787
LISTEN/NOTIFY,2,2.857
LISTEN/NOTIFY,2,2.631
LISTEN/NOTIFY,2,2.748
LISTEN/NOTIFY,2,2.804
LISTEN/NOTIFY,2,2.45
LISTEN/NOTIFY,2,3.016
LISTEN/NOTIFY,2,2.825
LISTEN/NOTIFY,2,2.932
LISTEN/NOTIFY,2,2.809
LISTEN/NOTIFY,2,2.897
LISTEN/NOTIFY,2,2.603
LISTEN/NOTIFY,2,2.747
LISTEN/NOTIFY,2,2.973
LISTEN/NOTIFY,2,2.742
LISTEN/NOTIFY,2,2.828
LISTEN/NOTIFY,2,2.248
LISTEN/NOTIFY,2,2.799
LISTEN/NOTIFY,2,2.733
LISTEN/NOTIFY,2,2.6
LISTEN/NOTIFY,2,2.65
LISTEN/NOTIFY,2,2.821
LISTEN/NOTIFY,2,2.79
LISTEN/NOTIFY,2,2.853
LISTEN/NOTIFY,2,2.662
LISTEN/NOTIFY,2,2.162
LISTEN/NOTIFY,2,2.77
LISTEN/NOTIFY,2,21.651
LISTEN/NOTIFY,2,20.89
LISTEN/NOTIFY,2,15.884
LISTEN/NOTIFY,2,11.056
LISTEN/NOTIFY,2,4.247
LISTEN/NOTIFY,2,5.204
LISTEN/NOTIFY,2,4.539
LISTEN/NOTIFY,2,3.36
LISTEN/NOTIFY,2,3.053
LISTEN/NOTIFY,2,3.038
LISTEN/NOTIFY,2,2.936
LISTEN/NOTIFY,2,3.081
LISTEN/NOTIFY,2,2.943
LISTEN/NOTIFY,2,3.082
LISTEN/NOTIFY,2,2.951
LISTEN/NOTIFY,2,2.899
LISTEN/NOTIFY,2,2.661
LISTEN/NOTIFY,2,2.227
LISTEN/NOTIFY,2,2.665
LISTEN/NOTIFY,2,2.873
LISTEN/NOTIFY,2,2.831
LISTEN/NOTIFY,2,2.695
LISTEN/NOTIFY,2,2.788
LISTEN/NOTIFY,2,2.727
LISTEN/NOTIFY,2,2.695
LISTEN/NOTIFY,2,2.766
LISTEN/NOTIFY,2,2.883
LISTEN/NOTIFY,2,2.911
LISTEN/NOTIFY,2,2.807
LISTEN/NOTIFY,2,2.834
LISTEN/NOTIFY,2,2.797
LISTEN/NOTIFY,2,2.799
LISTEN/NOTIFY,2,2.57
LISTEN/NOTIFY,2,2.822
LISTEN/NOTIFY,2,2.761
LISTEN/NOTIFY,2,3.036
LISTEN/NOTIFY,2,2.512
LISTEN/NOTIFY,2,2.842
LISTEN/NOTIFY,2,2.467
LISTEN/NOTIFY,2,2.251
LISTEN/NOTIFY,2,2.852
LISTEN/NOTIFY,2,2.671
LISTEN/NOTIFY,2,2.634
LISTEN/NOTIFY,2,2.715
LISTEN/NOTIFY,2,2.575
LISTEN/NOTIFY,2,2.817
LISTEN/NOTIFY,2,2.641
LISTEN/NOTIFY,2,2.64
LISTEN/NOTIFY,2,2.821
LISTEN/NOTIFY,2,2.848
LISTEN/NOTIFY,2,2.789
LISTEN/NOTIFY,2,2.753
LISTEN/NOTIFY,2,2.564
LISTEN/NOTIFY,2,2.85
LISTEN/NOTIFY,2,2.867
LISTEN/NOTIFY,2,2.483
LISTEN/NOTIFY,2,2.914
LISTEN/NOTIFY,2,3.016
LISTEN/NOTIFY,2,2.846
LISTEN/NOTIFY,2,2.763
LISTEN/NOTIFY,2,21.669
LISTEN/NOTIFY,2,21.207
LISTEN/NOTIFY,2,16.106
LISTEN/NOTIFY,2,10.958
LISTEN/NOTIFY,2,5.424
LISTEN/NOTIFY,2,5.585
LISTEN/NOTIFY,2,5.677
LISTEN/NOTIFY,2,5.271
LISTEN/NOTIFY,2,4.381
LISTEN/NOTIFY,2,3.868
LISTEN/NOTIFY,2,3.065
LISTEN/NOTIFY,2,2.932
LISTEN/NOTIFY,2,2.771
LISTEN/NOTIFY,2,2.863
LISTEN/NOTIFY,2,2.915
LISTEN/NOTIFY,2,2.835
LISTEN/NOTIFY,2,3.073
LISTEN/NOTIFY,2,2.877
LISTEN/NOTIFY,2,2.48
LISTEN/NOTIFY,2,2.941
LISTEN/NOTIFY,2,2.827
LISTEN/NOTIFY,2,2.545
LISTEN/NOTIFY,2,2.8
LISTEN/NOTIFY,2,2.81
LISTEN/NOTIFY,2,2.806
LISTEN/NOTIFY,2,2.77
LISTEN/NOTIFY,2,2.938
LISTEN/NOTIFY,2,2.968
LISTEN/NOTIFY,2,2.716
LISTEN/NOTIFY,2,2.796
LISTEN/NOTIFY,2,2.718
LISTEN/NOTIFY,2,2.722
LISTEN/NOTIFY,2,2.615
LISTEN/NOTIFY,2,2.608
LISTEN/NOTIFY,2,2.662
LISTEN/NOTIFY,2,2.753
LISTEN/NOTIFY,2,2.722
LISTEN/NOTIFY,2,2.77
LISTEN/NOTIFY,2,2.828
LISTEN/NOTIFY,2,2.996
LISTEN/NOTIFY,2,2.099
LISTEN/NOTIFY,2,2.177
LISTEN/NOTIFY,2,2.379
LISTEN/NOTIFY,2,2.835
LISTEN/NOTIFY,2,2.709
LISTEN/NOTIFY,2,2.753
LISTEN/NOTIFY,2,2.846
LISTEN/NOTIFY,2,2.843
LISTEN/NOTIFY,2,2.82
LISTEN/NOTIFY,2,2.915
LISTEN/NOTIFY,2,2.919
LISTEN/NOTIFY,2,2.991
LISTEN/NOTIFY,2,2.793
LISTEN/NOTIFY,2,2.811
LISTEN/NOTIFY,2,2.958
LISTEN/NOTIFY,2,2.887
LISTEN/NOTIFY,2,2.77
LISTEN/NOTIFY,2,2.9
LISTEN/NOTIFY,2,2.747
LISTEN/NOTIFY,2,2.834
LISTEN/NOTIFY,2,19.177
LISTEN/NOTIFY,2,17.567
LISTEN/NOTIFY,2,13.081
LISTEN/NOTIFY,2,8.289
LISTEN/NOTIFY,2,3.152
LISTEN/NOTIFY,2,3.036
LISTEN/NOTIFY,2,2.72
LISTEN/NOTIFY,2,2.73
LISTEN/NOTIFY,2,2.732
LISTEN/NOTIFY,2,2.846
LISTEN/NOTIFY,2,2.905
LISTEN/NOTIFY,2,3.225
LISTEN/NOTIFY,2,2.848
LISTEN/NOTIFY,2,2.913
LISTEN/NOTIFY,2,2.838
LISTEN/NOTIFY,2,2.82
LISTEN/NOTIFY,2,2.839
LISTEN/NOTIFY,2,2.703
LISTEN/NOTIFY,2,2.594
LISTEN/NOTIFY,2,2.865
LISTEN/NOTIFY,2,2.732
LISTEN/NOTIFY,2,2.889
LISTEN/NOTIFY,2,2.881
LISTEN/NOTIFY,2,2.855
LISTEN/NOTIFY,2,2.685
LISTEN/NOTIFY,2,2.858
LISTEN/NOTIFY,2,2.699
LISTEN/NOTIFY,2,2.794
LISTEN/NOTIFY,2,2.866
LISTEN/NOTIFY,2,2.667
LISTEN/NOTIFY,2,2.669
LISTEN/NOTIFY,2,2.725
LISTEN/NOTIFY,2,2.825
LISTEN/NOTIFY,2,2.751
LISTEN/NOTIFY,2,2.868
LISTEN/NOTIFY,2,2.898
LISTEN/NOTIFY,2,2.773
LISTEN/NOTIFY,2,2.72
LISTEN/NOTIFY,2,2.996
LISTEN/NOTIFY,2,2.775
LISTEN/NOTIFY,2,2.72
LISTEN/NOTIFY,2,2.825
LISTEN/NOTIFY,2,2.853
LISTEN/NOTIFY,2,2.786
LISTEN/NOTIFY,2,2.79
LISTEN/NOTIFY,2,2.85
LISTEN/NOTIFY,2,2.763
LISTEN/NOTIFY,2,2.698
LISTEN/NOTIFY,2,2.815
LISTEN/NOTIFY,2,2.774
LISTEN/NOTIFY,2,2.978
LISTEN/NOTIFY,2,2.872
LISTEN/NOTIFY,2,2.833
LISTEN/NOTIFY,2,2.952
LISTEN/NOTIFY,2,2.917
LISTEN/NOTIFY,2,2.059
LISTEN/NOTIFY,2,2.969
LISTEN/NOTIFY,2,3.17
LISTEN/NOTIFY,2,3.071
LISTEN/NOTIFY,2,3.011
LISTEN/NOTIFY,2,2.937
LISTEN/NOTIFY,2,21.527
LISTEN/NOTIFY,2,21.764
LISTEN/NOTIFY,2,16.696
LISTEN/NOTIFY,2,11.73
LISTEN/NOTIFY,2,6.094
LISTEN/NOTIFY,2,6.199
LISTEN/NOTIFY,2,6.069
LISTEN/NOTIFY,2,5.539
LISTEN/NOTIFY,2,4.821
LISTEN/NOTIFY,2,4.493
LISTEN/NOTIFY,2,4.185
LISTEN/NOTIFY,2,3.27
LISTEN/NOTIFY,2,2.797
LISTEN/NOTIFY,2,2.818
LISTEN/NOTIFY,2,2.743
LISTEN/NOTIFY,2,2.732
LISTEN/NOTIFY,2,2.749
LISTEN/NOTIFY,2,2.693
LISTEN/NOTIFY,2,2.8
LISTEN/NOTIFY,2,2.919
LISTEN/NOTIFY,2,2.767
LISTEN/NOTIFY,2,2.854
LISTEN/NOTIFY,2,2.849
LISTEN/NOTIFY,2,2.889
LISTEN/NOTIFY,2,2.921
LISTEN/NOTIFY,2,2.948
LISTEN/NOTIFY,2,2.81
LISTEN/NOTIFY,2,3.085
LISTEN/NOTIFY,2,3.041
LISTEN/NOTIFY,2,2.995
LISTEN/NOTIFY,2,2.797
LISTEN/NOTIFY,2,2.971
LISTEN/NOTIFY,2,2.944
LISTEN/NOTIFY,2,3.024
LISTEN/NOTIFY,2,2.813
LISTEN/NOTIFY,2,2.784
LISTEN/NOTIFY,2,2.79
LISTEN/NOTIFY,2,2.977
LISTEN/NOTIFY,2,3.12
LISTEN/NOTIFY,2,2.866
LISTEN/NOTIFY,2,2.646
LISTEN/NOTIFY,2,2.812
LISTEN/NOTIFY,2,2.881
LISTEN/NOTIFY,2,2.851
LISTEN/NOTIFY,2,2.956
LISTEN/NOTIFY,2,2.772
LISTEN/NOTIFY,2,2.361
LISTEN/NOTIFY,2,2.275
LISTEN/NOTIFY,2,2.772
LISTEN/NOTIFY,2,2.78
LISTEN/NOTIFY,2,2.807
LISTEN/NOTIFY,2,2.705
LISTEN/NOTIFY,2,2.773
LISTEN/NOTIFY,2,2.908
LISTEN/NOTIFY,2,2.86
LISTEN/NOTIFY,2,2.763
LISTEN/NOTIFY,2,2.834
LISTEN/NOTIFY,2,2.751
LISTEN/NOTIFY,2,2.828
LISTEN/NOTIFY,2,21.831
LISTEN/NOTIFY,2,21.252
LISTEN/NOTIFY,2,16.169
LISTEN/NOTIFY,2,11.14
LISTEN/NOTIFY,2,5.338
LISTEN/NOTIFY,2,5.228
LISTEN/NOTIFY,2,4.929
LISTEN/NOTIFY,2,5.952
LISTEN/NOTIFY,2,5.058
LISTEN/NOTIFY,2,4.445
LISTEN/NOTIFY,2,3.393
LISTEN/NOTIFY,2,2.855
LISTEN/NOTIFY,2,2.837
LISTEN/NOTIFY,2,2.911
LISTEN/NOTIFY,2,2.92
LISTEN/NOTIFY,2,3.077
LISTEN/NOTIFY,2,3.036
LISTEN/NOTIFY,2,2.98
LISTEN/NOTIFY,2,2.818
LISTEN/NOTIFY,2,2.781
LISTEN/NOTIFY,2,2.737
LISTEN/NOTIFY,2,2.874
LISTEN/NOTIFY,2,2.848
LISTEN/NOTIFY,2,2.896
LISTEN/NOTIFY,2,2.892
LISTEN/NOTIFY,2,2.83
LISTEN/NOTIFY,2,2.788
LISTEN/NOTIFY,2,2.73
LISTEN/NOTIFY,2,2.862
LISTEN/NOTIFY,2,2.877
LISTEN/NOTIFY,2,2.707
LISTEN/NOTIFY,2,2.872
LISTEN/NOTIFY,2,2.902
LISTEN/NOTIFY,2,2.837
LISTEN/NOTIFY,2,2.829
LISTEN/NOTIFY,2,2.66
LISTEN/NOTIFY,2,2.863
LISTEN/NOTIFY,2,2.878
LISTEN/NOTIFY,2,2.797
LISTEN/NOTIFY,2,2.77
LISTEN/NOTIFY,2,2.699
LISTEN/NOTIFY,2,2.824
LISTEN/NOTIFY,2,2.784
LISTEN/NOTIFY,2,2.872
LISTEN/NOTIFY,2,2.967
LISTEN/NOTIFY,2,2.782
LISTEN/NOTIFY,2,2.737
LISTEN/NOTIFY,2,2.713
LISTEN/NOTIFY,2,2.839
LISTEN/NOTIFY,2,2.628
LISTEN/NOTIFY,2,2.842
LISTEN/NOTIFY,2,2.883
LISTEN/NOTIFY,2,2.749
LISTEN/NOTIFY,2,2.771
LISTEN/NOTIFY,2,2.839
LISTEN/NOTIFY,2,2.646
LISTEN/NOTIFY,2,2.732
LISTEN/NOTIFY,2,2.848
LISTEN/NOTIFY,2,2.841
LISTEN/NOTIFY,2,21.24
LISTEN/NOTIFY,2,20.571
LISTEN/NOTIFY,2,15.379
LISTEN/NOTIFY,2,10.671
LISTEN/NOTIFY,2,5.617
LISTEN/NOTIFY,2,5.145
LISTEN/NOTIFY,2,4.476
LISTEN/NOTIFY,2,3.991
LISTEN/NOTIFY,2,3.824
LISTEN/NOTIFY,2,3.144
LISTEN/NOTIFY,2,2.914
LISTEN/NOTIFY,2,3.089
LISTEN/NOTIFY,2,2.848
LISTEN/NOTIFY,2,2.921
LISTEN/NOTIFY,2,2.944
LISTEN/NOTIFY,2,3.005
LISTEN/NOTIFY,2,3.058
LISTEN/NOTIFY,2,2.797
LISTEN/NOTIFY,2,2.874
LISTEN/NOTIFY,2,2.773
LISTEN/NOTIFY,2,2.794
LISTEN/NOTIFY,2,2.791
LISTEN/NOTIFY,2,2.837
LISTEN/NOTIFY,2,2.757
LISTEN/NOTIFY,2,2.955
LISTEN/NOTIFY,2,2.821
LISTEN/NOTIFY,2,2.741
LISTEN/NOTIFY,2,2.745
LISTEN/NOTIFY,2,3.034
LISTEN/NOTIFY,2,2.877
LISTEN/NOTIFY,2,3.128
LISTEN/NOTIFY,2,2.917
LISTEN/NOTIFY,2,2.756
LISTEN/NOTIFY,2,2.701
LISTEN/NOTIFY,2,2.702
LISTEN/NOTIFY,2,2.764
LISTEN/NOTIFY,2,2.83
LISTEN/NOTIFY,2,2.709
LISTEN/NOTIFY,2,2.768
LISTEN/NOTIFY,2,2.658
LISTEN/NOTIFY,2,2.737
LISTEN/NOTIFY,2,2.85
LISTEN/NOTIFY,2,2.819
LISTEN/NOTIFY,2,2.92
LISTEN/NOTIFY,2,2.918
LISTEN/NOTIFY,2,2.959
LISTEN/NOTIFY,2,3.009
LISTEN/NOTIFY,2,2.76
LISTEN/NOTIFY,2,2.797
LISTEN/NOTIFY,2,2.799
LISTEN/NOTIFY,2,2.958
LISTEN/NOTIFY,2,2.874
LISTEN/NOTIFY,2,2.737
LISTEN/NOTIFY,2,2.85
LISTEN/NOTIFY,2,2.814
LISTEN/NOTIFY,2,2.814
LISTEN/NOTIFY,2,2.889
LISTEN/NOTIFY,2,2.724
LISTEN/NOTIFY,2,2.855
LISTEN/NOTIFY,2,2.817
LISTEN/NOTIFY,2,2.756
LISTEN/NOTIFY,2,21.669
LISTEN/NOTIFY,2,20.751
LISTEN/NOTIFY,2,15.688
LISTEN/NOTIFY,2,10.721
LISTEN/NOTIFY,2,4.141
LISTEN/NOTIFY,2,5.002
LISTEN/NOTIFY,2,5.055
LISTEN/NOTIFY,2,4.444
LISTEN/NOTIFY,2,3.282
LISTEN/NOTIFY,2,2.862
LISTEN/NOTIFY,2,2.872
LISTEN/NOTIFY,2,2.872
LISTEN/NOTIFY,2,2.819
LISTEN/NOTIFY,2,2.95
LISTEN/NOTIFY,2,2.798
LISTEN/NOTIFY,2,2.646
LISTEN/NOTIFY,2,2.705
LISTEN/NOTIFY,2,2.565
LISTEN/NOTIFY,2,2.859
LISTEN/NOTIFY,2,2.993
LISTEN/NOTIFY,2,2.789
LISTEN/NOTIFY,2,2.809
LISTEN/NOTIFY,2,2.91
LISTEN/NOTIFY,2,2.91
LISTEN/NOTIFY,2,3.11
LISTEN/NOTIFY,2,3.201
LISTEN/NOTIFY,2,2.825
LISTEN/NOTIFY,2,2.744
LISTEN/NOTIFY,2,3.013
LISTEN/NOTIFY,2,2.974
LISTEN/NOTIFY,2,3.03
LISTEN/NOTIFY,2,2.778
LISTEN/NOTIFY,2,2.593
LISTEN/NOTIFY,2,2.83
LISTEN/NOTIFY,2,2.675
LISTEN/NOTIFY,2,2.96
LISTEN/NOTIFY,2,2.849
LISTEN/NOTIFY,2,2.895
LISTEN/NOTIFY,2,2.843
LISTEN/NOTIFY,2,2.764
LISTEN/NOTIFY,2,2.714
LISTEN/NOTIFY,2,2.708
LISTEN/NOTIFY,2,2.927
LISTEN/NOTIFY,2,2.872
LISTEN/NOTIFY,2,2.211
LISTEN/NOTIFY,2,2.741
LISTEN/NOTIFY,2,2.817
LISTEN/NOTIFY,2,2.728
LISTEN/NOTIFY,2,2.924
LISTEN/NOTIFY,2,2.978
LISTEN/NOTIFY,2,2.863
LISTEN/NOTIFY,2,2.794
LISTEN/NOTIFY,2,3.033
LISTEN/NOTIFY,2,3.868
LISTEN/NOTIFY,2,2.885
LISTEN/NOTIFY,2,2.9
LISTEN/NOTIFY,2,2.615
LISTEN/NOTIFY,2,2.685
LISTEN/NOTIFY,2,2.75
LISTEN/NOTIFY,2,2.665
LISTEN/NOTIFY,2,21.909
LISTEN/NOTIFY,2,17.051
LISTEN/NOTIFY,2,16.199
LISTEN/NOTIFY,2,11.515
LISTEN/NOTIFY,2,4.545
LISTEN/NOTIFY,2,5.859
LISTEN/NOTIFY,2,4.847
LISTEN/NOTIFY,2,4.091
LISTEN/NOTIFY,2,3.326
LISTEN/NOTIFY,2,2.834
LISTEN/NOTIFY,2,2.903
LISTEN/NOTIFY,2,2.862
LISTEN/NOTIFY,2,2.84
LISTEN/NOTIFY,2,2.691
LISTEN/NOTIFY,2,3.145
LISTEN/NOTIFY,2,3.014
LISTEN/NOTIFY,2,2.743
LISTEN/NOTIFY,2,3.221
LISTEN/NOTIFY,2,2.972
LISTEN/NOTIFY,2,2.93
LISTEN/NOTIFY,2,3.023
LISTEN/NOTIFY,2,2.958
LISTEN/NOTIFY,2,2.923
LISTEN/NOTIFY,2,2.851
LISTEN/NOTIFY,2,2.79
LISTEN/NOTIFY,2,2.679
LISTEN/NOTIFY,2,2.753
LISTEN/NOTIFY,2,2.71
LISTEN/NOTIFY,2,2.633
LISTEN/NOTIFY,2,2.915
LISTEN/NOTIFY,2,2.814
LISTEN/NOTIFY,2,2.79
LISTEN/NOTIFY,2,2.747
LISTEN/NOTIFY,2,2.794
LISTEN/NOTIFY,2,2.828
LISTEN/NOTIFY,2,2.95
LISTEN/NOTIFY,2,2.822
LISTEN/NOTIFY,2,2.744
LISTEN/NOTIFY,2,2.732
LISTEN/NOTIFY,2,2.82
LISTEN/NOTIFY,2,2.806
LISTEN/NOTIFY,2,2.784
LISTEN/NOTIFY,2,2.88
LISTEN/NOTIFY,2,2.75
LISTEN/NOTIFY,2,2.631
LISTEN/NOTIFY,2,2.746
LISTEN/NOTIFY,2,2.565
LISTEN/NOTIFY,2,2.879
LISTEN/NOTIFY,2,2.76
LISTEN/NOTIFY,2,2.588
LISTEN/NOTIFY,2,2.732
LISTEN/NOTIFY,2,2.938
LISTEN/NOTIFY,2,2.835
LISTEN/NOTIFY,2,2.671
LISTEN/NOTIFY,2,2.79
LISTEN/NOTIFY,2,2.748
LISTEN/NOTIFY,2,2.823
LISTEN/NOTIFY,2,2.868
LISTEN/NOTIFY,2,2.824
LISTEN/NOTIFY,2,2.769
LISTEN/NOTIFY,2,21.886
LISTEN/NOTIFY,2,16.87
LISTEN/NOTIFY,2,16.181
LISTEN/NOTIFY,2,11.288
LISTEN/NOTIFY,2,4.425
LISTEN/NOTIFY,2,5.933
LISTEN/NOTIFY,2,5.576
LISTEN/NOTIFY,2,4.926
LISTEN/NOTIFY,2,3.869
LISTEN/NOTIFY,2,3.41
LISTEN/NOTIFY,2,2.884
LISTEN/NOTIFY,2,2.731
LISTEN/NOTIFY,2,2.871
LISTEN/NOTIFY,2,2.897
LISTEN/NOTIFY,2,2.791
LISTEN/NOTIFY,2,2.783
LISTEN/NOTIFY,2,2.626
LISTEN/NOTIFY,2,2.782
LISTEN/NOTIFY,2,2.758
LISTEN/NOTIFY,2,2.845
LISTEN/NOTIFY,2,2.778
LISTEN/NOTIFY,2,2.819
LISTEN/NOTIFY,2,2.665
LISTEN/NOTIFY,2,2.868
LISTEN/NOTIFY,2,2.864
LISTEN/NOTIFY,2,2.686
LISTEN/NOTIFY,2,2.733
LISTEN/NOTIFY,2,2.624
LISTEN/NOTIFY,2,2.636
LISTEN/NOTIFY,2,2.885
LISTEN/NOTIFY,2,2.624
LISTEN/NOTIFY,2,2.159
LISTEN/NOTIFY,2,2.804
LISTEN/NOTIFY,2,2.857
LISTEN/NOTIFY,2,2.674
LISTEN/NOTIFY,2,2.767
LISTEN/NOTIFY,2,2.781
LISTEN/NOTIFY,2,2.497
LISTEN/NOTIFY,2,2.749
LISTEN/NOTIFY,2,2.798
LISTEN/NOTIFY,2,2.893
LISTEN/NOTIFY,2,2.674
LISTEN/NOTIFY,2,2.951
LISTEN/NOTIFY,2,3.009
LISTEN/NOTIFY,2,2.94
LISTEN/NOTIFY,2,2.745
LISTEN/NOTIFY,2,3.364
LISTEN/NOTIFY,2,3.02
LISTEN/NOTIFY,2,2.814
LISTEN/NOTIFY,2,2.789
LISTEN/NOTIFY,2,2.71
LISTEN/NOTIFY,2,2.647
LISTEN/NOTIFY,2,2.567
LISTEN/NOTIFY,2,2.823
LISTEN/NOTIFY,2,2.805
LISTEN/NOTIFY,2,2.768
LISTEN/NOTIFY,2,2.872
LISTEN/NOTIFY,2,2.609
LISTEN/NOTIFY,2,3.014
LISTEN/NOTIFY,2,21.519
LISTEN/NOTIFY,2,21.103
LISTEN/NOTIFY,2,16.006
LISTEN/NOTIFY,2,10.835
LISTEN/NOTIFY,2,6.083
LISTEN/NOTIFY,2,5.493
LISTEN/NOTIFY,2,4.839
LISTEN/NOTIFY,2,4.482
LISTEN/NOTIFY,2,3.23
LISTEN/NOTIFY,2,3.424
LISTEN/NOTIFY,2,2.983
LISTEN/NOTIFY,2,2.79
LISTEN/NOTIFY,2,2.678
LISTEN/NOTIFY,2,2.857
LISTEN/NOTIFY,2,2.892
LISTEN/NOTIFY,2,2.77
LISTEN/NOTIFY,2,2.858
LISTEN/NOTIFY,2,2.609
LISTEN/NOTIFY,2,2.604
LISTEN/NOTIFY,2,2.825
LISTEN/NOTIFY,2,2.817
LISTEN/NOTIFY,2,2.685
LISTEN/NOTIFY,2,2.615
LISTEN/NOTIFY,2,2.607
LISTEN/NOTIFY,2,2.951
LISTEN/NOTIFY,2,2.259
LISTEN/NOTIFY,2,2.344
LISTEN/NOTIFY,2,2.846
LISTEN/NOTIFY,2,3.0
LISTEN/NOTIFY,2,2.942
LISTEN/NOTIFY,2,2.842
LISTEN/NOTIFY,2,2.817
LISTEN/NOTIFY,2,2.781
LISTEN/NOTIFY,2,2.875
LISTEN/NOTIFY,2,2.777
LISTEN/NOTIFY,2,2.793
LISTEN/NOTIFY,2,2.973
LISTEN/NOTIFY,2,2.896
LISTEN/NOTIFY,2,2.568
LISTEN/NOTIFY,2,3.057
LISTEN/NOTIFY,2,2.898
LISTEN/NOTIFY,2,2.803
LISTEN/NOTIFY,2,2.774
LISTEN/NOTIFY,2,2.599
LISTEN/NOTIFY,2,2.903
LISTEN/NOTIFY,2,2.922
LISTEN/NOTIFY,2,2.815
LISTEN/NOTIFY,2,2.715
LISTEN/NOTIFY,2,2.856
LISTEN/NOTIFY,2,3.236
LISTEN/NOTIFY,2,2.923
LISTEN/NOTIFY,2,2.89
LISTEN/NOTIFY,2,2.892
LISTEN/NOTIFY,2,2.524
LISTEN/NOTIFY,2,2.83
LISTEN/NOTIFY,2,2.752
LISTEN/NOTIFY,2,2.833
LISTEN/NOTIFY,2,21.438
LISTEN/NOTIFY,2,20.748
LISTEN/NOTIFY,2,16.325
LISTEN/NOTIFY,2,10.969
LISTEN/NOTIFY,2,5.194
LISTEN/NOTIFY,2,5.453
LISTEN/NOTIFY,2,4.902
LISTEN/NOTIFY,2,3.869
LISTEN/NOTIFY,2,2.765
LISTEN/NOTIFY,2,2.604
LISTEN/NOTIFY,2,2.824
LISTEN/NOTIFY,2,2.759
LISTEN/NOTIFY,2,2.835
LISTEN/NOTIFY,2,2.994
LISTEN/NOTIFY,2,2.785
LISTEN/NOTIFY,2,2.973
LISTEN/NOTIFY,2,2.932
LISTEN/NOTIFY,2,2.961
LISTEN/NOTIFY,2,2.839
LISTEN/NOTIFY,2,2.771
LISTEN/NOTIFY,2,2.727
LISTEN/NOTIFY,2,2.534
LISTEN/NOTIFY,2,2.536
LISTEN/NOTIFY,2,2.856
LISTEN/NOTIFY,2,2.825
LISTEN/NOTIFY,2,2.713
LISTEN/NOTIFY,2,2.947
LISTEN/NOTIFY,2,2.841
LISTEN/NOTIFY,2,2.854
LISTEN/NOTIFY,2,2.731
LISTEN/NOTIFY,2,3.007
LISTEN/NOTIFY,2,2.814
LISTEN/NOTIFY,2,2.891
LISTEN/NOTIFY,2,2.801
LISTEN/NOTIFY,2,2.835
LISTEN/NOTIFY,2,2.377
LISTEN/NOTIFY,2,2.888
LISTEN/NOTIFY,2,2.616
LISTEN/NOTIFY,2,2.765
LISTEN/NOTIFY,2,2.786
LISTEN/NOTIFY,2,2.774
LISTEN/NOTIFY,2,2.785
LISTEN/NOTIFY,2,2.84
LISTEN/NOTIFY,2,2.941
LISTEN/NOTIFY,2,2.806
LISTEN/NOTIFY,2,2.617
LISTEN/NOTIFY,2,2.629
LISTEN/NOTIFY,2,2.839
LISTEN/NOTIFY,2,2.547
LISTEN/NOTIFY,2,2.549
LISTEN/NOTIFY,2,2.637
LISTEN/NOTIFY,2,2.266
LISTEN/NOTIFY,2,2.324
LISTEN/NOTIFY,2,2.766
LISTEN/NOTIFY,2,2.755
LISTEN/NOTIFY,2,2.825
LISTEN/NOTIFY,2,2.581
LISTEN/NOTIFY,2,2.658
LISTEN/NOTIFY,2,2.762
LISTEN/NOTIFY,2,2.812
LISTEN/NOTIFY,2,2.675
LISTEN/NOTIFY,2,21.327
LISTEN/NOTIFY,2,20.914
LISTEN/NOTIFY,2,15.872
LISTEN/NOTIFY,2,10.883
LISTEN/NOTIFY,2,4.39
LISTEN/NOTIFY,2,5.432
LISTEN/NOTIFY,2,4.558
LISTEN/NOTIFY,2,3.383
LISTEN/NOTIFY,2,3.003
LISTEN/NOTIFY,2,2.799
LISTEN/NOTIFY,2,2.87
LISTEN/NOTIFY,2,3.104
LISTEN/NOTIFY,2,2.974
LISTEN/NOTIFY,2,2.918
LISTEN/NOTIFY,2,2.749
LISTEN/NOTIFY,2,2.619
LISTEN/NOTIFY,2,2.649
LISTEN/NOTIFY,2,2.682
LISTEN/NOTIFY,2,1.995
LISTEN/NOTIFY,2,2.134
LISTEN/NOTIFY,2,2.874
LISTEN/NOTIFY,2,2.733
LISTEN/NOTIFY,2,2.816
LISTEN/NOTIFY,2,2.796
LISTEN/NOTIFY,2,2.629
LISTEN/NOTIFY,2,3.148
LISTEN/NOTIFY,2,2.816
LISTEN/NOTIFY,2,2.87
LISTEN/NOTIFY,2,2.647
LISTEN/NOTIFY,2,2.773
LISTEN/NOTIFY,2,2.627
LISTEN/NOTIFY,2,2.722
LISTEN/NOTIFY,2,2.459
LISTEN/NOTIFY,2,2.808
LISTEN/NOTIFY,2,2.908
LISTEN/NOTIFY,2,2.788
LISTEN/NOTIFY,2,2.703
LISTEN/NOTIFY,2,2.789
LISTEN/NOTIFY,2,3.006
LISTEN/NOTIFY,2,2.624
LISTEN/NOTIFY,2,2.733
LISTEN/NOTIFY,2,2.812
LISTEN/NOTIFY,2,2.708
LISTEN/NOTIFY,2,2.818
LISTEN/NOTIFY,2,2.729
LISTEN/NOTIFY,2,2.93
LISTEN/NOTIFY,2,2.731
LISTEN/NOTIFY,2,2.821
LISTEN/NOTIFY,2,2.687
LISTEN/NOTIFY,2,2.456
LISTEN/NOTIFY,2,2.763
LISTEN/NOTIFY,2,3.109
LISTEN/NOTIFY,2,2.87
LISTEN/NOTIFY,2,2.81
LISTEN/NOTIFY,2,2.958
LISTEN/NOTIFY,2,2.935
LISTEN/NOTIFY,2,3.048
LISTEN/NOTIFY,2,2.943
LISTEN/NOTIFY,2,2.676
LISTEN/NOTIFY,2,2.78
LISTEN/NOTIFY,2,2.678
LISTEN/NOTIFY,2,21.38
LISTEN/NOTIFY,2,20.421
LISTEN/NOTIFY,2,15.449
LISTEN/NOTIFY,2,10.719
LISTEN/NOTIFY,2,5.679
LISTEN/NOTIFY,2,4.854
LISTEN/NOTIFY,2,3.986
LISTEN/NOTIFY,2,3.062
LISTEN/NOTIFY,2,3.37
LISTEN/NOTIFY,2,2.93
LISTEN/NOTIFY,2,2.778
LISTEN/NOTIFY,2,2.879
LISTEN/NOTIFY,2,2.872
LISTEN/NOTIFY,2,2.823
LISTEN/NOTIFY,2,2.752
LISTEN/NOTIFY,2,2.771
LISTEN/NOTIFY,2,2.741
LISTEN/NOTIFY,2,2.79
LISTEN/NOTIFY,2,2.743
LISTEN/NOTIFY,2,2.738
LISTEN/NOTIFY,2,2.939
LISTEN/NOTIFY,2,2.884
LISTEN/NOTIFY,2,2.997
LISTEN/NOTIFY,2,2.806
LISTEN/NOTIFY,2,2.791
LISTEN/NOTIFY,2,2.873
LISTEN/NOTIFY,2,2.769
LISTEN/NOTIFY,2,2.881
LISTEN/NOTIFY,2,2.579
LISTEN/NOTIFY,2,2.547
LISTEN/NOTIFY,2,2.683
LISTEN/NOTIFY,2,2.969
LISTEN/NOTIFY,2,2.182
LISTEN/NOTIFY,2,2.234
LISTEN/NOTIFY,2,2.199
LISTEN/NOTIFY,2,2.772
LISTEN/NOTIFY,2,2.958
LISTEN/NOTIFY,2,2.789
LISTEN/NOTIFY,2,2.803
LISTEN/NOTIFY,2,2.875
LISTEN/NOTIFY,2,2.561
LISTEN/NOTIFY,2,2.761
LISTEN/NOTIFY,2,2.586
LISTEN/NOTIFY,2,2.566
LISTEN/NOTIFY,2,2.699
LISTEN/NOTIFY,2,2.623
LISTEN/NOTIFY,2,2.862
LISTEN/NOTIFY,2,2.608
LISTEN/NOTIFY,2,2.864
LISTEN/NOTIFY,2,2.801
LISTEN/NOTIFY,2,2.841
LISTEN/NOTIFY,2,2.909
LISTEN/NOTIFY,2,2.778
LISTEN/NOTIFY,2,2.648
LISTEN/NOTIFY,2,2.795
LISTEN/NOTIFY,2,2.931
LISTEN/NOTIFY,2,2.551
LISTEN/NOTIFY,2,2.899
LISTEN/NOTIFY,2,2.898
LISTEN/NOTIFY,2,2.691
LISTEN/NOTIFY,2,21.598
LISTEN/NOTIFY,2,21.1
LISTEN/NOTIFY,2,16.101
LISTEN/NOTIFY,2,11.161
LISTEN/NOTIFY,2,4.995
LISTEN/NOTIFY,2,5.447
LISTEN/NOTIFY,2,4.989
LISTEN/NOTIFY,2,4.326
LISTEN/NOTIFY,2,3.161
LISTEN/NOTIFY,2,2.855
LISTEN/NOTIFY,2,3.022
LISTEN/NOTIFY,2,2.82
LISTEN/NOTIFY,2,2.797
LISTEN/NOTIFY,2,2.849
LISTEN/NOTIFY,2,2.993
LISTEN/NOTIFY,2,3.062
LISTEN/NOTIFY,2,2.99
LISTEN/NOTIFY,2,3.094
LISTEN/NOTIFY,2,2.867
LISTEN/NOTIFY,2,2.715
LISTEN/NOTIFY,2,2.92
LISTEN/NOTIFY,2,2.868
LISTEN/NOTIFY,2,2.716
LISTEN/NOTIFY,2,2.619
LISTEN/NOTIFY,2,2.946
LISTEN/NOTIFY,2,2.88
LISTEN/NOTIFY,2,2.778
LISTEN/NOTIFY,2,2.881
LISTEN/NOTIFY,2,3.015
LISTEN/NOTIFY,2,3.146
LISTEN/NOTIFY,2,3.023
LISTEN/NOTIFY,2,3.069
LISTEN/NOTIFY,2,2.813
LISTEN/NOTIFY,2,2.928
LISTEN/NOTIFY,2,2.677
LISTEN/NOTIFY,2,2.536
LISTEN/NOTIFY,2,2.899
LISTEN/NOTIFY,2,2.806
LISTEN/NOTIFY,2,2.895
LISTEN/NOTIFY,2,2.931
LISTEN/NOTIFY,2,2.967
LISTEN/NOTIFY,2,3.103
LISTEN/NOTIFY,2,2.803
LISTEN/NOTIFY,2,2.783
LISTEN/NOTIFY,2,3.032
LISTEN/NOTIFY,2,3.329
LISTEN/NOTIFY,2,2.979
LISTEN/NOTIFY,2,2.764
LISTEN/NOTIFY,2,2.665
LISTEN/NOTIFY,2,2.604
LISTEN/NOTIFY,2,2.824
LISTEN/NOTIFY,2,2.783
LISTEN/NOTIFY,2,2.791
LISTEN/NOTIFY,2,2.812
LISTEN/NOTIFY,2,2.622
LISTEN/NOTIFY,2,2.794
LISTEN/NOTIFY,2,2.571
LISTEN/NOTIFY,2,2.376
LISTEN/NOTIFY,2,2.218
LISTEN/NOTIFY,2,3.004
LISTEN/NOTIFY,2,21.682
LISTEN/NOTIFY,2,21.131
LISTEN/NOTIFY,2,16.522
LISTEN/NOTIFY,2,11.55
LISTEN/NOTIFY,2,4.528
LISTEN/NOTIFY,2,6.123
LISTEN/NOTIFY,2,4.892
LISTEN/NOTIFY,2,3.953
LISTEN/NOTIFY,2,2.963
LISTEN/NOTIFY,2,2.803
LISTEN/NOTIFY,2,2.774
LISTEN/NOTIFY,2,2.841
LISTEN/NOTIFY,2,2.843
LISTEN/NOTIFY,2,2.799
LISTEN/NOTIFY,2,2.661
LISTEN/NOTIFY,2,2.623
LISTEN/NOTIFY,2,2.942
LISTEN/NOTIFY,2,2.497
LISTEN/NOTIFY,2,2.274
LISTEN/NOTIFY,2,2.023
LISTEN/NOTIFY,2,2.797
LISTEN/NOTIFY,2,3.014
LISTEN/NOTIFY,2,2.85
LISTEN/NOTIFY,2,2.781
LISTEN/NOTIFY,2,2.824
LISTEN/NOTIFY,2,2.819
LISTEN/NOTIFY,2,2.603
LISTEN/NOTIFY,2,2.869
LISTEN/NOTIFY,2,2.757
LISTEN/NOTIFY,2,2.835
LISTEN/NOTIFY,2,2.91
LISTEN/NOTIFY,2,2.916
LISTEN/NOTIFY,2,2.975
LISTEN/NOTIFY,2,2.932
LISTEN/NOTIFY,2,3.249
poll 1 s,3,322.564
poll 1 s,3,317.962
poll 1 s,3,312.78
poll 1 s,3,307.624
poll 1 s,3,287.568
poll 1 s,3,292.643
poll 1 s,3,302.59
poll 1 s,3,297.8
poll 1 s,3,283.065
poll 1 s,3,277.938
poll 1 s,3,272.899
poll 1 s,3,267.785
poll 1 s,3,262.914
poll 1 s,3,257.759
poll 1 s,3,252.789
poll 1 s,3,247.391
poll 1 s,3,242.72
poll 1 s,3,237.607
poll 1 s,3,232.583
poll 1 s,3,227.933
poll 1 s,3,222.916
poll 1 s,3,217.85
poll 1 s,3,212.734
poll 1 s,3,207.729
poll 1 s,3,202.622
poll 1 s,3,197.904
poll 1 s,3,192.68
poll 1 s,3,188.079
poll 1 s,3,182.424
poll 1 s,3,177.55
poll 1 s,3,172.364
poll 1 s,3,167.828
poll 1 s,3,163.071
poll 1 s,3,158.003
poll 1 s,3,152.919
poll 1 s,3,147.742
poll 1 s,3,142.782
poll 1 s,3,137.643
poll 1 s,3,132.589
poll 1 s,3,127.693
poll 1 s,3,122.581
poll 1 s,3,117.832
poll 1 s,3,112.911
poll 1 s,3,107.853
poll 1 s,3,102.672
poll 1 s,3,97.608
poll 1 s,3,92.476
poll 1 s,3,87.748
poll 1 s,3,82.673
poll 1 s,3,76.674
poll 1 s,3,73.039
poll 1 s,3,67.691
poll 1 s,3,62.625
poll 1 s,3,58.049
poll 1 s,3,52.678
poll 1 s,3,47.609
poll 1 s,3,42.918
poll 1 s,3,37.739
poll 1 s,3,32.51
poll 1 s,3,27.572
poll 1 s,3,22.67
poll 1 s,3,17.626
poll 1 s,3,16.925
poll 1 s,3,12.373
poll 1 s,3,7.259
poll 1 s,3,2.19
poll 1 s,3,1004.275
poll 1 s,3,998.715
poll 1 s,3,993.846
poll 1 s,3,988.436
poll 1 s,3,984.141
poll 1 s,3,979.108
poll 1 s,3,974.06
poll 1 s,3,969.137
poll 1 s,3,963.99
poll 1 s,3,958.956
poll 1 s,3,953.973
poll 1 s,3,949.196
poll 1 s,3,944.17
poll 1 s,3,939.277
poll 1 s,3,934.179
poll 1 s,3,928.985
poll 1 s,3,923.797
poll 1 s,3,918.782
poll 1 s,3,913.754
poll 1 s,3,909.111
poll 1 s,3,904.106
poll 1 s,3,898.953
poll 1 s,3,893.989
poll 1 s,3,888.744
poll 1 s,3,884.12
poll 1 s,3,879.03
poll 1 s,3,874.184
poll 1 s,3,869.095
poll 1 s,3,864.104
poll 1 s,3,858.939
poll 1 s,3,854.0
poll 1 s,3,848.88
poll 1 s,3,843.794
poll 1 s,3,838.973
poll 1 s,3,834.082
poll 1 s,3,828.742
poll 1 s,3,823.824
poll 1 s,3,819.126
poll 1 s,3,813.628
poll 1 s,3,809.16
poll 1 s,3,804.182
poll 1 s,3,788.716
poll 1 s,3,798.793
poll 1 s,3,793.757
poll 1 s,3,783.312
poll 1 s,3,778.877
poll 1 s,3,774.159
poll 1 s,3,769.092
poll 1 s,3,763.939
poll 1 s,3,758.706
poll 1 s,3,754.046
poll 1 s,3,748.754
poll 1 s,3,743.659
poll 1 s,3,738.825
poll 1 s,3,733.801
poll 1 s,3,729.238
poll 1 s,3,724.21
poll 1 s,3,719.08
poll 1 s,3,713.954
poll 1 s,3,708.832
poll 1 s,3,704.253
poll 1 s,3,698.823
poll 1 s,3,694.293
poll 1 s,3,688.941
poll 1 s,3,684.057
poll 1 s,3,679.027
poll 1 s,3,673.873
poll 1 s,3,668.907
poll 1 s,3,663.737
poll 1 s,3,659.243
poll 1 s,3,653.78
poll 1 s,3,648.901
poll 1 s,3,643.732
poll 1 s,3,638.69
poll 1 s,3,634.058
poll 1 s,3,628.995
poll 1 s,3,623.562
poll 1 s,3,618.748
poll 1 s,3,614.06
poll 1 s,3,608.816
poll 1 s,3,603.849
poll 1 s,3,598.66
poll 1 s,3,594.097
poll 1 s,3,588.485
poll 1 s,3,584.215
poll 1 s,3,578.907
poll 1 s,3,574.03
poll 1 s,3,568.88
poll 1 s,3,564.257
poll 1 s,3,559.15
poll 1 s,3,554.215
poll 1 s,3,548.967
poll 1 s,3,543.801
poll 1 s,3,538.652
poll 1 s,3,533.948
poll 1 s,3,529.047
poll 1 s,3,523.735
poll 1 s,3,519.265
poll 1 s,3,513.944
poll 1 s,3,508.773
poll 1 s,3,509.641
poll 1 s,3,504.751
poll 1 s,3,499.994
poll 1 s,3,494.807
poll 1 s,3,489.935
poll 1 s,3,485.12
poll 1 s,3,479.736
poll 1 s,3,474.525
poll 1 s,3,470.05
poll 1 s,3,464.792
poll 1 s,3,459.79
poll 1 s,3,454.593
poll 1 s,3,449.921
poll 1 s,3,444.686
poll 1 s,3,439.997
poll 1 s,3,434.623
poll 1 s,3,429.686
poll 1 s,3,424.787
poll 1 s,3,419.821
poll 1 s,3,414.624
poll 1 s,3,409.934
poll 1 s,3,404.721
poll 1 s,3,399.723
poll 1 s,3,395.048
poll 1 s,3,389.749
poll 1 s,3,384.808
poll 1 s,3,380.189
poll 1 s,3,374.997
poll 1 s,3,369.855
poll 1 s,3,364.866
poll 1 s,3,359.811
poll 1 s,3,354.7
poll 1 s,3,350.13
poll 1 s,3,344.939
poll 1 s,3,339.707
poll 1 s,3,334.636
poll 1 s,3,330.013
poll 1 s,3,324.927
poll 1 s,3,319.835
poll 1 s,3,314.664
poll 1 s,3,309.71
poll 1 s,3,304.49
poll 1 s,3,300.09
poll 1 s,3,294.895
poll 1 s,3,279.775
poll 1 s,3,284.768
poll 1 s,3,289.908
poll 1 s,3,274.196
poll 1 s,3,269.693
poll 1 s,3,264.799
poll 1 s,3,259.813
poll 1 s,3,255.076
poll 1 s,3,250.097
poll 1 s,3,244.869
poll 1 s,3,239.69
poll 1 s,3,234.521
poll 1 s,3,230.119
poll 1 s,3,224.893
poll 1 s,3,219.945
poll 1 s,3,214.862
poll 1 s,3,209.814
poll 1 s,3,204.738
poll 1 s,3,199.632
poll 1 s,3,194.844
poll 1 s,3,189.593
poll 1 s,3,184.849
poll 1 s,3,180.068
poll 1 s,3,175.055
poll 1 s,3,169.904
poll 1 s,3,164.795
poll 1 s,3,159.879
poll 1 s,3,154.658
poll 1 s,3,150.072
poll 1 s,3,144.713
poll 1 s,3,140.024
poll 1 s,3,134.897
poll 1 s,3,129.957
poll 1 s,3,124.818
poll 1 s,3,119.695
poll 1 s,3,114.727
poll 1 s,3,109.508
poll 1 s,3,104.493
poll 1 s,3,99.636
poll 1 s,3,94.939
poll 1 s,3,89.759
poll 1 s,3,84.872
poll 1 s,3,79.765
poll 1 s,3,74.706
poll 1 s,3,69.636
poll 1 s,3,65.021
poll 1 s,3,59.943
poll 1 s,3,54.653
poll 1 s,3,50.041
poll 1 s,3,44.603
poll 1 s,3,39.915
poll 1 s,3,34.846
poll 1 s,3,29.921
poll 1 s,3,24.911
poll 1 s,3,19.826
poll 1 s,3,14.589
poll 1 s,3,14.575
poll 1 s,3,9.339
poll 1 s,3,4.207
poll 1 s,3,1005.306
poll 1 s,3,1000.3
poll 1 s,3,995.638
poll 1 s,3,990.142
poll 1 s,3,985.752
poll 1 s,3,980.703
poll 1 s,3,975.299
poll 1 s,3,970.631
poll 1 s,3,965.518
poll 1 s,3,960.504
poll 1 s,3,955.393
poll 1 s,3,950.806
poll 1 s,3,945.743
poll 1 s,3,940.425
poll 1 s,3,935.389
poll 1 s,3,930.362
poll 1 s,3,925.753
poll 1 s,3,920.286
poll 1 s,3,915.611
poll 1 s,3,910.527
poll 1 s,3,905.479
poll 1 s,3,900.812
poll 1 s,3,895.72
poll 1 s,3,890.406
poll 1 s,3,885.403
poll 1 s,3,880.211
poll 1 s,3,875.172
poll 1 s,3,870.635
poll 1 s,3,865.54
poll 1 s,3,860.356
poll 1 s,3,855.353
poll 1 s,3,850.309
poll 1 s,3,845.224
poll 1 s,3,840.674
poll 1 s,3,835.505
poll 1 s,3,830.248
poll 1 s,3,825.19
poll 1 s,3,820.449
poll 1 s,3,815.202
poll 1 s,3,810.338
poll 1 s,3,805.167
poll 1 s,3,800.481
poll 1 s,3,795.369
poll 1 s,3,790.305
poll 1 s,3,785.57
poll 1 s,3,775.485
poll 1 s,3,780.571
poll 1 s,3,769.351
poll 1 s,3,765.697
poll 1 s,3,760.495
poll 1 s,3,755.371
poll 1 s,3,750.163
poll 1 s,3,745.254
poll 1 s,3,740.622
poll 1 s,3,735.555
poll 1 s,3,730.47
poll 1 s,3,725.357
poll 1 s,3,720.646
poll 1 s,3,715.424
poll 1 s,3,710.366
poll 1 s,3,705.615
poll 1 s,3,700.249
poll 1 s,3,695.305
poll 1 s,3,690.708
poll 1 s,3,685.633
poll 1 s,3,680.522
poll 1 s,3,675.389
poll 1 s,3,670.41
poll 1 s,3,665.74
poll 1 s,3,660.259
poll 1 s,3,655.614
poll 1 s,3,650.562
poll 1 s,3,645.543
poll 1 s,3,640.618
poll 1 s,3,635.564
poll 1 s,3,630.594
poll 1 s,3,625.583
poll 1 s,3,620.56
poll 1 s,3,615.482
poll 1 s,3,610.23
poll 1 s,3,605.451
poll 1 s,3,600.251
poll 1 s,3,595.331
poll 1 s,3,590.365
poll 1 s,3,585.341
poll 1 s,3,580.386
poll 1 s,3,575.462
poll 1 s,3,570.674
poll 1 s,3,565.258
poll 1 s,3,560.337
poll 1 s,3,555.583
poll 1 s,3,550.573
poll 1 s,3,545.682
poll 1 s,3,540.551
poll 1 s,3,535.503
poll 1 s,3,530.403
poll 1 s,3,525.343
poll 1 s,3,520.12
poll 1 s,3,515.481
poll 1 s,3,510.513
poll 1 s,3,510.9
poll 1 s,3,505.772
poll 1 s,3,500.883
poll 1 s,3,495.81
poll 1 s,3,490.723
poll 1 s,3,486.19
poll 1 s,3,480.987
poll 1 s,3,476.05
poll 1 s,3,470.644
poll 1 s,3,466.072
poll 1 s,3,460.804
poll 1 s,3,456.018
poll 1 s,3,450.677
poll 1 s,3,445.817
poll 1 s,3,440.721
poll 1 s,3,436.103
poll 1 s,3,430.827
poll 1 s,3,425.732
poll 1 s,3,420.701
poll 1 s,3,416.129
poll 1 s,3,410.951
poll 1 s,3,405.904
poll 1 s,3,400.889
poll 1 s,3,395.818
poll 1 s,3,390.739
poll 1 s,3,386.048
poll 1 s,3,380.862
poll 1 s,3,375.712
poll 1 s,3,371.04
poll 1 s,3,365.918
poll 1 s,3,360.69
poll 1 s,3,356.063
poll 1 s,3,350.98
poll 1 s,3,345.682
poll 1 s,3,340.983
poll 1 s,3,335.953
poll 1 s,3,330.928
poll 1 s,3,325.803
poll 1 s,3,320.593
poll 1 s,3,316.01
poll 1 s,3,310.62
poll 1 s,3,305.662
poll 1 s,3,300.989
poll 1 s,3,296.073
poll 1 s,3,290.925
poll 1 s,3,285.753
poll 1 s,3,280.68
poll 1 s,3,276.19
poll 1 s,3,271.05
poll 1 s,3,265.887
poll 1 s,3,250.846
poll 1 s,3,260.992
poll 1 s,3,255.981
poll 1 s,3,244.952
poll 1 s,3,240.79
poll 1 s,3,235.369
poll 1 s,3,231.01
poll 1 s,3,225.867
poll 1 s,3,220.79
poll 1 s,3,215.722
poll 1 s,3,210.578
poll 1 s,3,206.106
poll 1 s,3,200.861
poll 1 s,3,195.577
poll 1 s,3,190.993
poll 1 s,3,185.733
poll 1 s,3,180.743
poll 1 s,3,175.876
poll 1 s,3,170.475
poll 1 s,3,165.556
poll 1 s,3,160.497
poll 1 s,3,155.453
poll 1 s,3,150.593
poll 1 s,3,145.919
poll 1 s,3,140.799
poll 1 s,3,135.512
poll 1 s,3,130.943
poll 1 s,3,125.674
poll 1 s,3,121.143
poll 1 s,3,115.803
poll 1 s,3,110.766
poll 1 s,3,105.86
poll 1 s,3,100.822
poll 1 s,3,95.85
poll 1 s,3,90.837
poll 1 s,3,85.632
poll 1 s,3,80.733
poll 1 s,3,76.151
poll 1 s,3,70.966
poll 1 s,3,65.799
poll 1 s,3,60.622
poll 1 s,3,55.63
poll 1 s,3,50.996
poll 1 s,3,45.874
poll 1 s,3,40.995
poll 1 s,3,35.964
poll 1 s,3,31.031
poll 1 s,3,25.927
poll 1 s,3,20.99
poll 1 s,3,15.98
poll 1 s,3,15.411
poll 1 s,3,10.062
poll 1 s,3,5.379
poll 1 s,3,1006.504
poll 1 s,3,1001.291
poll 1 s,3,996.229
poll 1 s,3,991.196
poll 1 s,3,986.665
poll 1 s,3,981.534
poll 1 s,3,976.667
poll 1 s,3,971.454
poll 1 s,3,966.42
poll 1 s,3,961.378
poll 1 s,3,956.609
poll 1 s,3,951.524
poll 1 s,3,946.257
poll 1 s,3,941.642
poll 1 s,3,936.597
poll 1 s,3,931.451
poll 1 s,3,926.299
poll 1 s,3,921.245
poll 1 s,3,916.231
poll 1 s,3,911.165
poll 1 s,3,906.603
poll 1 s,3,901.52
poll 1 s,3,896.405
poll 1 s,3,891.138
poll 1 s,3,886.164
poll 1 s,3,881.025
poll 1 s,3,876.536
poll 1 s,3,871.518
poll 1 s,3,866.533
poll 1 s,3,861.623
poll 1 s,3,856.599
poll 1 s,3,851.674
poll 1 s,3,846.208
poll 1 s,3,841.235
poll 1 s,3,836.142
poll 1 s,3,831.549
poll 1 s,3,826.469
poll 1 s,3,821.202
poll 1 s,3,816.56
poll 1 s,3,811.52
poll 1 s,3,806.344
poll 1 s,3,801.25
poll 1 s,3,796.609
poll 1 s,3,791.626
poll 1 s,3,786.336
poll 1 s,3,781.15
poll 1 s,3,776.626
poll 1 s,3,771.493
poll 1 s,3,766.554
poll 1 s,3,761.469
poll 1 s,3,746.326
poll 1 s,3,756.486
poll 1 s,3,751.566
poll 1 s,3,740.586
poll 1 s,3,736.219
poll 1 s,3,731.333
poll 1 s,3,726.367
poll 1 s,3,721.604
poll 1 s,3,716.579
poll 1 s,3,711.467
poll 1 s,3,706.436
poll 1 s,3,701.271
poll 1 s,3,696.617
poll 1 s,3,691.52
poll 1 s,3,686.678
poll 1 s,3,681.575
poll 1 s,3,676.51
poll 1 s,3,671.231
poll 1 s,3,666.482
poll 1 s,3,661.166
poll 1 s,3,656.186
poll 1 s,3,651.649
poll 1 s,3,646.319
poll 1 s,3,641.356
poll 1 s,3,636.073
poll 1 s,3,631.36
poll 1 s,3,626.422
poll 1 s,3,621.284
poll 1 s,3,616.015
poll 1 s,3,611.286
poll 1 s,3,606.647
poll 1 s,3,601.574
poll 1 s,3,596.449
poll 1 s,3,591.531
poll 1 s,3,586.508
poll 1 s,3,581.239
poll 1 s,3,576.395
poll 1 s,3,571.2
poll 1 s,3,566.614
poll 1 s,3,561.654
poll 1 s,3,556.38
poll 1 s,3,551.601
poll 1 s,3,546.423
poll 1 s,3,541.596
poll 1 s,3,536.584
poll 1 s,3,531.603
poll 1 s,3,526.603
poll 1 s,3,521.489
poll 1 s,3,516.362
poll 1 s,3,511.329
poll 1 s,3,511.813
poll 1 s,3,507.206
poll 1 s,3,502.033
poll 1 s,3,496.991
poll 1 s,3,491.823
poll 1 s,3,486.367
poll 1 s,3,481.686
poll 1 s,3,477.141
poll 1 s,3,472.085
poll 1 s,3,467.029
poll 1 s,3,462.06
poll 1 s,3,456.993
poll 1 s,3,451.942
poll 1 s,3,446.61
poll 1 s,3,441.706
poll 1 s,3,437.014
poll 1 s,3,431.91
poll 1 s,3,426.999
poll 1 s,3,421.811
poll 1 s,3,416.783
poll 1 s,3,411.474
poll 1 s,3,406.617
poll 1 s,3,401.627
poll 1 s,3,396.527
poll 1 s,3,392.081
poll 1 s,3,386.967
poll 1 s,3,381.776
poll 1 s,3,376.762
poll 1 s,3,371.71
poll 1 s,3,366.641
poll 1 s,3,362.015
poll 1 s,3,356.908
poll 1 s,3,351.598
poll 1 s,3,346.62
poll 1 s,3,341.707
poll 1 s,3,336.961
poll 1 s,3,331.917
poll 1 s,3,326.609
poll 1 s,3,321.79
poll 1 s,3,316.544
poll 1 s,3,312.012
poll 1 s,3,306.856
poll 1 s,3,301.717
poll 1 s,3,296.742
poll 1 s,3,291.595
poll 1 s,3,287.067
poll 1 s,3,281.92
poll 1 s,3,276.74
poll 1 s,3,271.741
poll 1 s,3,267.024
poll 1 s,3,261.855
poll 1 s,3,256.909
poll 1 s,3,251.531
poll 1 s,3,246.774
poll 1 s,3,241.659
poll 1 s,3,237.092
poll 1 s,3,226.943
poll 1 s,3,221.781
poll 1 s,3,232.099
poll 1 s,3,216.204
poll 1 s,3,212.026
poll 1 s,3,206.65
poll 1 s,3,201.631
poll 1 s,3,196.487
poll 1 s,3,191.448
poll 1 s,3,186.8
poll 1 s,3,181.854
poll 1 s,3,176.403
poll 1 s,3,171.549
poll 1 s,3,167.106
poll 1 s,3,161.511
poll 1 s,3,156.854
poll 1 s,3,151.752
poll 1 s,3,147.051
poll 1 s,3,141.865
poll 1 s,3,136.93
poll 1 s,3,131.542
poll 1 s,3,126.638
poll 1 s,3,121.521
poll 1 s,3,117.107
poll 1 s,3,111.79
poll 1 s,3,106.857
poll 1 s,3,101.632
poll 1 s,3,97.123
poll 1 s,3,92.054
poll 1 s,3,86.881
poll 1 s,3,81.534
poll 1 s,3,76.89
poll 1 s,3,71.757
poll 1 s,3,66.851
poll 1 s,3,61.815
poll 1 s,3,56.42
poll 1 s,3,51.897
poll 1 s,3,46.589
poll 1 s,3,42.11
poll 1 s,3,36.838
poll 1 s,3,31.734
poll 1 s,3,26.558
poll 1 s,3,21.961
poll 1 s,3,16.816
poll 1 s,3,16.429
poll 1 s,3,11.247
poll 1 s,3,5.807
poll 1 s,3,1007.29
poll 1 s,3,1001.964
poll 1 s,3,996.86
poll 1 s,3,992.488
poll 1 s,3,987.12
poll 1 s,3,981.974
poll 1 s,3,977.327
poll 1 s,3,972.06
poll 1 s,3,967.35
poll 1 s,3,961.965
poll 1 s,3,957.054
poll 1 s,3,952.151
poll 1 s,3,947.36
poll 1 s,3,942.255
poll 1 s,3,936.968
poll 1 s,3,932.389
poll 1 s,3,927.375
poll 1 s,3,922.349
poll 1 s,3,917.032
poll 1 s,3,911.736
poll 1 s,3,907.27
poll 1 s,3,901.94
poll 1 s,3,897.431
poll 1 s,3,892.209
poll 1 s,3,887.375
poll 1 s,3,881.87
poll 1 s,3,877.386
poll 1 s,3,872.202
poll 1 s,3,867.094
poll 1 s,3,862.422
poll 1 s,3,857.395
poll 1 s,3,852.389
poll 1 s,3,847.367
poll 1 s,3,842.258
poll 1 s,3,836.952
poll 1 s,3,832.129
poll 1 s,3,827.498
poll 1 s,3,822.497
poll 1 s,3,817.351
poll 1 s,3,812.367
poll 1 s,3,807.319
poll 1 s,3,802.084
poll 1 s,3,797.067
poll 1 s,3,792.481
poll 1 s,3,787.284
poll 1 s,3,782.271
poll 1 s,3,777.235
poll 1 s,3,772.595
poll 1 s,3,767.504
poll 1 s,3,762.351
poll 1 s,3,757.259
poll 1 s,3,752.106
poll 1 s,3,747.452
poll 1 s,3,742.355
poll 1 s,3,737.204
poll 1 s,3,731.812
poll 1 s,3,727.357
poll 1 s,3,722.067
poll 1 s,3,717.132
poll 1 s,3,712.077
poll 1 s,3,707.206
poll 1 s,3,702.105
poll 1 s,3,696.849
poll 1 s,3,692.401
poll 1 s,3,687.085
poll 1 s,3,682.169
poll 1 s,3,676.955
poll 1 s,3,672.225
poll 1 s,3,666.998
poll 1 s,3,661.923
poll 1 s,3,657.291
poll 1 s,3,652.282
poll 1 s,3,647.143
poll 1 s,3,642.09
poll 1 s,3,636.988
poll 1 s,3,632.44
poll 1 s,3,627.168
poll 1 s,3,621.906
poll 1 s,3,617.301
poll 1 s,3,612.243
poll 1 s,3,607.362
poll 1 s,3,601.782
poll 1 s,3,597.374
poll 1 s,3,592.509
poll 1 s,3,587.556
poll 1 s,3,582.427
poll 1 s,3,577.389
poll 1 s,3,572.171
poll 1 s,3,567.171
poll 1 s,3,562.008
poll 1 s,3,557.357
poll 1 s,3,552.421
poll 1 s,3,547.267
poll 1 s,3,542.273
poll 1 s,3,537.045
poll 1 s,3,532.461
poll 1 s,3,527.034
poll 1 s,3,522.344
poll 1 s,3,517.111
poll 1 s,3,511.837
poll 1 s,3,512.837
poll 1 s,3,507.714
poll 1 s,3,502.694
poll 1 s,3,497.234
poll 1 s,3,492.198
poll 1 s,3,487.8
poll 1 s,3,482.687
poll 1 s,3,477.603
poll 1 s,3,472.366
poll 1 s,3,467.674
poll 1 s,3,462.492
poll 1 s,3,457.245
poll 1 s,3,452.795
poll 1 s,3,447.828
poll 1 s,3,442.446
poll 1 s,3,437.457
poll 1 s,3,432.424
poll 1 s,3,427.257
poll 1 s,3,422.602
poll 1 s,3,417.572
poll 1 s,3,412.517
poll 1 s,3,407.486
poll 1 s,3,402.219
poll 1 s,3,397.19
poll 1 s,3,392.349
poll 1 s,3,387.368
poll 1 s,3,382.285
poll 1 s,3,377.316
poll 1 s,3,372.647
poll 1 s,3,367.669
poll 1 s,3,362.469
poll 1 s,3,357.468
poll 1 s,3,352.446
poll 1 s,3,347.78
poll 1 s,3,342.622
poll 1 s,3,337.39
poll 1 s,3,332.742
poll 1 s,3,327.576
poll 1 s,3,322.656
poll 1 s,3,317.232
poll 1 s,3,312.394
poll 1 s,3,307.279
poll 1 s,3,302.473
poll 1 s,3,297.442
poll 1 s,3,292.303
poll 1 s,3,287.381
poll 1 s,3,282.396
poll 1 s,3,277.189
poll 1 s,3,272.646
poll 1 s,3,267.15
poll 1 s,3,262.344
poll 1 s,3,257.604
poll 1 s,3,252.134
poll 1 s,3,247.407
poll 1 s,3,242.013
poll 1 s,3,237.597
poll 1 s,3,232.83
poll 1 s,3,227.419
poll 1 s,3,222.265
poll 1 s,3,217.138
poll 1 s,3,212.194
poll 1 s,3,207.154
poll 1 s,3,202.626
poll 1 s,3,197.442
poll 1 s,3,192.439
poll 1 s,3,187.611
poll 1 s,3,182.654
poll 1 s,3,177.555
poll 1 s,3,172.461
poll 1 s,3,167.083
poll 1 s,3,162.572
poll 1 s,3,157.425
poll 1 s,3,152.706
poll 1 s,3,147.7
poll 1 s,3,142.581
poll 1 s,3,137.526
poll 1 s,3,132.338
poll 1 s,3,127.783
poll 1 s,3,122.715
poll 1 s,3,117.549
poll 1 s,3,112.527
poll 1 s,3,107.497
poll 1 s,3,102.788
poll 1 s,3,97.683
poll 1 s,3,92.915
poll 1 s,3,87.581
poll 1 s,3,82.483
poll 1 s,3,77.352
poll 1 s,3,72.537
poll 1 s,3,67.506
poll 1 s,3,62.391
poll 1 s,3,57.827
poll 1 s,3,52.504
poll 1 s,3,47.502
poll 1 s,3,42.905
poll 1 s,3,37.68
poll 1 s,3,32.546
poll 1 s,3,27.553
poll 1 s,3,22.381
poll 1 s,3,17.748
poll 1 s,3,16.748
poll 1 s,3,11.625
poll 1 s,3,6.846
poll 1 s,3,1007.827
poll 1 s,3,1002.54
poll 1 s,3,997.581
poll 1 s,3,992.512
poll 1 s,3,987.61
poll 1 s,3,982.287
poll 1 s,3,977.398
poll 1 s,3,972.585
poll 1 s,3,967.511
poll 1 s,3,962.409
poll 1 s,3,957.421
poll 1 s,3,952.594
poll 1 s,3,947.455
poll 1 s,3,942.214
poll 1 s,3,937.651
poll 1 s,3,932.534
poll 1 s,3,927.402
poll 1 s,3,922.565
poll 1 s,3,917.462
poll 1 s,3,912.248
poll 1 s,3,907.579
poll 1 s,3,902.649
poll 1 s,3,897.856
poll 1 s,3,892.732
poll 1 s,3,887.822
poll 1 s,3,882.67
poll 1 s,3,877.194
poll 1 s,3,872.492
poll 1 s,3,867.878
poll 1 s,3,862.61
poll 1 s,3,857.504
poll 1 s,3,852.389
poll 1 s,3,847.377
poll 1 s,3,842.755
poll 1 s,3,837.678
poll 1 s,3,832.532
poll 1 s,3,827.518
poll 1 s,3,822.708
poll 1 s,3,817.514
poll 1 s,3,812.685
poll 1 s,3,807.284
poll 1 s,3,802.498
poll 1 s,3,797.527
poll 1 s,3,792.909
poll 1 s,3,787.858
poll 1 s,3,782.731
poll 1 s,3,777.666
poll 1 s,3,772.551
poll 1 s,3,767.748
poll 1 s,3,762.64
poll 1 s,3,757.559
poll 1 s,3,752.251
poll 1 s,3,747.94
poll 1 s,3,742.832
poll 1 s,3,737.408
poll 1 s,3,732.853
poll 1 s,3,712.551
poll 1 s,3,727.729
poll 1 s,3,722.781
poll 1 s,3,717.753
poll 1 s,3,706.363
poll 1 s,3,702.425
poll 1 s,3,697.756
poll 1 s,3,692.684
poll 1 s,3,687.685
poll 1 s,3,682.47
poll 1 s,3,677.372
poll 1 s,3,672.452
poll 1 s,3,667.372
poll 1 s,3,662.447
poll 1 s,3,657.071
poll 1 s,3,652.578
poll 1 s,3,647.63
poll 1 s,3,642.581
poll 1 s,3,637.42
poll 1 s,3,632.692
poll 1 s,3,627.75
poll 1 s,3,622.585
poll 1 s,3,617.303
poll 1 s,3,612.312
poll 1 s,3,607.357
poll 1 s,3,602.176
poll 1 s,3,597.906
poll 1 s,3,592.753
poll 1 s,3,587.522
poll 1 s,3,582.484
poll 1 s,3,577.095
poll 1 s,3,572.794
poll 1 s,3,567.611
poll 1 s,3,562.533
poll 1 s,3,557.794
poll 1 s,3,552.646
poll 1 s,3,547.681
poll 1 s,3,542.534
poll 1 s,3,537.474
poll 1 s,3,532.452
poll 1 s,3,527.305
poll 1 s,3,522.573
poll 1 s,3,517.698
poll 1 s,3,512.564
poll 1 s,3,512.736
poll 1 s,3,507.792
poll 1 s,3,502.679
poll 1 s,3,498.102
poll 1 s,3,493.052
poll 1 s,3,487.863
poll 1 s,3,482.792
poll 1 s,3,477.71
poll 1 s,3,473.181
poll 1 s,3,468.102
poll 1 s,3,462.939
poll 1 s,3,457.785
poll 1 s,3,453.171
poll 1 s,3,448.14
poll 1 s,3,443.08
poll 1 s,3,438.033
poll 1 s,3,433.167
poll 1 s,3,428.108
poll 1 s,3,423.162
poll 1 s,3,418.029
poll 1 s,3,412.977
poll 1 s,3,407.973
poll 1 s,3,402.89
poll 1 s,3,398.082
poll 1 s,3,393.045
poll 1 s,3,387.871
poll 1 s,3,382.66
poll 1 s,3,377.657
poll 1 s,3,373.115
poll 1 s,3,367.985
poll 1 s,3,362.993
poll 1 s,3,357.855
poll 1 s,3,352.884
poll 1 s,3,347.794
poll 1 s,3,343.144
poll 1 s,3,338.137
poll 1 s,3,333.048
poll 1 s,3,327.934
poll 1 s,3,322.967
poll 1 s,3,317.836
poll 1 s,3,312.762
poll 1 s,3,308.258
poll 1 s,3,302.969
poll 1 s,3,298.032
poll 1 s,3,293.05
poll 1 s,3,287.926
poll 1 s,3,282.827
poll 1 s,3,277.851
poll 1 s,3,273.091
poll 1 s,3,268.132
poll 1 s,3,263.037
poll 1 s,3,257.728
poll 1 s,3,252.768
poll 1 s,3,247.716
poll 1 s,3,242.695
poll 1 s,3,237.513
poll 1 s,3,232.9
poll 1 s,3,227.822
poll 1 s,3,222.674
poll 1 s,3,217.184
poll 1 s,3,212.6
poll 1 s,3,207.736
poll 1 s,3,202.884
poll 1 s,3,197.734
poll 1 s,3,193.037
poll 1 s,3,187.843
poll 1 s,3,182.761
poll 1 s,3,177.588
poll 1 s,3,172.917
poll 1 s,3,167.669
poll 1 s,3,162.654
poll 1 s,3,157.944
poll 1 s,3,153.022
poll 1 s,3,147.845
poll 1 s,3,142.766
poll 1 s,3,137.987
poll 1 s,3,132.978
poll 1 s,3,128.023
poll 1 s,3,122.858
poll 1 s,3,117.719
poll 1 s,3,113.04
poll 1 s,3,107.951
poll 1 s,3,102.86
poll 1 s,3,97.993
poll 1 s,3,92.824
poll 1 s,3,87.854
poll 1 s,3,82.771
poll 1 s,3,77.768
poll 1 s,3,73.068
poll 1 s,3,67.891
poll 1 s,3,62.754
poll 1 s,3,58.092
poll 1 s,3,52.847
poll 1 s,3,47.706
poll 1 s,3,43.085
poll 1 s,3,37.954
poll 1 s,3,32.868
poll 1 s,3,27.861
poll 1 s,3,22.87
poll 1 s,3,17.66
poll 1 s,3,18.042
poll 1 s,3,12.678
poll 1 s,3,7.756
poll 1 s,3,3.079
poll 1 s,3,1004.429
poll 1 s,3,999.29
poll 1 s,3,994.082
poll 1 s,3,989.497
poll 1 s,3,984.313
poll 1 s,3,979.251
poll 1 s,3,974.008
poll 1 s,3,968.969
poll 1 s,3,964.187
poll 1 s,3,959.165
poll 1 s,3,954.076
poll 1 s,3,949.472
poll 1 s,3,944.501
poll 1 s,3,939.214
poll 1 s,3,934.031
poll 1 s,3,929.549
poll 1 s,3,924.403
poll 1 s,3,919.376
poll 1 s,3,914.336
poll 1 s,3,909.206
poll 1 s,3,904.146
poll 1 s,3,899.545
poll 1 s,3,894.668
poll 1 s,3,889.443
poll 1 s,3,884.398
poll 1 s,3,879.171
poll 1 s,3,874.206
poll 1 s,3,869.521
poll 1 s,3,864.556
poll 1 s,3,859.335
poll 1 s,3,854.284
poll 1 s,3,849.144
poll 1 s,3,844.68
poll 1 s,3,839.363
poll 1 s,3,834.181
poll 1 s,3,829.169
poll 1 s,3,824.575
poll 1 s,3,819.46
poll 1 s,3,814.392
poll 1 s,3,809.291
poll 1 s,3,804.241
poll 1 s,3,799.625
poll 1 s,3,794.506
poll 1 s,3,789.429
poll 1 s,3,784.308
poll 1 s,3,779.209
poll 1 s,3,774.567
poll 1 s,3,769.359
poll 1 s,3,764.421
poll 1 s,3,759.12
poll 1 s,3,754.226
poll 1 s,3,749.464
poll 1 s,3,744.373
poll 1 s,3,739.183
poll 1 s,3,734.224
poll 1 s,3,729.509
poll 1 s,3,724.589
poll 1 s,3,719.247
poll 1 s,3,714.672
poll 1 s,3,709.236
poll 1 s,3,704.649
poll 1 s,3,699.401
poll 1 s,3,694.181
poll 1 s,3,689.229
poll 1 s,3,683.942
poll 1 s,3,679.471
poll 1 s,3,674.341
poll 1 s,3,669.375
poll 1 s,3,664.222
poll 1 s,3,659.222
poll 1 s,3,654.056
poll 1 s,3,649.43
poll 1 s,3,644.281
poll 1 s,3,639.24
poll 1 s,3,633.763
poll 1 s,3,628.84
poll 1 s,3,624.239
poll 1 s,3,619.261
poll 1 s,3,614.021
poll 1 s,3,609.004
poll 1 s,3,604.404
poll 1 s,3,598.977
poll 1 s,3,594.547
poll 1 s,3,589.464
poll 1 s,3,584.424
poll 1 s,3,578.79
poll 1 s,3,574.348
poll 1 s,3,569.015
poll 1 s,3,563.975
poll 1 s,3,559.413
poll 1 s,3,554.177
poll 1 s,3,549.156
poll 1 s,3,544.52
poll 1 s,3,539.556
poll 1 s,3,534.404
poll 1 s,3,529.083
poll 1 s,3,523.963
poll 1 s,3,519.252
poll 1 s,3,514.105
poll 1 s,3,509.117
poll 1 s,3,508.984
poll 1 s,3,504.238
poll 1 s,3,499.333
poll 1 s,3,494.366
poll 1 s,3,488.943
poll 1 s,3,484.202
poll 1 s,3,479.317
poll 1 s,3,474.26
poll 1 s,3,469.669
poll 1 s,3,464.504
poll 1 s,3,459.302
poll 1 s,3,454.064
poll 1 s,3,449.215
poll 1 s,3,444.622
poll 1 s,3,439.475
poll 1 s,3,434.446
poll 1 s,3,429.154
poll 1 s,3,424.223
poll 1 s,3,419.526
poll 1 s,3,414.262
poll 1 s,3,409.33
poll 1 s,3,404.12
poll 1 s,3,398.898
poll 1 s,3,393.966
poll 1 s,3,389.45
poll 1 s,3,384.093
poll 1 s,3,379.017
poll 1 s,3,374.028
poll 1 s,3,369.129
poll 1 s,3,364.244
poll 1 s,3,359.235
poll 1 s,3,354.473
poll 1 s,3,349.568
poll 1 s,3,344.363
poll 1 s,3,339.122
poll 1 s,3,334.169
poll 1 s,3,329.653
poll 1 s,3,324.383
poll 1 s,3,319.272
poll 1 s,3,314.334
poll 1 s,3,309.176
poll 1 s,3,304.342
poll 1 s,3,299.297
poll 1 s,3,294.344
poll 1 s,3,289.115
poll 1 s,3,284.507
poll 1 s,3,279.365
poll 1 s,3,274.436
poll 1 s,3,269.299
poll 1 s,3,264.198
poll 1 s,3,259.644
poll 1 s,3,254.451
poll 1 s,3,249.461
poll 1 s,3,244.304
poll 1 s,3,239.086
poll 1 s,3,234.578
poll 1 s,3,229.357
poll 1 s,3,224.373
poll 1 s,3,219.074
poll 1 s,3,209.531
poll 1 s,3,204.55
poll 1 s,3,214.065
poll 1 s,3,198.296
poll 1 s,3,194.47
poll 1 s,3,189.403
poll 1 s,3,184.294
poll 1 s,3,179.179
poll 1 s,3,174.151
poll 1 s,3,169.546
poll 1 s,3,164.52
poll 1 s,3,159.394
poll 1 s,3,154.228
poll 1 s,3,149.29
poll 1 s,3,144.532
poll 1 s,3,139.4
poll 1 s,3,134.229
poll 1 s,3,129.462
poll 1 s,3,124.16
poll 1 s,3,119.098
poll 1 s,3,114.284
poll 1 s,3,108.971
poll 1 s,3,104.483
poll 1 s,3,99.427
poll 1 s,3,94.27
poll 1 s,3,89.13
poll 1 s,3,84.526
poll 1 s,3,79.341
poll 1 s,3,74.424
poll 1 s,3,69.484
poll 1 s,3,64.537
poll 1 s,3,59.514
poll 1 s,3,54.314
poll 1 s,3,49.35
poll 1 s,3,44.621
poll 1 s,3,39.606
poll 1 s,3,34.426
poll 1 s,3,29.227
poll 1 s,3,24.413
poll 1 s,3,19.111
poll 1 s,3,14.366
poll 1 s,3,13.541
poll 1 s,3,8.374
poll 1 s,3,3.834
poll 1 s,3,1005.39
poll 1 s,3,1000.738
poll 1 s,3,995.446
poll 1 s,3,990.447
poll 1 s,3,985.398
poll 1 s,3,980.479
poll 1 s,3,975.563
poll 1 s,3,970.448
poll 1 s,3,965.317
poll 1 s,3,960.625
poll 1 s,3,955.471
poll 1 s,3,949.947
poll 1 s,3,945.557
poll 1 s,3,940.252
poll 1 s,3,935.686
poll 1 s,3,930.589
poll 1 s,3,925.443
poll 1 s,3,920.426
poll 1 s,3,915.275
poll 1 s,3,910.768
poll 1 s,3,905.633
poll 1 s,3,900.56
poll 1 s,3,895.439
poll 1 s,3,890.399
poll 1 s,3,885.242
poll 1 s,3,880.245
poll 1 s,3,875.781
poll 1 s,3,870.456
poll 1 s,3,865.452
poll 1 s,3,860.452
poll 1 s,3,855.339
poll 1 s,3,850.691
poll 1 s,3,845.574
poll 1 s,3,840.504
poll 1 s,3,835.584
poll 1 s,3,830.386
poll 1 s,3,825.257
poll 1 s,3,820.682
poll 1 s,3,815.465
poll 1 s,3,810.397
poll 1 s,3,805.305
poll 1 s,3,800.505
poll 1 s,3,795.297
poll 1 s,3,790.235
poll 1 s,3,785.726
poll 1 s,3,780.62
poll 1 s,3,775.573
poll 1 s,3,770.378
poll 1 s,3,765.152
poll 1 s,3,760.325
poll 1 s,3,755.3
poll 1 s,3,740.463
poll 1 s,3,750.655
poll 1 s,3,745.669
poll 1 s,3,733.885
poll 1 s,3,730.533
poll 1 s,3,725.371
poll 1 s,3,720.228
poll 1 s,3,715.252
poll 1 s,3,710.583
poll 1 s,3,705.514
poll 1 s,3,700.333
poll 1 s,3,695.564
poll 1 s,3,690.278
poll 1 s,3,685.196
poll 1 s,3,680.15
poll 1 s,3,675.629
poll 1 s,3,670.396
poll 1 s,3,665.365
poll 1 s,3,660.564
poll 1 s,3,655.238
poll 1 s,3,650.292
poll 1 s,3,644.97
poll 1 s,3,640.136
poll 1 s,3,635.165
poll 1 s,3,630.207
poll 1 s,3,625.151
poll 1 s,3,620.357
poll 1 s,3,615.276
poll 1 s,3,610.294
poll 1 s,3,605.342
poll 1 s,3,600.77
poll 1 s,3,595.548
poll 1 s,3,590.328
poll 1 s,3,585.796
poll 1 s,3,580.558
poll 1 s,3,575.56
poll 1 s,3,570.364
poll 1 s,3,565.675
poll 1 s,3,560.667
poll 1 s,3,555.454
poll 1 s,3,550.114
poll 1 s,3,545.589
poll 1 s,3,540.145
poll 1 s,3,535.725
poll 1 s,3,530.517
poll 1 s,3,525.268
poll 1 s,3,520.775
poll 1 s,3,515.336
poll 1 s,3,510.243
poll 1 s,3,510.979
poll 1 s,3,505.883
poll 1 s,3,501.184
poll 1 s,3,495.913
poll 1 s,3,490.603
poll 1 s,3,485.736
poll 1 s,3,481.16
poll 1 s,3,475.943
poll 1 s,3,470.707
poll 1 s,3,465.98
poll 1 s,3,460.711
poll 1 s,3,456.069
poll 1 s,3,451.074
poll 1 s,3,445.825
poll 1 s,3,440.923
poll 1 s,3,435.842
poll 1 s,3,431.093
poll 1 s,3,426.011
poll 1 s,3,420.919
poll 1 s,3,415.777
poll 1 s,3,410.771
poll 1 s,3,405.796
poll 1 s,3,401.094
poll 1 s,3,395.815
poll 1 s,3,390.799
poll 1 s,3,386.252
poll 1 s,3,381.079
poll 1 s,3,375.777
poll 1 s,3,370.753
poll 1 s,3,365.832
poll 1 s,3,360.821
poll 1 s,3,355.991
poll 1 s,3,350.873
poll 1 s,3,345.758
poll 1 s,3,340.34
poll 1 s,3,335.99
poll 1 s,3,330.62
poll 1 s,3,325.67
poll 1 s,3,320.578
poll 1 s,3,315.838
poll 1 s,3,310.84
poll 1 s,3,305.76
poll 1 s,3,301.204
poll 1 s,3,296.138
poll 1 s,3,291.064
poll 1 s,3,280.818
poll 1 s,3,275.826
poll 1 s,3,285.994
poll 1 s,3,270.243
poll 1 s,3,266.086
poll 1 s,3,261.02
poll 1 s,3,255.84
poll 1 s,3,251.117
poll 1 s,3,246.06
poll 1 s,3,240.897
poll 1 s,3,235.869
poll 1 s,3,230.776
poll 1 s,3,226.223
poll 1 s,3,220.658
poll 1 s,3,216.265
poll 1 s,3,210.985
poll 1 s,3,205.829
poll 1 s,3,200.678
poll 1 s,3,195.807
poll 1 s,3,191.173
poll 1 s,3,186.167
poll 1 s,3,181.083
poll 1 s,3,175.827
poll 1 s,3,170.702
poll 1 s,3,166.003
poll 1 s,3,161.151
poll 1 s,3,155.807
poll 1 s,3,150.667
poll 1 s,3,145.866
poll 1 s,3,140.764
poll 1 s,3,136.208
poll 1 s,3,130.993
poll 1 s,3,126.152
poll 1 s,3,121.033
poll 1 s,3,116.236
poll 1 s,3,110.926
poll 1 s,3,105.737
poll 1 s,3,100.774
poll 1 s,3,95.93
poll 1 s,3,90.975
poll 1 s,3,86.024
poll 1 s,3,80.97
poll 1 s,3,75.787
poll 1 s,3,71.292
poll 1 s,3,66.159
poll 1 s,3,61.194
poll 1 s,3,56.022
poll 1 s,3,50.868
poll 1 s,3,46.029
poll 1 s,3,40.679
poll 1 s,3,36.101
poll 1 s,3,30.86
poll 1 s,3,25.983
poll 1 s,3,20.989
poll 1 s,3,15.768
poll 1 s,3,15.45
poll 1 s,3,10.385
poll 1 s,3,5.271
poll 1 s,3,1006.237
poll 1 s,3,1001.479
poll 1 s,3,996.832
poll 1 s,3,991.571
poll 1 s,3,986.475
poll 1 s,3,981.372
poll 1 s,3,976.479
poll 1 s,3,971.421
poll 1 s,3,966.772
poll 1 s,3,961.645
poll 1 s,3,956.319
poll 1 s,3,951.586
poll 1 s,3,946.389
poll 1 s,3,941.401
poll 1 s,3,936.321
poll 1 s,3,931.294
poll 1 s,3,926.542
poll 1 s,3,921.381
poll 1 s,3,916.296
poll 1 s,3,911.418
poll 1 s,3,906.128
poll 1 s,3,901.708
poll 1 s,3,896.422
poll 1 s,3,891.227
poll 1 s,3,886.675
poll 1 s,3,881.251
poll 1 s,3,876.161
poll 1 s,3,871.64
poll 1 s,3,866.636
poll 1 s,3,861.449
poll 1 s,3,856.444
poll 1 s,3,851.368
poll 1 s,3,846.868
poll 1 s,3,841.57
poll 1 s,3,836.584
poll 1 s,3,831.531
poll 1 s,3,826.58
poll 1 s,3,821.5
poll 1 s,3,816.569
poll 1 s,3,811.455
poll 1 s,3,806.378
poll 1 s,3,801.846
poll 1 s,3,786.531
poll 1 s,3,791.65
poll 1 s,3,796.708
poll 1 s,3,781.108
poll 1 s,3,776.933
poll 1 s,3,771.768
poll 1 s,3,766.638
poll 1 s,3,761.515
poll 1 s,3,756.401
poll 1 s,3,751.346
poll 1 s,3,746.343
poll 1 s,3,741.652
poll 1 s,3,736.714
poll 1 s,3,731.609
poll 1 s,3,726.226
poll 1 s,3,721.612
poll 1 s,3,716.53
poll 1 s,3,711.728
poll 1 s,3,706.55
poll 1 s,3,701.381
poll 1 s,3,696.813
poll 1 s,3,691.502
poll 1 s,3,686.47
poll 1 s,3,681.374
poll 1 s,3,676.238
poll 1 s,3,671.474
poll 1 s,3,666.441
poll 1 s,3,661.488
poll 1 s,3,656.51
poll 1 s,3,651.48
poll 1 s,3,646.416
poll 1 s,3,641.674
poll 1 s,3,636.284
poll 1 s,3,631.768
poll 1 s,3,626.483
poll 1 s,3,621.506
poll 1 s,3,616.174
poll 1 s,3,611.579
poll 1 s,3,606.316
poll 1 s,3,601.303
poll 1 s,3,596.397
poll 1 s,3,591.697
poll 1 s,3,586.64
poll 1 s,3,581.372
poll 1 s,3,576.848
poll 1 s,3,571.641
poll 1 s,3,566.611
poll 1 s,3,561.343
poll 1 s,3,556.278
poll 1 s,3,551.269
poll 1 s,3,546.67
poll 1 s,3,540.926
poll 1 s,3,536.267
poll 1 s,3,531.555
poll 1 s,3,526.591
poll 1 s,3,521.307
poll 1 s,3,516.296
poll 1 s,3,511.734
poll 1 s,3,511.877
poll 1 s,3,507.076
poll 1 s,3,502.28
poll 1 s,3,497.128
poll 1 s,3,492.124
poll 1 s,3,487.32
poll 1 s,3,481.761
poll 1 s,3,477.297
poll 1 s,3,472.101
poll 1 s,3,466.714
poll 1 s,3,461.729
poll 1 s,3,457.119
poll 1 s,3,451.992
poll 1 s,3,446.956
poll 1 s,3,442.246
poll 1 s,3,437.024
poll 1 s,3,432.228
poll 1 s,3,427.027
poll 1 s,3,422.261
poll 1 s,3,417.259
poll 1 s,3,411.957
poll 1 s,3,407.431
poll 1 s,3,402.396
poll 1 s,3,397.282
poll 1 s,3,392.015
poll 1 s,3,387.029
poll 1 s,3,381.918
poll 1 s,3,377.313
poll 1 s,3,372.089
poll 1 s,3,366.902
poll 1 s,3,362.22
poll 1 s,3,357.113
poll 1 s,3,352.332
poll 1 s,3,347.256
poll 1 s,3,341.998
poll 1 s,3,337.314
poll 1 s,3,332.231
poll 1 s,3,326.93
poll 1 s,3,322.546
poll 1 s,3,317.337
poll 1 s,3,312.046
poll 1 s,3,307.193
poll 1 s,3,302.46
poll 1 s,3,297.17
poll 1 s,3,292.1
poll 1 s,3,287.145
poll 1 s,3,272.361
poll 1 s,3,282.242
poll 1 s,3,277.237
poll 1 s,3,266.157
poll 1 s,3,261.902
poll 1 s,3,257.475
poll 1 s,3,252.307
poll 1 s,3,247.076
poll 1 s,3,241.691
poll 1 s,3,237.232
poll 1 s,3,232.18
poll 1 s,3,227.308
poll 1 s,3,222.208
poll 1 s,3,217.031
poll 1 s,3,211.913
poll 1 s,3,207.031
poll 1 s,3,202.431
poll 1 s,3,197.422
poll 1 s,3,192.272
poll 1 s,3,187.036
poll 1 s,3,182.296
poll 1 s,3,177.232
poll 1 s,3,172.057
poll 1 s,3,167.16
poll 1 s,3,162.119
poll 1 s,3,157.154
poll 1 s,3,152.072
poll 1 s,3,147.315
poll 1 s,3,142.108
poll 1 s,3,137.115
poll 1 s,3,131.956
poll 1 s,3,127.209
poll 1 s,3,122.047
poll 1 s,3,117.088
poll 1 s,3,111.818
poll 1 s,3,107.002
poll 1 s,3,102.167
poll 1 s,3,96.922
poll 1 s,3,92.339
poll 1 s,3,87.27
poll 1 s,3,82.002
poll 1 s,3,77.451
poll 1 s,3,72.534
poll 1 s,3,67.333
poll 1 s,3,62.215
poll 1 s,3,57.004
poll 1 s,3,52.116
poll 1 s,3,47.287
poll 1 s,3,42.147
poll 1 s,3,37.083
poll 1 s,3,32.298
poll 1 s,3,27.306
poll 1 s,3,22.015
poll 1 s,3,17.297
poll 1 s,3,16.673
poll 1 s,3,11.662
poll 1 s,3,6.301
poll 1 s,3,1008.014
poll 1 s,3,1002.808
poll 1 s,3,997.838
poll 1 s,3,992.915
poll 1 s,3,987.663
poll 1 s,3,982.675
poll 1 s,3,977.568
poll 1 s,3,972.366
poll 1 s,3,967.903
poll 1 s,3,962.795
poll 1 s,3,957.677
poll 1 s,3,952.57
poll 1 s,3,947.909
poll 1 s,3,942.835
poll 1 s,3,937.505
poll 1 s,3,932.483
poll 1 s,3,927.908
poll 1 s,3,922.267
poll 1 s,3,917.597
poll 1 s,3,912.899
poll 1 s,3,907.776
poll 1 s,3,902.632
poll 1 s,3,897.602
poll 1 s,3,892.5
poll 1 s,3,887.975
poll 1 s,3,882.927
poll 1 s,3,877.819
poll 1 s,3,872.82
poll 1 s,3,867.834
poll 1 s,3,862.693
poll 1 s,3,857.985
poll 1 s,3,852.818
poll 1 s,3,847.733
poll 1 s,3,842.73
poll 1 s,3,837.756
poll 1 s,3,833.026
poll 1 s,3,827.994
poll 1 s,3,822.904
poll 1 s,3,817.679
poll 1 s,3,812.616
poll 1 s,3,807.547
poll 1 s,3,802.782
poll 1 s,3,797.424
poll 1 s,3,792.661
poll 1 s,3,783.018
poll 1 s,3,787.336
poll 1 s,3,777.705
poll 1 s,3,771.613
poll 1 s,3,767.647
poll 1 s,3,763.008
poll 1 s,3,757.786
poll 1 s,3,752.575
poll 1 s,3,747.744
poll 1 s,3,742.758
poll 1 s,3,737.57
poll 1 s,3,732.713
poll 1 s,3,727.638
poll 1 s,3,722.205
poll 1 s,3,717.758
poll 1 s,3,712.643
poll 1 s,3,707.829
poll 1 s,3,702.846
poll 1 s,3,697.545
poll 1 s,3,692.492
poll 1 s,3,687.965
poll 1 s,3,682.703
poll 1 s,3,677.503
poll 1 s,3,672.809
poll 1 s,3,667.513
poll 1 s,3,662.659
poll 1 s,3,657.957
poll 1 s,3,652.698
poll 1 s,3,647.661
poll 1 s,3,643.063
poll 1 s,3,637.761
poll 1 s,3,632.681
poll 1 s,3,627.509
poll 1 s,3,622.715
poll 1 s,3,617.652
poll 1 s,3,612.662
poll 1 s,3,607.916
poll 1 s,3,602.856
poll 1 s,3,597.608
poll 1 s,3,592.715
poll 1 s,3,587.651
poll 1 s,3,583.046
poll 1 s,3,577.914
poll 1 s,3,572.63
poll 1 s,3,567.615
poll 1 s,3,562.866
poll 1 s,3,557.482
poll 1 s,3,552.688
poll 1 s,3,547.459
poll 1 s,3,542.672
poll 1 s,3,537.766
poll 1 s,3,532.581
poll 1 s,3,527.576
poll 1 s,3,522.886
poll 1 s,3,517.642
poll 1 s,3,512.912
poll 1 s,3,512.849
poll 1 s,3,507.733
poll 1 s,3,502.618
poll 1 s,3,497.407
poll 1 s,3,492.888
poll 1 s,3,487.893
poll 1 s,3,482.565
poll 1 s,3,477.6
poll 1 s,3,472.518
poll 100 ms,3,84.615
poll 100 ms,3,79.35
poll 100 ms,3,74.884
poll 100 ms,3,69.524
poll 100 ms,3,65.046
poll 100 ms,3,59.839
poll 100 ms,3,54.784
poll 100 ms,3,50.097
poll 100 ms,3,44.929
poll 100 ms,3,39.576
poll 100 ms,3,35.011
poll 100 ms,3,30.041
poll 100 ms,3,24.717
poll 100 ms,3,19.606
poll 100 ms,3,14.48
poll 100 ms,3,10.075
poll 100 ms,3,4.758
poll 100 ms,3,104.803
poll 100 ms,3,100.309
poll 100 ms,3,94.899
poll 100 ms,3,89.842
poll 100 ms,3,85.07
poll 100 ms,3,80.007
poll 100 ms,3,74.839
poll 100 ms,3,69.795
poll 100 ms,3,65.071
poll 100 ms,3,60.095
poll 100 ms,3,54.687
poll 100 ms,3,49.704
poll 100 ms,3,45.269
poll 100 ms,3,40.1
poll 100 ms,3,35.063
poll 100 ms,3,30.283
poll 100 ms,3,25.03
poll 100 ms,3,20.029
poll 100 ms,3,15.312
poll 100 ms,3,10.072
poll 100 ms,3,4.81
poll 100 ms,3,104.809
poll 100 ms,3,99.944
poll 100 ms,3,95.049
poll 100 ms,3,89.99
poll 100 ms,3,84.745
poll 100 ms,3,80.142
poll 100 ms,3,75.006
poll 100 ms,3,69.605
poll 100 ms,3,65.13
poll 100 ms,3,60.013
poll 100 ms,3,54.759
poll 100 ms,3,49.99
poll 100 ms,3,44.971
poll 100 ms,3,39.863
poll 100 ms,3,34.764
poll 100 ms,3,29.936
poll 100 ms,3,24.868
poll 100 ms,3,4.806
poll 100 ms,3,9.809
poll 100 ms,3,19.582
poll 100 ms,3,15.028
poll 100 ms,3,104.659
poll 100 ms,3,99.634
poll 100 ms,3,94.65
poll 100 ms,3,89.357
poll 100 ms,3,84.524
poll 100 ms,3,79.608
poll 100 ms,3,74.327
poll 100 ms,3,69.303
poll 100 ms,3,64.911
poll 100 ms,3,58.934
poll 100 ms,3,54.779
poll 100 ms,3,49.763
poll 100 ms,3,44.619
poll 100 ms,3,39.727
poll 100 ms,3,34.697
poll 100 ms,3,29.562
poll 100 ms,3,24.378
poll 100 ms,3,19.361
poll 100 ms,3,14.755
poll 100 ms,3,9.65
poll 100 ms,3,4.433
poll 100 ms,3,104.674
poll 100 ms,3,100.092
poll 100 ms,3,94.91
poll 100 ms,3,89.42
poll 100 ms,3,84.844
poll 100 ms,3,80.068
poll 100 ms,3,74.989
poll 100 ms,3,69.801
poll 100 ms,3,64.691
poll 100 ms,3,59.709
poll 100 ms,3,54.851
poll 100 ms,3,49.866
poll 100 ms,3,44.654
poll 100 ms,3,39.393
poll 100 ms,3,34.212
poll 100 ms,3,29.755
poll 100 ms,3,24.206
poll 100 ms,3,19.427
poll 100 ms,3,14.963
poll 100 ms,3,9.799
poll 100 ms,3,4.43
poll 100 ms,3,105.311
poll 100 ms,3,100.168
poll 100 ms,3,94.643
poll 100 ms,3,89.863
poll 100 ms,3,84.887
poll 100 ms,3,80.497
poll 100 ms,3,75.219
poll 100 ms,3,70.15
poll 100 ms,3,64.833
poll 100 ms,3,59.975
poll 100 ms,3,54.771
poll 100 ms,3,50.384
poll 100 ms,3,44.942
poll 100 ms,3,40.392
poll 100 ms,3,35.339
poll 100 ms,3,30.174
poll 100 ms,3,25.262
poll 100 ms,3,19.843
poll 100 ms,3,15.062
poll 100 ms,3,10.218
poll 100 ms,3,5.195
poll 100 ms,3,104.907
poll 100 ms,3,99.786
poll 100 ms,3,94.906
poll 100 ms,3,90.253
poll 100 ms,3,85.007
poll 100 ms,3,79.845
poll 100 ms,3,74.735
poll 100 ms,3,69.981
poll 100 ms,3,65.0
poll 100 ms,3,59.847
poll 100 ms,3,55.172
poll 100 ms,3,49.964
poll 100 ms,3,44.551
poll 100 ms,3,39.934
poll 100 ms,3,34.72
poll 100 ms,3,30.169
poll 100 ms,3,25.072
poll 100 ms,3,20.086
poll 100 ms,3,15.033
poll 100 ms,3,9.888
poll 100 ms,3,5.123
poll 100 ms,3,104.574
poll 100 ms,3,99.562
poll 100 ms,3,94.453
poll 100 ms,3,89.395
poll 100 ms,3,84.676
poll 100 ms,3,79.446
poll 100 ms,3,74.53
poll 100 ms,3,69.438
poll 100 ms,3,64.87
poll 100 ms,3,59.693
poll 100 ms,3,54.571
poll 100 ms,3,49.479
poll 100 ms,3,44.635
poll 100 ms,3,39.749
poll 100 ms,3,34.615
poll 100 ms,3,29.517
poll 100 ms,3,24.034
poll 100 ms,3,14.492
poll 100 ms,3,19.611
poll 100 ms,3,8.613
poll 100 ms,3,4.523
poll 100 ms,3,104.272
poll 100 ms,3,99.352
poll 100 ms,3,94.851
poll 100 ms,3,89.73
poll 100 ms,3,84.489
poll 100 ms,3,79.058
poll 100 ms,3,74.783
poll 100 ms,3,69.732
poll 100 ms,3,64.52
poll 100 ms,3,59.483
poll 100 ms,3,54.809
poll 100 ms,3,49.694
poll 100 ms,3,44.58
poll 100 ms,3,39.748
poll 100 ms,3,34.463
poll 100 ms,3,29.496
poll 100 ms,3,24.17
poll 100 ms,3,19.854
poll 100 ms,3,14.773
poll 100 ms,3,9.714
poll 100 ms,3,4.608
poll 100 ms,3,104.732
poll 100 ms,3,99.777
poll 100 ms,3,94.694
poll 100 ms,3,89.684
poll 100 ms,3,84.465
poll 100 ms,3,79.693
poll 100 ms,3,75.092
poll 100 ms,3,69.912
poll 100 ms,3,64.954
poll 100 ms,3,59.904
poll 100 ms,3,54.537
poll 100 ms,3,49.829
poll 100 ms,3,44.704
poll 100 ms,3,39.704
poll 100 ms,3,34.726
poll 100 ms,3,29.528
poll 100 ms,3,25.079
poll 100 ms,3,19.838
poll 100 ms,3,14.681
poll 100 ms,3,9.791
poll 100 ms,3,4.893
poll 100 ms,3,104.806
poll 100 ms,3,100.203
poll 100 ms,3,94.932
poll 100 ms,3,90.33
poll 100 ms,3,85.175
poll 100 ms,3,80.112
poll 100 ms,3,75.262
poll 100 ms,3,70.189
poll 100 ms,3,64.991
poll 100 ms,3,59.77
poll 100 ms,3,55.224
poll 100 ms,3,49.886
poll 100 ms,3,44.796
poll 100 ms,3,40.176
poll 100 ms,3,35.022
poll 100 ms,3,29.775
poll 100 ms,3,25.104
poll 100 ms,3,19.726
poll 100 ms,3,14.969
poll 100 ms,3,9.944
poll 100 ms,3,4.8
poll 100 ms,3,105.567
poll 100 ms,3,100.236
poll 100 ms,3,95.334
poll 100 ms,3,90.901
poll 100 ms,3,85.39
poll 100 ms,3,80.096
poll 100 ms,3,75.737
poll 100 ms,3,70.495
poll 100 ms,3,65.458
poll 100 ms,3,60.222
poll 100 ms,3,55.518
poll 100 ms,3,50.394
poll 100 ms,3,45.395
poll 100 ms,3,40.234
poll 100 ms,3,35.56
poll 100 ms,3,30.412
poll 100 ms,3,25.715
poll 100 ms,3,20.515
poll 100 ms,3,15.697
poll 100 ms,3,10.648
poll 100 ms,3,5.525
poll 100 ms,3,105.812
poll 100 ms,3,100.712
poll 100 ms,3,95.918
poll 100 ms,3,90.768
poll 100 ms,3,86.105
poll 100 ms,3,81.114
poll 100 ms,3,76.32
poll 100 ms,3,71.256
poll 100 ms,3,65.831
poll 100 ms,3,56.062
poll 100 ms,3,60.952
poll 100 ms,3,51.019
poll 100 ms,3,44.618
poll 100 ms,3,41.276
poll 100 ms,3,36.006
poll 100 ms,3,30.895
poll 100 ms,3,26.154
poll 100 ms,3,21.123
poll 100 ms,3,15.884
poll 100 ms,3,10.845
poll 100 ms,3,5.853
poll 100 ms,3,106.098
poll 100 ms,3,101.06
poll 100 ms,3,95.83
poll 100 ms,3,90.944
poll 100 ms,3,86.212
poll 100 ms,3,80.461
poll 100 ms,3,75.969
poll 100 ms,3,71.327
poll 100 ms,3,66.237
poll 100 ms,3,61.133
poll 100 ms,3,55.987
poll 100 ms,3,50.607
poll 100 ms,3,46.315
poll 100 ms,3,40.983
poll 100 ms,3,35.821
poll 100 ms,3,31.131
poll 100 ms,3,26.264
poll 100 ms,3,21.211
poll 100 ms,3,16.029
poll 100 ms,3,11.217
poll 100 ms,3,6.02
poll 100 ms,3,106.125
poll 100 ms,3,101.411
poll 100 ms,3,96.38
poll 100 ms,3,91.072
poll 100 ms,3,86.216
poll 100 ms,3,81.008
poll 100 ms,3,76.456
poll 100 ms,3,71.193
poll 100 ms,3,66.178
poll 100 ms,3,60.997
poll 100 ms,3,55.9
poll 100 ms,3,50.975
poll 100 ms,3,46.174
poll 100 ms,3,40.823
poll 100 ms,3,36.427
poll 100 ms,3,31.254
poll 100 ms,3,26.058
poll 100 ms,3,21.036
poll 100 ms,3,16.337
poll 100 ms,3,11.257
poll 100 ms,3,6.328
poll 100 ms,3,106.549
poll 100 ms,3,101.13
poll 100 ms,3,96.317
poll 100 ms,3,91.262
poll 100 ms,3,86.12
poll 100 ms,3,81.358
poll 100 ms,3,76.145
poll 100 ms,3,71.14
poll 100 ms,3,66.07
poll 100 ms,3,61.467
poll 100 ms,3,56.482
poll 100 ms,3,51.381
poll 100 ms,3,46.001
poll 100 ms,3,41.527
poll 100 ms,3,36.216
poll 100 ms,3,31.171
poll 100 ms,3,26.488
poll 100 ms,3,21.401
poll 100 ms,3,16.222
poll 100 ms,3,11.566
poll 100 ms,3,6.373
poll 100 ms,3,106.976
poll 100 ms,3,101.503
poll 100 ms,3,96.744
poll 100 ms,3,91.726
poll 100 ms,3,86.885
poll 100 ms,3,81.912
poll 100 ms,3,76.666
poll 100 ms,3,71.751
poll 100 ms,3,66.915
poll 100 ms,3,61.705
poll 100 ms,3,56.798
poll 100 ms,3,51.617
poll 100 ms,3,46.539
poll 100 ms,3,41.92
poll 100 ms,3,37.02
poll 100 ms,3,31.996
poll 100 ms,3,26.698
poll 100 ms,3,21.651
poll 100 ms,3,17.149
poll 100 ms,3,11.563
poll 100 ms,3,6.997
poll 100 ms,3,2.118
poll 100 ms,3,102.351
poll 100 ms,3,97.24
poll 100 ms,3,92.69
poll 100 ms,3,87.403
poll 100 ms,3,82.341
poll 100 ms,3,77.336
poll 100 ms,3,71.563
poll 100 ms,3,67.564
poll 100 ms,3,62.196
poll 100 ms,3,56.332
poll 100 ms,3,52.458
poll 100 ms,3,47.338
poll 100 ms,3,41.966
poll 100 ms,3,37.585
poll 100 ms,3,32.437
poll 100 ms,3,27.2
poll 100 ms,3,22.535
poll 100 ms,3,17.404
poll 100 ms,3,12.364
poll 100 ms,3,7.153
poll 100 ms,3,2.648
poll 100 ms,3,102.324
poll 100 ms,3,97.081
poll 100 ms,3,92.592
poll 100 ms,3,87.345
poll 100 ms,3,82.625
poll 100 ms,3,77.507
poll 100 ms,3,72.429
poll 100 ms,3,67.22
poll 100 ms,3,61.868
poll 100 ms,3,57.556
poll 100 ms,3,52.214
poll 100 ms,3,47.246
poll 100 ms,3,42.517
poll 100 ms,3,37.007
poll 100 ms,3,32.359
poll 100 ms,3,27.08
poll 100 ms,3,22.535
poll 100 ms,3,17.546
poll 100 ms,3,12.268
poll 100 ms,3,7.497
poll 100 ms,3,2.492
poll 100 ms,3,102.618
poll 100 ms,3,97.346
poll 100 ms,3,92.418
poll 100 ms,3,87.247
poll 100 ms,3,82.674
poll 100 ms,3,77.393
poll 100 ms,3,72.297
poll 100 ms,3,67.213
poll 100 ms,3,62.166
poll 100 ms,3,57.519
poll 100 ms,3,52.688
poll 100 ms,3,47.423
poll 100 ms,3,42.315
poll 100 ms,3,37.723
poll 100 ms,3,32.567
poll 100 ms,3,27.515
poll 100 ms,3,22.065
poll 100 ms,3,17.647
poll 100 ms,3,12.473
poll 100 ms,3,7.227
poll 100 ms,3,2.498
poll 100 ms,3,102.23
poll 100 ms,3,97.36
poll 100 ms,3,92.257
poll 100 ms,3,87.111
poll 100 ms,3,82.157
poll 100 ms,3,77.062
poll 100 ms,3,72.494
poll 100 ms,3,67.411
poll 100 ms,3,62.384
poll 100 ms,3,57.392
poll 100 ms,3,52.251
poll 100 ms,3,47.132
poll 100 ms,3,42.066
poll 100 ms,3,37.136
poll 100 ms,3,32.046
poll 100 ms,3,27.475
poll 100 ms,3,22.311
poll 100 ms,3,16.963
poll 100 ms,3,12.517
poll 100 ms,3,7.527
poll 100 ms,3,2.341
poll 100 ms,3,102.27
poll 100 ms,3,97.227
poll 100 ms,3,92.067
poll 100 ms,3,87.295
poll 100 ms,3,82.254
poll 100 ms,3,77.185
poll 100 ms,3,71.991
poll 100 ms,3,67.479
poll 100 ms,3,62.181
poll 100 ms,3,57.535
poll 100 ms,3,52.473
poll 100 ms,3,47.37
poll 100 ms,3,42.259
poll 100 ms,3,37.15
poll 100 ms,3,32.323
poll 100 ms,3,27.038
poll 100 ms,3,22.133
poll 100 ms,3,17.286
poll 100 ms,3,12.304
poll 100 ms,3,7.458
poll 100 ms,3,122.529
poll 100 ms,3,107.45
poll 100 ms,3,117.634
poll 100 ms,3,112.608
poll 100 ms,3,101.477
poll 100 ms,3,97.569
poll 100 ms,3,92.492
poll 100 ms,3,87.265
poll 100 ms,3,82.191
poll 100 ms,3,77.731
poll 100 ms,3,72.333
poll 100 ms,3,67.405
poll 100 ms,3,62.615
poll 100 ms,3,57.668
poll 100 ms,3,52.508
poll 100 ms,3,47.636
poll 100 ms,3,42.516
poll 100 ms,3,37.475
poll 100 ms,3,32.882
poll 100 ms,3,27.621
poll 100 ms,3,22.557
poll 100 ms,3,17.317
poll 100 ms,3,12.361
poll 100 ms,3,7.621
poll 100 ms,3,2.543
poll 100 ms,3,102.922
poll 100 ms,3,98.386
poll 100 ms,3,93.224
poll 100 ms,3,88.133
poll 100 ms,3,82.987
poll 100 ms,3,78.439
poll 100 ms,3,73.142
poll 100 ms,3,67.998
poll 100 ms,3,63.242
poll 100 ms,3,58.003
poll 100 ms,3,53.077
poll 100 ms,3,47.97
poll 100 ms,3,42.998
poll 100 ms,3,37.981
poll 100 ms,3,33.052
poll 100 ms,3,27.906
poll 100 ms,3,23.299
poll 100 ms,3,18.176
poll 100 ms,3,13.067
poll 100 ms,3,8.294
poll 100 ms,3,3.127
poll 100 ms,3,104.03
poll 100 ms,3,98.931
poll 100 ms,3,93.893
poll 100 ms,3,89.065
poll 100 ms,3,83.977
poll 100 ms,3,78.811
poll 100 ms,3,73.909
poll 100 ms,3,69.259
poll 100 ms,3,64.17
poll 100 ms,3,59.225
poll 100 ms,3,53.997
poll 100 ms,3,48.857
poll 100 ms,3,43.499
poll 100 ms,3,38.695
poll 100 ms,3,34.109
poll 100 ms,3,29.229
poll 100 ms,3,24.083
poll 100 ms,3,19.003
poll 100 ms,3,13.8
poll 100 ms,3,9.104
poll 100 ms,3,4.103
poll 100 ms,3,103.758
poll 100 ms,3,98.689
poll 100 ms,3,94.025
poll 100 ms,3,88.622
poll 100 ms,3,83.889
poll 100 ms,3,78.353
poll 100 ms,3,73.867
poll 100 ms,3,68.563
poll 100 ms,3,64.087
poll 100 ms,3,58.789
poll 100 ms,3,54.16
poll 100 ms,3,48.892
poll 100 ms,3,43.672
poll 100 ms,3,38.628
poll 100 ms,3,33.805
poll 100 ms,3,29.11
poll 100 ms,3,23.673
poll 100 ms,3,18.636
poll 100 ms,3,13.912
poll 100 ms,3,8.578
poll 100 ms,3,4.111
poll 100 ms,3,103.88
poll 100 ms,3,98.873
poll 100 ms,3,94.256
poll 100 ms,3,88.839
poll 100 ms,3,83.761
poll 100 ms,3,79.043
poll 100 ms,3,73.71
poll 100 ms,3,69.012
poll 100 ms,3,63.83
poll 100 ms,3,59.171
poll 100 ms,3,53.658
poll 100 ms,3,48.258
poll 100 ms,3,43.731
poll 100 ms,3,38.996
poll 100 ms,3,33.923
poll 100 ms,3,18.588
poll 100 ms,3,23.637
poll 100 ms,3,28.991
poll 100 ms,3,12.99
poll 100 ms,3,8.739
poll 100 ms,3,3.977
poll 100 ms,3,103.45
poll 100 ms,3,98.922
poll 100 ms,3,93.564
poll 100 ms,3,88.435
poll 100 ms,3,83.637
poll 100 ms,3,78.478
poll 100 ms,3,73.82
poll 100 ms,3,68.744
poll 100 ms,3,63.789
poll 100 ms,3,58.322
poll 100 ms,3,53.815
poll 100 ms,3,48.208
poll 100 ms,3,43.882
poll 100 ms,3,38.884
poll 100 ms,3,33.647
poll 100 ms,3,28.474
poll 100 ms,3,23.598
poll 100 ms,3,18.762
poll 100 ms,3,13.652
poll 100 ms,3,8.62
poll 100 ms,3,3.778
poll 100 ms,3,104.793
poll 100 ms,3,99.851
poll 100 ms,3,94.973
poll 100 ms,3,89.714
poll 100 ms,3,84.599
poll 100 ms,3,79.919
poll 100 ms,3,74.86
poll 100 ms,3,69.71
poll 100 ms,3,64.707
poll 100 ms,3,59.637
poll 100 ms,3,54.588
poll 100 ms,3,49.74
poll 100 ms,3,44.456
poll 100 ms,3,39.709
poll 100 ms,3,35.02
poll 100 ms,3,29.862
poll 100 ms,3,24.666
poll 100 ms,3,19.686
poll 100 ms,3,14.58
poll 100 ms,3,9.871
poll 100 ms,3,3.979
poll 100 ms,3,104.922
poll 100 ms,3,99.705
poll 100 ms,3,94.396
poll 100 ms,3,89.809
poll 100 ms,3,84.191
poll 100 ms,3,79.52
poll 100 ms,3,75.007
poll 100 ms,3,69.657
poll 100 ms,3,65.029
poll 100 ms,3,59.795
poll 100 ms,3,54.801
poll 100 ms,3,49.633
poll 100 ms,3,44.536
poll 100 ms,3,39.81
poll 100 ms,3,34.933
poll 100 ms,3,29.807
poll 100 ms,3,24.747
poll 100 ms,3,19.739
poll 100 ms,3,14.819
poll 100 ms,3,9.576
poll 100 ms,3,4.594
poll 100 ms,3,105.352
poll 100 ms,3,100.13
poll 100 ms,3,95.321
poll 100 ms,3,90.122
poll 100 ms,3,85.102
poll 100 ms,3,79.871
poll 100 ms,3,75.216
poll 100 ms,3,69.921
poll 100 ms,3,65.008
poll 100 ms,3,59.822
poll 100 ms,3,55.221
poll 100 ms,3,50.328
poll 100 ms,3,45.133
poll 100 ms,3,40.444
poll 100 ms,3,35.379
poll 100 ms,3,30.164
poll 100 ms,3,25.023
poll 100 ms,3,19.963
poll 100 ms,3,15.009
poll 100 ms,3,10.061
poll 100 ms,3,5.198
poll 100 ms,3,105.151
poll 100 ms,3,100.383
poll 100 ms,3,95.347
poll 100 ms,3,90.459
poll 100 ms,3,85.43
poll 100 ms,3,80.341
poll 100 ms,3,75.469
poll 100 ms,3,70.478
poll 100 ms,3,65.403
poll 100 ms,3,59.708
poll 100 ms,3,54.972
poll 100 ms,3,50.338
poll 100 ms,3,45.306
poll 100 ms,3,39.932
poll 100 ms,3,35.266
poll 100 ms,3,30.179
poll 100 ms,3,23.059
poll 100 ms,3,20.329
poll 100 ms,3,15.336
poll 100 ms,3,10.327
poll 100 ms,3,5.487
poll 100 ms,3,105.422
poll 100 ms,3,100.332
poll 100 ms,3,95.849
poll 100 ms,3,90.24
poll 100 ms,3,85.653
poll 100 ms,3,80.554
poll 100 ms,3,75.514
poll 100 ms,3,70.777
poll 100 ms,3,65.399
poll 100 ms,3,60.77
poll 100 ms,3,55.561
poll 100 ms,3,50.472
poll 100 ms,3,45.544
poll 100 ms,3,40.532
poll 100 ms,3,35.37
poll 100 ms,3,30.248
poll 100 ms,3,25.441
poll 100 ms,3,20.569
poll 100 ms,3,15.668
poll 100 ms,3,10.376
poll 100 ms,3,5.736
poll 100 ms,3,105.806
poll 100 ms,3,100.782
poll 100 ms,3,95.611
poll 100 ms,3,90.721
poll 100 ms,3,85.836
poll 100 ms,3,80.829
poll 100 ms,3,75.528
poll 100 ms,3,70.793
poll 100 ms,3,65.283
poll 100 ms,3,60.51
poll 100 ms,3,56.008
poll 100 ms,3,50.619
poll 100 ms,3,45.796
poll 100 ms,3,40.544
poll 100 ms,3,35.824
poll 100 ms,3,30.575
poll 100 ms,3,26.061
poll 100 ms,3,20.836
poll 100 ms,3,15.724
poll 100 ms,3,10.652
poll 100 ms,3,5.481
poll 100 ms,3,105.786
poll 100 ms,3,101.283
poll 100 ms,3,95.784
poll 100 ms,3,91.117
poll 100 ms,3,85.909
poll 100 ms,3,81.009
poll 100 ms,3,75.86
poll 100 ms,3,71.336
poll 100 ms,3,65.907
poll 100 ms,3,60.943
poll 100 ms,3,56.415
poll 100 ms,3,51.046
poll 100 ms,3,45.895
poll 100 ms,3,41.293
poll 100 ms,3,36.236
poll 100 ms,3,31.175
poll 100 ms,3,26.152
poll 100 ms,3,21.378
poll 100 ms,3,16.11
poll 100 ms,3,11.062
poll 100 ms,3,6.374
poll 100 ms,3,106.0
poll 100 ms,3,100.996
poll 100 ms,3,96.34
poll 100 ms,3,91.322
poll 100 ms,3,86.357
poll 100 ms,3,80.796
poll 100 ms,3,76.11
poll 100 ms,3,71.127
poll 100 ms,3,66.075
poll 100 ms,3,61.467
poll 100 ms,3,56.25
poll 100 ms,3,51.147
poll 100 ms,3,45.946
poll 100 ms,3,40.846
poll 100 ms,3,36.452
poll 100 ms,3,31.049
poll 100 ms,3,26.001
poll 100 ms,3,21.384
poll 100 ms,3,15.798
poll 100 ms,3,11.322
poll 100 ms,3,6.238
poll 100 ms,3,106.43
poll 100 ms,3,101.555
poll 100 ms,3,96.137
poll 100 ms,3,91.116
poll 100 ms,3,86.185
poll 100 ms,3,81.495
poll 100 ms,3,76.181
poll 100 ms,3,71.672
poll 100 ms,3,66.359
poll 100 ms,3,61.385
poll 100 ms,3,56.604
poll 100 ms,3,51.33
poll 100 ms,3,46.293
poll 100 ms,3,41.106
poll 100 ms,3,36.387
poll 100 ms,3,31.652
poll 100 ms,3,26.351
poll 100 ms,3,21.606
poll 100 ms,3,16.288
poll 100 ms,3,11.146
poll 100 ms,3,6.54
poll 100 ms,3,106.649
poll 100 ms,3,101.394
poll 100 ms,3,96.859
poll 100 ms,3,91.63
poll 100 ms,3,86.893
poll 100 ms,3,81.342
poll 100 ms,3,76.481
poll 100 ms,3,71.793
poll 100 ms,3,66.604
poll 100 ms,3,61.918
poll 100 ms,3,56.703
poll 100 ms,3,51.639
poll 100 ms,3,46.62
poll 100 ms,3,41.723
poll 100 ms,3,36.44
poll 100 ms,3,31.76
poll 100 ms,3,26.555
poll 100 ms,3,21.871
poll 100 ms,3,16.605
poll 100 ms,3,11.836
poll 100 ms,3,6.336
poll 100 ms,3,1.93
poll 100 ms,3,101.208
poll 100 ms,3,96.295
poll 100 ms,3,91.456
poll 100 ms,3,86.385
poll 100 ms,3,81.198
poll 100 ms,3,76.577
poll 100 ms,3,71.601
poll 100 ms,3,66.111
poll 100 ms,3,61.435
poll 100 ms,3,55.804
poll 100 ms,3,51.367
poll 100 ms,3,46.233
poll 100 ms,3,41.559
poll 100 ms,3,36.304
poll 100 ms,3,31.455
poll 100 ms,3,26.328
poll 100 ms,3,21.153
poll 100 ms,3,16.46
poll 100 ms,3,11.251
poll 100 ms,3,6.144
poll 100 ms,3,106.729
poll 100 ms,3,101.615
poll 100 ms,3,96.333
poll 100 ms,3,91.741
poll 100 ms,3,86.317
poll 100 ms,3,81.782
poll 100 ms,3,76.75
poll 100 ms,3,71.594
poll 100 ms,3,66.856
poll 100 ms,3,61.879
poll 100 ms,3,56.337
poll 100 ms,3,51.538
poll 100 ms,3,46.501
poll 100 ms,3,41.752
poll 100 ms,3,37.016
poll 100 ms,3,31.6
poll 100 ms,3,26.501
poll 100 ms,3,21.873
poll 100 ms,3,16.565
poll 100 ms,3,11.927
poll 100 ms,3,6.696
poll 100 ms,3,106.751
poll 100 ms,3,102.181
poll 100 ms,3,97.0
poll 100 ms,3,92.261
poll 100 ms,3,86.91
poll 100 ms,3,81.918
poll 100 ms,3,77.017
poll 100 ms,3,71.916
poll 100 ms,3,66.735
poll 100 ms,3,61.791
poll 100 ms,3,57.153
poll 100 ms,3,52.004
poll 100 ms,3,46.683
poll 100 ms,3,41.781
poll 100 ms,3,36.934
poll 100 ms,3,32.228
poll 100 ms,3,27.135
poll 100 ms,3,21.957
poll 100 ms,3,16.899
poll 100 ms,3,11.819
poll 100 ms,3,6.783
poll 100 ms,3,1.874
poll 100 ms,3,101.53
poll 100 ms,3,96.521
poll 100 ms,3,91.343
poll 100 ms,3,86.902
poll 100 ms,3,81.275
poll 100 ms,3,76.628
poll 100 ms,3,71.675
poll 100 ms,3,66.513
poll 100 ms,3,61.868
poll 100 ms,3,56.682
poll 100 ms,3,51.591
poll 100 ms,3,46.901
poll 100 ms,3,41.509
poll 100 ms,3,36.588
poll 100 ms,3,31.417
poll 100 ms,3,26.513
poll 100 ms,3,21.596
poll 100 ms,3,16.668
poll 100 ms,3,11.379
poll 100 ms,3,6.778
poll 100 ms,3,106.465
poll 100 ms,3,102.112
poll 100 ms,3,97.051
poll 100 ms,3,91.761
poll 100 ms,3,87.02
poll 100 ms,3,81.782
poll 100 ms,3,77.084
poll 100 ms,3,72.0
poll 100 ms,3,67.144
poll 100 ms,3,62.096
poll 100 ms,3,56.793
poll 100 ms,3,51.948
poll 100 ms,3,46.916
poll 100 ms,3,41.778
poll 100 ms,3,36.727
poll 100 ms,3,31.552
poll 100 ms,3,27.065
poll 100 ms,3,21.806
poll 100 ms,3,16.573
poll 100 ms,3,11.896
poll 100 ms,3,6.631
poll 100 ms,3,1.856
poll 100 ms,3,102.283
poll 100 ms,3,97.119
poll 100 ms,3,91.976
poll 100 ms,3,86.72
poll 100 ms,3,81.722
poll 100 ms,3,77.18
poll 100 ms,3,72.128
poll 100 ms,3,67.206
poll 100 ms,3,61.913
poll 100 ms,3,56.785
poll 100 ms,3,51.959
poll 100 ms,3,47.028
poll 100 ms,3,42.064
poll 100 ms,3,36.909
poll 100 ms,3,32.343
poll 100 ms,3,26.807
poll 100 ms,3,22.331
poll 100 ms,3,17.051
poll 100 ms,3,11.928
poll 100 ms,3,7.279
poll 100 ms,3,2.104
poll 100 ms,3,102.308
poll 100 ms,3,97.402
poll 100 ms,3,92.513
poll 100 ms,3,87.634
poll 100 ms,3,82.363
poll 100 ms,3,77.543
poll 100 ms,3,72.415
poll 100 ms,3,66.841
poll 100 ms,3,62.555
poll 100 ms,3,57.263
poll 100 ms,3,52.367
poll 100 ms,3,47.505
poll 100 ms,3,42.503
poll 100 ms,3,37.221
poll 100 ms,3,32.565
poll 100 ms,3,27.591
poll 100 ms,3,22.565
poll 100 ms,3,17.328
poll 100 ms,3,12.023
poll 100 ms,3,7.111
poll 100 ms,3,2.56
poll 100 ms,3,102.67
poll 100 ms,3,97.41
poll 100 ms,3,92.718
poll 100 ms,3,87.751
poll 100 ms,3,82.723
poll 100 ms,3,77.502
poll 100 ms,3,72.702
poll 100 ms,3,67.756
poll 100 ms,3,62.697
poll 100 ms,3,57.882
poll 100 ms,3,52.485
poll 100 ms,3,47.471
poll 100 ms,3,42.384
poll 100 ms,3,37.841
poll 100 ms,3,32.733
poll 100 ms,3,27.722
poll 100 ms,3,22.359
poll 100 ms,3,7.611
poll 100 ms,3,17.72
poll 100 ms,3,12.457
poll 100 ms,3,107.706
poll 100 ms,3,103.982
poll 100 ms,3,98.877
poll 100 ms,3,93.479
poll 100 ms,3,88.981
poll 100 ms,3,83.776
poll 100 ms,3,78.607
poll 100 ms,3,74.154
poll 100 ms,3,68.787
poll 100 ms,3,64.129
poll 100 ms,3,58.811
poll 100 ms,3,53.86
poll 100 ms,3,48.413
poll 100 ms,3,44.044
poll 100 ms,3,39.014
poll 100 ms,3,33.893
poll 100 ms,3,28.436
poll 100 ms,3,23.962
poll 100 ms,3,18.684
poll 100 ms,3,13.961
poll 100 ms,3,8.798
poll 100 ms,3,3.792
poll 100 ms,3,104.346
poll 100 ms,3,99.191
poll 100 ms,3,94.147
poll 100 ms,3,88.941
poll 100 ms,3,84.431
poll 100 ms,3,79.302
poll 100 ms,3,73.791
poll 100 ms,3,69.256
poll 100 ms,3,64.113
poll 100 ms,3,59.285
poll 100 ms,3,54.351
poll 100 ms,3,49.077
poll 100 ms,3,44.336
poll 100 ms,3,39.054
poll 100 ms,3,34.284
poll 100 ms,3,29.415
poll 100 ms,3,24.479
poll 100 ms,3,19.248
poll 100 ms,3,14.294
poll 100 ms,3,8.977
poll 100 ms,3,4.124
poll 100 ms,3,104.556
poll 100 ms,3,99.406
poll 100 ms,3,94.094
poll 100 ms,3,89.252
poll 100 ms,3,84.374
poll 100 ms,3,79.21
poll 100 ms,3,74.377
poll 100 ms,3,69.218
poll 100 ms,3,64.108
poll 100 ms,3,59.075
poll 100 ms,3,54.47
poll 100 ms,3,49.36
poll 100 ms,3,44.086
poll 100 ms,3,39.197
poll 100 ms,3,34.239
poll 100 ms,3,29.033
poll 100 ms,3,24.165
poll 100 ms,3,19.177
poll 100 ms,3,14.43
poll 100 ms,3,9.195
poll 100 ms,3,4.198
poll 100 ms,3,104.414
poll 100 ms,3,99.095
poll 100 ms,3,94.138
poll 100 ms,3,89.349
poll 100 ms,3,84.063
poll 100 ms,3,79.635
poll 100 ms,3,73.921
poll 100 ms,3,69.354
poll 100 ms,3,64.408
poll 100 ms,3,59.505
poll 100 ms,3,54.56
poll 100 ms,3,49.236
poll 100 ms,3,44.49
poll 100 ms,3,39.284
poll 100 ms,3,34.371
poll 100 ms,3,29.261
poll 100 ms,3,24.185
poll 100 ms,3,19.166
poll 100 ms,3,14.012
poll 100 ms,3,8.917
poll 100 ms,3,4.594
poll 100 ms,3,104.757
poll 100 ms,3,99.643
poll 100 ms,3,94.589
poll 100 ms,3,89.84
poll 100 ms,3,84.857
poll 100 ms,3,79.29
poll 100 ms,3,74.357
poll 100 ms,3,69.62
poll 100 ms,3,64.717
poll 100 ms,3,58.816
poll 100 ms,3,54.36
poll 100 ms,3,49.271
poll 100 ms,3,39.858
poll 100 ms,3,34.606
poll 100 ms,3,44.9
poll 100 ms,3,28.498
poll 100 ms,3,24.492
poll 100 ms,3,19.808
poll 100 ms,3,14.248
poll 100 ms,3,9.742
poll 100 ms,3,4.72
poll 100 ms,3,104.501
poll 100 ms,3,99.873
poll 100 ms,3,95.077
poll 100 ms,3,89.783
poll 100 ms,3,85.168
poll 100 ms,3,79.768
poll 100 ms,3,74.828
poll 100 ms,3,69.79
poll 100 ms,3,65.08
poll 100 ms,3,60.185
poll 100 ms,3,54.919
poll 100 ms,3,49.934
poll 100 ms,3,44.551
poll 100 ms,3,39.789
poll 100 ms,3,35.156
poll 100 ms,3,30.097
poll 100 ms,3,25.031
poll 100 ms,3,19.967
poll 100 ms,3,14.869
poll 100 ms,3,10.235
poll 100 ms,3,5.003
poll 100 ms,3,104.897
poll 100 ms,3,100.235
poll 100 ms,3,94.897
poll 100 ms,3,89.669
poll 100 ms,3,84.864
poll 100 ms,3,80.094
poll 100 ms,3,75.239
poll 100 ms,3,70.151
poll 100 ms,3,65.277
poll 100 ms,3,60.016
poll 100 ms,3,55.151
poll 100 ms,3,49.918
poll 100 ms,3,44.888
poll 100 ms,3,39.781
poll 100 ms,3,35.145
poll 100 ms,3,30.034
poll 100 ms,3,25.121
poll 100 ms,3,19.504
poll 100 ms,3,14.834
poll 100 ms,3,9.42
poll 100 ms,3,5.199
poll 100 ms,3,105.095
poll 100 ms,3,99.954
poll 100 ms,3,95.354
poll 100 ms,3,90.298
poll 100 ms,3,85.017
poll 100 ms,3,80.419
poll 100 ms,3,75.205
poll 100 ms,3,69.819
poll 100 ms,3,64.775
poll 100 ms,3,59.913
poll 100 ms,3,54.988
poll 100 ms,3,50.322
poll 100 ms,3,45.389
poll 100 ms,3,40.249
poll 100 ms,3,35.115
poll 100 ms,3,30.203
poll 100 ms,3,25.086
poll 100 ms,3,20.363
poll 100 ms,3,15.214
poll 100 ms,3,10.145
poll 100 ms,3,4.982
poll 100 ms,3,105.064
poll 100 ms,3,99.772
poll 100 ms,3,95.5
poll 100 ms,3,90.237
poll 100 ms,3,85.408
poll 100 ms,3,80.005
poll 100 ms,3,75.049
poll 100 ms,3,70.296
poll 100 ms,3,65.298
poll 100 ms,3,60.189
poll 100 ms,3,55.081
poll 100 ms,3,50.329
poll 100 ms,3,45.211
poll 100 ms,3,40.258
poll 100 ms,3,35.316
poll 100 ms,3,30.208
poll 100 ms,3,25.427
poll 100 ms,3,20.214
poll 100 ms,3,15.383
poll 100 ms,3,10.446
poll 100 ms,3,5.153
poll 100 ms,3,104.717
poll 100 ms,3,99.484
poll 100 ms,3,94.414
poll 100 ms,3,89.778
poll 100 ms,3,84.426
poll 100 ms,3,79.648
poll 100 ms,3,74.424
poll 100 ms,3,69.46
poll 100 ms,3,64.38
poll 100 ms,3,59.807
poll 100 ms,3,54.071
poll 100 ms,3,49.673
poll 100 ms,3,43.388
poll 100 ms,3,39.528
poll 100 ms,3,34.185
poll 100 ms,3,29.551
poll 100 ms,3,24.05
poll 100 ms,3,19.442
poll 100 ms,3,14.502
poll 100 ms,3,9.299
poll 100 ms,3,4.292
poll 100 ms,3,104.785
poll 100 ms,3,100.218
poll 100 ms,3,95.087
poll 100 ms,3,89.991
poll 100 ms,3,85.032
poll 100 ms,3,80.004
poll 100 ms,3,74.754
poll 100 ms,3,70.19
poll 100 ms,3,64.597
poll 100 ms,3,59.691
poll 100 ms,3,54.795
poll 100 ms,3,49.657
poll 100 ms,3,44.841
poll 100 ms,3,39.607
poll 100 ms,3,35.067
poll 100 ms,3,30.038
poll 100 ms,3,24.936
poll 100 ms,3,19.777
poll 100 ms,3,14.853
poll 100 ms,3,9.997
poll 100 ms,3,5.116
poll 100 ms,3,104.676
poll 100 ms,3,99.909
poll 100 ms,3,94.841
poll 100 ms,3,89.67
poll 100 ms,3,84.529
poll 100 ms,3,80.11
poll 100 ms,3,75.089
poll 100 ms,3,69.932
poll 100 ms,3,64.77
poll 100 ms,3,59.655
poll 100 ms,3,54.765
poll 100 ms,3,50.111
poll 100 ms,3,44.751
poll 100 ms,3,39.694
poll 100 ms,3,35.092
poll 100 ms,3,29.686
poll 100 ms,3,24.936
poll 100 ms,3,19.962
poll 100 ms,3,14.78
poll 100 ms,3,9.841
poll 100 ms,3,5.205
poll 100 ms,3,104.924
poll 100 ms,3,99.73
poll 100 ms,3,94.567
poll 100 ms,3,89.737
poll 100 ms,3,84.743
poll 100 ms,3,79.882
poll 100 ms,3,74.789
poll 100 ms,3,69.65
poll 100 ms,3,64.984
poll 100 ms,3,59.57
poll 100 ms,3,54.928
poll 100 ms,3,49.644
poll 100 ms,3,44.984
poll 100 ms,3,39.658
poll 100 ms,3,35.17
poll 100 ms,3,30.075
poll 100 ms,3,24.935
poll 100 ms,3,19.817
poll 100 ms,3,14.922
poll 100 ms,3,9.63
poll 100 ms,3,5.111
poll 100 ms,3,105.363
poll 100 ms,3,100.594
poll 100 ms,3,95.223
poll 100 ms,3,90.149
poll 100 ms,3,84.997
poll 100 ms,3,80.158
poll 100 ms,3,75.108
poll 100 ms,3,70.527
poll 100 ms,3,65.314
poll 100 ms,3,60.491
poll 100 ms,3,55.151
poll 100 ms,3,49.817
poll 100 ms,3,45.082
poll 100 ms,3,40.18
poll 100 ms,3,35.36
poll 100 ms,3,30.252
poll 100 ms,3,25.212
poll 100 ms,3,20.241
poll 100 ms,3,15.469
poll 100 ms,3,10.282
poll 100 ms,3,5.261
poll 100 ms,3,105.414
poll 100 ms,3,100.692
poll 100 ms,3,95.51
poll 100 ms,3,90.382
poll 100 ms,3,85.476
poll 100 ms,3,80.771
poll 100 ms,3,75.455
poll 100 ms,3,65.874
poll 100 ms,3,60.716
poll 100 ms,3,70.925
poll 100 ms,3,54.462
poll 100 ms,3,50.835
poll 100 ms,3,46.043
poll 100 ms,3,40.922
poll 100 ms,3,35.661
poll 100 ms,3,30.619
poll 100 ms,3,25.21
poll 100 ms,3,20.546
poll 100 ms,3,15.661
poll 100 ms,3,10.485
poll 100 ms,3,5.99
poll 100 ms,3,105.954
poll 100 ms,3,100.909
poll 100 ms,3,95.638
poll 100 ms,3,90.976
poll 100 ms,3,85.828
poll 100 ms,3,81.01
poll 100 ms,3,76.082
poll 100 ms,3,71.04
poll 100 ms,3,65.573
poll 100 ms,3,60.679
poll 100 ms,3,55.909
poll 100 ms,3,51.004
poll 100 ms,3,45.928
poll 100 ms,3,41.147
poll 100 ms,3,35.605
poll 100 ms,3,31.167
poll 100 ms,3,25.564
poll 100 ms,3,20.974
poll 100 ms,3,15.805
poll 100 ms,3,10.921
poll 100 ms,3,6.077
poll 100 ms,3,106.027
poll 100 ms,3,100.562
poll 100 ms,3,96.08
poll 100 ms,3,90.937
poll 100 ms,3,85.879
poll 100 ms,3,81.001
poll 100 ms,3,75.983
poll 100 ms,3,70.668
poll 100 ms,3,65.822
poll 100 ms,3,60.8
poll 100 ms,3,55.704
poll 100 ms,3,51.085
poll 100 ms,3,45.991
poll 100 ms,3,40.762
poll 100 ms,3,35.694
poll 100 ms,3,30.435
poll 100 ms,3,25.666
poll 100 ms,3,21.12
poll 100 ms,3,15.985
poll 100 ms,3,10.904
poll 100 ms,3,6.083
poll 100 ms,3,106.286
poll 100 ms,3,101.08
poll 100 ms,3,95.969
poll 100 ms,3,91.384
poll 100 ms,3,86.101
poll 100 ms,3,81.171
poll 100 ms,3,75.889
poll 100 ms,3,71.402
poll 100 ms,3,65.909
poll 100 ms,3,61.049
poll 100 ms,3,56.096
poll 100 ms,3,51.28
poll 100 ms,3,46.119
poll 100 ms,3,41.034
poll 100 ms,3,35.946
poll 100 ms,3,31.411
poll 100 ms,3,26.255
poll 100 ms,3,21.334
poll 100 ms,3,16.384
poll 100 ms,3,11.312
poll 100 ms,3,6.139
poll 100 ms,3,106.402
poll 100 ms,3,101.342
poll 100 ms,3,96.232
poll 100 ms,3,91.658
poll 100 ms,3,86.501
poll 100 ms,3,81.608
poll 100 ms,3,76.26
poll 100 ms,3,71.268
poll 100 ms,3,66.724
poll 100 ms,3,61.423
poll 100 ms,3,56.707
poll 100 ms,3,51.435
poll 100 ms,3,46.28
poll 100 ms,3,41.565
poll 100 ms,3,36.224
poll 100 ms,3,31.569
poll 100 ms,3,26.599
poll 100 ms,3,21.434
poll 100 ms,3,16.177
poll 100 ms,3,11.175
poll 100 ms,3,6.59
poll 100 ms,3,106.566
poll 100 ms,3,101.307
poll 100 ms,3,96.597
poll 100 ms,3,81.574
poll 100 ms,3,91.568
poll 100 ms,3,86.713
poll 100 ms,3,75.753
poll 100 ms,3,71.307
poll 100 ms,3,66.413
poll 100 ms,3,61.451
poll 100 ms,3,56.284
poll 100 ms,3,51.198
poll 100 ms,3,46.75
poll 100 ms,3,41.686
poll 100 ms,3,36.541
poll 100 ms,3,31.471
poll 100 ms,3,26.317
poll 100 ms,3,21.329
poll 100 ms,3,16.802
poll 100 ms,3,11.643
poll 100 ms,3,6.454
poll 100 ms,3,107.033
poll 100 ms,3,101.711
poll 100 ms,3,96.794
poll 100 ms,3,92.128
poll 100 ms,3,86.984
poll 100 ms,3,81.901
poll 100 ms,3,76.97
poll 100 ms,3,71.77
poll 100 ms,3,67.285
poll 100 ms,3,62.011
poll 100 ms,3,57.005
poll 100 ms,3,51.914
poll 100 ms,3,46.745
poll 100 ms,3,42.222
poll 100 ms,3,37.07
poll 100 ms,3,31.942
poll 100 ms,3,26.847
poll 100 ms,3,21.82
poll 100 ms,3,16.744
poll 100 ms,3,12.176
poll 100 ms,3,7.094
poll 100 ms,3,2.066
poll 100 ms,3,102.169
poll 100 ms,3,97.42
poll 100 ms,3,92.55
poll 100 ms,3,87.432
poll 100 ms,3,82.522
poll 100 ms,3,77.148
poll 100 ms,3,72.471
poll 100 ms,3,66.968
poll 100 ms,3,62.63
poll 100 ms,3,57.286
poll 100 ms,3,52.136
poll 100 ms,3,47.428
poll 100 ms,3,42.31
poll 100 ms,3,37.26
poll 100 ms,3,32.29
poll 100 ms,3,27.202
poll 100 ms,3,22.617
poll 100 ms,3,17.481
poll 100 ms,3,12.37
poll 100 ms,3,7.517
poll 100 ms,3,2.374
poll 100 ms,3,102.579
poll 100 ms,3,97.219
poll 100 ms,3,92.697
poll 100 ms,3,87.629
poll 100 ms,3,82.243
poll 100 ms,3,77.669
poll 100 ms,3,72.516
poll 100 ms,3,67.502
poll 100 ms,3,62.379
poll 100 ms,3,57.289
poll 100 ms,3,52.651
poll 100 ms,3,47.624
poll 100 ms,3,42.571
poll 100 ms,3,37.479
poll 100 ms,3,32.394
poll 100 ms,3,27.346
poll 100 ms,3,22.177
poll 100 ms,3,17.225
poll 100 ms,3,12.652
poll 100 ms,3,7.585
poll 100 ms,3,2.512
poll 100 ms,3,102.798
poll 100 ms,3,97.314
poll 100 ms,3,93.144
poll 100 ms,3,88.092
poll 100 ms,3,82.844
poll 100 ms,3,77.861
poll 100 ms,3,72.647
poll 100 ms,3,68.05
poll 100 ms,3,63.098
poll 100 ms,3,57.775
poll 100 ms,3,53.036
poll 100 ms,3,47.487
poll 100 ms,3,42.51
poll 100 ms,3,37.731
poll 100 ms,3,32.492
poll 100 ms,3,27.383
poll 100 ms,3,22.501
poll 100 ms,3,17.621
poll 100 ms,3,12.812
poll 100 ms,3,122.202
poll 100 ms,3,107.517
poll 100 ms,3,117.617
poll 100 ms,3,112.552
poll 100 ms,3,101.297
poll 100 ms,3,97.686
poll 100 ms,3,92.473
poll 100 ms,3,87.583
poll 100 ms,3,82.526
poll 100 ms,3,77.753
poll 100 ms,3,72.799
poll 100 ms,3,67.765
poll 100 ms,3,62.495
poll 100 ms,3,57.47
poll 100 ms,3,52.357
poll 100 ms,3,47.63
poll 100 ms,3,42.274
poll 100 ms,3,37.601
poll 100 ms,3,32.16
poll 100 ms,3,27.534
poll 100 ms,3,22.322
poll 100 ms,3,17.567
poll 100 ms,3,12.532
poll 100 ms,3,7.537
poll 100 ms,3,2.686
poll 100 ms,3,103.731
poll 100 ms,3,98.224
poll 100 ms,3,93.779
poll 100 ms,3,88.595
poll 100 ms,3,83.619
poll 100 ms,3,78.204
poll 100 ms,3,73.871
poll 100 ms,3,68.415
poll 100 ms,3,63.741
poll 100 ms,3,58.285
poll 100 ms,3,53.326
poll 100 ms,3,48.705
poll 100 ms,3,43.699
poll 100 ms,3,38.7
poll 100 ms,3,33.951
poll 100 ms,3,28.692
poll 100 ms,3,23.361
poll 100 ms,3,18.582
poll 100 ms,3,13.649
poll 100 ms,3,8.683
poll 100 ms,3,3.329
poll 100 ms,3,104.313
poll 100 ms,3,99.478
poll 100 ms,3,94.337
poll 100 ms,3,88.967
poll 100 ms,3,83.963
poll 100 ms,3,79.362
poll 100 ms,3,74.094
poll 100 ms,3,68.988
poll 100 ms,3,63.955
poll 100 ms,3,59.078
poll 100 ms,3,53.958
poll 100 ms,3,49.511
poll 100 ms,3,44.347
poll 100 ms,3,39.262
poll 100 ms,3,34.13
poll 100 ms,3,29.046
poll 100 ms,3,23.989
poll 100 ms,3,19.065
poll 100 ms,3,14.01
poll 100 ms,3,9.329
poll 100 ms,3,4.312
poll 100 ms,3,104.157
poll 100 ms,3,99.14
poll 100 ms,3,94.33
poll 100 ms,3,88.949
poll 100 ms,3,84.332
poll 100 ms,3,79.373
poll 100 ms,3,74.302
poll 100 ms,3,69.194
poll 100 ms,3,64.067
poll 100 ms,3,59.047
poll 100 ms,3,54.559
poll 100 ms,3,49.007
poll 100 ms,3,44.38
poll 100 ms,3,38.934
poll 100 ms,3,34.029
poll 100 ms,3,28.807
poll 100 ms,3,23.938
poll 100 ms,3,19.268
poll 100 ms,3,14.295
poll 100 ms,3,9.126
poll 100 ms,3,3.979
poll 100 ms,3,104.935
poll 100 ms,3,99.717
poll 100 ms,3,94.634
poll 100 ms,3,89.588
poll 100 ms,3,84.299
poll 100 ms,3,79.265
poll 100 ms,3,74.536
poll 100 ms,3,69.415
poll 100 ms,3,64.368
poll 100 ms,3,59.764
poll 100 ms,3,54.432
poll 100 ms,3,49.79
poll 100 ms,3,44.549
poll 100 ms,3,39.481
poll 100 ms,3,34.881
poll 100 ms,3,29.398
poll 100 ms,3,24.644
poll 100 ms,3,19.627
poll 100 ms,3,14.142
poll 100 ms,3,9.579
poll 100 ms,3,4.522
poll 100 ms,3,104.517
poll 100 ms,3,99.46
poll 100 ms,3,94.871
poll 100 ms,3,89.579
poll 100 ms,3,84.326
poll 100 ms,3,79.842
poll 100 ms,3,74.644
poll 100 ms,3,69.482
poll 100 ms,3,64.598
poll 100 ms,3,59.45
poll 100 ms,3,54.311
poll 100 ms,3,49.439
poll 100 ms,3,44.818
poll 100 ms,3,39.62
poll 100 ms,3,34.631
poll 100 ms,3,29.675
poll 100 ms,3,24.49
poll 100 ms,3,19.875
poll 100 ms,3,14.932
poll 100 ms,3,9.695
poll 100 ms,3,4.375
poll 100 ms,3,104.405
poll 100 ms,3,99.46
poll 100 ms,3,94.759
poll 100 ms,3,89.667
poll 100 ms,3,84.558
poll 100 ms,3,79.34
poll 100 ms,3,74.728
poll 100 ms,3,69.606
poll 100 ms,3,64.317
poll 100 ms,3,59.46
poll 100 ms,3,54.3
poll 100 ms,3,49.822
poll 100 ms,3,44.578
poll 100 ms,3,39.634
poll 100 ms,3,34.303
poll 100 ms,3,29.481
poll 100 ms,3,24.635
poll 100 ms,3,19.585
poll 100 ms,3,14.753
poll 100 ms,3,9.715
poll 100 ms,3,4.563
poll 100 ms,3,104.769
poll 100 ms,3,99.597
poll 100 ms,3,94.965
poll 100 ms,3,89.998
poll 100 ms,3,85.008
poll 100 ms,3,79.62
poll 100 ms,3,74.637
poll 100 ms,3,69.511
poll 100 ms,3,64.914
poll 100 ms,3,59.736
poll 100 ms,3,54.635
poll 100 ms,3,49.89
poll 100 ms,3,44.966
poll 100 ms,3,39.42
poll 100 ms,3,34.514
poll 100 ms,3,29.924
poll 100 ms,3,24.648
poll 100 ms,3,19.513
poll 100 ms,3,14.4
poll 100 ms,3,9.495
poll 100 ms,3,4.574
poll 100 ms,3,104.341
poll 100 ms,3,99.818
poll 100 ms,3,94.742
poll 100 ms,3,89.624
poll 100 ms,3,84.513
poll 100 ms,3,79.433
poll 100 ms,3,74.78
poll 100 ms,3,69.661
poll 100 ms,3,64.523
poll 100 ms,3,59.953
poll 100 ms,3,54.636
poll 100 ms,3,49.697
poll 100 ms,3,44.663
poll 100 ms,3,39.956
poll 100 ms,3,34.787
poll 100 ms,3,29.505
poll 100 ms,3,24.421
poll 100 ms,3,19.934
poll 100 ms,3,14.849
poll 100 ms,3,9.694
poll 100 ms,3,4.465
poll 100 ms,3,104.257
poll 100 ms,3,99.953
poll 100 ms,3,94.958
poll 100 ms,3,89.552
poll 100 ms,3,84.87
poll 100 ms,3,79.344
poll 100 ms,3,74.696
poll 100 ms,3,69.352
poll 100 ms,3,64.706
poll 100 ms,3,59.687
poll 100 ms,3,54.476
poll 100 ms,3,49.446
poll 100 ms,3,44.279
poll 100 ms,3,39.836
poll 100 ms,3,34.669
poll 100 ms,3,29.675
poll 100 ms,3,24.597
poll 100 ms,3,19.724
poll 100 ms,3,14.47
poll 100 ms,3,9.513
poll 100 ms,3,4.933
poll 100 ms,3,104.788
poll 100 ms,3,100.234
poll 100 ms,3,95.045
poll 100 ms,3,89.794
poll 100 ms,3,84.654
poll 100 ms,3,80.368
poll 100 ms,3,75.036
poll 100 ms,3,69.957
poll 100 ms,3,64.723
poll 100 ms,3,60.122
poll 100 ms,3,54.815
poll 100 ms,3,49.63
poll 100 ms,3,45.026
poll 100 ms,3,39.957
poll 100 ms,3,34.442
poll 100 ms,3,29.765
poll 100 ms,3,24.673
poll 100 ms,3,19.95
poll 100 ms,3,15.034
poll 100 ms,3,10.152
poll 100 ms,3,4.993
poll 100 ms,3,104.495
poll 100 ms,3,99.714
poll 100 ms,3,94.497
poll 100 ms,3,89.725
poll 100 ms,3,84.818
poll 100 ms,3,79.594
poll 100 ms,3,74.499
poll 100 ms,3,69.947
poll 100 ms,3,64.545
poll 100 ms,3,59.659
poll 100 ms,3,54.415
poll 100 ms,3,49.597
poll 100 ms,3,44.85
poll 100 ms,3,39.612
poll 100 ms,3,34.445
poll 100 ms,3,29.349
poll 100 ms,3,24.933
poll 100 ms,3,19.845
poll 100 ms,3,14.697
poll 100 ms,3,9.622
poll 100 ms,3,4.873
poll 100 ms,3,104.529
poll 100 ms,3,99.494
poll 100 ms,3,94.893
poll 100 ms,3,89.792
poll 100 ms,3,84.77
poll 100 ms,3,79.374
poll 100 ms,3,74.713
poll 100 ms,3,69.182
poll 100 ms,3,64.392
poll 100 ms,3,59.419
poll 100 ms,3,54.717
poll 100 ms,3,49.742
poll 100 ms,3,44.663
poll 100 ms,3,39.51
poll 100 ms,3,34.786
poll 100 ms,3,29.7
poll 100 ms,3,24.482
poll 100 ms,3,19.767
poll 100 ms,3,14.601
poll 100 ms,3,9.924
poll 100 ms,3,4.647
poll 100 ms,3,104.506
poll 100 ms,3,99.466
poll 100 ms,3,94.125
poll 100 ms,3,89.629
poll 100 ms,3,84.527
poll 100 ms,3,79.528
poll 100 ms,3,74.629
poll 100 ms,3,69.458
poll 100 ms,3,64.717
poll 100 ms,3,59.618
poll 100 ms,3,54.559
poll 100 ms,3,49.675
poll 100 ms,3,44.461
poll 100 ms,3,39.675
poll 100 ms,3,34.63
poll 100 ms,3,29.257
poll 100 ms,3,24.321
poll 100 ms,3,19.315
poll 100 ms,3,14.617
poll 100 ms,3,9.591
poll 100 ms,3,4.401
poll 100 ms,3,104.202
poll 100 ms,3,99.678
poll 100 ms,3,94.095
poll 100 ms,3,84.508
poll 100 ms,3,89.561
poll 100 ms,3,79.351
poll 100 ms,3,72.935
poll 100 ms,3,69.393
poll 100 ms,3,64.426
poll 100 ms,3,59.448
poll 100 ms,3,54.392
poll 100 ms,3,49.223
poll 100 ms,3,44.404
poll 100 ms,3,39.676
poll 100 ms,3,34.427
poll 100 ms,3,29.461
poll 100 ms,3,24.25
poll 100 ms,3,19.005
poll 100 ms,3,14.181
poll 100 ms,3,9.297
poll 100 ms,3,4.536
poll 100 ms,3,103.872
poll 100 ms,3,98.71
poll 100 ms,3,94.164
poll 100 ms,3,89.216
poll 100 ms,3,83.769
poll 100 ms,3,78.628
poll 100 ms,3,74.034
poll 100 ms,3,68.929
poll 100 ms,3,63.944
poll 100 ms,3,58.719
poll 100 ms,3,54.118
LISTEN/NOTIFY,3,3.025
LISTEN/NOTIFY,3,2.973
LISTEN/NOTIFY,3,2.988
LISTEN/NOTIFY,3,2.959
LISTEN/NOTIFY,3,2.791
LISTEN/NOTIFY,3,2.927
LISTEN/NOTIFY,3,3.011
LISTEN/NOTIFY,3,2.996
LISTEN/NOTIFY,3,2.909
LISTEN/NOTIFY,3,3.016
LISTEN/NOTIFY,3,2.872
LISTEN/NOTIFY,3,2.81
LISTEN/NOTIFY,3,2.965
LISTEN/NOTIFY,3,2.781
LISTEN/NOTIFY,3,2.764
LISTEN/NOTIFY,3,3.228
LISTEN/NOTIFY,3,3.107
LISTEN/NOTIFY,3,3.001
LISTEN/NOTIFY,3,3.052
LISTEN/NOTIFY,3,2.952
LISTEN/NOTIFY,3,3.201
LISTEN/NOTIFY,3,3.291
LISTEN/NOTIFY,3,3.113
LISTEN/NOTIFY,3,2.999
LISTEN/NOTIFY,3,3.101
LISTEN/NOTIFY,3,2.809
LISTEN/NOTIFY,3,2.825
LISTEN/NOTIFY,3,2.875
LISTEN/NOTIFY,3,2.796
LISTEN/NOTIFY,3,2.964
LISTEN/NOTIFY,3,2.797
LISTEN/NOTIFY,3,2.842
LISTEN/NOTIFY,3,2.768
LISTEN/NOTIFY,3,3.011
LISTEN/NOTIFY,3,3.132
LISTEN/NOTIFY,3,2.984
LISTEN/NOTIFY,3,2.873
LISTEN/NOTIFY,3,2.852
LISTEN/NOTIFY,3,2.846
LISTEN/NOTIFY,3,2.868
LISTEN/NOTIFY,3,2.967
LISTEN/NOTIFY,3,2.644
LISTEN/NOTIFY,3,2.908
LISTEN/NOTIFY,3,2.905
LISTEN/NOTIFY,3,2.993
LISTEN/NOTIFY,3,2.933
LISTEN/NOTIFY,3,2.728
LISTEN/NOTIFY,3,2.99
LISTEN/NOTIFY,3,2.825
LISTEN/NOTIFY,3,2.73
LISTEN/NOTIFY,3,2.687
LISTEN/NOTIFY,3,2.891
LISTEN/NOTIFY,3,3.292
LISTEN/NOTIFY,3,21.86
LISTEN/NOTIFY,3,16.951
LISTEN/NOTIFY,3,16.566
LISTEN/NOTIFY,3,11.216
LISTEN/NOTIFY,3,5.167
LISTEN/NOTIFY,3,6.084
LISTEN/NOTIFY,3,5.631
LISTEN/NOTIFY,3,5.574
LISTEN/NOTIFY,3,4.953
LISTEN/NOTIFY,3,3.915
LISTEN/NOTIFY,3,4.07
LISTEN/NOTIFY,3,3.462
LISTEN/NOTIFY,3,3.031
LISTEN/NOTIFY,3,2.986
LISTEN/NOTIFY,3,2.871
LISTEN/NOTIFY,3,2.664
LISTEN/NOTIFY,3,3.023
LISTEN/NOTIFY,3,3.034
LISTEN/NOTIFY,3,2.99
LISTEN/NOTIFY,3,3.265
LISTEN/NOTIFY,3,2.593
LISTEN/NOTIFY,3,3.175
LISTEN/NOTIFY,3,3.169
LISTEN/NOTIFY,3,3.207
LISTEN/NOTIFY,3,3.14
LISTEN/NOTIFY,3,2.997
LISTEN/NOTIFY,3,3.118
LISTEN/NOTIFY,3,3.161
LISTEN/NOTIFY,3,3.131
LISTEN/NOTIFY,3,3.263
LISTEN/NOTIFY,3,3.527
LISTEN/NOTIFY,3,3.468
LISTEN/NOTIFY,3,3.391
LISTEN/NOTIFY,3,3.4
LISTEN/NOTIFY,3,3.633
LISTEN/NOTIFY,3,3.365
LISTEN/NOTIFY,3,3.343
LISTEN/NOTIFY,3,4.05
LISTEN/NOTIFY,3,3.444
LISTEN/NOTIFY,3,3.18
LISTEN/NOTIFY,3,3.171
LISTEN/NOTIFY,3,3.575
LISTEN/NOTIFY,3,2.999
LISTEN/NOTIFY,3,3.259
LISTEN/NOTIFY,3,3.335
LISTEN/NOTIFY,3,3.078
LISTEN/NOTIFY,3,2.967
LISTEN/NOTIFY,3,3.267
LISTEN/NOTIFY,3,3.139
LISTEN/NOTIFY,3,3.162
LISTEN/NOTIFY,3,3.037
LISTEN/NOTIFY,3,3.682
LISTEN/NOTIFY,3,3.083
LISTEN/NOTIFY,3,3.198
LISTEN/NOTIFY,3,3.367
LISTEN/NOTIFY,3,3.702
LISTEN/NOTIFY,3,3.198
LISTEN/NOTIFY,3,2.964
LISTEN/NOTIFY,3,2.739
LISTEN/NOTIFY,3,3.205
LISTEN/NOTIFY,3,21.574
LISTEN/NOTIFY,3,20.858
LISTEN/NOTIFY,3,15.935
LISTEN/NOTIFY,3,10.685
LISTEN/NOTIFY,3,5.562
LISTEN/NOTIFY,3,5.444
LISTEN/NOTIFY,3,5.036
LISTEN/NOTIFY,3,4.772
LISTEN/NOTIFY,3,4.291
LISTEN/NOTIFY,3,3.484
LISTEN/NOTIFY,3,3.078
LISTEN/NOTIFY,3,3.163
LISTEN/NOTIFY,3,3.177
LISTEN/NOTIFY,3,3.204
LISTEN/NOTIFY,3,3.25
LISTEN/NOTIFY,3,3.447
LISTEN/NOTIFY,3,3.515
LISTEN/NOTIFY,3,3.407
LISTEN/NOTIFY,3,3.362
LISTEN/NOTIFY,3,4.276
LISTEN/NOTIFY,3,3.495
LISTEN/NOTIFY,3,3.399
LISTEN/NOTIFY,3,2.907
LISTEN/NOTIFY,3,2.938
LISTEN/NOTIFY,3,2.908
LISTEN/NOTIFY,3,3.025
LISTEN/NOTIFY,3,2.959
LISTEN/NOTIFY,3,2.772
LISTEN/NOTIFY,3,3.018
LISTEN/NOTIFY,3,3.089
LISTEN/NOTIFY,3,2.909
LISTEN/NOTIFY,3,2.948
LISTEN/NOTIFY,3,2.901
LISTEN/NOTIFY,3,3.035
LISTEN/NOTIFY,3,3.269
LISTEN/NOTIFY,3,3.066
LISTEN/NOTIFY,3,3.048
LISTEN/NOTIFY,3,3.157
LISTEN/NOTIFY,3,3.189
LISTEN/NOTIFY,3,3.25
LISTEN/NOTIFY,3,3.286
LISTEN/NOTIFY,3,2.992
LISTEN/NOTIFY,3,3.108
LISTEN/NOTIFY,3,3.071
LISTEN/NOTIFY,3,3.236
LISTEN/NOTIFY,3,3.153
LISTEN/NOTIFY,3,3.179
LISTEN/NOTIFY,3,2.979
LISTEN/NOTIFY,3,3.004
LISTEN/NOTIFY,3,3.057
LISTEN/NOTIFY,3,3.054
LISTEN/NOTIFY,3,3.108
LISTEN/NOTIFY,3,3.029
LISTEN/NOTIFY,3,3.035
LISTEN/NOTIFY,3,3.159
LISTEN/NOTIFY,3,2.962
LISTEN/NOTIFY,3,2.798
LISTEN/NOTIFY,3,3.12
LISTEN/NOTIFY,3,3.048
LISTEN/NOTIFY,3,3.092
LISTEN/NOTIFY,3,2.755
LISTEN/NOTIFY,3,20.183
LISTEN/NOTIFY,3,20.09
LISTEN/NOTIFY,3,14.777
LISTEN/NOTIFY,3,10.342
LISTEN/NOTIFY,3,5.053
LISTEN/NOTIFY,3,4.542
LISTEN/NOTIFY,3,3.852
LISTEN/NOTIFY,3,2.923
LISTEN/NOTIFY,3,2.843
LISTEN/NOTIFY,3,2.95
LISTEN/NOTIFY,3,3.064
LISTEN/NOTIFY,3,2.904
LISTEN/NOTIFY,3,3.053
LISTEN/NOTIFY,3,3.017
LISTEN/NOTIFY,3,3.146
LISTEN/NOTIFY,3,3.299
LISTEN/NOTIFY,3,3.155
LISTEN/NOTIFY,3,3.239
LISTEN/NOTIFY,3,3.2
LISTEN/NOTIFY,3,3.534
LISTEN/NOTIFY,3,3.277
LISTEN/NOTIFY,3,3.229
LISTEN/NOTIFY,3,3.146
LISTEN/NOTIFY,3,3.166
LISTEN/NOTIFY,3,3.091
LISTEN/NOTIFY,3,3.17
LISTEN/NOTIFY,3,2.813
LISTEN/NOTIFY,3,2.458
LISTEN/NOTIFY,3,3.086
LISTEN/NOTIFY,3,2.946
LISTEN/NOTIFY,3,2.941
LISTEN/NOTIFY,3,2.972
LISTEN/NOTIFY,3,2.996
LISTEN/NOTIFY,3,3.233
LISTEN/NOTIFY,3,3.297
LISTEN/NOTIFY,3,3.51
LISTEN/NOTIFY,3,3.241
LISTEN/NOTIFY,3,3.49
LISTEN/NOTIFY,3,2.897
LISTEN/NOTIFY,3,2.613
LISTEN/NOTIFY,3,2.774
LISTEN/NOTIFY,3,2.79
LISTEN/NOTIFY,3,3.084
LISTEN/NOTIFY,3,2.787
LISTEN/NOTIFY,3,2.695
LISTEN/NOTIFY,3,2.86
LISTEN/NOTIFY,3,3.059
LISTEN/NOTIFY,3,3.018
LISTEN/NOTIFY,3,3.069
LISTEN/NOTIFY,3,2.904
LISTEN/NOTIFY,3,2.641
LISTEN/NOTIFY,3,2.653
LISTEN/NOTIFY,3,2.713
LISTEN/NOTIFY,3,2.724
LISTEN/NOTIFY,3,2.68
LISTEN/NOTIFY,3,2.685
LISTEN/NOTIFY,3,2.843
LISTEN/NOTIFY,3,21.542
LISTEN/NOTIFY,3,21.517
LISTEN/NOTIFY,3,16.287
LISTEN/NOTIFY,3,11.612
LISTEN/NOTIFY,3,4.966
LISTEN/NOTIFY,3,6.061
LISTEN/NOTIFY,3,5.297
LISTEN/NOTIFY,3,4.689
LISTEN/NOTIFY,3,3.903
LISTEN/NOTIFY,3,2.813
LISTEN/NOTIFY,3,2.396
LISTEN/NOTIFY,3,3.011
LISTEN/NOTIFY,3,2.939
LISTEN/NOTIFY,3,3.036
LISTEN/NOTIFY,3,2.701
LISTEN/NOTIFY,3,2.889
LISTEN/NOTIFY,3,2.746
LISTEN/NOTIFY,3,2.418
LISTEN/NOTIFY,3,2.618
LISTEN/NOTIFY,3,2.759
LISTEN/NOTIFY,3,2.546
LISTEN/NOTIFY,3,2.779
LISTEN/NOTIFY,3,2.939
LISTEN/NOTIFY,3,2.743
LISTEN/NOTIFY,3,2.733
LISTEN/NOTIFY,3,2.909
LISTEN/NOTIFY,3,2.988
LISTEN/NOTIFY,3,2.829
LISTEN/NOTIFY,3,3.04
LISTEN/NOTIFY,3,2.82
LISTEN/NOTIFY,3,2.806
LISTEN/NOTIFY,3,2.51
LISTEN/NOTIFY,3,2.732
LISTEN/NOTIFY,3,2.593
LISTEN/NOTIFY,3,2.743
LISTEN/NOTIFY,3,2.509
LISTEN/NOTIFY,3,3.036
LISTEN/NOTIFY,3,2.857
LISTEN/NOTIFY,3,2.566
LISTEN/NOTIFY,3,2.756
LISTEN/NOTIFY,3,2.697
LISTEN/NOTIFY,3,3.057
LISTEN/NOTIFY,3,3.079
LISTEN/NOTIFY,3,3.117
LISTEN/NOTIFY,3,2.978
LISTEN/NOTIFY,3,3.334
LISTEN/NOTIFY,3,3.021
LISTEN/NOTIFY,3,2.867
LISTEN/NOTIFY,3,2.341
LISTEN/NOTIFY,3,2.998
LISTEN/NOTIFY,3,3.025
LISTEN/NOTIFY,3,3.126
LISTEN/NOTIFY,3,3.021
LISTEN/NOTIFY,3,2.831
LISTEN/NOTIFY,3,2.776
LISTEN/NOTIFY,3,2.973
LISTEN/NOTIFY,3,3.067
LISTEN/NOTIFY,3,3.024
LISTEN/NOTIFY,3,2.964
LISTEN/NOTIFY,3,3.119
LISTEN/NOTIFY,3,2.964
LISTEN/NOTIFY,3,3.201
LISTEN/NOTIFY,3,21.931
LISTEN/NOTIFY,3,20.736
LISTEN/NOTIFY,3,16.13
LISTEN/NOTIFY,3,11.008
LISTEN/NOTIFY,3,5.235
LISTEN/NOTIFY,3,6.151
LISTEN/NOTIFY,3,5.646
LISTEN/NOTIFY,3,5.133
LISTEN/NOTIFY,3,4.656
LISTEN/NOTIFY,3,4.595
LISTEN/NOTIFY,3,3.445
LISTEN/NOTIFY,3,3.322
LISTEN/NOTIFY,3,2.978
LISTEN/NOTIFY,3,2.479
LISTEN/NOTIFY,3,3.078
LISTEN/NOTIFY,3,2.993
LISTEN/NOTIFY,3,3.061
LISTEN/NOTIFY,3,2.863
LISTEN/NOTIFY,3,2.766
LISTEN/NOTIFY,3,3.078
LISTEN/NOTIFY,3,2.791
LISTEN/NOTIFY,3,2.883
LISTEN/NOTIFY,3,2.975
LISTEN/NOTIFY,3,3.056
LISTEN/NOTIFY,3,3.513
LISTEN/NOTIFY,3,3.081
LISTEN/NOTIFY,3,2.756
LISTEN/NOTIFY,3,2.937
LISTEN/NOTIFY,3,2.72
LISTEN/NOTIFY,3,3.221
LISTEN/NOTIFY,3,3.669
LISTEN/NOTIFY,3,2.91
LISTEN/NOTIFY,3,2.932
LISTEN/NOTIFY,3,2.873
LISTEN/NOTIFY,3,2.908
LISTEN/NOTIFY,3,2.941
LISTEN/NOTIFY,3,2.927
LISTEN/NOTIFY,3,2.943
LISTEN/NOTIFY,3,2.722
LISTEN/NOTIFY,3,2.702
LISTEN/NOTIFY,3,2.967
LISTEN/NOTIFY,3,3.04
LISTEN/NOTIFY,3,2.907
LISTEN/NOTIFY,3,2.91
LISTEN/NOTIFY,3,2.782
LISTEN/NOTIFY,3,2.862
LISTEN/NOTIFY,3,2.735
LISTEN/NOTIFY,3,2.784
LISTEN/NOTIFY,3,2.856
LISTEN/NOTIFY,3,2.663
LISTEN/NOTIFY,3,2.856
LISTEN/NOTIFY,3,2.813
LISTEN/NOTIFY,3,2.77
LISTEN/NOTIFY,3,2.473
LISTEN/NOTIFY,3,2.795
LISTEN/NOTIFY,3,2.766
LISTEN/NOTIFY,3,2.871
LISTEN/NOTIFY,3,2.783
LISTEN/NOTIFY,3,21.416
LISTEN/NOTIFY,3,20.817
LISTEN/NOTIFY,3,15.796
LISTEN/NOTIFY,3,10.672
LISTEN/NOTIFY,3,4.347
LISTEN/NOTIFY,3,5.692
LISTEN/NOTIFY,3,4.983
LISTEN/NOTIFY,3,4.276
LISTEN/NOTIFY,3,3.47
LISTEN/NOTIFY,3,2.827
LISTEN/NOTIFY,3,2.861
LISTEN/NOTIFY,3,2.787
LISTEN/NOTIFY,3,2.995
LISTEN/NOTIFY,3,2.884
LISTEN/NOTIFY,3,3.304
LISTEN/NOTIFY,3,2.968
LISTEN/NOTIFY,3,2.838
LISTEN/NOTIFY,3,2.773
LISTEN/NOTIFY,3,2.703
LISTEN/NOTIFY,3,2.681
LISTEN/NOTIFY,3,2.82
LISTEN/NOTIFY,3,2.826
LISTEN/NOTIFY,3,2.69
LISTEN/NOTIFY,3,2.762
LISTEN/NOTIFY,3,2.774
LISTEN/NOTIFY,3,2.869
LISTEN/NOTIFY,3,2.604
LISTEN/NOTIFY,3,2.823
LISTEN/NOTIFY,3,2.888
LISTEN/NOTIFY,3,2.875
LISTEN/NOTIFY,3,2.952
LISTEN/NOTIFY,3,2.745
LISTEN/NOTIFY,3,2.782
LISTEN/NOTIFY,3,2.699
LISTEN/NOTIFY,3,2.949
LISTEN/NOTIFY,3,2.527
LISTEN/NOTIFY,3,2.68
LISTEN/NOTIFY,3,2.92
LISTEN/NOTIFY,3,2.823
LISTEN/NOTIFY,3,2.755
LISTEN/NOTIFY,3,2.601
LISTEN/NOTIFY,3,2.996
LISTEN/NOTIFY,3,2.982
LISTEN/NOTIFY,3,2.815
LISTEN/NOTIFY,3,2.947
LISTEN/NOTIFY,3,2.887
LISTEN/NOTIFY,3,2.626
LISTEN/NOTIFY,3,2.785
LISTEN/NOTIFY,3,2.827
LISTEN/NOTIFY,3,2.939
LISTEN/NOTIFY,3,3.071
LISTEN/NOTIFY,3,2.873
LISTEN/NOTIFY,3,2.866
LISTEN/NOTIFY,3,2.648
LISTEN/NOTIFY,3,2.799
LISTEN/NOTIFY,3,2.493
LISTEN/NOTIFY,3,3.039
LISTEN/NOTIFY,3,3.061
LISTEN/NOTIFY,3,2.785
LISTEN/NOTIFY,3,2.745
LISTEN/NOTIFY,3,21.364
LISTEN/NOTIFY,3,21.116
LISTEN/NOTIFY,3,16.7
LISTEN/NOTIFY,3,11.331
LISTEN/NOTIFY,3,4.712
LISTEN/NOTIFY,3,1.735
LISTEN/NOTIFY,3,1.982
LISTEN/NOTIFY,3,2.216
LISTEN/NOTIFY,3,2.261
LISTEN/NOTIFY,3,2.723
LISTEN/NOTIFY,3,2.954
LISTEN/NOTIFY,3,2.717
LISTEN/NOTIFY,3,2.938
LISTEN/NOTIFY,3,2.847
LISTEN/NOTIFY,3,2.913
LISTEN/NOTIFY,3,2.776
LISTEN/NOTIFY,3,2.348
LISTEN/NOTIFY,3,2.838
LISTEN/NOTIFY,3,2.729
LISTEN/NOTIFY,3,2.833
LISTEN/NOTIFY,3,2.731
LISTEN/NOTIFY,3,2.801
LISTEN/NOTIFY,3,3.035
LISTEN/NOTIFY,3,2.811
LISTEN/NOTIFY,3,2.751
LISTEN/NOTIFY,3,2.659
LISTEN/NOTIFY,3,2.806
LISTEN/NOTIFY,3,2.545
LISTEN/NOTIFY,3,2.769
LISTEN/NOTIFY,3,2.861
LISTEN/NOTIFY,3,2.857
LISTEN/NOTIFY,3,2.822
LISTEN/NOTIFY,3,2.66
LISTEN/NOTIFY,3,2.261
LISTEN/NOTIFY,3,2.801
LISTEN/NOTIFY,3,2.893
LISTEN/NOTIFY,3,2.811
LISTEN/NOTIFY,3,2.692
LISTEN/NOTIFY,3,2.672
LISTEN/NOTIFY,3,2.792
LISTEN/NOTIFY,3,2.921
LISTEN/NOTIFY,3,2.99
LISTEN/NOTIFY,3,2.847
LISTEN/NOTIFY,3,2.898
LISTEN/NOTIFY,3,2.756
LISTEN/NOTIFY,3,2.669
LISTEN/NOTIFY,3,2.902
LISTEN/NOTIFY,3,2.599
LISTEN/NOTIFY,3,2.725
LISTEN/NOTIFY,3,2.846
LISTEN/NOTIFY,3,2.858
LISTEN/NOTIFY,3,3.001
LISTEN/NOTIFY,3,2.671
LISTEN/NOTIFY,3,2.818
LISTEN/NOTIFY,3,2.733
LISTEN/NOTIFY,3,2.989
LISTEN/NOTIFY,3,2.832
LISTEN/NOTIFY,3,3.064
LISTEN/NOTIFY,3,2.469
LISTEN/NOTIFY,3,2.784
LISTEN/NOTIFY,3,2.743
LISTEN/NOTIFY,3,2.969
LISTEN/NOTIFY,3,21.672
LISTEN/NOTIFY,3,16.507
LISTEN/NOTIFY,3,15.954
LISTEN/NOTIFY,3,10.711
LISTEN/NOTIFY,3,3.97
LISTEN/NOTIFY,3,5.503
LISTEN/NOTIFY,3,5.09
LISTEN/NOTIFY,3,4.555
LISTEN/NOTIFY,3,3.317
LISTEN/NOTIFY,3,3.191
LISTEN/NOTIFY,3,2.914
LISTEN/NOTIFY,3,2.832
LISTEN/NOTIFY,3,2.868
LISTEN/NOTIFY,3,2.882
LISTEN/NOTIFY,3,2.894
LISTEN/NOTIFY,3,2.809
LISTEN/NOTIFY,3,2.798
LISTEN/NOTIFY,3,2.523
LISTEN/NOTIFY,3,2.8
LISTEN/NOTIFY,3,2.781
LISTEN/NOTIFY,3,3.679
LISTEN/NOTIFY,3,3.241
LISTEN/NOTIFY,3,2.833
LISTEN/NOTIFY,3,2.621
LISTEN/NOTIFY,3,2.8
LISTEN/NOTIFY,3,2.675
LISTEN/NOTIFY,3,2.955
LISTEN/NOTIFY,3,2.594
LISTEN/NOTIFY,3,2.581
LISTEN/NOTIFY,3,2.908
LISTEN/NOTIFY,3,2.698
LISTEN/NOTIFY,3,2.58
LISTEN/NOTIFY,3,2.998
LISTEN/NOTIFY,3,2.877
LISTEN/NOTIFY,3,3.427
LISTEN/NOTIFY,3,2.868
LISTEN/NOTIFY,3,2.692
LISTEN/NOTIFY,3,2.619
LISTEN/NOTIFY,3,2.779
LISTEN/NOTIFY,3,2.891
LISTEN/NOTIFY,3,2.939
LISTEN/NOTIFY,3,2.624
LISTEN/NOTIFY,3,2.771
LISTEN/NOTIFY,3,2.757
LISTEN/NOTIFY,3,3.048
LISTEN/NOTIFY,3,2.854
LISTEN/NOTIFY,3,2.889
LISTEN/NOTIFY,3,2.901
LISTEN/NOTIFY,3,2.863
LISTEN/NOTIFY,3,3.134
LISTEN/NOTIFY,3,3.011
LISTEN/NOTIFY,3,2.149
LISTEN/NOTIFY,3,2.734
LISTEN/NOTIFY,3,2.934
LISTEN/NOTIFY,3,2.964
LISTEN/NOTIFY,3,3.54
LISTEN/NOTIFY,3,2.972
LISTEN/NOTIFY,3,2.487
LISTEN/NOTIFY,3,3.129
LISTEN/NOTIFY,3,21.468
LISTEN/NOTIFY,3,20.812
LISTEN/NOTIFY,3,16.125
LISTEN/NOTIFY,3,10.334
LISTEN/NOTIFY,3,5.875
LISTEN/NOTIFY,3,5.712
LISTEN/NOTIFY,3,4.993
LISTEN/NOTIFY,3,4.384
LISTEN/NOTIFY,3,3.119
LISTEN/NOTIFY,3,2.87
LISTEN/NOTIFY,3,2.837
LISTEN/NOTIFY,3,2.609
LISTEN/NOTIFY,3,2.743
LISTEN/NOTIFY,3,2.795
LISTEN/NOTIFY,3,1.938
LISTEN/NOTIFY,3,2.705
LISTEN/NOTIFY,3,2.829
LISTEN/NOTIFY,3,2.542
LISTEN/NOTIFY,3,2.538
LISTEN/NOTIFY,3,2.694
LISTEN/NOTIFY,3,2.953
LISTEN/NOTIFY,3,2.847
LISTEN/NOTIFY,3,2.901
LISTEN/NOTIFY,3,2.916
LISTEN/NOTIFY,3,2.909
LISTEN/NOTIFY,3,2.843
LISTEN/NOTIFY,3,2.881
LISTEN/NOTIFY,3,2.67
LISTEN/NOTIFY,3,2.768
LISTEN/NOTIFY,3,3.044
LISTEN/NOTIFY,3,2.84
LISTEN/NOTIFY,3,2.835
LISTEN/NOTIFY,3,2.595
LISTEN/NOTIFY,3,2.796
LISTEN/NOTIFY,3,2.906
LISTEN/NOTIFY,3,3.104
LISTEN/NOTIFY,3,2.88
LISTEN/NOTIFY,3,2.913
LISTEN/NOTIFY,3,2.727
LISTEN/NOTIFY,3,2.862
LISTEN/NOTIFY,3,2.836
LISTEN/NOTIFY,3,2.773
LISTEN/NOTIFY,3,2.842
LISTEN/NOTIFY,3,2.877
LISTEN/NOTIFY,3,2.883
LISTEN/NOTIFY,3,2.817
LISTEN/NOTIFY,3,2.961
LISTEN/NOTIFY,3,2.843
LISTEN/NOTIFY,3,2.68
LISTEN/NOTIFY,3,2.745
LISTEN/NOTIFY,3,2.734
LISTEN/NOTIFY,3,2.867
LISTEN/NOTIFY,3,2.926
LISTEN/NOTIFY,3,2.57
LISTEN/NOTIFY,3,2.715
LISTEN/NOTIFY,3,2.86
LISTEN/NOTIFY,3,2.79
LISTEN/NOTIFY,3,2.795
LISTEN/NOTIFY,3,2.611
LISTEN/NOTIFY,3,2.919
LISTEN/NOTIFY,3,2.818
LISTEN/NOTIFY,3,19.366
LISTEN/NOTIFY,3,18.648
LISTEN/NOTIFY,3,13.665
LISTEN/NOTIFY,3,8.998
LISTEN/NOTIFY,3,3.566
LISTEN/NOTIFY,3,3.423
LISTEN/NOTIFY,3,2.776
LISTEN/NOTIFY,3,2.61
LISTEN/NOTIFY,3,2.672
LISTEN/NOTIFY,3,2.804
LISTEN/NOTIFY,3,2.824
LISTEN/NOTIFY,3,2.708
LISTEN/NOTIFY,3,2.336
LISTEN/NOTIFY,3,3.156
LISTEN/NOTIFY,3,2.799
LISTEN/NOTIFY,3,2.854
LISTEN/NOTIFY,3,2.706
LISTEN/NOTIFY,3,2.592
LISTEN/NOTIFY,3,2.778
LISTEN/NOTIFY,3,2.79
LISTEN/NOTIFY,3,2.317
LISTEN/NOTIFY,3,2.818
LISTEN/NOTIFY,3,2.672
LISTEN/NOTIFY,3,2.862
LISTEN/NOTIFY,3,2.878
LISTEN/NOTIFY,3,2.663
LISTEN/NOTIFY,3,2.878
LISTEN/NOTIFY,3,2.586
LISTEN/NOTIFY,3,2.834
LISTEN/NOTIFY,3,2.707
LISTEN/NOTIFY,3,3.048
LISTEN/NOTIFY,3,2.687
LISTEN/NOTIFY,3,2.72
LISTEN/NOTIFY,3,2.454
LISTEN/NOTIFY,3,2.834
LISTEN/NOTIFY,3,2.889
LISTEN/NOTIFY,3,2.667
LISTEN/NOTIFY,3,2.804
LISTEN/NOTIFY,3,2.807
LISTEN/NOTIFY,3,2.479
LISTEN/NOTIFY,3,2.871
LISTEN/NOTIFY,3,2.875
LISTEN/NOTIFY,3,2.8
LISTEN/NOTIFY,3,2.691
LISTEN/NOTIFY,3,2.779
LISTEN/NOTIFY,3,2.215
LISTEN/NOTIFY,3,2.526
LISTEN/NOTIFY,3,2.615
LISTEN/NOTIFY,3,2.439
LISTEN/NOTIFY,3,2.905
LISTEN/NOTIFY,3,2.743
LISTEN/NOTIFY,3,2.691
LISTEN/NOTIFY,3,2.598
LISTEN/NOTIFY,3,2.962
LISTEN/NOTIFY,3,2.948
LISTEN/NOTIFY,3,2.823
LISTEN/NOTIFY,3,2.854
LISTEN/NOTIFY,3,2.669
LISTEN/NOTIFY,3,2.849
LISTEN/NOTIFY,3,2.793
LISTEN/NOTIFY,3,2.942
LISTEN/NOTIFY,3,21.405
LISTEN/NOTIFY,3,20.464
LISTEN/NOTIFY,3,16.034
LISTEN/NOTIFY,3,10.903
LISTEN/NOTIFY,3,9.163
LISTEN/NOTIFY,3,4.61
LISTEN/NOTIFY,3,4.223
LISTEN/NOTIFY,3,3.49
LISTEN/NOTIFY,3,2.849
LISTEN/NOTIFY,3,2.854
LISTEN/NOTIFY,3,2.673
LISTEN/NOTIFY,3,2.79
LISTEN/NOTIFY,3,3.024
LISTEN/NOTIFY,3,2.94
LISTEN/NOTIFY,3,3.083
LISTEN/NOTIFY,3,3.114
LISTEN/NOTIFY,3,2.754
LISTEN/NOTIFY,3,3.04
LISTEN/NOTIFY,3,2.991
LISTEN/NOTIFY,3,3.0
LISTEN/NOTIFY,3,2.871
LISTEN/NOTIFY,3,2.863
LISTEN/NOTIFY,3,2.936
LISTEN/NOTIFY,3,2.914
LISTEN/NOTIFY,3,2.789
LISTEN/NOTIFY,3,3.013
LISTEN/NOTIFY,3,2.669
LISTEN/NOTIFY,3,2.689
LISTEN/NOTIFY,3,2.789
LISTEN/NOTIFY,3,2.876
LISTEN/NOTIFY,3,2.867
LISTEN/NOTIFY,3,2.629
LISTEN/NOTIFY,3,2.534
LISTEN/NOTIFY,3,2.955
LISTEN/NOTIFY,3,2.711
LISTEN/NOTIFY,3,2.919
LISTEN/NOTIFY,3,2.898
LISTEN/NOTIFY,3,2.53
LISTEN/NOTIFY,3,3.182
LISTEN/NOTIFY,3,3.009
LISTEN/NOTIFY,3,3.588
LISTEN/NOTIFY,3,3.504
LISTEN/NOTIFY,3,3.21
LISTEN/NOTIFY,3,2.986
LISTEN/NOTIFY,3,2.93
LISTEN/NOTIFY,3,2.852
LISTEN/NOTIFY,3,2.409
LISTEN/NOTIFY,3,2.895
LISTEN/NOTIFY,3,2.68
LISTEN/NOTIFY,3,2.725
LISTEN/NOTIFY,3,2.638
LISTEN/NOTIFY,3,2.907
LISTEN/NOTIFY,3,2.958
LISTEN/NOTIFY,3,3.764
LISTEN/NOTIFY,3,3.663
LISTEN/NOTIFY,3,2.819
LISTEN/NOTIFY,3,2.766
LISTEN/NOTIFY,3,21.651
LISTEN/NOTIFY,3,20.722
LISTEN/NOTIFY,3,15.903
LISTEN/NOTIFY,3,11.324
LISTEN/NOTIFY,3,5.334
LISTEN/NOTIFY,3,5.605
LISTEN/NOTIFY,3,4.617
LISTEN/NOTIFY,3,3.879
LISTEN/NOTIFY,3,3.412
LISTEN/NOTIFY,3,2.841
LISTEN/NOTIFY,3,2.976
LISTEN/NOTIFY,3,2.984
LISTEN/NOTIFY,3,3.076
LISTEN/NOTIFY,3,2.734
LISTEN/NOTIFY,3,2.863
LISTEN/NOTIFY,3,2.852
LISTEN/NOTIFY,3,2.878
LISTEN/NOTIFY,3,2.908
LISTEN/NOTIFY,3,2.846
LISTEN/NOTIFY,3,2.714
LISTEN/NOTIFY,3,3.063
LISTEN/NOTIFY,3,2.963
LISTEN/NOTIFY,3,3.19
LISTEN/NOTIFY,3,2.947
LISTEN/NOTIFY,3,2.85
LISTEN/NOTIFY,3,3.029
LISTEN/NOTIFY,3,2.59
LISTEN/NOTIFY,3,2.91
LISTEN/NOTIFY,3,2.805
LISTEN/NOTIFY,3,2.829
LISTEN/NOTIFY,3,2.809
LISTEN/NOTIFY,3,2.859
LISTEN/NOTIFY,3,2.85
LISTEN/NOTIFY,3,2.838
LISTEN/NOTIFY,3,2.997
LISTEN/NOTIFY,3,3.032
LISTEN/NOTIFY,3,2.645
LISTEN/NOTIFY,3,2.936
LISTEN/NOTIFY,3,2.852
LISTEN/NOTIFY,3,2.995
LISTEN/NOTIFY,3,2.876
LISTEN/NOTIFY,3,2.863
LISTEN/NOTIFY,3,2.89
LISTEN/NOTIFY,3,2.926
LISTEN/NOTIFY,3,2.936
LISTEN/NOTIFY,3,3.137
LISTEN/NOTIFY,3,2.751
LISTEN/NOTIFY,3,2.909
LISTEN/NOTIFY,3,2.888
LISTEN/NOTIFY,3,2.777
LISTEN/NOTIFY,3,2.793
LISTEN/NOTIFY,3,2.823
LISTEN/NOTIFY,3,2.581
LISTEN/NOTIFY,3,2.159
LISTEN/NOTIFY,3,2.75
LISTEN/NOTIFY,3,2.744
LISTEN/NOTIFY,3,2.902
LISTEN/NOTIFY,3,2.867
LISTEN/NOTIFY,3,2.732
LISTEN/NOTIFY,3,2.885
LISTEN/NOTIFY,3,3.003
LISTEN/NOTIFY,3,21.438
LISTEN/NOTIFY,3,20.269
LISTEN/NOTIFY,3,15.446
LISTEN/NOTIFY,3,10.941
LISTEN/NOTIFY,3,4.908
LISTEN/NOTIFY,3,5.065
LISTEN/NOTIFY,3,4.347
LISTEN/NOTIFY,3,3.321
LISTEN/NOTIFY,3,2.817
LISTEN/NOTIFY,3,2.863
LISTEN/NOTIFY,3,2.58
LISTEN/NOTIFY,3,2.788
LISTEN/NOTIFY,3,2.644
LISTEN/NOTIFY,3,2.675
LISTEN/NOTIFY,3,2.741
LISTEN/NOTIFY,3,2.773
LISTEN/NOTIFY,3,2.743
LISTEN/NOTIFY,3,2.916
LISTEN/NOTIFY,3,2.826
LISTEN/NOTIFY,3,2.623
LISTEN/NOTIFY,3,2.842
LISTEN/NOTIFY,3,2.787
LISTEN/NOTIFY,3,2.653
LISTEN/NOTIFY,3,2.826
LISTEN/NOTIFY,3,2.77
LISTEN/NOTIFY,3,2.68
LISTEN/NOTIFY,3,2.905
LISTEN/NOTIFY,3,2.901
LISTEN/NOTIFY,3,2.899
LISTEN/NOTIFY,3,2.921
LISTEN/NOTIFY,3,2.824
LISTEN/NOTIFY,3,2.757
LISTEN/NOTIFY,3,2.883
LISTEN/NOTIFY,3,2.618
LISTEN/NOTIFY,3,2.873
LISTEN/NOTIFY,3,2.903
LISTEN/NOTIFY,3,2.673
LISTEN/NOTIFY,3,2.668
LISTEN/NOTIFY,3,2.622
LISTEN/NOTIFY,3,2.829
LISTEN/NOTIFY,3,2.781
LISTEN/NOTIFY,3,2.698
LISTEN/NOTIFY,3,2.803
LISTEN/NOTIFY,3,2.809
LISTEN/NOTIFY,3,2.909
LISTEN/NOTIFY,3,2.785
LISTEN/NOTIFY,3,2.8
LISTEN/NOTIFY,3,2.84
LISTEN/NOTIFY,3,2.624
LISTEN/NOTIFY,3,2.982
LISTEN/NOTIFY,3,2.802
LISTEN/NOTIFY,3,2.732
LISTEN/NOTIFY,3,2.89
LISTEN/NOTIFY,3,2.331
LISTEN/NOTIFY,3,2.188
LISTEN/NOTIFY,3,2.726
LISTEN/NOTIFY,3,2.649
LISTEN/NOTIFY,3,2.699
LISTEN/NOTIFY,3,2.804
LISTEN/NOTIFY,3,2.748
LISTEN/NOTIFY,3,20.866
LISTEN/NOTIFY,3,20.202
LISTEN/NOTIFY,3,15.18
LISTEN/NOTIFY,3,10.111
LISTEN/NOTIFY,3,4.279
LISTEN/NOTIFY,3,4.217
LISTEN/NOTIFY,3,3.737
LISTEN/NOTIFY,3,2.906
LISTEN/NOTIFY,3,2.832
LISTEN/NOTIFY,3,2.858
LISTEN/NOTIFY,3,2.703
LISTEN/NOTIFY,3,2.749
LISTEN/NOTIFY,3,2.759
LISTEN/NOTIFY,3,2.714
LISTEN/NOTIFY,3,2.802
LISTEN/NOTIFY,3,2.886
LISTEN/NOTIFY,3,2.323
LISTEN/NOTIFY,3,2.717
LISTEN/NOTIFY,3,2.799
LISTEN/NOTIFY,3,2.755
LISTEN/NOTIFY,3,2.828
LISTEN/NOTIFY,3,2.706
LISTEN/NOTIFY,3,2.795
LISTEN/NOTIFY,3,2.878
LISTEN/NOTIFY,3,2.961
LISTEN/NOTIFY,3,2.858
LISTEN/NOTIFY,3,2.884
LISTEN/NOTIFY,3,4.08
LISTEN/NOTIFY,3,3.137
LISTEN/NOTIFY,3,3.055
LISTEN/NOTIFY,3,2.678
LISTEN/NOTIFY,3,2.693
LISTEN/NOTIFY,3,2.826
LISTEN/NOTIFY,3,2.714
LISTEN/NOTIFY,3,2.981
LISTEN/NOTIFY,3,2.501
LISTEN/NOTIFY,3,2.193
LISTEN/NOTIFY,3,2.635
LISTEN/NOTIFY,3,2.764
LISTEN/NOTIFY,3,2.659
LISTEN/NOTIFY,3,2.901
LISTEN/NOTIFY,3,3.026
LISTEN/NOTIFY,3,2.893
LISTEN/NOTIFY,3,2.846
LISTEN/NOTIFY,3,2.787
LISTEN/NOTIFY,3,3.016
LISTEN/NOTIFY,3,2.8
LISTEN/NOTIFY,3,2.856
LISTEN/NOTIFY,3,2.81
LISTEN/NOTIFY,3,2.965
LISTEN/NOTIFY,3,2.491
LISTEN/NOTIFY,3,2.871
LISTEN/NOTIFY,3,2.947
LISTEN/NOTIFY,3,2.795
LISTEN/NOTIFY,3,2.841
LISTEN/NOTIFY,3,2.742
LISTEN/NOTIFY,3,2.82
LISTEN/NOTIFY,3,2.742
LISTEN/NOTIFY,3,21.558
LISTEN/NOTIFY,3,21.384
LISTEN/NOTIFY,3,15.9
LISTEN/NOTIFY,3,10.859
LISTEN/NOTIFY,3,4.298
LISTEN/NOTIFY,3,5.216
LISTEN/NOTIFY,3,4.588
LISTEN/NOTIFY,3,4.38
LISTEN/NOTIFY,3,3.405
LISTEN/NOTIFY,3,2.979
LISTEN/NOTIFY,3,2.646
LISTEN/NOTIFY,3,2.88
LISTEN/NOTIFY,3,2.879
LISTEN/NOTIFY,3,3.047
LISTEN/NOTIFY,3,2.902
LISTEN/NOTIFY,3,2.769
LISTEN/NOTIFY,3,2.282
LISTEN/NOTIFY,3,2.704
LISTEN/NOTIFY,3,2.762
LISTEN/NOTIFY,3,2.929
LISTEN/NOTIFY,3,2.796
LISTEN/NOTIFY,3,2.946
LISTEN/NOTIFY,3,2.918
LISTEN/NOTIFY,3,2.948
LISTEN/NOTIFY,3,3.06
LISTEN/NOTIFY,3,2.874
LISTEN/NOTIFY,3,2.644
LISTEN/NOTIFY,3,3.078
LISTEN/NOTIFY,3,2.457
LISTEN/NOTIFY,3,2.08
LISTEN/NOTIFY,3,2.868
LISTEN/NOTIFY,3,2.988
LISTEN/NOTIFY,3,2.831
LISTEN/NOTIFY,3,2.607
LISTEN/NOTIFY,3,2.721
LISTEN/NOTIFY,3,2.818
LISTEN/NOTIFY,3,2.897
LISTEN/NOTIFY,3,2.794
LISTEN/NOTIFY,3,2.677
LISTEN/NOTIFY,3,2.81
LISTEN/NOTIFY,3,2.802
LISTEN/NOTIFY,3,2.795
LISTEN/NOTIFY,3,2.446
LISTEN/NOTIFY,3,2.541
LISTEN/NOTIFY,3,2.726
LISTEN/NOTIFY,3,2.635
LISTEN/NOTIFY,3,2.482
LISTEN/NOTIFY,3,2.587
LISTEN/NOTIFY,3,2.727
LISTEN/NOTIFY,3,2.649
LISTEN/NOTIFY,3,2.907
LISTEN/NOTIFY,3,2.826
LISTEN/NOTIFY,3,3.053
LISTEN/NOTIFY,3,3.248
LISTEN/NOTIFY,3,2.862
LISTEN/NOTIFY,3,2.617
LISTEN/NOTIFY,3,2.437
LISTEN/NOTIFY,3,2.755
LISTEN/NOTIFY,3,2.722
LISTEN/NOTIFY,3,2.774
LISTEN/NOTIFY,3,2.636
LISTEN/NOTIFY,3,18.732
LISTEN/NOTIFY,3,18.132
LISTEN/NOTIFY,3,12.984
LISTEN/NOTIFY,3,7.872
LISTEN/NOTIFY,3,2.923
LISTEN/NOTIFY,3,2.798
LISTEN/NOTIFY,3,2.829
LISTEN/NOTIFY,3,2.676
LISTEN/NOTIFY,3,2.346
LISTEN/NOTIFY,3,2.677
LISTEN/NOTIFY,3,2.92
LISTEN/NOTIFY,3,2.517
LISTEN/NOTIFY,3,2.893
LISTEN/NOTIFY,3,2.781
LISTEN/NOTIFY,3,2.829
LISTEN/NOTIFY,3,2.818
LISTEN/NOTIFY,3,2.802
LISTEN/NOTIFY,3,2.695
LISTEN/NOTIFY,3,2.677
LISTEN/NOTIFY,3,2.648
LISTEN/NOTIFY,3,2.784
LISTEN/NOTIFY,3,2.824
LISTEN/NOTIFY,3,2.76
LISTEN/NOTIFY,3,2.724
LISTEN/NOTIFY,3,2.69
LISTEN/NOTIFY,3,2.846
LISTEN/NOTIFY,3,2.924
LISTEN/NOTIFY,3,3.062
LISTEN/NOTIFY,3,2.932
LISTEN/NOTIFY,3,2.756
LISTEN/NOTIFY,3,2.787
LISTEN/NOTIFY,3,2.6
LISTEN/NOTIFY,3,2.821
LISTEN/NOTIFY,3,2.849
LISTEN/NOTIFY,3,2.837
LISTEN/NOTIFY,3,2.83
LISTEN/NOTIFY,3,2.676
LISTEN/NOTIFY,3,2.647
LISTEN/NOTIFY,3,2.67
LISTEN/NOTIFY,3,2.734
LISTEN/NOTIFY,3,2.694
LISTEN/NOTIFY,3,2.829
LISTEN/NOTIFY,3,2.89
LISTEN/NOTIFY,3,2.689
LISTEN/NOTIFY,3,2.913
LISTEN/NOTIFY,3,2.879
LISTEN/NOTIFY,3,2.69
LISTEN/NOTIFY,3,2.797
LISTEN/NOTIFY,3,2.728
LISTEN/NOTIFY,3,2.788
LISTEN/NOTIFY,3,2.742
LISTEN/NOTIFY,3,2.85
LISTEN/NOTIFY,3,2.73
LISTEN/NOTIFY,3,2.667
LISTEN/NOTIFY,3,2.925
LISTEN/NOTIFY,3,2.944
LISTEN/NOTIFY,3,2.832
LISTEN/NOTIFY,3,2.771
LISTEN/NOTIFY,3,2.763
LISTEN/NOTIFY,3,21.571
LISTEN/NOTIFY,3,21.423
LISTEN/NOTIFY,3,16.25
LISTEN/NOTIFY,3,11.123
LISTEN/NOTIFY,3,5.787
LISTEN/NOTIFY,3,5.448
LISTEN/NOTIFY,3,5.102
LISTEN/NOTIFY,3,4.77
LISTEN/NOTIFY,3,3.913
LISTEN/NOTIFY,3,2.944
LISTEN/NOTIFY,3,3.111
LISTEN/NOTIFY,3,3.208
LISTEN/NOTIFY,3,2.949
LISTEN/NOTIFY,3,3.131
LISTEN/NOTIFY,3,2.908
LISTEN/NOTIFY,3,2.915
LISTEN/NOTIFY,3,3.006
LISTEN/NOTIFY,3,2.911
LISTEN/NOTIFY,3,2.806
LISTEN/NOTIFY,3,2.886
LISTEN/NOTIFY,3,2.86
LISTEN/NOTIFY,3,2.873
LISTEN/NOTIFY,3,2.791
LISTEN/NOTIFY,3,2.923
LISTEN/NOTIFY,3,2.888
LISTEN/NOTIFY,3,2.995
LISTEN/NOTIFY,3,2.922
LISTEN/NOTIFY,3,2.732
LISTEN/NOTIFY,3,2.92
LISTEN/NOTIFY,3,2.849
LISTEN/NOTIFY,3,2.557
LISTEN/NOTIFY,3,2.89
LISTEN/NOTIFY,3,2.717
LISTEN/NOTIFY,3,2.905
LISTEN/NOTIFY,3,2.744
LISTEN/NOTIFY,3,2.833
LISTEN/NOTIFY,3,2.807
LISTEN/NOTIFY,3,2.896
LISTEN/NOTIFY,3,2.822
LISTEN/NOTIFY,3,2.703
LISTEN/NOTIFY,3,2.736
LISTEN/NOTIFY,3,2.798
LISTEN/NOTIFY,3,2.768
LISTEN/NOTIFY,3,2.853
LISTEN/NOTIFY,3,2.709
LISTEN/NOTIFY,3,2.602
LISTEN/NOTIFY,3,2.771
LISTEN/NOTIFY,3,2.601
LISTEN/NOTIFY,3,2.656
LISTEN/NOTIFY,3,2.828
LISTEN/NOTIFY,3,2.841
LISTEN/NOTIFY,3,2.795
LISTEN/NOTIFY,3,2.994
LISTEN/NOTIFY,3,2.707
LISTEN/NOTIFY,3,2.786
LISTEN/NOTIFY,3,2.979
LISTEN/NOTIFY,3,2.836
LISTEN/NOTIFY,3,2.738
LISTEN/NOTIFY,3,2.802
LISTEN/NOTIFY,3,21.516
LISTEN/NOTIFY,3,20.826
LISTEN/NOTIFY,3,15.918
LISTEN/NOTIFY,3,10.902
LISTEN/NOTIFY,3,4.241
LISTEN/NOTIFY,3,5.511
LISTEN/NOTIFY,3,4.965
LISTEN/NOTIFY,3,5.023
LISTEN/NOTIFY,3,4.578
LISTEN/NOTIFY,3,4.194
LISTEN/NOTIFY,3,4.005
LISTEN/NOTIFY,3,3.1
LISTEN/NOTIFY,3,3.229
LISTEN/NOTIFY,3,3.137
LISTEN/NOTIFY,3,2.901
LISTEN/NOTIFY,3,3.034
LISTEN/NOTIFY,3,2.926
LISTEN/NOTIFY,3,3.022
LISTEN/NOTIFY,3,2.728
LISTEN/NOTIFY,3,2.847
LISTEN/NOTIFY,3,2.7
LISTEN/NOTIFY,3,2.942
LISTEN/NOTIFY,3,2.786
LISTEN/NOTIFY,3,2.677
LISTEN/NOTIFY,3,2.613
LISTEN/NOTIFY,3,2.817
LISTEN/NOTIFY,3,2.805
LISTEN/NOTIFY,3,2.896
LISTEN/NOTIFY,3,2.878
LISTEN/NOTIFY,3,2.83
LISTEN/NOTIFY,3,2.9
LISTEN/NOTIFY,3,2.461
LISTEN/NOTIFY,3,2.893
LISTEN/NOTIFY,3,2.725
LISTEN/NOTIFY,3,2.785
LISTEN/NOTIFY,3,2.771
LISTEN/NOTIFY,3,2.928
LISTEN/NOTIFY,3,2.957
LISTEN/NOTIFY,3,2.892
LISTEN/NOTIFY,3,3.474
LISTEN/NOTIFY,3,2.89
LISTEN/NOTIFY,3,3.258
LISTEN/NOTIFY,3,2.932
LISTEN/NOTIFY,3,3.37
LISTEN/NOTIFY,3,2.952
LISTEN/NOTIFY,3,2.815
LISTEN/NOTIFY,3,2.81
LISTEN/NOTIFY,3,2.922
LISTEN/NOTIFY,3,2.878
LISTEN/NOTIFY,3,2.671
LISTEN/NOTIFY,3,2.713
LISTEN/NOTIFY,3,2.95
LISTEN/NOTIFY,3,2.895
LISTEN/NOTIFY,3,2.889
LISTEN/NOTIFY,3,3.102
LISTEN/NOTIFY,3,2.88
LISTEN/NOTIFY,3,3.058
LISTEN/NOTIFY,3,2.814
LISTEN/NOTIFY,3,21.521
LISTEN/NOTIFY,3,21.415
LISTEN/NOTIFY,3,16.224
LISTEN/NOTIFY,3,10.712
LISTEN/NOTIFY,3,4.515
LISTEN/NOTIFY,3,5.373
LISTEN/NOTIFY,3,4.311
LISTEN/NOTIFY,3,3.606
LISTEN/NOTIFY,3,3.685
LISTEN/NOTIFY,3,2.882
LISTEN/NOTIFY,3,2.848
LISTEN/NOTIFY,3,2.899
LISTEN/NOTIFY,3,2.694
LISTEN/NOTIFY,3,2.703
LISTEN/NOTIFY,3,2.812
LISTEN/NOTIFY,3,2.841
LISTEN/NOTIFY,3,2.802
LISTEN/NOTIFY,3,2.675
LISTEN/NOTIFY,3,2.857
LISTEN/NOTIFY,3,2.936
LISTEN/NOTIFY,3,3.078
LISTEN/NOTIFY,3,2.837
LISTEN/NOTIFY,3,2.978
LISTEN/NOTIFY,3,2.912
LISTEN/NOTIFY,3,2.864
LISTEN/NOTIFY,3,2.829
LISTEN/NOTIFY,3,2.719
LISTEN/NOTIFY,3,2.881
LISTEN/NOTIFY,3,2.844
LISTEN/NOTIFY,3,2.932
LISTEN/NOTIFY,3,2.875
LISTEN/NOTIFY,3,2.898
LISTEN/NOTIFY,3,2.423
LISTEN/NOTIFY,3,2.954
LISTEN/NOTIFY,3,2.839
LISTEN/NOTIFY,3,2.56
LISTEN/NOTIFY,3,2.538
LISTEN/NOTIFY,3,2.699
LISTEN/NOTIFY,3,2.864
LISTEN/NOTIFY,3,2.983
LISTEN/NOTIFY,3,2.827
LISTEN/NOTIFY,3,2.834
LISTEN/NOTIFY,3,2.779
LISTEN/NOTIFY,3,2.74
LISTEN/NOTIFY,3,2.726
LISTEN/NOTIFY,3,2.617
LISTEN/NOTIFY,3,2.85
LISTEN/NOTIFY,3,2.717
LISTEN/NOTIFY,3,2.684
LISTEN/NOTIFY,3,2.883
LISTEN/NOTIFY,3,2.715
LISTEN/NOTIFY,3,2.629
LISTEN/NOTIFY,3,2.607
LISTEN/NOTIFY,3,2.797
LISTEN/NOTIFY,3,2.793
LISTEN/NOTIFY,3,2.894
LISTEN/NOTIFY,3,2.776
LISTEN/NOTIFY,3,2.928
LISTEN/NOTIFY,3,2.854
LISTEN/NOTIFY,3,2.565
LISTEN/NOTIFY,3,2.797
LISTEN/NOTIFY,3,2.939
LISTEN/NOTIFY,3,21.247
LISTEN/NOTIFY,3,16.168
LISTEN/NOTIFY,3,15.737
LISTEN/NOTIFY,3,10.419
LISTEN/NOTIFY,3,4.241
LISTEN/NOTIFY,3,5.482
LISTEN/NOTIFY,3,4.816
LISTEN/NOTIFY,3,4.324
LISTEN/NOTIFY,3,3.626
LISTEN/NOTIFY,3,2.817
LISTEN/NOTIFY,3,2.843
LISTEN/NOTIFY,3,2.741
LISTEN/NOTIFY,3,2.728
LISTEN/NOTIFY,3,3.617
LISTEN/NOTIFY,3,3.499
LISTEN/NOTIFY,3,3.242
LISTEN/NOTIFY,3,3.013
LISTEN/NOTIFY,3,3.253
LISTEN/NOTIFY,3,2.875
LISTEN/NOTIFY,3,2.757
LISTEN/NOTIFY,3,2.884
LISTEN/NOTIFY,3,2.722
LISTEN/NOTIFY,3,2.885
LISTEN/NOTIFY,3,2.782
LISTEN/NOTIFY,3,3.011
LISTEN/NOTIFY,3,3.0
LISTEN/NOTIFY,3,2.855
LISTEN/NOTIFY,3,2.886
LISTEN/NOTIFY,3,2.994
LISTEN/NOTIFY,3,2.87
LISTEN/NOTIFY,3,2.431
LISTEN/NOTIFY,3,2.263
LISTEN/NOTIFY,3,2.814
LISTEN/NOTIFY,3,2.836
LISTEN/NOTIFY,3,2.801
LISTEN/NOTIFY,3,2.827
LISTEN/NOTIFY,3,2.77
LISTEN/NOTIFY,3,2.673
LISTEN/NOTIFY,3,2.973
LISTEN/NOTIFY,3,2.811
LISTEN/NOTIFY,3,2.857
LISTEN/NOTIFY,3,2.72
LISTEN/NOTIFY,3,2.886
LISTEN/NOTIFY,3,2.796
LISTEN/NOTIFY,3,2.818
LISTEN/NOTIFY,3,2.339
LISTEN/NOTIFY,3,2.051
LISTEN/NOTIFY,3,2.174
LISTEN/NOTIFY,3,2.227
LISTEN/NOTIFY,3,2.743
LISTEN/NOTIFY,3,2.701
LISTEN/NOTIFY,3,2.502
LISTEN/NOTIFY,3,2.763
LISTEN/NOTIFY,3,2.829
LISTEN/NOTIFY,3,2.682
LISTEN/NOTIFY,3,2.794
LISTEN/NOTIFY,3,2.724
LISTEN/NOTIFY,3,2.657
LISTEN/NOTIFY,3,2.696
LISTEN/NOTIFY,3,21.533
LISTEN/NOTIFY,3,21.068
LISTEN/NOTIFY,3,15.72
LISTEN/NOTIFY,3,11.089
LISTEN/NOTIFY,3,5.074
LISTEN/NOTIFY,3,5.354
LISTEN/NOTIFY,3,5.136
LISTEN/NOTIFY,3,4.424
LISTEN/NOTIFY,3,3.666
LISTEN/NOTIFY,3,3.127
LISTEN/NOTIFY,3,2.843
LISTEN/NOTIFY,3,2.694
LISTEN/NOTIFY,3,2.831
LISTEN/NOTIFY,3,2.788
LISTEN/NOTIFY,3,2.701
LISTEN/NOTIFY,3,2.75
LISTEN/NOTIFY,3,2.328
LISTEN/NOTIFY,3,2.707
LISTEN/NOTIFY,3,2.856
LISTEN/NOTIFY,3,2.814
LISTEN/NOTIFY,3,2.615
LISTEN/NOTIFY,3,2.7
LISTEN/NOTIFY,3,2.9
LISTEN/NOTIFY,3,2.832
LISTEN/NOTIFY,3,2.74
LISTEN/NOTIFY,3,2.736
LISTEN/NOTIFY,3,2.779
LISTEN/NOTIFY,3,2.807
LISTEN/NOTIFY,3,2.779
LISTEN/NOTIFY,3,2.733
LISTEN/NOTIFY,3,2.541
LISTEN/NOTIFY,3,2.54
LISTEN/NOTIFY,3,2.947
LISTEN/NOTIFY,3,2.9
LISTEN/NOTIFY,3,2.949
LISTEN/NOTIFY,3,2.959
LISTEN/NOTIFY,3,2.901
LISTEN/NOTIFY,3,2.956
LISTEN/NOTIFY,3,2.697
LISTEN/NOTIFY,3,2.333
LISTEN/NOTIFY,3,2.724
LISTEN/NOTIFY,3,2.237
LISTEN/NOTIFY,3,2.193
LISTEN/NOTIFY,3,2.763
LISTEN/NOTIFY,3,2.391
LISTEN/NOTIFY,3,2.685
LISTEN/NOTIFY,3,2.711
LISTEN/NOTIFY,3,2.826
LISTEN/NOTIFY,3,2.936
LISTEN/NOTIFY,3,2.898
LISTEN/NOTIFY,3,2.658
LISTEN/NOTIFY,3,2.697
LISTEN/NOTIFY,3,3.085
LISTEN/NOTIFY,3,3.018
LISTEN/NOTIFY,3,2.858
LISTEN/NOTIFY,3,2.78
LISTEN/NOTIFY,3,2.837
LISTEN/NOTIFY,3,2.464
LISTEN/NOTIFY,3,21.577
LISTEN/NOTIFY,3,22.445
LISTEN/NOTIFY,3,17.398
LISTEN/NOTIFY,3,11.8
LISTEN/NOTIFY,3,5.206
LISTEN/NOTIFY,3,6.21
LISTEN/NOTIFY,3,5.288
LISTEN/NOTIFY,3,4.411
LISTEN/NOTIFY,3,3.893
LISTEN/NOTIFY,3,3.369
LISTEN/NOTIFY,3,2.793
LISTEN/NOTIFY,3,2.358
LISTEN/NOTIFY,3,2.667
LISTEN/NOTIFY,3,2.755
LISTEN/NOTIFY,3,2.45
LISTEN/NOTIFY,3,2.209
LISTEN/NOTIFY,3,2.749
LISTEN/NOTIFY,3,2.827
LISTEN/NOTIFY,3,2.847
LISTEN/NOTIFY,3,2.68
LISTEN/NOTIFY,3,3.09
LISTEN/NOTIFY,3,2.889
LISTEN/NOTIFY,3,2.856
LISTEN/NOTIFY,3,2.972
LISTEN/NOTIFY,3,2.983
LISTEN/NOTIFY,3,3.029
LISTEN/NOTIFY,3,2.843
LISTEN/NOTIFY,3,2.828
LISTEN/NOTIFY,3,2.714
LISTEN/NOTIFY,3,2.714
LISTEN/NOTIFY,3,2.709
LISTEN/NOTIFY,3,2.869
LISTEN/NOTIFY,3,2.855
LISTEN/NOTIFY,3,2.856
LISTEN/NOTIFY,3,2.664
LISTEN/NOTIFY,3,2.91
LISTEN/NOTIFY,3,2.765
LISTEN/NOTIFY,3,2.697
LISTEN/NOTIFY,3,2.786
LISTEN/NOTIFY,3,2.704
LISTEN/NOTIFY,3,2.766
LISTEN/NOTIFY,3,2.885
LISTEN/NOTIFY,3,2.666
LISTEN/NOTIFY,3,2.742
LISTEN/NOTIFY,3,2.806
LISTEN/NOTIFY,3,2.797
LISTEN/NOTIFY,3,2.516
LISTEN/NOTIFY,3,2.699
LISTEN/NOTIFY,3,2.86
LISTEN/NOTIFY,3,2.893
LISTEN/NOTIFY,3,3.006
LISTEN/NOTIFY,3,2.714
LISTEN/NOTIFY,3,2.665
LISTEN/NOTIFY,3,2.849
LISTEN/NOTIFY,3,2.575
LISTEN/NOTIFY,3,2.558
LISTEN/NOTIFY,3,2.754
LISTEN/NOTIFY,3,2.474
LISTEN/NOTIFY,3,2.802
LISTEN/NOTIFY,3,2.616
LISTEN/NOTIFY,3,21.564
LISTEN/NOTIFY,3,20.847
LISTEN/NOTIFY,3,16.142
LISTEN/NOTIFY,3,11.091
LISTEN/NOTIFY,3,4.287
LISTEN/NOTIFY,3,4.733
LISTEN/NOTIFY,3,3.933
LISTEN/NOTIFY,3,3.216
LISTEN/NOTIFY,3,2.757
LISTEN/NOTIFY,3,2.579
LISTEN/NOTIFY,3,2.816
LISTEN/NOTIFY,3,2.899
LISTEN/NOTIFY,3,2.825
LISTEN/NOTIFY,3,2.834
LISTEN/NOTIFY,3,2.697
LISTEN/NOTIFY,3,2.766
LISTEN/NOTIFY,3,2.902
LISTEN/NOTIFY,3,2.728
LISTEN/NOTIFY,3,2.767
LISTEN/NOTIFY,3,2.708
LISTEN/NOTIFY,3,2.738
LISTEN/NOTIFY,3,2.818
LISTEN/NOTIFY,3,2.894
LISTEN/NOTIFY,3,2.89
LISTEN/NOTIFY,3,2.91
LISTEN/NOTIFY,3,2.91
LISTEN/NOTIFY,3,2.857
LISTEN/NOTIFY,3,2.888
LISTEN/NOTIFY,3,2.833
LISTEN/NOTIFY,3,2.757
LISTEN/NOTIFY,3,2.692
LISTEN/NOTIFY,3,2.816
LISTEN/NOTIFY,3,2.626
LISTEN/NOTIFY,3,2.702
LISTEN/NOTIFY,3,2.831
LISTEN/NOTIFY,3,2.902
LISTEN/NOTIFY,3,2.918
LISTEN/NOTIFY,3,2.738
LISTEN/NOTIFY,3,2.458
LISTEN/NOTIFY,3,2.852
LISTEN/NOTIFY,3,3.041
LISTEN/NOTIFY,3,2.831
LISTEN/NOTIFY,3,2.935
LISTEN/NOTIFY,3,2.895
LISTEN/NOTIFY,3,3.109
LISTEN/NOTIFY,3,2.727
LISTEN/NOTIFY,3,2.977
LISTEN/NOTIFY,3,2.809
LISTEN/NOTIFY,3,2.833
LISTEN/NOTIFY,3,2.894
LISTEN/NOTIFY,3,2.616
LISTEN/NOTIFY,3,2.515
LISTEN/NOTIFY,3,2.776
LISTEN/NOTIFY,3,2.735
LISTEN/NOTIFY,3,2.792
LISTEN/NOTIFY,3,2.833
LISTEN/NOTIFY,3,2.672
LISTEN/NOTIFY,3,3.003
LISTEN/NOTIFY,3,2.871
LISTEN/NOTIFY,3,21.447
LISTEN/NOTIFY,3,20.917
LISTEN/NOTIFY,3,15.735
LISTEN/NOTIFY,3,10.708
LISTEN/NOTIFY,3,4.316
LISTEN/NOTIFY,3,5.169
LISTEN/NOTIFY,3,4.437
LISTEN/NOTIFY,3,3.686
LISTEN/NOTIFY,3,3.326
LISTEN/NOTIFY,3,2.996
LISTEN/NOTIFY,3,2.942
LISTEN/NOTIFY,3,2.539
LISTEN/NOTIFY,3,2.84
LISTEN/NOTIFY,3,2.775
LISTEN/NOTIFY,3,3.449
LISTEN/NOTIFY,3,4.29
LISTEN/NOTIFY,3,4.272
LISTEN/NOTIFY,3,3.476
LISTEN/NOTIFY,3,3.381
LISTEN/NOTIFY,3,3.157
LISTEN/NOTIFY,3,2.858
LISTEN/NOTIFY,3,2.882
LISTEN/NOTIFY,3,2.957
LISTEN/NOTIFY,3,2.997
LISTEN/NOTIFY,3,2.696
LISTEN/NOTIFY,3,2.815
LISTEN/NOTIFY,3,3.013
LISTEN/NOTIFY,3,2.858
LISTEN/NOTIFY,3,2.847
LISTEN/NOTIFY,3,2.737
LISTEN/NOTIFY,3,2.609
LISTEN/NOTIFY,3,2.877
LISTEN/NOTIFY,3,2.746
LISTEN/NOTIFY,3,2.559
LISTEN/NOTIFY,3,2.744
LISTEN/NOTIFY,3,2.699
LISTEN/NOTIFY,3,2.633
LISTEN/NOTIFY,3,2.763
LISTEN/NOTIFY,3,2.684
LISTEN/NOTIFY,3,2.966
LISTEN/NOTIFY,3,2.942
LISTEN/NOTIFY,3,2.828
LISTEN/NOTIFY,3,2.77
LISTEN/NOTIFY,3,2.749
LISTEN/NOTIFY,3,2.528
LISTEN/NOTIFY,3,2.377
LISTEN/NOTIFY,3,2.885
LISTEN/NOTIFY,3,2.822
LISTEN/NOTIFY,3,2.718
LISTEN/NOTIFY,3,2.962
LISTEN/NOTIFY,3,2.67
LISTEN/NOTIFY,3,3.053
LISTEN/NOTIFY,3,3.143
LISTEN/NOTIFY,3,2.879
LISTEN/NOTIFY,3,2.891
LISTEN/NOTIFY,3,2.86
LISTEN/NOTIFY,3,2.947
LISTEN/NOTIFY,3,2.854
LISTEN/NOTIFY,3,2.821
LISTEN/NOTIFY,3,2.812
LISTEN/NOTIFY,3,21.352
LISTEN/NOTIFY,3,21.553
LISTEN/NOTIFY,3,16.336
LISTEN/NOTIFY,3,11.407
LISTEN/NOTIFY,3,4.043
LISTEN/NOTIFY,3,5.372
LISTEN/NOTIFY,3,5.173
LISTEN/NOTIFY,3,4.318
LISTEN/NOTIFY,3,3.807
LISTEN/NOTIFY,3,3.174
LISTEN/NOTIFY,3,2.84
LISTEN/NOTIFY,3,3.032
LISTEN/NOTIFY,3,2.785
LISTEN/NOTIFY,3,2.139
LISTEN/NOTIFY,3,2.951
LISTEN/NOTIFY,3,3.046
LISTEN/NOTIFY,3,2.765
LISTEN/NOTIFY,3,2.973
LISTEN/NOTIFY,3,2.858
LISTEN/NOTIFY,3,2.861
LISTEN/NOTIFY,3,2.892
LISTEN/NOTIFY,3,2.666
LISTEN/NOTIFY,3,2.869
LISTEN/NOTIFY,3,3.069
LISTEN/NOTIFY,3,2.786
LISTEN/NOTIFY,3,2.909
LISTEN/NOTIFY,3,2.931
LISTEN/NOTIFY,3,2.94
LISTEN/NOTIFY,3,2.735
LISTEN/NOTIFY,3,2.997
LISTEN/NOTIFY,3,3.004
LISTEN/NOTIFY,3,2.724
LISTEN/NOTIFY,3,2.907
LISTEN/NOTIFY,3,2.836
LISTEN/NOTIFY,3,2.896
LISTEN/NOTIFY,3,2.845
LISTEN/NOTIFY,3,2.827
LISTEN/NOTIFY,3,2.438
LISTEN/NOTIFY,3,2.81
LISTEN/NOTIFY,3,2.8
LISTEN/NOTIFY,3,2.862
LISTEN/NOTIFY,3,2.91
LISTEN/NOTIFY,3,2.786
LISTEN/NOTIFY,3,2.963
LISTEN/NOTIFY,3,2.997
LISTEN/NOTIFY,3,2.906
LISTEN/NOTIFY,3,2.941
LISTEN/NOTIFY,3,2.945
LISTEN/NOTIFY,3,2.804
LISTEN/NOTIFY,3,2.785
LISTEN/NOTIFY,3,2.989
LISTEN/NOTIFY,3,2.876
LISTEN/NOTIFY,3,2.368
LISTEN/NOTIFY,3,2.682
LISTEN/NOTIFY,3,2.735
LISTEN/NOTIFY,3,2.513
LISTEN/NOTIFY,3,2.847
LISTEN/NOTIFY,3,2.921
LISTEN/NOTIFY,3,2.911
LISTEN/NOTIFY,3,21.509
LISTEN/NOTIFY,3,20.667
LISTEN/NOTIFY,3,15.725
LISTEN/NOTIFY,3,11.124
LISTEN/NOTIFY,3,4.24
LISTEN/NOTIFY,3,4.772
LISTEN/NOTIFY,3,4.163
LISTEN/NOTIFY,3,3.455
LISTEN/NOTIFY,3,2.885
LISTEN/NOTIFY,3,2.952
LISTEN/NOTIFY,3,2.64
LISTEN/NOTIFY,3,2.898
LISTEN/NOTIFY,3,2.736
LISTEN/NOTIFY,3,2.915
LISTEN/NOTIFY,3,2.744
LISTEN/NOTIFY,3,2.57
LISTEN/NOTIFY,3,2.546
LISTEN/NOTIFY,3,2.714
LISTEN/NOTIFY,3,2.658
LISTEN/NOTIFY,3,2.55
LISTEN/NOTIFY,3,2.733
LISTEN/NOTIFY,3,3.13
LISTEN/NOTIFY,3,3.115
LISTEN/NOTIFY,3,3.154
LISTEN/NOTIFY,3,3.237
LISTEN/NOTIFY,3,3.43
LISTEN/NOTIFY,3,3.097
LISTEN/NOTIFY,3,2.949
LISTEN/NOTIFY,3,2.767
LISTEN/NOTIFY,3,2.601
LISTEN/NOTIFY,3,2.725
LISTEN/NOTIFY,3,2.85
LISTEN/NOTIFY,3,2.721
LISTEN/NOTIFY,3,2.725
LISTEN/NOTIFY,3,2.331
LISTEN/NOTIFY,3,2.944
LISTEN/NOTIFY,3,2.947
LISTEN/NOTIFY,3,3.007
LISTEN/NOTIFY,3,2.937
LISTEN/NOTIFY,3,2.755
LISTEN/NOTIFY,3,2.858
LISTEN/NOTIFY,3,2.79
LISTEN/NOTIFY,3,2.669
LISTEN/NOTIFY,3,2.792
LISTEN/NOTIFY,3,2.952
LISTEN/NOTIFY,3,2.805
LISTEN/NOTIFY,3,2.739
LISTEN/NOTIFY,3,2.73
LISTEN/NOTIFY,3,2.906
LISTEN/NOTIFY,3,3.127
LISTEN/NOTIFY,3,3.172
LISTEN/NOTIFY,3,2.904
LISTEN/NOTIFY,3,2.661
LISTEN/NOTIFY,3,2.803
LISTEN/NOTIFY,3,2.787
LISTEN/NOTIFY,3,2.679
LISTEN/NOTIFY,3,2.805
LISTEN/NOTIFY,3,2.746
LISTEN/NOTIFY,3,2.195
LISTEN/NOTIFY,3,2.602
LISTEN/NOTIFY,3,2.856
LISTEN/NOTIFY,3,21.524
LISTEN/NOTIFY,3,22.02
LISTEN/NOTIFY,3,17.15
LISTEN/NOTIFY,3,11.807
LISTEN/NOTIFY,3,9.334
LISTEN/NOTIFY,3,5.863
LISTEN/NOTIFY,3,5.448
LISTEN/NOTIFY,3,4.349
LISTEN/NOTIFY,3,3.359
LISTEN/NOTIFY,3,2.935
LISTEN/NOTIFY,3,2.793
LISTEN/NOTIFY,3,2.971
LISTEN/NOTIFY,3,3.109
LISTEN/NOTIFY,3,2.861
LISTEN/NOTIFY,3,3.075
LISTEN/NOTIFY,3,2.936
LISTEN/NOTIFY,3,2.933
LISTEN/NOTIFY,3,2.92
LISTEN/NOTIFY,3,2.696
LISTEN/NOTIFY,3,2.817
LISTEN/NOTIFY,3,2.935
LISTEN/NOTIFY,3,2.754
LISTEN/NOTIFY,3,2.581
LISTEN/NOTIFY,3,2.398
LISTEN/NOTIFY,3,2.597
LISTEN/NOTIFY,3,2.526
LISTEN/NOTIFY,3,2.916
LISTEN/NOTIFY,3,3.091
LISTEN/NOTIFY,3,2.912
LISTEN/NOTIFY,3,2.924
LISTEN/NOTIFY,3,2.677
LISTEN/NOTIFY,3,3.041
LISTEN/NOTIFY,3,2.86
LISTEN/NOTIFY,3,2.8
LISTEN/NOTIFY,3,2.5
LISTEN/NOTIFY,3,2.348
LISTEN/NOTIFY,3,2.821
LISTEN/NOTIFY,3,2.816
LISTEN/NOTIFY,3,2.766
LISTEN/NOTIFY,3,2.493
LISTEN/NOTIFY,3,2.66
LISTEN/NOTIFY,3,2.956
LISTEN/NOTIFY,3,2.885
LISTEN/NOTIFY,3,2.868
LISTEN/NOTIFY,3,2.752
LISTEN/NOTIFY,3,3.033
LISTEN/NOTIFY,3,2.746
LISTEN/NOTIFY,3,2.8
LISTEN/NOTIFY,3,2.637
LISTEN/NOTIFY,3,2.524
LISTEN/NOTIFY,3,2.598
LISTEN/NOTIFY,3,2.736
LISTEN/NOTIFY,3,2.795
LISTEN/NOTIFY,3,2.769
LISTEN/NOTIFY,3,2.593
LISTEN/NOTIFY,3,2.848
LISTEN/NOTIFY,3,2.753
LISTEN/NOTIFY,3,2.822
LISTEN/NOTIFY,3,2.847
LISTEN/NOTIFY,3,2.873
LISTEN/NOTIFY,3,18.455
LISTEN/NOTIFY,3,17.723
LISTEN/NOTIFY,3,12.732
LISTEN/NOTIFY,3,7.519
LISTEN/NOTIFY,3,6.629
LISTEN/NOTIFY,3,5.976
LISTEN/NOTIFY,3,5.095
LISTEN/NOTIFY,3,4.935
LISTEN/NOTIFY,3,3.855
LISTEN/NOTIFY,3,3.341
LISTEN/NOTIFY,3,2.875
LISTEN/NOTIFY,3,2.892
LISTEN/NOTIFY,3,3.214
LISTEN/NOTIFY,3,2.871
LISTEN/NOTIFY,3,2.736
LISTEN/NOTIFY,3,2.755
LISTEN/NOTIFY,3,2.715
LISTEN/NOTIFY,3,2.646
LISTEN/NOTIFY,3,2.58
LISTEN/NOTIFY,3,2.913
LISTEN/NOTIFY,3,2.833
LISTEN/NOTIFY,3,2.832
LISTEN/NOTIFY,3,2.86
LISTEN/NOTIFY,3,2.679
LISTEN/NOTIFY,3,2.958
LISTEN/NOTIFY,3,2.733
LISTEN/NOTIFY,3,2.832
LISTEN/NOTIFY,3,2.587
LISTEN/NOTIFY,3,2.391
LISTEN/NOTIFY,3,2.872
LISTEN/NOTIFY,3,2.587
LISTEN/NOTIFY,3,2.623
LISTEN/NOTIFY,3,2.669
LISTEN/NOTIFY,3,2.462
LISTEN/NOTIFY,3,2.849
LISTEN/NOTIFY,3,2.929
LISTEN/NOTIFY,3,2.98
LISTEN/NOTIFY,3,2.834
LISTEN/NOTIFY,3,2.821
LISTEN/NOTIFY,3,3.027
LISTEN/NOTIFY,3,2.878
LISTEN/NOTIFY,3,2.722
LISTEN/NOTIFY,3,2.737
LISTEN/NOTIFY,3,2.834
LISTEN/NOTIFY,3,2.674
LISTEN/NOTIFY,3,2.511
LISTEN/NOTIFY,3,2.983
LISTEN/NOTIFY,3,2.947
LISTEN/NOTIFY,3,3.669
LISTEN/NOTIFY,3,2.96
LISTEN/NOTIFY,3,3.007
LISTEN/NOTIFY,3,2.982
LISTEN/NOTIFY,3,2.912
LISTEN/NOTIFY,3,2.99
LISTEN/NOTIFY,3,2.969
LISTEN/NOTIFY,3,2.893
LISTEN/NOTIFY,3,2.787
LISTEN/NOTIFY,3,21.752
LISTEN/NOTIFY,3,21.427
LISTEN/NOTIFY,3,16.217
LISTEN/NOTIFY,3,11.081
LISTEN/NOTIFY,3,6.538
LISTEN/NOTIFY,3,5.691
LISTEN/NOTIFY,3,5.4
LISTEN/NOTIFY,3,4.677
LISTEN/NOTIFY,3,4.56
LISTEN/NOTIFY,3,4.221
LISTEN/NOTIFY,3,3.316
LISTEN/NOTIFY,3,3.086
LISTEN/NOTIFY,3,2.871
LISTEN/NOTIFY,3,3.155
LISTEN/NOTIFY,3,2.809
LISTEN/NOTIFY,3,2.984
LISTEN/NOTIFY,3,2.765
LISTEN/NOTIFY,3,2.826
LISTEN/NOTIFY,3,2.842
LISTEN/NOTIFY,3,2.771
LISTEN/NOTIFY,3,3.137
LISTEN/NOTIFY,3,2.98
LISTEN/NOTIFY,3,2.793
LISTEN/NOTIFY,3,2.723
LISTEN/NOTIFY,3,2.719
LISTEN/NOTIFY,3,2.794
LISTEN/NOTIFY,3,2.755
LISTEN/NOTIFY,3,2.497
LISTEN/NOTIFY,3,2.739
LISTEN/NOTIFY,3,3.07
LISTEN/NOTIFY,3,2.993
LISTEN/NOTIFY,3,2.867
LISTEN/NOTIFY,3,2.861
LISTEN/NOTIFY,3,2.926
LISTEN/NOTIFY,3,2.748
LISTEN/NOTIFY,3,2.975
LISTEN/NOTIFY,3,2.886
LISTEN/NOTIFY,3,2.756
LISTEN/NOTIFY,3,2.765
LISTEN/NOTIFY,3,2.823
LISTEN/NOTIFY,3,2.916
LISTEN/NOTIFY,3,2.825
LISTEN/NOTIFY,3,2.775
LISTEN/NOTIFY,3,2.924
LISTEN/NOTIFY,3,2.896
LISTEN/NOTIFY,3,2.699
LISTEN/NOTIFY,3,2.544
LISTEN/NOTIFY,3,2.708
LISTEN/NOTIFY,3,2.553
LISTEN/NOTIFY,3,2.772
LISTEN/NOTIFY,3,2.897
LISTEN/NOTIFY,3,2.112
LISTEN/NOTIFY,3,2.218
LISTEN/NOTIFY,3,2.023
LISTEN/NOTIFY,3,2.84
LISTEN/NOTIFY,3,2.815
LISTEN/NOTIFY,3,2.826
LISTEN/NOTIFY,3,2.774
LISTEN/NOTIFY,3,2.858
LISTEN/NOTIFY,3,3.09
LISTEN/NOTIFY,3,2.818
LISTEN/NOTIFY,3,21.726
LISTEN/NOTIFY,3,17.201
LISTEN/NOTIFY,3,16.238
LISTEN/NOTIFY,3,11.421
LISTEN/NOTIFY,3,4.292
LISTEN/NOTIFY,3,5.539
LISTEN/NOTIFY,3,4.107
LISTEN/NOTIFY,3,3.807
LISTEN/NOTIFY,3,2.94
LISTEN/NOTIFY,3,2.813
LISTEN/NOTIFY,3,2.797
LISTEN/NOTIFY,3,2.925
LISTEN/NOTIFY,3,2.759
LISTEN/NOTIFY,3,2.91
LISTEN/NOTIFY,3,3.072
LISTEN/NOTIFY,3,3.035
LISTEN/NOTIFY,3,2.779
poll 1 s,4,322.876
poll 1 s,4,317.554
poll 1 s,4,312.715
poll 1 s,4,307.568
poll 1 s,4,302.548
poll 1 s,4,297.29
poll 1 s,4,292.451
poll 1 s,4,287.412
poll 1 s,4,282.413
poll 1 s,4,277.255
poll 1 s,4,272.833
poll 1 s,4,267.649
poll 1 s,4,262.737
poll 1 s,4,257.552
poll 1 s,4,252.359
poll 1 s,4,247.893
poll 1 s,4,242.723
poll 1 s,4,237.164
poll 1 s,4,232.714
poll 1 s,4,227.624
poll 1 s,4,222.791
poll 1 s,4,217.328
poll 1 s,4,212.363
poll 1 s,4,207.762
poll 1 s,4,202.548
poll 1 s,4,197.407
poll 1 s,4,192.422
poll 1 s,4,187.688
poll 1 s,4,182.643
poll 1 s,4,177.494
poll 1 s,4,172.314
poll 1 s,4,167.778
poll 1 s,4,162.536
poll 1 s,4,157.571
poll 1 s,4,152.326
poll 1 s,4,147.709
poll 1 s,4,142.552
poll 1 s,4,137.457
poll 1 s,4,132.589
poll 1 s,4,127.413
poll 1 s,4,122.585
poll 1 s,4,117.409
poll 1 s,4,112.368
poll 1 s,4,107.41
poll 1 s,4,102.363
poll 1 s,4,97.416
poll 1 s,4,92.2
poll 1 s,4,87.179
poll 1 s,4,82.257
poll 1 s,4,77.512
poll 1 s,4,72.258
poll 1 s,4,67.424
poll 1 s,4,62.379
poll 1 s,4,57.158
poll 1 s,4,52.208
poll 1 s,4,47.156
poll 1 s,4,42.46
poll 1 s,4,37.693
poll 1 s,4,32.695
poll 1 s,4,27.643
poll 1 s,4,22.51
poll 1 s,4,17.074
poll 1 s,4,17.113
poll 1 s,4,11.901
poll 1 s,4,7.36
poll 1 s,4,2.401
poll 1 s,4,1003.637
poll 1 s,4,998.544
poll 1 s,4,993.388
poll 1 s,4,988.663
poll 1 s,4,983.671
poll 1 s,4,978.603
poll 1 s,4,973.805
poll 1 s,4,968.619
poll 1 s,4,963.506
poll 1 s,4,958.709
poll 1 s,4,953.644
poll 1 s,4,948.456
poll 1 s,4,943.428
poll 1 s,4,938.444
poll 1 s,4,933.189
poll 1 s,4,928.727
poll 1 s,4,923.679
poll 1 s,4,918.52
poll 1 s,4,913.576
poll 1 s,4,908.447
poll 1 s,4,903.348
poll 1 s,4,898.757
poll 1 s,4,893.512
poll 1 s,4,888.611
poll 1 s,4,883.47
poll 1 s,4,878.309
poll 1 s,4,873.873
poll 1 s,4,868.58
poll 1 s,4,863.674
poll 1 s,4,858.718
poll 1 s,4,853.161
poll 1 s,4,848.352
poll 1 s,4,843.794
poll 1 s,4,838.692
poll 1 s,4,833.737
poll 1 s,4,828.215
poll 1 s,4,823.104
poll 1 s,4,818.467
poll 1 s,4,813.199
poll 1 s,4,808.467
poll 1 s,4,803.329
poll 1 s,4,798.715
poll 1 s,4,793.435
poll 1 s,4,788.244
poll 1 s,4,783.712
poll 1 s,4,778.561
poll 1 s,4,773.525
poll 1 s,4,768.432
poll 1 s,4,763.234
poll 1 s,4,758.2
poll 1 s,4,753.4
poll 1 s,4,748.485
poll 1 s,4,743.579
poll 1 s,4,738.14
poll 1 s,4,733.306
poll 1 s,4,728.124
poll 1 s,4,723.07
poll 1 s,4,718.505
poll 1 s,4,712.97
poll 1 s,4,708.513
poll 1 s,4,703.464
poll 1 s,4,698.12
poll 1 s,4,693.289
poll 1 s,4,688.216
poll 1 s,4,683.436
poll 1 s,4,678.267
poll 1 s,4,673.263
poll 1 s,4,668.4
poll 1 s,4,663.338
poll 1 s,4,658.089
poll 1 s,4,653.339
poll 1 s,4,648.583
poll 1 s,4,643.44
poll 1 s,4,638.242
poll 1 s,4,633.344
poll 1 s,4,628.44
poll 1 s,4,623.518
poll 1 s,4,618.197
poll 1 s,4,613.509
poll 1 s,4,608.502
poll 1 s,4,603.218
poll 1 s,4,598.563
poll 1 s,4,593.262
poll 1 s,4,588.569
poll 1 s,4,583.491
poll 1 s,4,578.231
poll 1 s,4,573.591
poll 1 s,4,568.421
poll 1 s,4,563.049
poll 1 s,4,558.675
poll 1 s,4,553.616
poll 1 s,4,548.646
poll 1 s,4,543.289
poll 1 s,4,538.208
poll 1 s,4,533.281
poll 1 s,4,528.584
poll 1 s,4,523.103
poll 1 s,4,518.329
poll 1 s,4,513.16
poll 1 s,4,508.329
poll 1 s,4,510.274
poll 1 s,4,505.184
poll 1 s,4,499.946
poll 1 s,4,495.32
poll 1 s,4,489.643
poll 1 s,4,484.861
poll 1 s,4,480.196
poll 1 s,4,475.134
poll 1 s,4,469.826
poll 1 s,4,464.894
poll 1 s,4,460.022
poll 1 s,4,454.963
poll 1 s,4,449.8
poll 1 s,4,445.279
poll 1 s,4,440.08
poll 1 s,4,434.941
poll 1 s,4,429.689
poll 1 s,4,425.216
poll 1 s,4,420.184
poll 1 s,4,415.059
poll 1 s,4,409.916
poll 1 s,4,405.36
poll 1 s,4,399.924
poll 1 s,4,394.868
poll 1 s,4,390.14
poll 1 s,4,385.015
poll 1 s,4,379.75
poll 1 s,4,375.086
poll 1 s,4,369.73
poll 1 s,4,364.993
poll 1 s,4,359.951
poll 1 s,4,354.934
poll 1 s,4,349.902
poll 1 s,4,345.212
poll 1 s,4,339.991
poll 1 s,4,334.829
poll 1 s,4,330.146
poll 1 s,4,324.922
poll 1 s,4,319.858
poll 1 s,4,315.316
poll 1 s,4,309.859
poll 1 s,4,305.044
poll 1 s,4,299.872
poll 1 s,4,294.848
poll 1 s,4,289.975
poll 1 s,4,284.683
poll 1 s,4,280.011
poll 1 s,4,275.066
poll 1 s,4,269.716
poll 1 s,4,265.361
poll 1 s,4,260.172
poll 1 s,4,255.107
poll 1 s,4,249.92
poll 1 s,4,245.21
poll 1 s,4,240.121
poll 1 s,4,234.643
poll 1 s,4,229.971
poll 1 s,4,224.929
poll 1 s,4,219.97
poll 1 s,4,215.0
poll 1 s,4,209.84
poll 1 s,4,205.139
poll 1 s,4,199.839
poll 1 s,4,195.121
poll 1 s,4,190.053
poll 1 s,4,184.859
poll 1 s,4,179.776
poll 1 s,4,175.02
poll 1 s,4,169.774
poll 1 s,4,164.784
poll 1 s,4,160.207
poll 1 s,4,154.982
poll 1 s,4,149.798
poll 1 s,4,145.254
poll 1 s,4,139.938
poll 1 s,4,135.128
poll 1 s,4,129.72
poll 1 s,4,124.607
poll 1 s,4,119.893
poll 1 s,4,114.778
poll 1 s,4,109.778
poll 1 s,4,105.018
poll 1 s,4,99.862
poll 1 s,4,94.894
poll 1 s,4,89.885
poll 1 s,4,84.954
poll 1 s,4,79.53
poll 1 s,4,74.83
poll 1 s,4,69.804
poll 1 s,4,64.48
poll 1 s,4,60.022
poll 1 s,4,53.39
poll 1 s,4,50.187
poll 1 s,4,44.772
poll 1 s,4,39.816
poll 1 s,4,34.865
poll 1 s,4,29.764
poll 1 s,4,24.987
poll 1 s,4,20.061
poll 1 s,4,14.924
poll 1 s,4,15.093
poll 1 s,4,10.067
poll 1 s,4,4.614
poll 1 s,4,1006.033
poll 1 s,4,1001.275
poll 1 s,4,996.428
poll 1 s,4,991.303
poll 1 s,4,986.396
poll 1 s,4,981.318
poll 1 s,4,976.225
poll 1 s,4,971.263
poll 1 s,4,966.254
poll 1 s,4,961.401
poll 1 s,4,956.187
poll 1 s,4,951.135
poll 1 s,4,946.026
poll 1 s,4,941.449
poll 1 s,4,936.388
poll 1 s,4,930.951
poll 1 s,4,926.121
poll 1 s,4,921.169
poll 1 s,4,916.626
poll 1 s,4,911.358
poll 1 s,4,906.268
poll 1 s,4,901.393
poll 1 s,4,896.455
poll 1 s,4,891.152
poll 1 s,4,885.872
poll 1 s,4,881.422
poll 1 s,4,876.187
poll 1 s,4,871.366
poll 1 s,4,866.142
poll 1 s,4,861.441
poll 1 s,4,855.978
poll 1 s,4,850.922
poll 1 s,4,846.406
poll 1 s,4,841.138
poll 1 s,4,836.068
poll 1 s,4,831.388
poll 1 s,4,826.264
poll 1 s,4,821.58
poll 1 s,4,816.324
poll 1 s,4,811.084
poll 1 s,4,806.592
poll 1 s,4,801.472
poll 1 s,4,796.372
poll 1 s,4,791.163
poll 1 s,4,786.419
poll 1 s,4,781.322
poll 1 s,4,776.222
poll 1 s,4,771.118
poll 1 s,4,766.35
poll 1 s,4,761.623
poll 1 s,4,756.409
poll 1 s,4,751.472
poll 1 s,4,746.511
poll 1 s,4,741.562
poll 1 s,4,736.161
poll 1 s,4,731.241
poll 1 s,4,726.371
poll 1 s,4,721.238
poll 1 s,4,716.319
poll 1 s,4,711.288
poll 1 s,4,706.038
poll 1 s,4,701.668
poll 1 s,4,696.453
poll 1 s,4,691.254
poll 1 s,4,686.112
poll 1 s,4,681.03
poll 1 s,4,675.89
poll 1 s,4,671.158
poll 1 s,4,666.305
poll 1 s,4,661.006
poll 1 s,4,656.484
poll 1 s,4,651.551
poll 1 s,4,646.489
poll 1 s,4,641.424
poll 1 s,4,636.19
poll 1 s,4,631.416
poll 1 s,4,626.538
poll 1 s,4,621.44
poll 1 s,4,616.114
poll 1 s,4,610.998
poll 1 s,4,606.452
poll 1 s,4,601.116
poll 1 s,4,596.122
poll 1 s,4,590.939
poll 1 s,4,585.966
poll 1 s,4,581.275
poll 1 s,4,576.113
poll 1 s,4,571.221
poll 1 s,4,566.292
poll 1 s,4,561.626
poll 1 s,4,556.368
poll 1 s,4,541.476
poll 1 s,4,551.283
poll 1 s,4,546.676
poll 1 s,4,535.18
poll 1 s,4,531.53
poll 1 s,4,526.715
poll 1 s,4,521.329
poll 1 s,4,516.639
poll 1 s,4,511.351
poll 1 s,4,512.82
poll 1 s,4,507.505
poll 1 s,4,503.049
poll 1 s,4,497.906
poll 1 s,4,492.919
poll 1 s,4,487.431
poll 1 s,4,482.817
poll 1 s,4,477.992
poll 1 s,4,472.861
poll 1 s,4,467.721
poll 1 s,4,462.559
poll 1 s,4,457.699
poll 1 s,4,453.079
poll 1 s,4,447.965
poll 1 s,4,442.786
poll 1 s,4,437.766
poll 1 s,4,432.733
poll 1 s,4,427.55
poll 1 s,4,422.994
poll 1 s,4,417.95
poll 1 s,4,412.814
poll 1 s,4,407.764
poll 1 s,4,402.617
poll 1 s,4,398.046
poll 1 s,4,392.788
poll 1 s,4,387.612
poll 1 s,4,382.581
poll 1 s,4,377.889
poll 1 s,4,372.656
poll 1 s,4,367.905
poll 1 s,4,362.878
poll 1 s,4,357.576
poll 1 s,4,352.644
poll 1 s,4,347.519
poll 1 s,4,342.822
poll 1 s,4,337.769
poll 1 s,4,332.753
poll 1 s,4,327.808
poll 1 s,4,322.662
poll 1 s,4,317.888
poll 1 s,4,312.863
poll 1 s,4,307.421
poll 1 s,4,302.709
poll 1 s,4,297.912
poll 1 s,4,292.789
poll 1 s,4,287.693
poll 1 s,4,282.613
poll 1 s,4,278.14
poll 1 s,4,272.974
poll 1 s,4,267.862
poll 1 s,4,262.731
poll 1 s,4,257.782
poll 1 s,4,252.46
poll 1 s,4,247.992
poll 1 s,4,242.847
poll 1 s,4,237.739
poll 1 s,4,232.891
poll 1 s,4,227.67
poll 1 s,4,222.555
poll 1 s,4,217.596
poll 1 s,4,212.656
poll 1 s,4,207.504
poll 1 s,4,203.057
poll 1 s,4,197.784
poll 1 s,4,192.557
poll 1 s,4,187.689
poll 1 s,4,182.572
poll 1 s,4,177.574
poll 1 s,4,172.902
poll 1 s,4,167.652
poll 1 s,4,162.205
poll 1 s,4,157.795
poll 1 s,4,152.642
poll 1 s,4,147.866
poll 1 s,4,142.496
poll 1 s,4,137.421
poll 1 s,4,132.929
poll 1 s,4,127.696
poll 1 s,4,122.776
poll 1 s,4,117.474
poll 1 s,4,112.382
poll 1 s,4,107.437
poll 1 s,4,102.689
poll 1 s,4,97.634
poll 1 s,4,92.476
poll 1 s,4,87.346
poll 1 s,4,82.736
poll 1 s,4,77.327
poll 1 s,4,72.21
poll 1 s,4,67.456
poll 1 s,4,62.351
poll 1 s,4,57.63
poll 1 s,4,52.268
poll 1 s,4,47.556
poll 1 s,4,42.564
poll 1 s,4,37.676
poll 1 s,4,32.938
poll 1 s,4,17.54
poll 1 s,4,17.962
poll 1 s,4,27.601
poll 1 s,4,22.526
poll 1 s,4,9.908
poll 1 s,4,7.557
poll 1 s,4,2.511
poll 1 s,4,1004.658
poll 1 s,4,999.099
poll 1 s,4,994.672
poll 1 s,4,989.59
poll 1 s,4,984.472
poll 1 s,4,979.744
poll 1 s,4,974.589
poll 1 s,4,969.743
poll 1 s,4,964.905
poll 1 s,4,959.654
poll 1 s,4,954.988
poll 1 s,4,949.882
poll 1 s,4,944.583
poll 1 s,4,939.606
poll 1 s,4,934.868
poll 1 s,4,929.756
poll 1 s,4,924.45
poll 1 s,4,919.947
poll 1 s,4,914.566
poll 1 s,4,909.82
poll 1 s,4,904.729
poll 1 s,4,900.061
poll 1 s,4,894.813
poll 1 s,4,889.523
poll 1 s,4,884.882
poll 1 s,4,879.557
poll 1 s,4,874.441
poll 1 s,4,869.994
poll 1 s,4,864.804
poll 1 s,4,859.438
poll 1 s,4,854.981
poll 1 s,4,849.975
poll 1 s,4,844.815
poll 1 s,4,839.746
poll 1 s,4,834.944
poll 1 s,4,829.723
poll 1 s,4,824.829
poll 1 s,4,820.015
poll 1 s,4,814.754
poll 1 s,4,809.698
poll 1 s,4,804.309
poll 1 s,4,800.096
poll 1 s,4,794.928
poll 1 s,4,790.032
poll 1 s,4,785.078
poll 1 s,4,779.537
poll 1 s,4,774.773
poll 1 s,4,769.664
poll 1 s,4,764.551
poll 1 s,4,759.875
poll 1 s,4,754.718
poll 1 s,4,749.45
poll 1 s,4,744.879
poll 1 s,4,740.03
poll 1 s,4,734.94
poll 1 s,4,729.86
poll 1 s,4,724.701
poll 1 s,4,719.684
poll 1 s,4,714.489
poll 1 s,4,709.73
poll 1 s,4,704.315
poll 1 s,4,700.141
poll 1 s,4,695.046
poll 1 s,4,689.608
poll 1 s,4,684.883
poll 1 s,4,679.896
poll 1 s,4,674.827
poll 1 s,4,669.617
poll 1 s,4,664.589
poll 1 s,4,659.794
poll 1 s,4,654.41
poll 1 s,4,649.614
poll 1 s,4,645.151
poll 1 s,4,639.691
poll 1 s,4,634.776
poll 1 s,4,629.844
poll 1 s,4,624.699
poll 1 s,4,619.524
poll 1 s,4,614.982
poll 1 s,4,609.879
poll 1 s,4,604.635
poll 1 s,4,599.318
poll 1 s,4,594.598
poll 1 s,4,589.37
poll 1 s,4,584.315
poll 1 s,4,579.139
poll 1 s,4,574.817
poll 1 s,4,569.72
poll 1 s,4,564.588
poll 1 s,4,559.776
poll 1 s,4,554.322
poll 1 s,4,549.776
poll 1 s,4,544.516
poll 1 s,4,539.93
poll 1 s,4,523.949
poll 1 s,4,529.376
poll 1 s,4,534.626
poll 1 s,4,518.514
poll 1 s,4,514.857
poll 1 s,4,509.771
poll 1 s,4,511.739
poll 1 s,4,506.925
poll 1 s,4,502.242
poll 1 s,4,497.256
poll 1 s,4,492.091
poll 1 s,4,487.412
poll 1 s,4,482.123
poll 1 s,4,476.974
poll 1 s,4,472.444
poll 1 s,4,467.122
poll 1 s,4,461.993
poll 1 s,4,456.822
poll 1 s,4,451.964
poll 1 s,4,447.219
poll 1 s,4,442.049
poll 1 s,4,436.799
poll 1 s,4,432.069
poll 1 s,4,427.035
poll 1 s,4,422.153
poll 1 s,4,416.842
poll 1 s,4,411.558
poll 1 s,4,407.043
poll 1 s,4,402.012
poll 1 s,4,397.349
poll 1 s,4,392.126
poll 1 s,4,386.974
poll 1 s,4,382.021
poll 1 s,4,377.052
poll 1 s,4,371.97
poll 1 s,4,366.963
poll 1 s,4,362.218
poll 1 s,4,357.107
poll 1 s,4,352.56
poll 1 s,4,347.426
poll 1 s,4,342.308
poll 1 s,4,337.252
poll 1 s,4,332.047
poll 1 s,4,327.067
poll 1 s,4,322.025
poll 1 s,4,317.236
poll 1 s,4,311.61
poll 1 s,4,307.09
poll 1 s,4,301.948
poll 1 s,4,297.164
poll 1 s,4,291.618
poll 1 s,4,286.904
poll 1 s,4,282.365
poll 1 s,4,277.203
poll 1 s,4,272.478
poll 1 s,4,267.301
poll 1 s,4,261.95
poll 1 s,4,257.254
poll 1 s,4,252.054
poll 1 s,4,247.325
poll 1 s,4,242.073
poll 1 s,4,236.764
poll 1 s,4,232.188
poll 1 s,4,227.056
poll 1 s,4,222.377
poll 1 s,4,216.865
poll 1 s,4,211.604
poll 1 s,4,207.388
poll 1 s,4,201.828
poll 1 s,4,196.985
poll 1 s,4,191.76
poll 1 s,4,187.012
poll 1 s,4,182.121
poll 1 s,4,177.093
poll 1 s,4,172.094
poll 1 s,4,167.128
poll 1 s,4,162.462
poll 1 s,4,157.296
poll 1 s,4,152.22
poll 1 s,4,147.079
poll 1 s,4,142.019
poll 1 s,4,137.274
poll 1 s,4,132.35
poll 1 s,4,127.251
poll 1 s,4,122.218
poll 1 s,4,116.99
poll 1 s,4,112.493
poll 1 s,4,107.321
poll 1 s,4,101.883
poll 1 s,4,97.504
poll 1 s,4,92.429
poll 1 s,4,87.093
poll 1 s,4,82.409
poll 1 s,4,77.226
poll 1 s,4,71.987
poll 1 s,4,67.417
poll 1 s,4,62.086
poll 1 s,4,56.982
poll 1 s,4,52.444
poll 1 s,4,47.414
poll 1 s,4,42.207
poll 1 s,4,36.887
poll 1 s,4,32.205
poll 1 s,4,26.901
poll 1 s,4,22.491
poll 1 s,4,17.195
poll 1 s,4,11.616
poll 1 s,4,16.622
poll 1 s,4,5.895
poll 1 s,4,1008.037
poll 1 s,4,1003.196
poll 1 s,4,997.988
poll 1 s,4,992.824
poll 1 s,4,987.975
poll 1 s,4,983.217
poll 1 s,4,978.083
poll 1 s,4,972.826
poll 1 s,4,968.166
poll 1 s,4,963.281
poll 1 s,4,958.061
poll 1 s,4,952.755
poll 1 s,4,947.785
poll 1 s,4,942.928
poll 1 s,4,937.959
poll 1 s,4,933.168
poll 1 s,4,928.303
poll 1 s,4,923.359
poll 1 s,4,918.173
poll 1 s,4,913.054
poll 1 s,4,908.386
poll 1 s,4,903.339
poll 1 s,4,898.339
poll 1 s,4,893.321
poll 1 s,4,887.778
poll 1 s,4,882.886
poll 1 s,4,878.139
poll 1 s,4,873.191
poll 1 s,4,868.17
poll 1 s,4,862.964
poll 1 s,4,857.919
poll 1 s,4,853.343
poll 1 s,4,848.231
poll 1 s,4,843.029
poll 1 s,4,837.867
poll 1 s,4,832.844
poll 1 s,4,827.556
poll 1 s,4,822.756
poll 1 s,4,817.823
poll 1 s,4,812.969
poll 1 s,4,807.903
poll 1 s,4,802.861
poll 1 s,4,798.24
poll 1 s,4,793.145
poll 1 s,4,787.833
poll 1 s,4,783.242
poll 1 s,4,778.189
poll 1 s,4,773.124
poll 1 s,4,767.994
poll 1 s,4,763.218
poll 1 s,4,757.699
poll 1 s,4,752.801
poll 1 s,4,747.741
poll 1 s,4,743.125
poll 1 s,4,737.974
poll 1 s,4,733.078
poll 1 s,4,727.903
poll 1 s,4,722.957
poll 1 s,4,717.989
poll 1 s,4,712.936
poll 1 s,4,707.992
poll 1 s,4,702.884
poll 1 s,4,697.926
poll 1 s,4,692.945
poll 1 s,4,688.094
poll 1 s,4,683.007
poll 1 s,4,677.908
poll 1 s,4,673.315
poll 1 s,4,668.163
poll 1 s,4,663.415
poll 1 s,4,658.201
poll 1 s,4,653.047
poll 1 s,4,647.939
poll 1 s,4,642.883
poll 1 s,4,638.065
poll 1 s,4,633.044
poll 1 s,4,627.603
poll 1 s,4,623.173
poll 1 s,4,617.553
poll 1 s,4,613.029
poll 1 s,4,608.355
poll 1 s,4,602.95
poll 1 s,4,598.28
poll 1 s,4,593.133
poll 1 s,4,588.364
poll 1 s,4,582.914
poll 1 s,4,578.214
poll 1 s,4,572.861
poll 1 s,4,567.801
poll 1 s,4,563.019
poll 1 s,4,557.769
poll 1 s,4,552.658
poll 1 s,4,548.229
poll 1 s,4,543.056
poll 1 s,4,538.231
poll 1 s,4,533.022
poll 1 s,4,528.144
poll 1 s,4,523.243
poll 1 s,4,518.038
poll 1 s,4,513.136
poll 1 s,4,504.836
poll 1 s,4,514.767
poll 1 s,4,509.71
poll 1 s,4,498.576
poll 1 s,4,494.81
poll 1 s,4,489.717
poll 1 s,4,484.938
poll 1 s,4,479.93
poll 1 s,4,474.653
poll 1 s,4,469.975
poll 1 s,4,464.953
poll 1 s,4,459.416
poll 1 s,4,454.873
poll 1 s,4,449.645
poll 1 s,4,444.927
poll 1 s,4,439.402
poll 1 s,4,434.651
poll 1 s,4,429.69
poll 1 s,4,425.051
poll 1 s,4,419.77
poll 1 s,4,414.702
poll 1 s,4,409.873
poll 1 s,4,404.819
poll 1 s,4,399.684
poll 1 s,4,394.814
poll 1 s,4,389.675
poll 1 s,4,384.888
poll 1 s,4,379.938
poll 1 s,4,375.076
poll 1 s,4,369.934
poll 1 s,4,364.814
poll 1 s,4,360.029
poll 1 s,4,354.771
poll 1 s,4,349.579
poll 1 s,4,345.232
poll 1 s,4,339.804
poll 1 s,4,334.772
poll 1 s,4,329.836
poll 1 s,4,324.817
poll 1 s,4,319.966
poll 1 s,4,314.856
poll 1 s,4,309.968
poll 1 s,4,304.776
poll 1 s,4,299.625
poll 1 s,4,294.952
poll 1 s,4,289.724
poll 1 s,4,285.133
poll 1 s,4,279.887
poll 1 s,4,274.815
poll 1 s,4,270.009
poll 1 s,4,264.907
poll 1 s,4,259.978
poll 1 s,4,254.767
poll 1 s,4,250.105
poll 1 s,4,244.896
poll 1 s,4,239.646
poll 1 s,4,234.984
poll 1 s,4,229.491
poll 1 s,4,225.255
poll 1 s,4,219.973
poll 1 s,4,214.768
poll 1 s,4,209.971
poll 1 s,4,204.831
poll 1 s,4,199.902
poll 1 s,4,194.971
poll 1 s,4,189.673
poll 1 s,4,185.059
poll 1 s,4,179.612
poll 1 s,4,174.762
poll 1 s,4,169.801
poll 1 s,4,164.704
poll 1 s,4,160.033
poll 1 s,4,154.919
poll 1 s,4,149.859
poll 1 s,4,144.837
poll 1 s,4,139.906
poll 1 s,4,134.479
poll 1 s,4,129.918
poll 1 s,4,124.942
poll 1 s,4,119.767
poll 1 s,4,114.647
poll 1 s,4,109.79
poll 1 s,4,104.725
poll 1 s,4,99.566
poll 1 s,4,95.077
poll 1 s,4,89.904
poll 1 s,4,84.883
poll 1 s,4,79.689
poll 1 s,4,74.731
poll 1 s,4,69.715
poll 1 s,4,64.697
poll 1 s,4,59.626
poll 1 s,4,54.647
poll 1 s,4,49.634
poll 1 s,4,44.892
poll 1 s,4,39.705
poll 1 s,4,34.988
poll 1 s,4,29.978
poll 1 s,4,24.841
poll 1 s,4,19.841
poll 1 s,4,18.982
poll 1 s,4,14.296
poll 1 s,4,9.101
poll 1 s,4,3.833
poll 1 s,4,1005.368
poll 1 s,4,1000.161
poll 1 s,4,995.187
poll 1 s,4,989.674
poll 1 s,4,985.432
poll 1 s,4,980.185
poll 1 s,4,975.025
poll 1 s,4,970.35
poll 1 s,4,965.021
poll 1 s,4,959.904
poll 1 s,4,954.955
poll 1 s,4,949.667
poll 1 s,4,945.109
poll 1 s,4,939.818
poll 1 s,4,935.284
poll 1 s,4,930.109
poll 1 s,4,924.646
poll 1 s,4,919.954
poll 1 s,4,915.029
poll 1 s,4,910.008
poll 1 s,4,904.985
poll 1 s,4,899.727
poll 1 s,4,895.065
poll 1 s,4,889.883
poll 1 s,4,885.102
poll 1 s,4,879.864
poll 1 s,4,874.639
poll 1 s,4,870.327
poll 1 s,4,865.154
poll 1 s,4,860.401
poll 1 s,4,855.067
poll 1 s,4,850.31
poll 1 s,4,845.13
poll 1 s,4,839.873
poll 1 s,4,835.475
poll 1 s,4,830.029
poll 1 s,4,824.888
poll 1 s,4,820.184
poll 1 s,4,814.719
poll 1 s,4,809.686
poll 1 s,4,805.106
poll 1 s,4,799.754
poll 1 s,4,794.833
poll 1 s,4,790.072
poll 1 s,4,784.598
poll 1 s,4,779.977
poll 1 s,4,774.915
poll 1 s,4,770.343
poll 1 s,4,764.746
poll 1 s,4,760.054
poll 1 s,4,754.89
poll 1 s,4,749.69
poll 1 s,4,745.407
poll 1 s,4,739.934
poll 1 s,4,735.217
poll 1 s,4,730.136
poll 1 s,4,724.884
poll 1 s,4,720.318
poll 1 s,4,715.301
poll 1 s,4,710.251
poll 1 s,4,705.299
poll 1 s,4,699.787
poll 1 s,4,695.311
poll 1 s,4,690.166
poll 1 s,4,685.271
poll 1 s,4,679.945
poll 1 s,4,675.175
poll 1 s,4,669.953
poll 1 s,4,664.719
poll 1 s,4,660.226
poll 1 s,4,654.779
poll 1 s,4,650.496
poll 1 s,4,645.107
poll 1 s,4,640.114
poll 1 s,4,634.936
poll 1 s,4,629.977
poll 1 s,4,625.132
poll 1 s,4,620.391
poll 1 s,4,615.36
poll 1 s,4,610.112
poll 1 s,4,605.13
poll 1 s,4,600.002
poll 1 s,4,595.298
poll 1 s,4,590.01
poll 1 s,4,585.18
poll 1 s,4,580.02
poll 1 s,4,575.123
poll 1 s,4,570.04
poll 1 s,4,564.971
poll 1 s,4,560.212
poll 1 s,4,555.288
poll 1 s,4,550.026
poll 1 s,4,545.189
poll 1 s,4,540.065
poll 1 s,4,535.007
poll 1 s,4,530.248
poll 1 s,4,525.387
poll 1 s,4,520.198
poll 1 s,4,515.047
poll 1 s,4,510.491
poll 1 s,4,510.562
poll 1 s,4,505.844
poll 1 s,4,500.616
poll 1 s,4,495.819
poll 1 s,4,490.912
poll 1 s,4,485.466
poll 1 s,4,481.074
poll 1 s,4,475.662
poll 1 s,4,470.517
poll 1 s,4,465.965
poll 1 s,4,460.703
poll 1 s,4,455.619
poll 1 s,4,451.0
poll 1 s,4,445.692
poll 1 s,4,440.799
poll 1 s,4,435.634
poll 1 s,4,430.669
poll 1 s,4,425.831
poll 1 s,4,420.338
poll 1 s,4,416.019
poll 1 s,4,410.968
poll 1 s,4,405.898
poll 1 s,4,400.822
poll 1 s,4,395.39
poll 1 s,4,390.884
poll 1 s,4,385.665
poll 1 s,4,380.457
poll 1 s,4,375.864
poll 1 s,4,370.823
poll 1 s,4,365.547
poll 1 s,4,360.215
poll 1 s,4,355.545
poll 1 s,4,350.728
poll 1 s,4,345.751
poll 1 s,4,340.527
poll 1 s,4,335.601
poll 1 s,4,330.83
poll 1 s,4,325.71
poll 1 s,4,320.7
poll 1 s,4,315.671
poll 1 s,4,310.906
poll 1 s,4,305.647
poll 1 s,4,300.586
poll 1 s,4,295.294
poll 1 s,4,290.623
poll 1 s,4,285.485
poll 1 s,4,280.555
poll 1 s,4,276.057
poll 1 s,4,270.932
poll 1 s,4,265.837
poll 1 s,4,260.79
poll 1 s,4,255.721
poll 1 s,4,250.905
poll 1 s,4,245.591
poll 1 s,4,240.296
poll 1 s,4,235.409
poll 1 s,4,230.914
poll 1 s,4,225.708
poll 1 s,4,220.474
poll 1 s,4,215.761
poll 1 s,4,210.571
poll 1 s,4,205.604
poll 1 s,4,200.471
poll 1 s,4,195.764
poll 1 s,4,190.655
poll 1 s,4,185.435
poll 1 s,4,180.922
poll 1 s,4,175.941
poll 1 s,4,170.565
poll 1 s,4,166.018
poll 1 s,4,160.788
poll 1 s,4,155.859
poll 1 s,4,150.696
poll 1 s,4,145.397
poll 1 s,4,140.983
poll 1 s,4,136.068
poll 1 s,4,130.963
poll 1 s,4,125.756
poll 1 s,4,120.66
poll 1 s,4,115.696
poll 1 s,4,111.045
poll 1 s,4,105.894
poll 1 s,4,100.741
poll 1 s,4,95.453
poll 1 s,4,90.93
poll 1 s,4,85.989
poll 1 s,4,80.826
poll 1 s,4,76.085
poll 1 s,4,70.823
poll 1 s,4,65.763
poll 1 s,4,61.07
poll 1 s,4,55.804
poll 1 s,4,50.656
poll 1 s,4,45.48
poll 1 s,4,40.682
poll 1 s,4,35.689
poll 1 s,4,30.234
poll 1 s,4,26.049
poll 1 s,4,20.702
poll 1 s,4,15.919
poll 1 s,4,15.008
poll 1 s,4,10.196
poll 1 s,4,5.156
poll 1 s,4,1023.003
poll 1 s,4,1008.116
poll 1 s,4,1013.106
poll 1 s,4,1018.327
poll 1 s,4,1002.21
poll 1 s,4,998.172
poll 1 s,4,992.694
poll 1 s,4,987.87
poll 1 s,4,983.375
poll 1 s,4,978.057
poll 1 s,4,972.895
poll 1 s,4,968.211
poll 1 s,4,963.127
poll 1 s,4,958.274
poll 1 s,4,953.137
poll 1 s,4,948.085
poll 1 s,4,943.246
poll 1 s,4,938.136
poll 1 s,4,933.001
poll 1 s,4,927.829
poll 1 s,4,923.396
poll 1 s,4,918.205
poll 1 s,4,913.125
poll 1 s,4,907.915
poll 1 s,4,903.032
poll 1 s,4,898.173
poll 1 s,4,893.148
poll 1 s,4,887.502
poll 1 s,4,882.993
poll 1 s,4,877.978
poll 1 s,4,872.89
poll 1 s,4,868.306
poll 1 s,4,862.712
poll 1 s,4,858.082
poll 1 s,4,852.808
poll 1 s,4,847.937
poll 1 s,4,843.126
poll 1 s,4,837.898
poll 1 s,4,833.19
poll 1 s,4,828.007
poll 1 s,4,823.064
poll 1 s,4,818.048
poll 1 s,4,812.704
poll 1 s,4,808.402
poll 1 s,4,803.275
poll 1 s,4,798.246
poll 1 s,4,793.274
poll 1 s,4,788.118
poll 1 s,4,783.232
poll 1 s,4,778.117
poll 1 s,4,773.026
poll 1 s,4,768.234
poll 1 s,4,762.905
poll 1 s,4,758.22
poll 1 s,4,753.008
poll 1 s,4,748.491
poll 1 s,4,743.42
poll 1 s,4,738.299
poll 1 s,4,732.912
poll 1 s,4,727.972
poll 1 s,4,723.319
poll 1 s,4,718.122
poll 1 s,4,713.031
poll 1 s,4,708.256
poll 1 s,4,703.065
poll 1 s,4,698.295
poll 1 s,4,693.022
poll 1 s,4,688.078
poll 1 s,4,682.941
poll 1 s,4,678.195
poll 1 s,4,672.96
poll 1 s,4,667.947
poll 1 s,4,663.107
poll 1 s,4,657.968
poll 1 s,4,653.152
poll 1 s,4,648.332
poll 1 s,4,643.253
poll 1 s,4,637.748
poll 1 s,4,633.151
poll 1 s,4,627.99
poll 1 s,4,623.318
poll 1 s,4,618.399
poll 1 s,4,613.016
poll 1 s,4,608.113
poll 1 s,4,602.757
poll 1 s,4,597.473
poll 1 s,4,593.318
poll 1 s,4,588.304
poll 1 s,4,583.096
poll 1 s,4,578.1
poll 1 s,4,573.029
poll 1 s,4,567.968
poll 1 s,4,562.792
poll 1 s,4,558.424
poll 1 s,4,553.185
poll 1 s,4,547.942
poll 1 s,4,543.139
poll 1 s,4,537.786
poll 1 s,4,532.94
poll 1 s,4,528.419
poll 1 s,4,528.67
poll 1 s,4,523.721
poll 1 s,4,518.86
poll 1 s,4,513.769
poll 1 s,4,508.683
poll 1 s,4,493.777
poll 1 s,4,498.544
poll 1 s,4,503.526
poll 1 s,4,487.582
poll 1 s,4,483.805
poll 1 s,4,478.373
poll 1 s,4,473.624
poll 1 s,4,468.474
poll 1 s,4,463.389
poll 1 s,4,458.333
poll 1 s,4,453.644
poll 1 s,4,448.522
poll 1 s,4,443.486
poll 1 s,4,438.776
poll 1 s,4,433.864
poll 1 s,4,428.352
poll 1 s,4,423.765
poll 1 s,4,418.772
poll 1 s,4,413.617
poll 1 s,4,408.359
poll 1 s,4,403.681
poll 1 s,4,398.537
poll 1 s,4,393.307
poll 1 s,4,388.599
poll 1 s,4,383.466
poll 1 s,4,378.477
poll 1 s,4,373.929
poll 1 s,4,368.792
poll 1 s,4,363.593
poll 1 s,4,358.4
poll 1 s,4,353.576
poll 1 s,4,348.547
poll 1 s,4,343.312
poll 1 s,4,338.429
poll 1 s,4,333.833
poll 1 s,4,328.747
poll 1 s,4,323.496
poll 1 s,4,318.092
poll 1 s,4,313.788
poll 1 s,4,308.779
poll 1 s,4,303.749
poll 1 s,4,298.585
poll 1 s,4,293.45
poll 1 s,4,288.81
poll 1 s,4,283.773
poll 1 s,4,278.595
poll 1 s,4,273.591
poll 1 s,4,268.59
poll 1 s,4,263.827
poll 1 s,4,258.736
poll 1 s,4,253.349
poll 1 s,4,248.376
poll 1 s,4,243.729
poll 1 s,4,238.472
poll 1 s,4,233.474
poll 1 s,4,228.847
poll 1 s,4,223.721
poll 1 s,4,218.691
poll 1 s,4,213.813
poll 1 s,4,208.432
poll 1 s,4,203.557
poll 1 s,4,198.439
poll 1 s,4,193.735
poll 1 s,4,188.703
poll 1 s,4,183.477
poll 1 s,4,178.048
poll 1 s,4,173.484
poll 1 s,4,168.66
poll 1 s,4,163.546
poll 1 s,4,158.46
poll 1 s,4,153.799
poll 1 s,4,148.649
poll 1 s,4,143.408
poll 1 s,4,138.462
poll 1 s,4,133.418
poll 1 s,4,128.38
poll 1 s,4,123.655
poll 1 s,4,118.893
poll 1 s,4,113.75
poll 1 s,4,108.768
poll 1 s,4,103.641
poll 1 s,4,98.868
poll 1 s,4,93.882
poll 1 s,4,88.609
poll 1 s,4,83.723
poll 1 s,4,78.61
poll 1 s,4,73.732
poll 1 s,4,68.679
poll 1 s,4,63.666
poll 1 s,4,58.392
poll 1 s,4,53.249
poll 1 s,4,47.861
poll 1 s,4,43.8
poll 1 s,4,38.372
poll 1 s,4,33.804
poll 1 s,4,32.906
poll 1 s,4,27.888
poll 1 s,4,22.765
poll 1 s,4,17.644
poll 1 s,4,12.57
poll 1 s,4,7.986
poll 1 s,4,2.759
poll 1 s,4,1003.36
poll 1 s,4,998.07
poll 1 s,4,993.338
poll 1 s,4,988.427
poll 1 s,4,978.343
poll 1 s,4,982.873
poll 1 s,4,972.627
poll 1 s,4,968.34
poll 1 s,4,963.324
poll 1 s,4,958.089
poll 1 s,4,953.507
poll 1 s,4,948.028
poll 1 s,4,943.226
poll 1 s,4,938.127
poll 1 s,4,933.0
poll 1 s,4,928.005
poll 1 s,4,923.412
poll 1 s,4,918.365
poll 1 s,4,913.216
poll 1 s,4,908.075
poll 1 s,4,903.325
poll 1 s,4,898.002
poll 1 s,4,893.331
poll 1 s,4,888.291
poll 1 s,4,883.231
poll 1 s,4,877.996
poll 1 s,4,873.217
poll 1 s,4,868.166
poll 1 s,4,863.233
poll 1 s,4,857.898
poll 1 s,4,853.294
poll 1 s,4,848.283
poll 1 s,4,842.849
poll 1 s,4,838.51
poll 1 s,4,833.277
poll 1 s,4,828.211
poll 1 s,4,823.365
poll 1 s,4,818.368
poll 1 s,4,813.159
poll 1 s,4,808.195
poll 1 s,4,803.437
poll 1 s,4,797.974
poll 1 s,4,793.437
poll 1 s,4,788.155
poll 1 s,4,783.578
poll 1 s,4,778.534
poll 1 s,4,773.008
poll 1 s,4,768.32
poll 1 s,4,763.161
poll 1 s,4,758.26
poll 1 s,4,753.101
poll 1 s,4,748.018
poll 1 s,4,743.392
poll 1 s,4,738.316
poll 1 s,4,733.208
poll 1 s,4,728.285
poll 1 s,4,723.001
poll 1 s,4,718.123
poll 1 s,4,712.271
poll 1 s,4,708.424
poll 1 s,4,703.443
poll 1 s,4,698.257
poll 1 s,4,693.194
poll 1 s,4,688.05
poll 1 s,4,683.611
poll 1 s,4,678.064
poll 1 s,4,673.19
poll 1 s,4,667.812
poll 1 s,4,663.514
poll 1 s,4,658.021
poll 1 s,4,653.218
poll 1 s,4,647.768
poll 1 s,4,642.891
poll 1 s,4,637.739
poll 1 s,4,632.95
poll 1 s,4,627.962
poll 1 s,4,623.554
poll 1 s,4,618.441
poll 1 s,4,612.795
poll 1 s,4,608.155
poll 1 s,4,602.695
poll 1 s,4,597.71
poll 1 s,4,593.395
poll 1 s,4,588.213
poll 1 s,4,583.098
poll 1 s,4,578.148
poll 1 s,4,573.041
poll 1 s,4,568.023
poll 1 s,4,563.343
poll 1 s,4,558.087
poll 1 s,4,553.097
poll 1 s,4,548.122
poll 1 s,4,543.32
poll 1 s,4,538.327
poll 1 s,4,533.215
poll 1 s,4,528.113
poll 1 s,4,523.04
poll 1 s,4,518.342
poll 1 s,4,513.182
poll 1 s,4,508.351
poll 1 s,4,509.271
poll 1 s,4,504.032
poll 1 s,4,498.804
poll 1 s,4,494.118
poll 1 s,4,489.224
poll 1 s,4,483.894
poll 1 s,4,478.905
poll 1 s,4,474.039
poll 1 s,4,454.298
poll 1 s,4,459.209
poll 1 s,4,464.233
poll 1 s,4,468.786
poll 1 s,4,449.438
poll 1 s,4,444.007
poll 1 s,4,439.169
poll 1 s,4,433.758
poll 1 s,4,429.21
poll 1 s,4,423.776
poll 1 s,4,418.889
poll 1 s,4,414.29
poll 1 s,4,409.256
poll 1 s,4,404.174
poll 1 s,4,398.981
poll 1 s,4,394.24
poll 1 s,4,389.18
poll 1 s,4,384.136
poll 1 s,4,379.064
poll 1 s,4,374.034
poll 1 s,4,368.79
poll 1 s,4,364.159
poll 1 s,4,358.823
poll 1 s,4,354.291
poll 1 s,4,349.354
poll 1 s,4,344.102
poll 1 s,4,338.748
poll 1 s,4,333.957
poll 1 s,4,329.383
poll 1 s,4,324.332
poll 1 s,4,319.18
poll 1 s,4,314.145
poll 1 s,4,309.023
poll 1 s,4,304.101
poll 1 s,4,299.216
poll 1 s,4,293.89
poll 1 s,4,288.798
poll 1 s,4,283.965
poll 1 s,4,279.226
poll 1 s,4,274.238
poll 1 s,4,269.202
poll 1 s,4,264.286
poll 1 s,4,259.17
poll 1 s,4,254.222
poll 1 s,4,248.788
poll 1 s,4,244.173
poll 1 s,4,238.915
poll 1 s,4,234.236
poll 1 s,4,229.306
poll 1 s,4,224.232
poll 1 s,4,219.164
poll 1 s,4,214.195
poll 1 s,4,209.256
poll 1 s,4,203.949
poll 1 s,4,199.079
poll 1 s,4,193.91
poll 1 s,4,189.308
poll 1 s,4,184.032
poll 1 s,4,179.469
poll 1 s,4,174.199
poll 1 s,4,168.913
poll 1 s,4,163.992
poll 1 s,4,158.926
poll 1 s,4,153.9
poll 1 s,4,149.294
poll 1 s,4,144.252
poll 1 s,4,139.188
poll 1 s,4,133.986
poll 1 s,4,129.03
poll 1 s,4,124.009
poll 1 s,4,119.321
poll 1 s,4,114.187
poll 1 s,4,109.102
poll 1 s,4,103.991
poll 1 s,4,98.487
poll 1 s,4,94.347
poll 1 s,4,89.026
poll 1 s,4,84.119
poll 1 s,4,79.178
poll 1 s,4,73.992
poll 1 s,4,68.99
poll 1 s,4,64.206
poll 1 s,4,58.73
poll 1 s,4,54.269
poll 1 s,4,49.286
poll 1 s,4,44.068
poll 1 s,4,39.023
poll 1 s,4,33.774
poll 1 s,4,28.916
poll 1 s,4,23.751
poll 1 s,4,18.882
poll 1 s,4,14.256
poll 1 s,4,13.388
poll 1 s,4,8.384
poll 1 s,4,3.215
poll 1 s,4,1005.06
poll 1 s,4,999.912
poll 1 s,4,995.12
poll 1 s,4,989.893
poll 1 s,4,984.623
poll 1 s,4,979.976
poll 1 s,4,974.92
poll 1 s,4,969.661
poll 1 s,4,964.936
poll 1 s,4,959.892
poll 1 s,4,950.035
poll 1 s,4,939.903
poll 1 s,4,944.902
poll 1 s,4,955.052
poll 1 s,4,933.655
poll 1 s,4,930.246
poll 1 s,4,924.895
poll 1 s,4,919.87
poll 1 s,4,914.861
poll 1 s,4,909.64
poll 1 s,4,904.629
poll 1 s,4,899.755
poll 1 s,4,894.627
poll 1 s,4,889.983
poll 1 s,4,884.916
poll 1 s,4,879.974
poll 1 s,4,874.831
poll 1 s,4,870.133
poll 1 s,4,864.92
poll 1 s,4,859.445
poll 1 s,4,854.566
poll 1 s,4,849.975
poll 1 s,4,845.126
poll 1 s,4,840.206
poll 1 s,4,834.61
poll 1 s,4,829.828
poll 1 s,4,824.591
poll 1 s,4,819.787
poll 1 s,4,815.107
poll 1 s,4,809.913
poll 1 s,4,804.87
poll 1 s,4,799.583
poll 1 s,4,795.135
poll 1 s,4,789.964
poll 1 s,4,784.89
poll 1 s,4,779.822
poll 1 s,4,774.573
poll 1 s,4,769.703
poll 1 s,4,765.126
poll 1 s,4,759.846
poll 1 s,4,754.875
poll 1 s,4,749.755
poll 1 s,4,744.625
poll 1 s,4,740.142
poll 1 s,4,734.509
poll 1 s,4,729.98
poll 1 s,4,724.781
poll 1 s,4,719.834
poll 1 s,4,714.406
poll 1 s,4,709.935
poll 1 s,4,704.855
poll 1 s,4,699.708
poll 1 s,4,695.09
poll 1 s,4,689.809
poll 1 s,4,684.737
poll 1 s,4,679.865
poll 1 s,4,675.071
poll 1 s,4,669.979
poll 1 s,4,664.866
poll 1 s,4,659.963
poll 1 s,4,654.93
poll 1 s,4,649.686
poll 1 s,4,645.069
poll 1 s,4,640.099
poll 1 s,4,634.548
poll 1 s,4,629.792
poll 1 s,4,624.604
poll 1 s,4,620.146
poll 1 s,4,614.628
poll 1 s,4,610.046
poll 1 s,4,604.749
poll 1 s,4,599.757
poll 1 s,4,594.715
poll 1 s,4,590.01
poll 1 s,4,585.026
poll 1 s,4,580.133
poll 1 s,4,575.028
poll 1 s,4,569.747
poll 1 s,4,564.822
poll 1 s,4,559.783
poll 1 s,4,554.593
poll 1 s,4,550.065
poll 1 s,4,544.984
poll 1 s,4,539.823
poll 1 s,4,535.024
poll 1 s,4,529.464
poll 1 s,4,525.018
poll 1 s,4,519.98
poll 1 s,4,514.731
poll 1 s,4,509.635
poll 1 s,4,509.429
poll 1 s,4,504.615
poll 1 s,4,499.727
poll 1 s,4,494.54
poll 1 s,4,489.797
poll 1 s,4,484.722
poll 1 s,4,469.634
poll 1 s,4,479.39
poll 1 s,4,474.882
poll 1 s,4,463.927
poll 1 s,4,459.585
poll 1 s,4,454.33
poll 1 s,4,449.878
poll 1 s,4,444.629
poll 1 s,4,439.523
poll 1 s,4,434.959
poll 1 s,4,429.872
poll 1 s,4,424.735
poll 1 s,4,419.592
poll 1 s,4,414.612
poll 1 s,4,409.363
poll 1 s,4,404.318
poll 1 s,4,399.599
poll 1 s,4,394.374
poll 1 s,4,389.749
poll 1 s,4,384.799
poll 1 s,4,379.472
poll 1 s,4,374.8
poll 1 s,4,369.567
poll 1 s,4,364.347
poll 1 s,4,359.797
poll 1 s,4,354.502
poll 1 s,4,349.697
poll 1 s,4,344.674
poll 1 s,4,339.261
poll 1 s,4,334.921
poll 1 s,4,329.674
poll 1 s,4,324.445
poll 1 s,4,319.548
poll 1 s,4,314.383
poll 1 s,4,309.873
poll 1 s,4,304.848
poll 1 s,4,299.771
poll 1 s,4,294.422
poll 1 s,4,289.831
poll 1 s,4,284.845
poll 1 s,4,279.685
poll 1 s,4,274.529
poll 1 s,4,269.581
poll 1 s,4,264.498
poll 1 s,4,259.929
poll 1 s,4,254.893
poll 1 s,4,249.532
poll 1 s,4,244.486
poll 1 s,4,239.852
poll 1 s,4,234.769
poll 1 s,4,229.533
poll 1 s,4,224.549
poll 1 s,4,218.985
poll 1 s,4,214.718
poll 1 s,4,209.541
poll 1 s,4,204.692
poll 1 s,4,199.623
poll 1 s,4,194.067
poll 1 s,4,189.367
poll 1 s,4,184.051
poll 1 s,4,179.444
poll 1 s,4,173.992
poll 1 s,4,169.617
poll 1 s,4,164.275
poll 1 s,4,159.826
poll 1 s,4,154.356
poll 1 s,4,149.506
poll 1 s,4,144.453
poll 1 s,4,139.748
poll 1 s,4,134.488
poll 1 s,4,129.616
poll 1 s,4,124.538
poll 1 s,4,119.521
poll 1 s,4,114.569
poll 1 s,4,109.539
poll 1 s,4,104.936
poll 1 s,4,99.84
poll 1 s,4,94.811
poll 1 s,4,89.427
poll 1 s,4,84.567
poll 1 s,4,79.689
poll 1 s,4,74.703
poll 1 s,4,69.592
poll 1 s,4,64.336
poll 1 s,4,59.76
poll 1 s,4,54.85
poll 1 s,4,49.577
poll 1 s,4,44.479
poll 1 s,4,39.464
poll 1 s,4,34.867
poll 1 s,4,29.346
poll 1 s,4,24.361
poll 1 s,4,19.392
poll 1 s,4,14.21
poll 1 s,4,14.195
poll 1 s,4,8.889
poll 1 s,4,4.079
poll 1 s,4,1004.919
poll 1 s,4,1000.25
poll 1 s,4,995.072
poll 1 s,4,990.412
poll 1 s,4,984.96
poll 1 s,4,979.745
poll 1 s,4,975.094
poll 1 s,4,970.07
poll 1 s,4,965.309
poll 1 s,4,958.801
poll 1 s,4,955.138
poll 1 s,4,950.045
poll 1 s,4,944.881
poll 1 s,4,940.306
poll 1 s,4,935.239
poll 1 s,4,930.016
poll 1 s,4,925.149
poll 1 s,4,920.059
poll 1 s,4,914.929
poll 1 s,4,909.447
poll 1 s,4,904.898
poll 1 s,4,900.142
poll 1 s,4,895.217
poll 1 s,4,890.357
poll 1 s,4,884.93
poll 1 s,4,880.343
poll 1 s,4,875.216
poll 1 s,4,870.192
poll 1 s,4,865.005
poll 1 s,4,859.995
poll 1 s,4,855.177
poll 1 s,4,850.107
poll 1 s,4,844.766
poll 1 s,4,839.833
poll 1 s,4,835.124
poll 1 s,4,830.148
poll 1 s,4,824.943
poll 1 s,4,820.021
poll 1 s,4,815.319
poll 1 s,4,810.331
poll 1 s,4,805.305
poll 1 s,4,800.253
poll 1 s,4,794.936
poll 1 s,4,789.949
poll 1 s,4,785.04
poll 1 s,4,780.269
poll 1 s,4,775.035
poll 1 s,4,770.281
poll 1 s,4,764.97
poll 1 s,4,759.385
poll 1 s,4,755.079
poll 1 s,4,750.067
poll 1 s,4,744.99
poll 1 s,4,739.92
poll 1 s,4,735.328
poll 1 s,4,730.274
poll 1 s,4,724.979
poll 1 s,4,720.146
poll 1 s,4,715.229
poll 1 s,4,710.045
poll 1 s,4,704.874
poll 1 s,4,700.28
poll 1 s,4,694.797
poll 1 s,4,690.016
poll 1 s,4,684.949
poll 1 s,4,680.229
poll 1 s,4,675.274
poll 1 s,4,669.63
poll 1 s,4,665.09
poll 1 s,4,660.078
poll 1 s,4,655.289
poll 1 s,4,650.29
poll 1 s,4,645.058
poll 1 s,4,640.14
poll 1 s,4,634.97
poll 1 s,4,630.122
poll 1 s,4,625.03
poll 1 s,4,620.285
poll 1 s,4,614.936
poll 1 s,4,609.915
poll 1 s,4,604.892
poll 1 s,4,600.332
poll 1 s,4,595.341
poll 1 s,4,590.183
poll 1 s,4,585.103
poll 1 s,4,580.007
poll 1 s,4,574.944
poll 1 s,4,570.019
poll 1 s,4,565.036
poll 1 s,4,560.28
poll 1 s,4,555.227
poll 1 s,4,550.32
poll 1 s,4,544.966
poll 1 s,4,540.063
poll 1 s,4,535.003
poll 1 s,4,529.717
poll 1 s,4,524.781
poll 1 s,4,520.299
poll 1 s,4,515.234
poll 1 s,4,510.041
poll 1 s,4,509.246
poll 1 s,4,504.327
poll 1 s,4,499.252
poll 1 s,4,494.669
poll 100 ms,4,74.083
poll 100 ms,4,68.742
poll 100 ms,4,64.264
poll 100 ms,4,58.883
poll 100 ms,4,54.262
poll 100 ms,4,48.841
poll 100 ms,4,44.238
poll 100 ms,4,39.017
poll 100 ms,4,34.326
poll 100 ms,4,28.784
poll 100 ms,4,24.316
poll 100 ms,4,19.013
poll 100 ms,4,14.066
poll 100 ms,4,9.301
poll 100 ms,4,4.043
poll 100 ms,4,122.349
poll 100 ms,4,117.117
poll 100 ms,4,107.662
poll 100 ms,4,112.12
poll 100 ms,4,102.509
poll 100 ms,4,97.462
poll 100 ms,4,92.245
poll 100 ms,4,87.695
poll 100 ms,4,82.642
poll 100 ms,4,77.709
poll 100 ms,4,72.573
poll 100 ms,4,67.482
poll 100 ms,4,62.394
poll 100 ms,4,57.678
poll 100 ms,4,52.399
poll 100 ms,4,47.495
poll 100 ms,4,42.27
poll 100 ms,4,37.273
poll 100 ms,4,32.743
poll 100 ms,4,27.685
poll 100 ms,4,22.458
poll 100 ms,4,17.334
poll 100 ms,4,12.326
poll 100 ms,4,7.549
poll 100 ms,4,2.499
poll 100 ms,4,102.429
poll 100 ms,4,97.492
poll 100 ms,4,92.308
poll 100 ms,4,87.333
poll 100 ms,4,82.146
poll 100 ms,4,77.658
poll 100 ms,4,72.472
poll 100 ms,4,67.187
poll 100 ms,4,62.484
poll 100 ms,4,57.345
poll 100 ms,4,52.56
poll 100 ms,4,47.468
poll 100 ms,4,42.218
poll 100 ms,4,37.195
poll 100 ms,4,32.566
poll 100 ms,4,27.523
poll 100 ms,4,22.088
poll 100 ms,4,17.704
poll 100 ms,4,12.468
poll 100 ms,4,7.431
poll 100 ms,4,2.469
poll 100 ms,4,101.802
poll 100 ms,4,96.675
poll 100 ms,4,91.585
poll 100 ms,4,87.023
poll 100 ms,4,81.963
poll 100 ms,4,76.922
poll 100 ms,4,71.807
poll 100 ms,4,66.821
poll 100 ms,4,61.903
poll 100 ms,4,56.6
poll 100 ms,4,52.052
poll 100 ms,4,46.857
poll 100 ms,4,41.559
poll 100 ms,4,36.8
poll 100 ms,4,32.093
poll 100 ms,4,26.784
poll 100 ms,4,21.972
poll 100 ms,4,16.871
poll 100 ms,4,11.806
poll 100 ms,4,7.026
poll 100 ms,4,1.923
poll 100 ms,4,101.288
poll 100 ms,4,96.178
poll 100 ms,4,91.115
poll 100 ms,4,86.557
poll 100 ms,4,81.427
poll 100 ms,4,76.007
poll 100 ms,4,71.224
poll 100 ms,4,66.298
poll 100 ms,4,61.133
poll 100 ms,4,56.333
poll 100 ms,4,51.645
poll 100 ms,4,46.343
poll 100 ms,4,41.251
poll 100 ms,4,36.105
poll 100 ms,4,31.436
poll 100 ms,4,26.638
poll 100 ms,4,21.322
poll 100 ms,4,16.13
poll 100 ms,4,11.459
poll 100 ms,4,6.03
poll 100 ms,4,1.623
poll 100 ms,4,101.874
poll 100 ms,4,96.858
poll 100 ms,4,91.77
poll 100 ms,4,87.122
poll 100 ms,4,82.082
poll 100 ms,4,76.585
poll 100 ms,4,71.728
poll 100 ms,4,66.668
poll 100 ms,4,61.851
poll 100 ms,4,56.963
poll 100 ms,4,46.737
poll 100 ms,4,52.121
poll 100 ms,4,40.988
poll 100 ms,4,36.675
poll 100 ms,4,32.141
poll 100 ms,4,27.104
poll 100 ms,4,21.908
poll 100 ms,4,16.91
poll 100 ms,4,11.774
poll 100 ms,4,6.68
poll 100 ms,4,2.059
poll 100 ms,4,102.006
poll 100 ms,4,97.043
poll 100 ms,4,91.936
poll 100 ms,4,87.288
poll 100 ms,4,82.166
poll 100 ms,4,77.06
poll 100 ms,4,72.004
poll 100 ms,4,66.85
poll 100 ms,4,61.725
poll 100 ms,4,57.019
poll 100 ms,4,51.835
poll 100 ms,4,46.712
poll 100 ms,4,42.115
poll 100 ms,4,37.182
poll 100 ms,4,31.891
poll 100 ms,4,27.034
poll 100 ms,4,21.968
poll 100 ms,4,16.792
poll 100 ms,4,11.98
poll 100 ms,4,7.154
poll 100 ms,4,1.908
poll 100 ms,4,101.501
poll 100 ms,4,96.994
poll 100 ms,4,92.24
poll 100 ms,4,87.135
poll 100 ms,4,82.095
poll 100 ms,4,77.152
poll 100 ms,4,72.021
poll 100 ms,4,67.139
poll 100 ms,4,62.002
poll 100 ms,4,57.497
poll 100 ms,4,52.278
poll 100 ms,4,47.106
poll 100 ms,4,42.243
poll 100 ms,4,36.974
poll 100 ms,4,32.095
poll 100 ms,4,26.916
poll 100 ms,4,22.32
poll 100 ms,4,17.337
poll 100 ms,4,12.152
poll 100 ms,4,7.113
poll 100 ms,4,1.916
poll 100 ms,4,102.616
poll 100 ms,4,97.502
poll 100 ms,4,92.413
poll 100 ms,4,87.391
poll 100 ms,4,82.452
poll 100 ms,4,77.299
poll 100 ms,4,72.438
poll 100 ms,4,67.246
poll 100 ms,4,62.606
poll 100 ms,4,57.389
poll 100 ms,4,52.332
poll 100 ms,4,47.506
poll 100 ms,4,42.152
poll 100 ms,4,37.675
poll 100 ms,4,32.528
poll 100 ms,4,27.131
poll 100 ms,4,22.409
poll 100 ms,4,17.068
poll 100 ms,4,12.007
poll 100 ms,4,7.494
poll 100 ms,4,2.451
poll 100 ms,4,102.499
poll 100 ms,4,97.473
poll 100 ms,4,92.432
poll 100 ms,4,87.373
poll 100 ms,4,82.521
poll 100 ms,4,77.618
poll 100 ms,4,72.299
poll 100 ms,4,67.518
poll 100 ms,4,62.652
poll 100 ms,4,57.335
poll 100 ms,4,52.367
poll 100 ms,4,47.205
poll 100 ms,4,42.285
poll 100 ms,4,37.696
poll 100 ms,4,32.632
poll 100 ms,4,27.48
poll 100 ms,4,22.404
poll 100 ms,4,17.776
poll 100 ms,4,12.758
poll 100 ms,4,7.586
poll 100 ms,4,2.527
poll 100 ms,4,102.582
poll 100 ms,4,97.517
poll 100 ms,4,92.751
poll 100 ms,4,87.895
poll 100 ms,4,82.544
poll 100 ms,4,67.888
poll 100 ms,4,77.835
poll 100 ms,4,72.392
poll 100 ms,4,61.717
poll 100 ms,4,57.647
poll 100 ms,4,53.056
poll 100 ms,4,47.874
poll 100 ms,4,42.89
poll 100 ms,4,37.709
poll 100 ms,4,32.975
poll 100 ms,4,27.954
poll 100 ms,4,22.607
poll 100 ms,4,17.578
poll 100 ms,4,12.955
poll 100 ms,4,7.657
poll 100 ms,4,2.866
poll 100 ms,4,103.387
poll 100 ms,4,98.499
poll 100 ms,4,93.338
poll 100 ms,4,88.106
poll 100 ms,4,83.231
poll 100 ms,4,78.636
poll 100 ms,4,73.48
poll 100 ms,4,68.358
poll 100 ms,4,63.351
poll 100 ms,4,58.239
poll 100 ms,4,53.148
poll 100 ms,4,47.962
poll 100 ms,4,43.326
poll 100 ms,4,38.207
poll 100 ms,4,33.374
poll 100 ms,4,28.306
poll 100 ms,4,23.456
poll 100 ms,4,18.231
poll 100 ms,4,12.894
poll 100 ms,4,8.222
poll 100 ms,4,3.559
poll 100 ms,4,102.786
poll 100 ms,4,97.706
poll 100 ms,4,92.943
poll 100 ms,4,87.959
poll 100 ms,4,82.967
poll 100 ms,4,77.781
poll 100 ms,4,72.495
poll 100 ms,4,67.928
poll 100 ms,4,62.981
poll 100 ms,4,57.916
poll 100 ms,4,52.786
poll 100 ms,4,47.632
poll 100 ms,4,42.671
poll 100 ms,4,37.949
poll 100 ms,4,32.914
poll 100 ms,4,27.665
poll 100 ms,4,22.779
poll 100 ms,4,17.727
poll 100 ms,4,12.655
poll 100 ms,4,7.971
poll 100 ms,4,2.976
poll 100 ms,4,103.32
poll 100 ms,4,98.523
poll 100 ms,4,93.06
poll 100 ms,4,88.508
poll 100 ms,4,83.811
poll 100 ms,4,78.418
poll 100 ms,4,73.378
poll 100 ms,4,68.562
poll 100 ms,4,63.698
poll 100 ms,4,58.692
poll 100 ms,4,53.395
poll 100 ms,4,48.563
poll 100 ms,4,43.475
poll 100 ms,4,38.627
poll 100 ms,4,33.517
poll 100 ms,4,28.171
poll 100 ms,4,23.917
poll 100 ms,4,18.415
poll 100 ms,4,13.581
poll 100 ms,4,8.636
poll 100 ms,4,3.492
poll 100 ms,4,104.106
poll 100 ms,4,99.148
poll 100 ms,4,94.188
poll 100 ms,4,89.059
poll 100 ms,4,84.51
poll 100 ms,4,79.09
poll 100 ms,4,73.946
poll 100 ms,4,69.35
poll 100 ms,4,64.143
poll 100 ms,4,59.165
poll 100 ms,4,54.242
poll 100 ms,4,49.158
poll 100 ms,4,44.349
poll 100 ms,4,39.133
poll 100 ms,4,34.072
poll 100 ms,4,29.15
poll 100 ms,4,24.528
poll 100 ms,4,19.263
poll 100 ms,4,14.184
poll 100 ms,4,8.933
poll 100 ms,4,4.054
poll 100 ms,4,104.711
poll 100 ms,4,99.504
poll 100 ms,4,94.551
poll 100 ms,4,89.305
poll 100 ms,4,84.479
poll 100 ms,4,79.142
poll 100 ms,4,69.635
poll 100 ms,4,74.799
poll 100 ms,4,63.101
poll 100 ms,4,59.423
poll 100 ms,4,53.935
poll 100 ms,4,49.225
poll 100 ms,4,44.658
poll 100 ms,4,39.598
poll 100 ms,4,34.443
poll 100 ms,4,29.615
poll 100 ms,4,24.381
poll 100 ms,4,19.303
poll 100 ms,4,14.321
poll 100 ms,4,9.483
poll 100 ms,4,4.112
poll 100 ms,4,103.993
poll 100 ms,4,99.276
poll 100 ms,4,94.048
poll 100 ms,4,88.973
poll 100 ms,4,84.489
poll 100 ms,4,79.439
poll 100 ms,4,74.272
poll 100 ms,4,69.076
poll 100 ms,4,64.164
poll 100 ms,4,59.581
poll 100 ms,4,54.297
poll 100 ms,4,49.159
poll 100 ms,4,44.156
poll 100 ms,4,39.611
poll 100 ms,4,34.473
poll 100 ms,4,29.421
poll 100 ms,4,24.476
poll 100 ms,4,19.408
poll 100 ms,4,14.128
poll 100 ms,4,9.246
poll 100 ms,4,4.177
poll 100 ms,4,103.746
poll 100 ms,4,99.355
poll 100 ms,4,94.116
poll 100 ms,4,89.06
poll 100 ms,4,84.198
poll 100 ms,4,79.12
poll 100 ms,4,74.235
poll 100 ms,4,69.13
poll 100 ms,4,64.455
poll 100 ms,4,59.334
poll 100 ms,4,53.97
poll 100 ms,4,48.982
poll 100 ms,4,44.44
poll 100 ms,4,39.386
poll 100 ms,4,34.408
poll 100 ms,4,29.481
poll 100 ms,4,24.45
poll 100 ms,4,19.172
poll 100 ms,4,14.476
poll 100 ms,4,9.202
poll 100 ms,4,4.014
poll 100 ms,4,104.074
poll 100 ms,4,98.619
poll 100 ms,4,93.807
poll 100 ms,4,88.849
poll 100 ms,4,84.104
poll 100 ms,4,79.073
poll 100 ms,4,73.939
poll 100 ms,4,68.997
poll 100 ms,4,64.027
poll 100 ms,4,58.943
poll 100 ms,4,53.823
poll 100 ms,4,48.82
poll 100 ms,4,43.994
poll 100 ms,4,38.813
poll 100 ms,4,33.749
poll 100 ms,4,28.691
poll 100 ms,4,24.026
poll 100 ms,4,18.945
poll 100 ms,4,13.892
poll 100 ms,4,9.109
poll 100 ms,4,4.006
poll 100 ms,4,104.064
poll 100 ms,4,98.965
poll 100 ms,4,93.947
poll 100 ms,4,88.828
poll 100 ms,4,84.121
poll 100 ms,4,79.087
poll 100 ms,4,74.072
poll 100 ms,4,68.985
poll 100 ms,4,64.047
poll 100 ms,4,59.078
poll 100 ms,4,54.006
poll 100 ms,4,49.218
poll 100 ms,4,44.167
poll 100 ms,4,39.039
poll 100 ms,4,33.771
poll 100 ms,4,28.999
poll 100 ms,4,23.982
poll 100 ms,4,18.882
poll 100 ms,4,13.851
poll 100 ms,4,9.235
poll 100 ms,4,4.091
poll 100 ms,4,123.17
poll 100 ms,4,103.128
poll 100 ms,4,113.475
poll 100 ms,4,118.249
poll 100 ms,4,108.141
poll 100 ms,4,98.442
poll 100 ms,4,93.262
poll 100 ms,4,88.474
poll 100 ms,4,83.407
poll 100 ms,4,78.216
poll 100 ms,4,73.106
poll 100 ms,4,68.372
poll 100 ms,4,63.45
poll 100 ms,4,58.383
poll 100 ms,4,53.184
poll 100 ms,4,48.258
poll 100 ms,4,43.209
poll 100 ms,4,38.472
poll 100 ms,4,33.345
poll 100 ms,4,28.298
poll 100 ms,4,23.186
poll 100 ms,4,18.113
poll 100 ms,4,13.033
poll 100 ms,4,8.443
poll 100 ms,4,3.1
poll 100 ms,4,103.56
poll 100 ms,4,98.297
poll 100 ms,4,93.355
poll 100 ms,4,88.136
poll 100 ms,4,82.982
poll 100 ms,4,78.465
poll 100 ms,4,73.177
poll 100 ms,4,68.144
poll 100 ms,4,63.614
poll 100 ms,4,58.395
poll 100 ms,4,53.186
poll 100 ms,4,48.043
poll 100 ms,4,43.48
poll 100 ms,4,38.467
poll 100 ms,4,32.85
poll 100 ms,4,28.421
poll 100 ms,4,23.508
poll 100 ms,4,18.374
poll 100 ms,4,13.122
poll 100 ms,4,8.165
poll 100 ms,4,2.909
poll 100 ms,4,103.767
poll 100 ms,4,99.054
poll 100 ms,4,94.032
poll 100 ms,4,89.469
poll 100 ms,4,84.406
poll 100 ms,4,78.981
poll 100 ms,4,73.951
poll 100 ms,4,69.338
poll 100 ms,4,64.231
poll 100 ms,4,58.962
poll 100 ms,4,53.623
poll 100 ms,4,49.105
poll 100 ms,4,44.008
poll 100 ms,4,38.859
poll 100 ms,4,34.22
poll 100 ms,4,29.115
poll 100 ms,4,24.197
poll 100 ms,4,19.303
poll 100 ms,4,14.166
poll 100 ms,4,9.341
poll 100 ms,4,4.418
poll 100 ms,4,103.536
poll 100 ms,4,98.498
poll 100 ms,4,93.752
poll 100 ms,4,88.904
poll 100 ms,4,83.671
poll 100 ms,4,78.992
poll 100 ms,4,73.749
poll 100 ms,4,68.909
poll 100 ms,4,63.908
poll 100 ms,4,58.907
poll 100 ms,4,53.687
poll 100 ms,4,48.825
poll 100 ms,4,43.735
poll 100 ms,4,38.678
poll 100 ms,4,33.923
poll 100 ms,4,28.656
poll 100 ms,4,23.843
poll 100 ms,4,18.697
poll 100 ms,4,13.679
poll 100 ms,4,8.372
poll 100 ms,4,3.649
poll 100 ms,4,104.593
poll 100 ms,4,99.837
poll 100 ms,4,94.942
poll 100 ms,4,89.653
poll 100 ms,4,84.485
poll 100 ms,4,79.746
poll 100 ms,4,74.467
poll 100 ms,4,69.556
poll 100 ms,4,64.708
poll 100 ms,4,59.707
poll 100 ms,4,54.481
poll 100 ms,4,49.513
poll 100 ms,4,44.763
poll 100 ms,4,39.529
poll 100 ms,4,34.953
poll 100 ms,4,29.754
poll 100 ms,4,24.706
poll 100 ms,4,19.721
poll 100 ms,4,14.524
poll 100 ms,4,9.482
poll 100 ms,4,4.856
poll 100 ms,4,105.207
poll 100 ms,4,100.254
poll 100 ms,4,95.041
poll 100 ms,4,90.037
poll 100 ms,4,84.999
poll 100 ms,4,79.672
poll 100 ms,4,75.292
poll 100 ms,4,70.28
poll 100 ms,4,65.125
poll 100 ms,4,60.005
poll 100 ms,4,54.803
poll 100 ms,4,49.887
poll 100 ms,4,45.235
poll 100 ms,4,40.152
poll 100 ms,4,34.962
poll 100 ms,4,29.922
poll 100 ms,4,24.731
poll 100 ms,4,20.312
poll 100 ms,4,15.286
poll 100 ms,4,9.878
poll 100 ms,4,5.13
poll 100 ms,4,105.334
poll 100 ms,4,100.734
poll 100 ms,4,95.634
poll 100 ms,4,90.332
poll 100 ms,4,85.589
poll 100 ms,4,80.455
poll 100 ms,4,75.572
poll 100 ms,4,70.429
poll 100 ms,4,65.235
poll 100 ms,4,60.697
poll 100 ms,4,55.345
poll 100 ms,4,50.563
poll 100 ms,4,45.429
poll 100 ms,4,40.408
poll 100 ms,4,35.333
poll 100 ms,4,30.326
poll 100 ms,4,25.715
poll 100 ms,4,20.575
poll 100 ms,4,15.304
poll 100 ms,4,10.294
poll 100 ms,4,5.256
poll 100 ms,4,105.106
poll 100 ms,4,100.232
poll 100 ms,4,94.769
poll 100 ms,4,90.022
poll 100 ms,4,85.096
poll 100 ms,4,80.393
poll 100 ms,4,75.335
poll 100 ms,4,70.278
poll 100 ms,4,65.194
poll 100 ms,4,60.029
poll 100 ms,4,54.924
poll 100 ms,4,49.957
poll 100 ms,4,44.889
poll 100 ms,4,40.045
poll 100 ms,4,35.046
poll 100 ms,4,30.345
poll 100 ms,4,25.125
poll 100 ms,4,20.09
poll 100 ms,4,15.289
poll 100 ms,4,10.144
poll 100 ms,4,5.048
poll 100 ms,4,105.555
poll 100 ms,4,100.512
poll 100 ms,4,95.449
poll 100 ms,4,90.396
poll 100 ms,4,85.157
poll 100 ms,4,80.19
poll 100 ms,4,75.08
poll 100 ms,4,70.502
poll 100 ms,4,65.146
poll 100 ms,4,60.414
poll 100 ms,4,55.294
poll 100 ms,4,50.144
poll 100 ms,4,45.122
poll 100 ms,4,40.381
poll 100 ms,4,35.451
poll 100 ms,4,30.459
poll 100 ms,4,25.31
poll 100 ms,4,20.396
poll 100 ms,4,15.292
poll 100 ms,4,10.582
poll 100 ms,4,5.069
poll 100 ms,4,105.01
poll 100 ms,4,100.349
poll 100 ms,4,95.319
poll 100 ms,4,90.233
poll 100 ms,4,84.983
poll 100 ms,4,80.471
poll 100 ms,4,75.46
poll 100 ms,4,70.414
poll 100 ms,4,65.499
poll 100 ms,4,60.175
poll 100 ms,4,55.52
poll 100 ms,4,50.335
poll 100 ms,4,45.3
poll 100 ms,4,40.488
poll 100 ms,4,35.2
poll 100 ms,4,30.066
poll 100 ms,4,25.36
poll 100 ms,4,20.511
poll 100 ms,4,15.37
poll 100 ms,4,10.225
poll 100 ms,4,5.096
poll 100 ms,4,105.143
poll 100 ms,4,100.449
poll 100 ms,4,95.262
poll 100 ms,4,90.224
poll 100 ms,4,85.174
poll 100 ms,4,80.332
poll 100 ms,4,75.171
poll 100 ms,4,70.308
poll 100 ms,4,65.31
poll 100 ms,4,59.936
poll 100 ms,4,54.971
poll 100 ms,4,50.442
poll 100 ms,4,45.332
poll 100 ms,4,40.17
poll 100 ms,4,35.054
poll 100 ms,4,30.381
poll 100 ms,4,25.338
poll 100 ms,4,20.391
poll 100 ms,4,15.242
poll 100 ms,4,10.166
poll 100 ms,4,5.104
poll 100 ms,4,105.307
poll 100 ms,4,100.184
poll 100 ms,4,95.197
poll 100 ms,4,90.086
poll 100 ms,4,84.843
poll 100 ms,4,79.957
poll 100 ms,4,75.244
poll 100 ms,4,70.112
poll 100 ms,4,65.069
poll 100 ms,4,60.095
poll 100 ms,4,55.106
poll 100 ms,4,50.237
poll 100 ms,4,44.909
poll 100 ms,4,39.735
poll 100 ms,4,35.422
poll 100 ms,4,30.069
poll 100 ms,4,25.276
poll 100 ms,4,19.749
poll 100 ms,4,14.644
poll 100 ms,4,10.02
poll 100 ms,4,4.794
poll 100 ms,4,104.798
poll 100 ms,4,99.167
poll 100 ms,4,94.74
poll 100 ms,4,89.666
poll 100 ms,4,84.718
poll 100 ms,4,79.45
poll 100 ms,4,74.296
poll 100 ms,4,69.81
poll 100 ms,4,64.237
poll 100 ms,4,59.616
poll 100 ms,4,54.62
poll 100 ms,4,49.374
poll 100 ms,4,44.324
poll 100 ms,4,39.315
poll 100 ms,4,34.7
poll 100 ms,4,29.611
poll 100 ms,4,24.593
poll 100 ms,4,19.348
poll 100 ms,4,14.325
poll 100 ms,4,9.404
poll 100 ms,4,4.659
poll 100 ms,4,104.527
poll 100 ms,4,99.5
poll 100 ms,4,94.284
poll 100 ms,4,89.425
poll 100 ms,4,84.723
poll 100 ms,4,79.578
poll 100 ms,4,74.394
poll 100 ms,4,69.45
poll 100 ms,4,64.45
poll 100 ms,4,59.659
poll 100 ms,4,54.299
poll 100 ms,4,49.815
poll 100 ms,4,44.665
poll 100 ms,4,39.481
poll 100 ms,4,34.725
poll 100 ms,4,29.486
poll 100 ms,4,24.622
poll 100 ms,4,19.519
poll 100 ms,4,14.445
poll 100 ms,4,9.309
poll 100 ms,4,4.139
poll 100 ms,4,104.435
poll 100 ms,4,99.294
poll 100 ms,4,94.744
poll 100 ms,4,89.328
poll 100 ms,4,84.209
poll 100 ms,4,79.341
poll 100 ms,4,74.686
poll 100 ms,4,69.665
poll 100 ms,4,64.52
poll 100 ms,4,59.064
poll 100 ms,4,49.124
poll 100 ms,4,54.354
poll 100 ms,4,44.682
poll 100 ms,4,39.433
poll 100 ms,4,34.24
poll 100 ms,4,29.41
poll 100 ms,4,24.535
poll 100 ms,4,19.475
poll 100 ms,4,14.409
poll 100 ms,4,9.828
poll 100 ms,4,4.774
poll 100 ms,4,104.504
poll 100 ms,4,99.165
poll 100 ms,4,94.401
poll 100 ms,4,89.47
poll 100 ms,4,84.547
poll 100 ms,4,79.613
poll 100 ms,4,74.375
poll 100 ms,4,69.236
poll 100 ms,4,64.396
poll 100 ms,4,59.166
poll 100 ms,4,54.367
poll 100 ms,4,49.566
poll 100 ms,4,44.654
poll 100 ms,4,39.609
poll 100 ms,4,34.33
poll 100 ms,4,29.316
poll 100 ms,4,24.174
poll 100 ms,4,19.359
poll 100 ms,4,14.504
poll 100 ms,4,9.689
poll 100 ms,4,4.37
poll 100 ms,4,104.84
poll 100 ms,4,99.723
poll 100 ms,4,94.592
poll 100 ms,4,89.823
poll 100 ms,4,84.637
poll 100 ms,4,79.598
poll 100 ms,4,74.583
poll 100 ms,4,69.523
poll 100 ms,4,64.323
poll 100 ms,4,59.842
poll 100 ms,4,54.835
poll 100 ms,4,49.857
poll 100 ms,4,44.468
poll 100 ms,4,39.652
poll 100 ms,4,34.688
poll 100 ms,4,29.566
poll 100 ms,4,24.727
poll 100 ms,4,19.584
poll 100 ms,4,14.687
poll 100 ms,4,9.698
poll 100 ms,4,4.356
poll 100 ms,4,104.838
poll 100 ms,4,99.845
poll 100 ms,4,94.69
poll 100 ms,4,89.263
poll 100 ms,4,84.909
poll 100 ms,4,79.826
poll 100 ms,4,74.462
poll 100 ms,4,69.753
poll 100 ms,4,64.561
poll 100 ms,4,59.76
poll 100 ms,4,54.53
poll 100 ms,4,49.434
poll 100 ms,4,44.376
poll 100 ms,4,39.257
poll 100 ms,4,34.776
poll 100 ms,4,29.71
poll 100 ms,4,24.642
poll 100 ms,4,19.499
poll 100 ms,4,14.606
poll 100 ms,4,9.766
poll 100 ms,4,4.552
poll 100 ms,4,104.655
poll 100 ms,4,100.053
poll 100 ms,4,95.019
poll 100 ms,4,89.934
poll 100 ms,4,84.846
poll 100 ms,4,79.641
poll 100 ms,4,74.63
poll 100 ms,4,70.057
poll 100 ms,4,64.691
poll 100 ms,4,59.955
poll 100 ms,4,54.77
poll 100 ms,4,49.691
poll 100 ms,4,44.543
poll 100 ms,4,39.933
poll 100 ms,4,34.88
poll 100 ms,4,29.772
poll 100 ms,4,24.67
poll 100 ms,4,19.695
poll 100 ms,4,15.033
poll 100 ms,4,10.007
poll 100 ms,4,4.884
poll 100 ms,4,104.091
poll 100 ms,4,99.674
poll 100 ms,4,94.519
poll 100 ms,4,89.308
poll 100 ms,4,84.485
poll 100 ms,4,79.52
poll 100 ms,4,74.406
poll 100 ms,4,69.423
poll 100 ms,4,64.504
poll 100 ms,4,59.127
poll 100 ms,4,54.567
poll 100 ms,4,49.49
poll 100 ms,4,44.434
poll 100 ms,4,39.635
poll 100 ms,4,34.387
poll 100 ms,4,29.727
poll 100 ms,4,24.632
poll 100 ms,4,19.376
poll 100 ms,4,14.686
poll 100 ms,4,8.941
poll 100 ms,4,4.48
poll 100 ms,4,104.935
poll 100 ms,4,99.751
poll 100 ms,4,94.666
poll 100 ms,4,90.081
poll 100 ms,4,85.032
poll 100 ms,4,79.86
poll 100 ms,4,74.841
poll 100 ms,4,69.855
poll 100 ms,4,64.873
poll 100 ms,4,59.613
poll 100 ms,4,54.521
poll 100 ms,4,49.99
poll 100 ms,4,44.762
poll 100 ms,4,39.454
poll 100 ms,4,35.152
poll 100 ms,4,30.087
poll 100 ms,4,24.997
poll 100 ms,4,19.725
poll 100 ms,4,15.112
poll 100 ms,4,9.805
poll 100 ms,4,4.521
poll 100 ms,4,105.17
poll 100 ms,4,99.752
poll 100 ms,4,94.666
poll 100 ms,4,89.797
poll 100 ms,4,84.949
poll 100 ms,4,79.622
poll 100 ms,4,74.654
poll 100 ms,4,69.444
poll 100 ms,4,64.303
poll 100 ms,4,59.864
poll 100 ms,4,54.299
poll 100 ms,4,49.2
poll 100 ms,4,44.649
poll 100 ms,4,39.694
poll 100 ms,4,34.65
poll 100 ms,4,29.643
poll 100 ms,4,24.779
poll 100 ms,4,19.722
poll 100 ms,4,14.722
poll 100 ms,4,9.845
poll 100 ms,4,4.76
poll 100 ms,4,104.554
poll 100 ms,4,99.956
poll 100 ms,4,94.559
poll 100 ms,4,89.765
poll 100 ms,4,84.759
poll 100 ms,4,79.685
poll 100 ms,4,75.011
poll 100 ms,4,70.13
poll 100 ms,4,65.145
poll 100 ms,4,59.867
poll 100 ms,4,54.777
poll 100 ms,4,49.978
poll 100 ms,4,45.054
poll 100 ms,4,40.115
poll 100 ms,4,35.091
poll 100 ms,4,29.586
poll 100 ms,4,24.964
poll 100 ms,4,19.738
poll 100 ms,4,15.036
poll 100 ms,4,10.019
poll 100 ms,4,5.136
poll 100 ms,4,104.932
poll 100 ms,4,99.762
poll 100 ms,4,95.092
poll 100 ms,4,90.019
poll 100 ms,4,84.896
poll 100 ms,4,79.668
poll 100 ms,4,75.141
poll 100 ms,4,69.404
poll 100 ms,4,65.162
poll 100 ms,4,60.049
poll 100 ms,4,54.863
poll 100 ms,4,49.931
poll 100 ms,4,44.939
poll 100 ms,4,39.818
poll 100 ms,4,34.654
poll 100 ms,4,29.659
poll 100 ms,4,25.047
poll 100 ms,4,10.028
poll 100 ms,4,19.913
poll 100 ms,4,14.661
poll 100 ms,4,4.028
poll 100 ms,4,104.674
poll 100 ms,4,99.894
poll 100 ms,4,94.796
poll 100 ms,4,89.697
poll 100 ms,4,84.256
poll 100 ms,4,79.495
poll 100 ms,4,74.617
poll 100 ms,4,69.365
poll 100 ms,4,64.349
poll 100 ms,4,59.784
poll 100 ms,4,54.739
poll 100 ms,4,49.642
poll 100 ms,4,44.625
poll 100 ms,4,39.722
poll 100 ms,4,34.583
poll 100 ms,4,29.899
poll 100 ms,4,24.908
poll 100 ms,4,19.695
poll 100 ms,4,14.574
poll 100 ms,4,9.485
poll 100 ms,4,4.618
poll 100 ms,4,104.398
poll 100 ms,4,99.853
poll 100 ms,4,94.715
poll 100 ms,4,89.577
poll 100 ms,4,84.657
poll 100 ms,4,79.737
poll 100 ms,4,74.496
poll 100 ms,4,69.575
poll 100 ms,4,64.304
poll 100 ms,4,59.332
poll 100 ms,4,54.889
poll 100 ms,4,49.683
poll 100 ms,4,44.606
poll 100 ms,4,39.723
poll 100 ms,4,34.302
poll 100 ms,4,29.832
poll 100 ms,4,24.664
poll 100 ms,4,19.793
poll 100 ms,4,14.706
poll 100 ms,4,9.317
poll 100 ms,4,4.427
poll 100 ms,4,104.804
poll 100 ms,4,99.553
poll 100 ms,4,94.957
poll 100 ms,4,89.912
poll 100 ms,4,85.018
poll 100 ms,4,79.975
poll 100 ms,4,75.219
poll 100 ms,4,70.165
poll 100 ms,4,64.95
poll 100 ms,4,60.172
poll 100 ms,4,55.003
poll 100 ms,4,50.037
poll 100 ms,4,44.824
poll 100 ms,4,39.826
poll 100 ms,4,35.198
poll 100 ms,4,30.275
poll 100 ms,4,25.15
poll 100 ms,4,19.913
poll 100 ms,4,14.604
poll 100 ms,4,9.665
poll 100 ms,4,5.123
poll 100 ms,4,104.909
poll 100 ms,4,99.952
poll 100 ms,4,94.979
poll 100 ms,4,89.82
poll 100 ms,4,84.866
poll 100 ms,4,80.077
poll 100 ms,4,74.924
poll 100 ms,4,69.715
poll 100 ms,4,64.877
poll 100 ms,4,59.934
poll 100 ms,4,55.158
poll 100 ms,4,49.796
poll 100 ms,4,45.294
poll 100 ms,4,40.099
poll 100 ms,4,34.998
poll 100 ms,4,29.554
poll 100 ms,4,25.183
poll 100 ms,4,19.81
poll 100 ms,4,14.896
poll 100 ms,4,9.874
poll 100 ms,4,5.327
poll 100 ms,4,104.84
poll 100 ms,4,99.715
poll 100 ms,4,94.879
poll 100 ms,4,89.794
poll 100 ms,4,84.967
poll 100 ms,4,79.858
poll 100 ms,4,74.791
poll 100 ms,4,69.823
poll 100 ms,4,64.658
poll 100 ms,4,60.02
poll 100 ms,4,54.432
poll 100 ms,4,50.267
poll 100 ms,4,45.033
poll 100 ms,4,39.849
poll 100 ms,4,34.944
poll 100 ms,4,29.764
poll 100 ms,4,25.093
poll 100 ms,4,19.896
poll 100 ms,4,14.681
poll 100 ms,4,10.216
poll 100 ms,4,4.935
poll 100 ms,4,105.345
poll 100 ms,4,100.502
poll 100 ms,4,95.073
poll 100 ms,4,90.581
poll 100 ms,4,85.37
poll 100 ms,4,80.355
poll 100 ms,4,75.45
poll 100 ms,4,70.648
poll 100 ms,4,65.449
poll 100 ms,4,60.371
poll 100 ms,4,54.957
poll 100 ms,4,50.314
poll 100 ms,4,45.186
poll 100 ms,4,40.405
poll 100 ms,4,35.421
poll 100 ms,4,30.181
poll 100 ms,4,25.239
poll 100 ms,4,20.255
poll 100 ms,4,15.309
poll 100 ms,4,10.347
poll 100 ms,4,5.342
poll 100 ms,4,104.768
poll 100 ms,4,100.169
poll 100 ms,4,95.032
poll 100 ms,4,90.354
poll 100 ms,4,85.316
poll 100 ms,4,80.208
poll 100 ms,4,74.996
poll 100 ms,4,70.406
poll 100 ms,4,65.331
poll 100 ms,4,60.101
poll 100 ms,4,55.3
poll 100 ms,4,50.343
poll 100 ms,4,45.223
poll 100 ms,4,40.232
poll 100 ms,4,34.875
poll 100 ms,4,30.227
poll 100 ms,4,25.136
poll 100 ms,4,20.077
poll 100 ms,4,14.976
poll 100 ms,4,10.13
poll 100 ms,4,5.075
poll 100 ms,4,105.549
poll 100 ms,4,100.525
poll 100 ms,4,95.232
poll 100 ms,4,90.523
poll 100 ms,4,85.34
poll 100 ms,4,80.253
poll 100 ms,4,75.647
poll 100 ms,4,70.505
poll 100 ms,4,65.476
poll 100 ms,4,60.4
poll 100 ms,4,55.254
poll 100 ms,4,50.167
poll 100 ms,4,45.331
poll 100 ms,4,39.985
poll 100 ms,4,34.894
poll 100 ms,4,30.102
poll 100 ms,4,25.492
poll 100 ms,4,20.455
poll 100 ms,4,15.287
poll 100 ms,4,10.165
poll 100 ms,4,5.221
poll 100 ms,4,105.305
poll 100 ms,4,100.861
poll 100 ms,4,95.903
poll 100 ms,4,90.643
poll 100 ms,4,85.674
poll 100 ms,4,80.398
poll 100 ms,4,75.661
poll 100 ms,4,70.816
poll 100 ms,4,65.92
poll 100 ms,4,60.56
poll 100 ms,4,55.196
poll 100 ms,4,50.535
poll 100 ms,4,45.689
poll 100 ms,4,40.813
poll 100 ms,4,35.686
poll 100 ms,4,30.253
poll 100 ms,4,25.325
poll 100 ms,4,20.719
poll 100 ms,4,15.666
poll 100 ms,4,10.323
poll 100 ms,4,5.99
poll 100 ms,4,105.309
poll 100 ms,4,100.292
poll 100 ms,4,95.182
poll 100 ms,4,90.389
poll 100 ms,4,85.318
poll 100 ms,4,80.19
poll 100 ms,4,75.437
poll 100 ms,4,70.218
poll 100 ms,4,65.098
poll 100 ms,4,60.014
poll 100 ms,4,55.413
poll 100 ms,4,50.29
poll 100 ms,4,44.977
poll 100 ms,4,40.492
poll 100 ms,4,35.39
poll 100 ms,4,30.147
poll 100 ms,4,25.373
poll 100 ms,4,20.276
poll 100 ms,4,15.32
poll 100 ms,4,10.219
poll 100 ms,4,5.072
poll 100 ms,4,105.19
poll 100 ms,4,100.687
poll 100 ms,4,95.622
poll 100 ms,4,90.486
poll 100 ms,4,85.452
poll 100 ms,4,80.459
poll 100 ms,4,75.663
poll 100 ms,4,70.64
poll 100 ms,4,65.463
poll 100 ms,4,60.052
poll 100 ms,4,55.312
poll 100 ms,4,50.736
poll 100 ms,4,45.628
poll 100 ms,4,40.59
poll 100 ms,4,35.383
poll 100 ms,4,30.442
poll 100 ms,4,25.212
poll 100 ms,4,20.628
poll 100 ms,4,15.543
poll 100 ms,4,10.593
poll 100 ms,4,5.53
poll 100 ms,4,105.34
poll 100 ms,4,100.315
poll 100 ms,4,95.334
poll 100 ms,4,90.012
poll 100 ms,4,84.942
poll 100 ms,4,80.125
poll 100 ms,4,75.485
poll 100 ms,4,70.37
poll 100 ms,4,65.287
poll 100 ms,4,60.124
poll 100 ms,4,55.171
poll 100 ms,4,50.381
poll 100 ms,4,44.958
poll 100 ms,4,40.181
poll 100 ms,4,35.358
poll 100 ms,4,29.938
poll 100 ms,4,25.028
poll 100 ms,4,20.534
poll 100 ms,4,14.925
poll 100 ms,4,10.389
poll 100 ms,4,5.228
poll 100 ms,4,105.475
poll 100 ms,4,100.461
poll 100 ms,4,95.34
poll 100 ms,4,90.356
poll 100 ms,4,85.427
poll 100 ms,4,80.178
poll 100 ms,4,75.064
poll 100 ms,4,70.193
poll 100 ms,4,65.219
poll 100 ms,4,60.028
poll 100 ms,4,55.291
poll 100 ms,4,50.306
poll 100 ms,4,44.995
poll 100 ms,4,40.172
poll 100 ms,4,35.069
poll 100 ms,4,30.449
poll 100 ms,4,25.424
poll 100 ms,4,20.235
poll 100 ms,4,15.031
poll 100 ms,4,10.399
poll 100 ms,4,5.231
poll 100 ms,4,104.887
poll 100 ms,4,100.168
poll 100 ms,4,95.319
poll 100 ms,4,89.818
poll 100 ms,4,84.823
poll 100 ms,4,79.842
poll 100 ms,4,74.952
poll 100 ms,4,70.046
poll 100 ms,4,64.932
poll 100 ms,4,59.81
poll 100 ms,4,55.157
poll 100 ms,4,49.861
poll 100 ms,4,45.126
poll 100 ms,4,39.833
poll 100 ms,4,35.213
poll 100 ms,4,30.286
poll 100 ms,4,25.007
poll 100 ms,4,19.928
poll 100 ms,4,15.292
poll 100 ms,4,10.207
poll 100 ms,4,4.846
poll 100 ms,4,104.522
poll 100 ms,4,99.836
poll 100 ms,4,95.068
poll 100 ms,4,89.908
poll 100 ms,4,84.765
poll 100 ms,4,78.451
poll 100 ms,4,74.653
poll 100 ms,4,69.494
poll 100 ms,4,64.787
poll 100 ms,4,59.787
poll 100 ms,4,54.664
poll 100 ms,4,49.605
poll 100 ms,4,44.809
poll 100 ms,4,39.876
poll 100 ms,4,34.559
poll 100 ms,4,29.809
poll 100 ms,4,24.484
poll 100 ms,4,19.612
poll 100 ms,4,14.799
poll 100 ms,4,9.718
poll 100 ms,4,4.589
poll 100 ms,4,105.039
poll 100 ms,4,99.628
poll 100 ms,4,95.059
poll 100 ms,4,89.956
poll 100 ms,4,84.93
poll 100 ms,4,79.776
poll 100 ms,4,74.719
poll 100 ms,4,70.027
poll 100 ms,4,64.521
poll 100 ms,4,60.09
poll 100 ms,4,54.872
poll 100 ms,4,49.874
poll 100 ms,4,44.809
poll 100 ms,4,39.638
poll 100 ms,4,35.027
poll 100 ms,4,30.104
poll 100 ms,4,25.103
poll 100 ms,4,20.077
poll 100 ms,4,14.926
poll 100 ms,4,10.046
poll 100 ms,4,4.919
poll 100 ms,4,104.5
poll 100 ms,4,99.421
poll 100 ms,4,94.624
poll 100 ms,4,89.574
poll 100 ms,4,84.286
poll 100 ms,4,79.235
poll 100 ms,4,74.483
poll 100 ms,4,69.415
poll 100 ms,4,64.128
poll 100 ms,4,59.406
poll 100 ms,4,54.167
poll 100 ms,4,49.285
poll 100 ms,4,44.328
poll 100 ms,4,39.287
poll 100 ms,4,34.368
poll 100 ms,4,29.536
poll 100 ms,4,24.339
poll 100 ms,4,19.272
poll 100 ms,4,13.975
poll 100 ms,4,9.226
poll 100 ms,4,4.659
poll 100 ms,4,104.291
poll 100 ms,4,98.955
poll 100 ms,4,94.395
poll 100 ms,4,89.127
poll 100 ms,4,84.445
poll 100 ms,4,79.295
poll 100 ms,4,74.253
poll 100 ms,4,69.059
poll 100 ms,4,64.088
poll 100 ms,4,59.49
poll 100 ms,4,54.178
poll 100 ms,4,49.461
poll 100 ms,4,44.421
poll 100 ms,4,39.407
poll 100 ms,4,34.486
poll 100 ms,4,29.298
poll 100 ms,4,24.286
poll 100 ms,4,19.348
poll 100 ms,4,14.121
poll 100 ms,4,9.305
poll 100 ms,4,4.156
poll 100 ms,4,104.558
poll 100 ms,4,99.497
poll 100 ms,4,94.099
poll 100 ms,4,89.251
poll 100 ms,4,84.241
poll 100 ms,4,79.349
poll 100 ms,4,74.119
poll 100 ms,4,69.457
poll 100 ms,4,64.527
poll 100 ms,4,59.208
poll 100 ms,4,54.175
poll 100 ms,4,48.985
poll 100 ms,4,44.135
poll 100 ms,4,39.424
poll 100 ms,4,34.39
poll 100 ms,4,29.216
poll 100 ms,4,24.056
poll 100 ms,4,19.196
poll 100 ms,4,14.473
poll 100 ms,4,121.185
poll 100 ms,4,116.135
poll 100 ms,4,111.543
poll 100 ms,4,106.373
poll 100 ms,4,100.512
poll 100 ms,4,96.207
poll 100 ms,4,91.592
poll 100 ms,4,86.456
poll 100 ms,4,81.462
poll 100 ms,4,76.402
poll 100 ms,4,71.175
poll 100 ms,4,66.674
poll 100 ms,4,61.474
poll 100 ms,4,56.516
poll 100 ms,4,51.443
poll 100 ms,4,46.403
poll 100 ms,4,41.296
poll 100 ms,4,36.727
poll 100 ms,4,31.281
poll 100 ms,4,26.251
poll 100 ms,4,21.454
poll 100 ms,4,16.42
poll 100 ms,4,11.58
poll 100 ms,4,6.362
poll 100 ms,4,106.256
poll 100 ms,4,101.4
poll 100 ms,4,96.588
poll 100 ms,4,91.839
poll 100 ms,4,86.815
poll 100 ms,4,81.527
poll 100 ms,4,76.632
poll 100 ms,4,71.751
poll 100 ms,4,66.41
poll 100 ms,4,61.63
poll 100 ms,4,56.535
poll 100 ms,4,51.501
poll 100 ms,4,46.741
poll 100 ms,4,41.601
poll 100 ms,4,36.6
poll 100 ms,4,31.638
poll 100 ms,4,26.55
poll 100 ms,4,21.503
poll 100 ms,4,16.266
poll 100 ms,4,11.828
poll 100 ms,4,6.78
poll 100 ms,4,1.544
poll 100 ms,4,101.449
poll 100 ms,4,96.219
poll 100 ms,4,91.689
poll 100 ms,4,86.553
poll 100 ms,4,81.368
poll 100 ms,4,76.767
poll 100 ms,4,71.689
poll 100 ms,4,66.429
poll 100 ms,4,61.515
poll 100 ms,4,56.424
poll 100 ms,4,51.282
poll 100 ms,4,46.48
poll 100 ms,4,41.679
poll 100 ms,4,36.512
poll 100 ms,4,31.511
poll 100 ms,4,26.456
poll 100 ms,4,21.256
poll 100 ms,4,16.29
poll 100 ms,4,11.496
poll 100 ms,4,6.273
poll 100 ms,4,106.675
poll 100 ms,4,101.364
poll 100 ms,4,97.083
poll 100 ms,4,91.812
poll 100 ms,4,86.301
poll 100 ms,4,81.605
poll 100 ms,4,76.333
poll 100 ms,4,71.951
poll 100 ms,4,66.553
poll 100 ms,4,62.044
poll 100 ms,4,56.747
poll 100 ms,4,51.631
poll 100 ms,4,47.004
poll 100 ms,4,41.79
poll 100 ms,4,36.593
poll 100 ms,4,31.534
poll 100 ms,4,26.489
poll 100 ms,4,21.682
poll 100 ms,4,16.534
poll 100 ms,4,12.05
poll 100 ms,4,6.872
poll 100 ms,4,106.126
poll 100 ms,4,101.772
poll 100 ms,4,96.639
poll 100 ms,4,91.392
poll 100 ms,4,86.854
poll 100 ms,4,81.438
poll 100 ms,4,76.612
poll 100 ms,4,71.671
poll 100 ms,4,66.671
poll 100 ms,4,61.491
poll 100 ms,4,56.581
poll 100 ms,4,51.333
poll 100 ms,4,46.504
poll 100 ms,4,41.408
poll 100 ms,4,36.736
poll 100 ms,4,31.546
poll 100 ms,4,26.63
poll 100 ms,4,16.694
poll 100 ms,4,21.482
poll 100 ms,4,10.561
poll 100 ms,4,6.413
poll 100 ms,4,106.525
poll 100 ms,4,101.344
poll 100 ms,4,96.791
poll 100 ms,4,91.566
poll 100 ms,4,86.548
poll 100 ms,4,81.279
poll 100 ms,4,76.747
poll 100 ms,4,71.593
poll 100 ms,4,66.486
poll 100 ms,4,61.392
poll 100 ms,4,56.479
poll 100 ms,4,51.756
poll 100 ms,4,46.707
poll 100 ms,4,41.124
poll 100 ms,4,36.474
poll 100 ms,4,31.464
poll 100 ms,4,26.093
poll 100 ms,4,21.17
poll 100 ms,4,16.69
poll 100 ms,4,11.509
poll 100 ms,4,6.622
poll 100 ms,4,106.47
poll 100 ms,4,101.382
poll 100 ms,4,96.443
poll 100 ms,4,91.689
poll 100 ms,4,86.697
poll 100 ms,4,81.631
poll 100 ms,4,76.355
poll 100 ms,4,71.447
poll 100 ms,4,66.343
poll 100 ms,4,61.65
poll 100 ms,4,56.538
poll 100 ms,4,51.853
poll 100 ms,4,46.609
poll 100 ms,4,41.533
poll 100 ms,4,36.31
poll 100 ms,4,31.395
poll 100 ms,4,26.786
poll 100 ms,4,21.483
poll 100 ms,4,16.63
poll 100 ms,4,11.33
poll 100 ms,4,6.603
poll 100 ms,4,106.655
poll 100 ms,4,101.477
poll 100 ms,4,96.641
poll 100 ms,4,91.43
poll 100 ms,4,86.481
poll 100 ms,4,81.327
poll 100 ms,4,76.502
poll 100 ms,4,71.569
poll 100 ms,4,66.788
poll 100 ms,4,61.542
poll 100 ms,4,56.363
poll 100 ms,4,51.597
poll 100 ms,4,46.446
poll 100 ms,4,41.485
poll 100 ms,4,36.593
poll 100 ms,4,31.733
poll 100 ms,4,26.754
poll 100 ms,4,21.622
poll 100 ms,4,16.735
poll 100 ms,4,11.663
poll 100 ms,4,6.71
poll 100 ms,4,107.126
poll 100 ms,4,102.395
poll 100 ms,4,97.179
poll 100 ms,4,91.963
poll 100 ms,4,87.449
poll 100 ms,4,82.237
poll 100 ms,4,77.341
poll 100 ms,4,71.894
poll 100 ms,4,67.17
poll 100 ms,4,62.06
poll 100 ms,4,57.44
poll 100 ms,4,52.217
poll 100 ms,4,47.003
poll 100 ms,4,42.011
poll 100 ms,4,37.35
poll 100 ms,4,32.144
poll 100 ms,4,27.079
poll 100 ms,4,22.411
poll 100 ms,4,17.062
poll 100 ms,4,12.384
poll 100 ms,4,7.137
poll 100 ms,4,1.797
poll 100 ms,4,102.647
poll 100 ms,4,97.387
poll 100 ms,4,92.286
poll 100 ms,4,87.711
poll 100 ms,4,82.226
poll 100 ms,4,77.501
poll 100 ms,4,72.151
poll 100 ms,4,67.253
poll 100 ms,4,62.327
poll 100 ms,4,57.128
poll 100 ms,4,52.636
poll 100 ms,4,47.615
poll 100 ms,4,42.56
poll 100 ms,4,36.01
poll 100 ms,4,32.71
poll 100 ms,4,27.555
poll 100 ms,4,22.287
poll 100 ms,4,17.378
poll 100 ms,4,12.249
poll 100 ms,4,7.493
poll 100 ms,4,107.297
poll 100 ms,4,102.133
poll 100 ms,4,97.291
poll 100 ms,4,92.087
poll 100 ms,4,87.568
poll 100 ms,4,82.181
poll 100 ms,4,76.926
poll 100 ms,4,72.007
poll 100 ms,4,66.855
poll 100 ms,4,62.345
poll 100 ms,4,57.264
poll 100 ms,4,52.455
poll 100 ms,4,47.498
poll 100 ms,4,42.308
poll 100 ms,4,37.008
poll 100 ms,4,32.231
poll 100 ms,4,27.308
poll 100 ms,4,22.345
poll 100 ms,4,17.275
poll 100 ms,4,12.208
poll 100 ms,4,7.148
poll 100 ms,4,2.29
poll 100 ms,4,102.448
poll 100 ms,4,97.338
poll 100 ms,4,92.25
poll 100 ms,4,87.233
poll 100 ms,4,82.454
poll 100 ms,4,77.417
poll 100 ms,4,72.079
poll 100 ms,4,67.021
poll 100 ms,4,62.204
poll 100 ms,4,57.142
poll 100 ms,4,52.534
poll 100 ms,4,47.132
poll 100 ms,4,42.057
poll 100 ms,4,37.167
poll 100 ms,4,32.505
poll 100 ms,4,27.376
poll 100 ms,4,22.266
poll 100 ms,4,17.607
poll 100 ms,4,12.341
poll 100 ms,4,7.126
poll 100 ms,4,2.564
poll 100 ms,4,102.5
poll 100 ms,4,97.533
poll 100 ms,4,92.147
poll 100 ms,4,87.566
poll 100 ms,4,82.268
poll 100 ms,4,77.331
poll 100 ms,4,72.07
poll 100 ms,4,67.456
poll 100 ms,4,62.25
poll 100 ms,4,57.249
poll 100 ms,4,52.167
poll 100 ms,4,47.647
poll 100 ms,4,42.568
poll 100 ms,4,37.462
poll 100 ms,4,32.4
poll 100 ms,4,27.186
poll 100 ms,4,22.28
poll 100 ms,4,17.202
poll 100 ms,4,12.053
poll 100 ms,4,7.56
poll 100 ms,4,2.502
poll 100 ms,4,102.854
poll 100 ms,4,97.467
poll 100 ms,4,92.577
poll 100 ms,4,87.89
poll 100 ms,4,82.631
poll 100 ms,4,78.031
poll 100 ms,4,72.863
poll 100 ms,4,67.857
poll 100 ms,4,62.633
poll 100 ms,4,57.968
poll 100 ms,4,52.631
poll 100 ms,4,47.748
poll 100 ms,4,42.944
poll 100 ms,4,37.963
poll 100 ms,4,32.353
poll 100 ms,4,27.883
poll 100 ms,4,22.594
poll 100 ms,4,17.645
poll 100 ms,4,12.724
poll 100 ms,4,7.684
poll 100 ms,4,2.541
poll 100 ms,4,102.442
poll 100 ms,4,97.729
poll 100 ms,4,92.872
poll 100 ms,4,87.711
poll 100 ms,4,82.584
poll 100 ms,4,72.544
poll 100 ms,4,77.555
poll 100 ms,4,67.946
poll 100 ms,4,61.745
poll 100 ms,4,57.86
poll 100 ms,4,52.722
poll 100 ms,4,47.933
poll 100 ms,4,42.938
poll 100 ms,4,37.575
poll 100 ms,4,32.961
poll 100 ms,4,27.783
poll 100 ms,4,22.829
poll 100 ms,4,17.71
poll 100 ms,4,12.905
poll 100 ms,4,7.626
poll 100 ms,4,2.548
poll 100 ms,4,103.166
poll 100 ms,4,98.098
poll 100 ms,4,93.182
poll 100 ms,4,87.913
poll 100 ms,4,82.896
poll 100 ms,4,77.898
poll 100 ms,4,72.792
poll 100 ms,4,68.133
poll 100 ms,4,63.107
poll 100 ms,4,57.888
poll 100 ms,4,52.805
poll 100 ms,4,47.597
poll 100 ms,4,43.054
poll 100 ms,4,38.09
poll 100 ms,4,32.863
poll 100 ms,4,28.118
poll 100 ms,4,22.861
poll 100 ms,4,17.764
poll 100 ms,4,12.755
poll 100 ms,4,8.175
poll 100 ms,4,2.894
poll 100 ms,4,103.624
poll 100 ms,4,98.205
poll 100 ms,4,93.776
poll 100 ms,4,88.449
poll 100 ms,4,83.617
poll 100 ms,4,78.533
poll 100 ms,4,73.646
poll 100 ms,4,68.553
poll 100 ms,4,63.493
poll 100 ms,4,58.182
poll 100 ms,4,53.523
poll 100 ms,4,48.833
poll 100 ms,4,43.56
poll 100 ms,4,38.432
poll 100 ms,4,33.738
poll 100 ms,4,28.721
poll 100 ms,4,23.768
poll 100 ms,4,18.332
poll 100 ms,4,13.437
poll 100 ms,4,8.432
poll 100 ms,4,3.574
poll 100 ms,4,103.675
poll 100 ms,4,98.805
poll 100 ms,4,93.374
poll 100 ms,4,88.467
poll 100 ms,4,83.402
poll 100 ms,4,78.847
poll 100 ms,4,73.76
poll 100 ms,4,68.53
poll 100 ms,4,63.48
poll 100 ms,4,58.594
poll 100 ms,4,53.538
poll 100 ms,4,48.817
poll 100 ms,4,43.572
poll 100 ms,4,38.476
poll 100 ms,4,33.649
poll 100 ms,4,28.637
poll 100 ms,4,23.682
poll 100 ms,4,18.103
poll 100 ms,4,13.737
poll 100 ms,4,8.612
poll 100 ms,4,3.725
poll 100 ms,4,103.426
poll 100 ms,4,98.8
poll 100 ms,4,93.946
poll 100 ms,4,88.39
poll 100 ms,4,83.715
poll 100 ms,4,78.644
poll 100 ms,4,73.65
poll 100 ms,4,68.525
poll 100 ms,4,63.594
poll 100 ms,4,58.84
poll 100 ms,4,53.894
poll 100 ms,4,48.718
poll 100 ms,4,43.525
poll 100 ms,4,38.718
poll 100 ms,4,33.601
poll 100 ms,4,28.635
poll 100 ms,4,23.024
poll 100 ms,4,18.924
poll 100 ms,4,13.836
poll 100 ms,4,8.614
poll 100 ms,4,3.489
poll 100 ms,4,103.997
poll 100 ms,4,98.876
poll 100 ms,4,93.8
poll 100 ms,4,84.08
poll 100 ms,4,78.686
poll 100 ms,4,88.591
poll 100 ms,4,72.856
poll 100 ms,4,68.865
poll 100 ms,4,63.65
poll 100 ms,4,58.607
poll 100 ms,4,53.927
poll 100 ms,4,48.989
poll 100 ms,4,43.797
poll 100 ms,4,38.73
poll 100 ms,4,34.04
poll 100 ms,4,28.979
poll 100 ms,4,23.904
poll 100 ms,4,18.855
poll 100 ms,4,13.771
poll 100 ms,4,8.708
poll 100 ms,4,4.134
poll 100 ms,4,103.625
poll 100 ms,4,98.796
poll 100 ms,4,93.621
poll 100 ms,4,88.577
poll 100 ms,4,83.262
poll 100 ms,4,78.812
poll 100 ms,4,73.73
poll 100 ms,4,68.619
poll 100 ms,4,63.617
poll 100 ms,4,59.044
poll 100 ms,4,53.612
poll 100 ms,4,48.573
poll 100 ms,4,43.887
poll 100 ms,4,38.629
poll 100 ms,4,33.752
poll 100 ms,4,28.658
poll 100 ms,4,23.911
poll 100 ms,4,18.684
poll 100 ms,4,14.016
poll 100 ms,4,9.004
poll 100 ms,4,3.903
poll 100 ms,4,103.659
poll 100 ms,4,98.434
poll 100 ms,4,93.624
poll 100 ms,4,88.725
poll 100 ms,4,83.538
poll 100 ms,4,78.571
poll 100 ms,4,73.307
poll 100 ms,4,68.369
poll 100 ms,4,63.427
poll 100 ms,4,58.405
poll 100 ms,4,53.367
poll 100 ms,4,48.758
poll 100 ms,4,43.507
poll 100 ms,4,38.782
poll 100 ms,4,33.534
poll 100 ms,4,28.454
poll 100 ms,4,23.67
poll 100 ms,4,18.617
poll 100 ms,4,13.767
poll 100 ms,4,8.257
poll 100 ms,4,3.349
poll 100 ms,4,103.893
poll 100 ms,4,98.693
poll 100 ms,4,93.633
poll 100 ms,4,88.813
poll 100 ms,4,83.879
poll 100 ms,4,78.824
poll 100 ms,4,74.157
poll 100 ms,4,69.049
poll 100 ms,4,63.94
poll 100 ms,4,59.097
poll 100 ms,4,54.057
LISTEN/NOTIFY,4,2.864
LISTEN/NOTIFY,4,3.449
LISTEN/NOTIFY,4,2.836
LISTEN/NOTIFY,4,2.787
LISTEN/NOTIFY,4,2.845
LISTEN/NOTIFY,4,2.974
LISTEN/NOTIFY,4,2.898
LISTEN/NOTIFY,4,3.009
LISTEN/NOTIFY,4,2.89
LISTEN/NOTIFY,4,2.756
LISTEN/NOTIFY,4,2.943
LISTEN/NOTIFY,4,3.013
LISTEN/NOTIFY,4,2.702
LISTEN/NOTIFY,4,2.746
LISTEN/NOTIFY,4,3.076
LISTEN/NOTIFY,4,2.751
LISTEN/NOTIFY,4,2.865
LISTEN/NOTIFY,4,2.88
LISTEN/NOTIFY,4,2.514
LISTEN/NOTIFY,4,2.807
LISTEN/NOTIFY,4,2.967
LISTEN/NOTIFY,4,2.857
LISTEN/NOTIFY,4,3.007
LISTEN/NOTIFY,4,2.933
LISTEN/NOTIFY,4,3.148
LISTEN/NOTIFY,4,21.835
LISTEN/NOTIFY,4,21.995
LISTEN/NOTIFY,4,16.961
LISTEN/NOTIFY,4,11.724
LISTEN/NOTIFY,4,5.795
LISTEN/NOTIFY,4,6.985
LISTEN/NOTIFY,4,6.33
LISTEN/NOTIFY,4,5.423
LISTEN/NOTIFY,4,4.27
LISTEN/NOTIFY,4,3.17
LISTEN/NOTIFY,4,3.385
LISTEN/NOTIFY,4,2.917
LISTEN/NOTIFY,4,2.882
LISTEN/NOTIFY,4,2.703
LISTEN/NOTIFY,4,2.763
LISTEN/NOTIFY,4,2.706
LISTEN/NOTIFY,4,2.497
LISTEN/NOTIFY,4,2.764
LISTEN/NOTIFY,4,2.669
LISTEN/NOTIFY,4,2.926
LISTEN/NOTIFY,4,2.916
LISTEN/NOTIFY,4,3.058
LISTEN/NOTIFY,4,2.855
LISTEN/NOTIFY,4,2.996
LISTEN/NOTIFY,4,2.901
LISTEN/NOTIFY,4,2.863
LISTEN/NOTIFY,4,2.975
LISTEN/NOTIFY,4,2.866
LISTEN/NOTIFY,4,2.561
LISTEN/NOTIFY,4,2.932
LISTEN/NOTIFY,4,2.715
LISTEN/NOTIFY,4,2.774
LISTEN/NOTIFY,4,2.638
LISTEN/NOTIFY,4,2.553
LISTEN/NOTIFY,4,2.602
LISTEN/NOTIFY,4,2.875
LISTEN/NOTIFY,4,3.089
LISTEN/NOTIFY,4,2.854
LISTEN/NOTIFY,4,2.806
LISTEN/NOTIFY,4,2.763
LISTEN/NOTIFY,4,2.829
LISTEN/NOTIFY,4,2.928
LISTEN/NOTIFY,4,2.744
LISTEN/NOTIFY,4,2.669
LISTEN/NOTIFY,4,2.891
LISTEN/NOTIFY,4,2.877
LISTEN/NOTIFY,4,2.53
LISTEN/NOTIFY,4,2.144
LISTEN/NOTIFY,4,2.654
LISTEN/NOTIFY,4,2.744
LISTEN/NOTIFY,4,2.799
LISTEN/NOTIFY,4,2.945
LISTEN/NOTIFY,4,2.593
LISTEN/NOTIFY,4,2.835
LISTEN/NOTIFY,4,2.741
LISTEN/NOTIFY,4,2.821
LISTEN/NOTIFY,4,2.731
LISTEN/NOTIFY,4,2.736
LISTEN/NOTIFY,4,2.868
LISTEN/NOTIFY,4,2.895
LISTEN/NOTIFY,4,2.95
LISTEN/NOTIFY,4,3.598
LISTEN/NOTIFY,4,2.905
LISTEN/NOTIFY,4,2.857
LISTEN/NOTIFY,4,3.089
LISTEN/NOTIFY,4,2.973
LISTEN/NOTIFY,4,2.999
LISTEN/NOTIFY,4,2.851
LISTEN/NOTIFY,4,2.766
LISTEN/NOTIFY,4,2.651
LISTEN/NOTIFY,4,2.797
LISTEN/NOTIFY,4,2.8
LISTEN/NOTIFY,4,2.712
LISTEN/NOTIFY,4,2.95
LISTEN/NOTIFY,4,2.666
LISTEN/NOTIFY,4,2.775
LISTEN/NOTIFY,4,2.733
LISTEN/NOTIFY,4,2.903
LISTEN/NOTIFY,4,2.8
LISTEN/NOTIFY,4,2.871
LISTEN/NOTIFY,4,2.666
LISTEN/NOTIFY,4,2.815
LISTEN/NOTIFY,4,2.735
LISTEN/NOTIFY,4,2.868
LISTEN/NOTIFY,4,2.606
LISTEN/NOTIFY,4,2.736
LISTEN/NOTIFY,4,2.843
LISTEN/NOTIFY,4,2.617
LISTEN/NOTIFY,4,2.795
LISTEN/NOTIFY,4,3.024
LISTEN/NOTIFY,4,2.949
LISTEN/NOTIFY,4,2.92
LISTEN/NOTIFY,4,2.892
LISTEN/NOTIFY,4,2.88
LISTEN/NOTIFY,4,3.233
LISTEN/NOTIFY,4,3.531
LISTEN/NOTIFY,4,3.388
LISTEN/NOTIFY,4,2.83
LISTEN/NOTIFY,4,2.927
LISTEN/NOTIFY,4,2.796
LISTEN/NOTIFY,4,2.957
LISTEN/NOTIFY,4,2.896
LISTEN/NOTIFY,4,2.805
LISTEN/NOTIFY,4,2.876
LISTEN/NOTIFY,4,2.827
LISTEN/NOTIFY,4,2.9
LISTEN/NOTIFY,4,2.825
LISTEN/NOTIFY,4,2.823
LISTEN/NOTIFY,4,2.667
LISTEN/NOTIFY,4,3.407
LISTEN/NOTIFY,4,3.108
LISTEN/NOTIFY,4,2.865
LISTEN/NOTIFY,4,2.893
LISTEN/NOTIFY,4,2.393
LISTEN/NOTIFY,4,2.432
LISTEN/NOTIFY,4,2.874
LISTEN/NOTIFY,4,2.894
LISTEN/NOTIFY,4,3.198
LISTEN/NOTIFY,4,3.655
LISTEN/NOTIFY,4,3.28
LISTEN/NOTIFY,4,3.564
LISTEN/NOTIFY,4,2.991
LISTEN/NOTIFY,4,3.065
LISTEN/NOTIFY,4,2.928
LISTEN/NOTIFY,4,3.104
LISTEN/NOTIFY,4,3.064
LISTEN/NOTIFY,4,2.926
LISTEN/NOTIFY,4,3.073
LISTEN/NOTIFY,4,2.929
LISTEN/NOTIFY,4,2.894
LISTEN/NOTIFY,4,2.962
LISTEN/NOTIFY,4,3.047
LISTEN/NOTIFY,4,3.049
LISTEN/NOTIFY,4,2.774
LISTEN/NOTIFY,4,3.607
LISTEN/NOTIFY,4,3.415
LISTEN/NOTIFY,4,3.146
LISTEN/NOTIFY,4,3.236
LISTEN/NOTIFY,4,3.238
LISTEN/NOTIFY,4,3.226
LISTEN/NOTIFY,4,3.183
LISTEN/NOTIFY,4,3.026
LISTEN/NOTIFY,4,3.06
LISTEN/NOTIFY,4,2.825
LISTEN/NOTIFY,4,3.063
LISTEN/NOTIFY,4,3.043
LISTEN/NOTIFY,4,3.065
LISTEN/NOTIFY,4,3.078
LISTEN/NOTIFY,4,2.945
LISTEN/NOTIFY,4,2.75
LISTEN/NOTIFY,4,3.22
LISTEN/NOTIFY,4,3.123
LISTEN/NOTIFY,4,2.984
LISTEN/NOTIFY,4,3.03
LISTEN/NOTIFY,4,3.04
LISTEN/NOTIFY,4,2.99
LISTEN/NOTIFY,4,2.83
LISTEN/NOTIFY,4,3.011
LISTEN/NOTIFY,4,2.876
LISTEN/NOTIFY,4,3.174
LISTEN/NOTIFY,4,3.052
LISTEN/NOTIFY,4,2.962
LISTEN/NOTIFY,4,2.946
LISTEN/NOTIFY,4,2.758
LISTEN/NOTIFY,4,3.175
LISTEN/NOTIFY,4,3.052
LISTEN/NOTIFY,4,3.089
LISTEN/NOTIFY,4,2.942
LISTEN/NOTIFY,4,3.04
LISTEN/NOTIFY,4,2.998
LISTEN/NOTIFY,4,3.047
LISTEN/NOTIFY,4,2.564
LISTEN/NOTIFY,4,3.053
LISTEN/NOTIFY,4,2.882
LISTEN/NOTIFY,4,3.041
LISTEN/NOTIFY,4,2.794
LISTEN/NOTIFY,4,2.974
LISTEN/NOTIFY,4,21.964
LISTEN/NOTIFY,4,21.454
LISTEN/NOTIFY,4,16.686
LISTEN/NOTIFY,4,11.496
LISTEN/NOTIFY,4,4.573
LISTEN/NOTIFY,4,6.051
LISTEN/NOTIFY,4,5.51
LISTEN/NOTIFY,4,5.475
LISTEN/NOTIFY,4,4.929
LISTEN/NOTIFY,4,4.337
LISTEN/NOTIFY,4,3.906
LISTEN/NOTIFY,4,3.887
LISTEN/NOTIFY,4,3.367
LISTEN/NOTIFY,4,3.012
LISTEN/NOTIFY,4,2.94
LISTEN/NOTIFY,4,3.182
LISTEN/NOTIFY,4,2.992
LISTEN/NOTIFY,4,3.247
LISTEN/NOTIFY,4,3.707
LISTEN/NOTIFY,4,3.441
LISTEN/NOTIFY,4,3.069
LISTEN/NOTIFY,4,3.203
LISTEN/NOTIFY,4,3.099
LISTEN/NOTIFY,4,2.923
LISTEN/NOTIFY,4,3.198
LISTEN/NOTIFY,4,2.934
LISTEN/NOTIFY,4,2.798
LISTEN/NOTIFY,4,2.972
LISTEN/NOTIFY,4,3.004
LISTEN/NOTIFY,4,2.791
LISTEN/NOTIFY,4,2.818
LISTEN/NOTIFY,4,2.663
LISTEN/NOTIFY,4,2.918
LISTEN/NOTIFY,4,2.844
LISTEN/NOTIFY,4,2.852
LISTEN/NOTIFY,4,3.085
LISTEN/NOTIFY,4,2.571
LISTEN/NOTIFY,4,2.998
LISTEN/NOTIFY,4,2.889
LISTEN/NOTIFY,4,2.887
LISTEN/NOTIFY,4,2.91
LISTEN/NOTIFY,4,2.874
LISTEN/NOTIFY,4,2.971
LISTEN/NOTIFY,4,2.919
LISTEN/NOTIFY,4,2.785
LISTEN/NOTIFY,4,2.763
LISTEN/NOTIFY,4,2.667
LISTEN/NOTIFY,4,3.125
LISTEN/NOTIFY,4,2.974
LISTEN/NOTIFY,4,2.835
LISTEN/NOTIFY,4,3.106
LISTEN/NOTIFY,4,3.018
LISTEN/NOTIFY,4,2.887
LISTEN/NOTIFY,4,2.956
LISTEN/NOTIFY,4,2.958
LISTEN/NOTIFY,4,2.964
LISTEN/NOTIFY,4,3.036
LISTEN/NOTIFY,4,3.003
LISTEN/NOTIFY,4,22.024
LISTEN/NOTIFY,4,16.531
LISTEN/NOTIFY,4,17.167
LISTEN/NOTIFY,4,11.843
LISTEN/NOTIFY,4,7.073
LISTEN/NOTIFY,4,6.067
LISTEN/NOTIFY,4,6.015
LISTEN/NOTIFY,4,5.184
LISTEN/NOTIFY,4,4.367
LISTEN/NOTIFY,4,4.238
LISTEN/NOTIFY,4,3.47
LISTEN/NOTIFY,4,3.115
LISTEN/NOTIFY,4,3.04
LISTEN/NOTIFY,4,3.105
LISTEN/NOTIFY,4,3.167
LISTEN/NOTIFY,4,3.151
LISTEN/NOTIFY,4,3.202
LISTEN/NOTIFY,4,3.03
LISTEN/NOTIFY,4,3.162
LISTEN/NOTIFY,4,3.069
LISTEN/NOTIFY,4,3.163
LISTEN/NOTIFY,4,3.161
LISTEN/NOTIFY,4,3.16
LISTEN/NOTIFY,4,3.022
LISTEN/NOTIFY,4,3.134
LISTEN/NOTIFY,4,3.149
LISTEN/NOTIFY,4,3.068
LISTEN/NOTIFY,4,2.989
LISTEN/NOTIFY,4,3.078
LISTEN/NOTIFY,4,3.414
LISTEN/NOTIFY,4,3.36
LISTEN/NOTIFY,4,3.061
LISTEN/NOTIFY,4,2.898
LISTEN/NOTIFY,4,3.346
LISTEN/NOTIFY,4,3.189
LISTEN/NOTIFY,4,3.326
LISTEN/NOTIFY,4,3.476
LISTEN/NOTIFY,4,3.396
LISTEN/NOTIFY,4,3.332
LISTEN/NOTIFY,4,3.645
LISTEN/NOTIFY,4,3.188
LISTEN/NOTIFY,4,3.117
LISTEN/NOTIFY,4,3.242
LISTEN/NOTIFY,4,3.52
LISTEN/NOTIFY,4,3.582
LISTEN/NOTIFY,4,3.061
LISTEN/NOTIFY,4,3.223
LISTEN/NOTIFY,4,3.002
LISTEN/NOTIFY,4,2.818
LISTEN/NOTIFY,4,3.253
LISTEN/NOTIFY,4,3.048
LISTEN/NOTIFY,4,3.181
LISTEN/NOTIFY,4,3.298
LISTEN/NOTIFY,4,3.048
LISTEN/NOTIFY,4,2.93
LISTEN/NOTIFY,4,3.039
LISTEN/NOTIFY,4,3.26
LISTEN/NOTIFY,4,3.305
LISTEN/NOTIFY,4,3.146
LISTEN/NOTIFY,4,3.397
LISTEN/NOTIFY,4,3.399
LISTEN/NOTIFY,4,22.223
LISTEN/NOTIFY,4,17.138
LISTEN/NOTIFY,4,17.093
LISTEN/NOTIFY,4,12.073
LISTEN/NOTIFY,4,5.396
LISTEN/NOTIFY,4,6.22
LISTEN/NOTIFY,4,5.71
LISTEN/NOTIFY,4,5.152
LISTEN/NOTIFY,4,4.982
LISTEN/NOTIFY,4,4.142
LISTEN/NOTIFY,4,3.989
LISTEN/NOTIFY,4,3.21
LISTEN/NOTIFY,4,2.979
LISTEN/NOTIFY,4,3.411
LISTEN/NOTIFY,4,3.21
LISTEN/NOTIFY,4,3.316
LISTEN/NOTIFY,4,3.074
LISTEN/NOTIFY,4,3.088
LISTEN/NOTIFY,4,3.209
LISTEN/NOTIFY,4,3.206
LISTEN/NOTIFY,4,3.273
LISTEN/NOTIFY,4,3.246
LISTEN/NOTIFY,4,3.325
LISTEN/NOTIFY,4,3.051
LISTEN/NOTIFY,4,3.244
LISTEN/NOTIFY,4,3.793
LISTEN/NOTIFY,4,3.198
LISTEN/NOTIFY,4,2.946
LISTEN/NOTIFY,4,3.143
LISTEN/NOTIFY,4,3.076
LISTEN/NOTIFY,4,3.015
LISTEN/NOTIFY,4,2.968
LISTEN/NOTIFY,4,3.036
LISTEN/NOTIFY,4,3.205
LISTEN/NOTIFY,4,3.179
LISTEN/NOTIFY,4,3.161
LISTEN/NOTIFY,4,3.389
LISTEN/NOTIFY,4,3.113
LISTEN/NOTIFY,4,3.336
LISTEN/NOTIFY,4,3.012
LISTEN/NOTIFY,4,3.049
LISTEN/NOTIFY,4,2.965
LISTEN/NOTIFY,4,3.008
LISTEN/NOTIFY,4,3.058
LISTEN/NOTIFY,4,3.309
LISTEN/NOTIFY,4,3.247
LISTEN/NOTIFY,4,2.877
LISTEN/NOTIFY,4,3.524
LISTEN/NOTIFY,4,3.475
LISTEN/NOTIFY,4,2.443
LISTEN/NOTIFY,4,3.031
LISTEN/NOTIFY,4,2.979
LISTEN/NOTIFY,4,3.247
LISTEN/NOTIFY,4,2.947
LISTEN/NOTIFY,4,2.992
LISTEN/NOTIFY,4,2.911
LISTEN/NOTIFY,4,3.1
LISTEN/NOTIFY,4,3.006
LISTEN/NOTIFY,4,3.038
LISTEN/NOTIFY,4,3.262
LISTEN/NOTIFY,4,21.614
LISTEN/NOTIFY,4,21.353
LISTEN/NOTIFY,4,16.644
LISTEN/NOTIFY,4,11.354
LISTEN/NOTIFY,4,6.398
LISTEN/NOTIFY,4,5.38
LISTEN/NOTIFY,4,5.167
LISTEN/NOTIFY,4,4.947
LISTEN/NOTIFY,4,4.856
LISTEN/NOTIFY,4,4.049
LISTEN/NOTIFY,4,4.008
LISTEN/NOTIFY,4,3.686
LISTEN/NOTIFY,4,3.146
LISTEN/NOTIFY,4,2.968
LISTEN/NOTIFY,4,2.869
LISTEN/NOTIFY,4,2.751
LISTEN/NOTIFY,4,2.93
LISTEN/NOTIFY,4,2.94
LISTEN/NOTIFY,4,3.496
LISTEN/NOTIFY,4,3.109
LISTEN/NOTIFY,4,2.892
LISTEN/NOTIFY,4,2.843
LISTEN/NOTIFY,4,2.801
LISTEN/NOTIFY,4,2.867
LISTEN/NOTIFY,4,2.884
LISTEN/NOTIFY,4,2.84
LISTEN/NOTIFY,4,2.89
LISTEN/NOTIFY,4,2.876
LISTEN/NOTIFY,4,2.716
LISTEN/NOTIFY,4,2.797
LISTEN/NOTIFY,4,2.745
LISTEN/NOTIFY,4,2.877
LISTEN/NOTIFY,4,2.648
LISTEN/NOTIFY,4,2.841
LISTEN/NOTIFY,4,2.674
LISTEN/NOTIFY,4,2.751
LISTEN/NOTIFY,4,2.877
LISTEN/NOTIFY,4,2.532
LISTEN/NOTIFY,4,2.797
LISTEN/NOTIFY,4,3.422
LISTEN/NOTIFY,4,2.868
LISTEN/NOTIFY,4,2.806
LISTEN/NOTIFY,4,2.794
LISTEN/NOTIFY,4,2.784
LISTEN/NOTIFY,4,2.713
LISTEN/NOTIFY,4,2.485
LISTEN/NOTIFY,4,2.611
LISTEN/NOTIFY,4,2.523
LISTEN/NOTIFY,4,2.891
LISTEN/NOTIFY,4,2.786
LISTEN/NOTIFY,4,2.838
LISTEN/NOTIFY,4,2.376
LISTEN/NOTIFY,4,2.417
LISTEN/NOTIFY,4,3.003
LISTEN/NOTIFY,4,2.794
LISTEN/NOTIFY,4,2.961
LISTEN/NOTIFY,4,21.502
LISTEN/NOTIFY,4,20.89
LISTEN/NOTIFY,4,15.877
LISTEN/NOTIFY,4,10.663
LISTEN/NOTIFY,4,5.476
LISTEN/NOTIFY,4,5.638
LISTEN/NOTIFY,4,5.004
LISTEN/NOTIFY,4,4.386
LISTEN/NOTIFY,4,3.398
LISTEN/NOTIFY,4,3.437
LISTEN/NOTIFY,4,2.858
LISTEN/NOTIFY,4,2.804
LISTEN/NOTIFY,4,2.923
LISTEN/NOTIFY,4,2.894
LISTEN/NOTIFY,4,2.763
LISTEN/NOTIFY,4,2.789
LISTEN/NOTIFY,4,2.335
LISTEN/NOTIFY,4,2.509
LISTEN/NOTIFY,4,2.786
LISTEN/NOTIFY,4,2.76
LISTEN/NOTIFY,4,2.765
LISTEN/NOTIFY,4,2.645
LISTEN/NOTIFY,4,2.853
LISTEN/NOTIFY,4,3.019
LISTEN/NOTIFY,4,2.871
LISTEN/NOTIFY,4,2.974
LISTEN/NOTIFY,4,1.968
LISTEN/NOTIFY,4,3.105
LISTEN/NOTIFY,4,3.004
LISTEN/NOTIFY,4,2.932
LISTEN/NOTIFY,4,2.524
LISTEN/NOTIFY,4,2.928
LISTEN/NOTIFY,4,3.03
LISTEN/NOTIFY,4,2.679
LISTEN/NOTIFY,4,2.964
LISTEN/NOTIFY,4,2.95
LISTEN/NOTIFY,4,2.931
LISTEN/NOTIFY,4,3.1
LISTEN/NOTIFY,4,2.978
LISTEN/NOTIFY,4,2.762
LISTEN/NOTIFY,4,2.734
LISTEN/NOTIFY,4,3.007
LISTEN/NOTIFY,4,3.033
LISTEN/NOTIFY,4,3.019
LISTEN/NOTIFY,4,3.032
LISTEN/NOTIFY,4,3.061
LISTEN/NOTIFY,4,2.99
LISTEN/NOTIFY,4,2.921
LISTEN/NOTIFY,4,2.925
LISTEN/NOTIFY,4,3.079
LISTEN/NOTIFY,4,2.948
LISTEN/NOTIFY,4,3.007
LISTEN/NOTIFY,4,3.029
LISTEN/NOTIFY,4,3.173
LISTEN/NOTIFY,4,2.954
LISTEN/NOTIFY,4,2.884
LISTEN/NOTIFY,4,2.978
LISTEN/NOTIFY,4,3.247
LISTEN/NOTIFY,4,2.942
LISTEN/NOTIFY,4,2.922
LISTEN/NOTIFY,4,3.1
LISTEN/NOTIFY,4,21.512
LISTEN/NOTIFY,4,20.974
LISTEN/NOTIFY,4,15.935
LISTEN/NOTIFY,4,10.718
LISTEN/NOTIFY,4,5.799
LISTEN/NOTIFY,4,5.709
LISTEN/NOTIFY,4,5.061
LISTEN/NOTIFY,4,4.933
LISTEN/NOTIFY,4,3.831
LISTEN/NOTIFY,4,2.832
LISTEN/NOTIFY,4,2.928
LISTEN/NOTIFY,4,2.801
LISTEN/NOTIFY,4,2.843
LISTEN/NOTIFY,4,3.015
LISTEN/NOTIFY,4,3.165
LISTEN/NOTIFY,4,2.985
LISTEN/NOTIFY,4,2.982
LISTEN/NOTIFY,4,3.057
LISTEN/NOTIFY,4,2.698
LISTEN/NOTIFY,4,2.935
LISTEN/NOTIFY,4,3.02
LISTEN/NOTIFY,4,3.145
LISTEN/NOTIFY,4,4.11
LISTEN/NOTIFY,4,3.347
LISTEN/NOTIFY,4,3.057
LISTEN/NOTIFY,4,2.918
LISTEN/NOTIFY,4,2.948
LISTEN/NOTIFY,4,3.531
LISTEN/NOTIFY,4,2.905
LISTEN/NOTIFY,4,2.994
LISTEN/NOTIFY,4,2.792
LISTEN/NOTIFY,4,2.956
LISTEN/NOTIFY,4,2.925
LISTEN/NOTIFY,4,3.097
LISTEN/NOTIFY,4,2.913
LISTEN/NOTIFY,4,2.831
LISTEN/NOTIFY,4,2.783
LISTEN/NOTIFY,4,2.515
LISTEN/NOTIFY,4,2.725
LISTEN/NOTIFY,4,2.897
LISTEN/NOTIFY,4,2.751
LISTEN/NOTIFY,4,2.768
LISTEN/NOTIFY,4,2.973
LISTEN/NOTIFY,4,2.737
LISTEN/NOTIFY,4,2.903
LISTEN/NOTIFY,4,2.886
LISTEN/NOTIFY,4,2.667
LISTEN/NOTIFY,4,3.127
LISTEN/NOTIFY,4,2.993
LISTEN/NOTIFY,4,3.188
LISTEN/NOTIFY,4,3.135
LISTEN/NOTIFY,4,3.179
LISTEN/NOTIFY,4,2.853
LISTEN/NOTIFY,4,2.993
LISTEN/NOTIFY,4,2.91
LISTEN/NOTIFY,4,2.999
LISTEN/NOTIFY,4,2.816
LISTEN/NOTIFY,4,3.794
LISTEN/NOTIFY,4,21.727
LISTEN/NOTIFY,4,20.901
LISTEN/NOTIFY,4,15.765
LISTEN/NOTIFY,4,10.672
LISTEN/NOTIFY,4,5.224
LISTEN/NOTIFY,4,5.707
LISTEN/NOTIFY,4,4.954
LISTEN/NOTIFY,4,4.361
LISTEN/NOTIFY,4,3.553
LISTEN/NOTIFY,4,3.554
LISTEN/NOTIFY,4,3.386
LISTEN/NOTIFY,4,2.92
LISTEN/NOTIFY,4,3.018
LISTEN/NOTIFY,4,3.247
LISTEN/NOTIFY,4,3.095
LISTEN/NOTIFY,4,3.049
LISTEN/NOTIFY,4,3.053
LISTEN/NOTIFY,4,2.84
LISTEN/NOTIFY,4,2.887
LISTEN/NOTIFY,4,3.013
LISTEN/NOTIFY,4,2.586
LISTEN/NOTIFY,4,3.043
LISTEN/NOTIFY,4,3.015
LISTEN/NOTIFY,4,3.3
LISTEN/NOTIFY,4,3.19
LISTEN/NOTIFY,4,3.296
LISTEN/NOTIFY,4,3.124
LISTEN/NOTIFY,4,3.283
LISTEN/NOTIFY,4,3.165
LISTEN/NOTIFY,4,3.055
LISTEN/NOTIFY,4,2.901
LISTEN/NOTIFY,4,3.025
LISTEN/NOTIFY,4,3.008
LISTEN/NOTIFY,4,3.101
LISTEN/NOTIFY,4,3.333
LISTEN/NOTIFY,4,3.264
LISTEN/NOTIFY,4,3.379
LISTEN/NOTIFY,4,3.331
LISTEN/NOTIFY,4,3.131
LISTEN/NOTIFY,4,3.114
LISTEN/NOTIFY,4,2.842
LISTEN/NOTIFY,4,2.311
LISTEN/NOTIFY,4,2.812
LISTEN/NOTIFY,4,2.724
LISTEN/NOTIFY,4,3.078
LISTEN/NOTIFY,4,3.263
LISTEN/NOTIFY,4,2.987
LISTEN/NOTIFY,4,2.864
LISTEN/NOTIFY,4,3.043
LISTEN/NOTIFY,4,3.296
LISTEN/NOTIFY,4,3.117
LISTEN/NOTIFY,4,3.221
LISTEN/NOTIFY,4,3.318
LISTEN/NOTIFY,4,3.112
LISTEN/NOTIFY,4,2.568
LISTEN/NOTIFY,4,3.043
LISTEN/NOTIFY,4,3.336
LISTEN/NOTIFY,4,3.357
LISTEN/NOTIFY,4,3.343
LISTEN/NOTIFY,4,3.579
LISTEN/NOTIFY,4,3.104
LISTEN/NOTIFY,4,21.452
LISTEN/NOTIFY,4,21.378
LISTEN/NOTIFY,4,16.851
LISTEN/NOTIFY,4,11.814
LISTEN/NOTIFY,4,9.049
LISTEN/NOTIFY,4,6.147
LISTEN/NOTIFY,4,5.286
LISTEN/NOTIFY,4,4.647
LISTEN/NOTIFY,4,4.208
LISTEN/NOTIFY,4,3.423
LISTEN/NOTIFY,4,3.2
LISTEN/NOTIFY,4,2.897
LISTEN/NOTIFY,4,2.97
LISTEN/NOTIFY,4,3.093
LISTEN/NOTIFY,4,2.931
LISTEN/NOTIFY,4,2.915
LISTEN/NOTIFY,4,2.939
LISTEN/NOTIFY,4,2.857
LISTEN/NOTIFY,4,2.985
LISTEN/NOTIFY,4,3.258
LISTEN/NOTIFY,4,3.376
LISTEN/NOTIFY,4,3.16
LISTEN/NOTIFY,4,3.686
LISTEN/NOTIFY,4,3.198
LISTEN/NOTIFY,4,3.073
LISTEN/NOTIFY,4,3.786
LISTEN/NOTIFY,4,3.049
LISTEN/NOTIFY,4,2.925
LISTEN/NOTIFY,4,2.966
LISTEN/NOTIFY,4,3.029
LISTEN/NOTIFY,4,2.825
LISTEN/NOTIFY,4,2.748
LISTEN/NOTIFY,4,2.868
LISTEN/NOTIFY,4,2.919
LISTEN/NOTIFY,4,2.931
LISTEN/NOTIFY,4,3.017
LISTEN/NOTIFY,4,3.197
LISTEN/NOTIFY,4,3.025
LISTEN/NOTIFY,4,3.234
LISTEN/NOTIFY,4,2.982
LISTEN/NOTIFY,4,3.377
LISTEN/NOTIFY,4,3.117
LISTEN/NOTIFY,4,3.185
LISTEN/NOTIFY,4,3.009
LISTEN/NOTIFY,4,2.947
LISTEN/NOTIFY,4,3.077
LISTEN/NOTIFY,4,3.515
LISTEN/NOTIFY,4,2.961
LISTEN/NOTIFY,4,2.751
LISTEN/NOTIFY,4,2.904
LISTEN/NOTIFY,4,2.938
LISTEN/NOTIFY,4,2.907
LISTEN/NOTIFY,4,3.122
LISTEN/NOTIFY,4,3.234
LISTEN/NOTIFY,4,2.973
LISTEN/NOTIFY,4,3.22
LISTEN/NOTIFY,4,3.031
LISTEN/NOTIFY,4,3.131
LISTEN/NOTIFY,4,3.707
LISTEN/NOTIFY,4,2.936
LISTEN/NOTIFY,4,3.278
LISTEN/NOTIFY,4,2.806
LISTEN/NOTIFY,4,3.309
LISTEN/NOTIFY,4,2.972
LISTEN/NOTIFY,4,2.852
LISTEN/NOTIFY,4,2.777
LISTEN/NOTIFY,4,3.151
LISTEN/NOTIFY,4,2.88
LISTEN/NOTIFY,4,2.935
LISTEN/NOTIFY,4,2.897
LISTEN/NOTIFY,4,2.93
LISTEN/NOTIFY,4,2.677
LISTEN/NOTIFY,4,3.033
LISTEN/NOTIFY,4,3.091
LISTEN/NOTIFY,4,2.841
LISTEN/NOTIFY,4,2.951
LISTEN/NOTIFY,4,3.06
LISTEN/NOTIFY,4,3.069
LISTEN/NOTIFY,4,2.893
LISTEN/NOTIFY,4,3.069
LISTEN/NOTIFY,4,2.937
LISTEN/NOTIFY,4,3.246
LISTEN/NOTIFY,4,3.834
LISTEN/NOTIFY,4,3.038
LISTEN/NOTIFY,4,3.071
LISTEN/NOTIFY,4,2.986
LISTEN/NOTIFY,4,2.993
LISTEN/NOTIFY,4,3.917
LISTEN/NOTIFY,4,3.243
LISTEN/NOTIFY,4,3.068
LISTEN/NOTIFY,4,2.939
LISTEN/NOTIFY,4,3.107
LISTEN/NOTIFY,4,3.275
LISTEN/NOTIFY,4,3.193
LISTEN/NOTIFY,4,3.223
LISTEN/NOTIFY,4,3.307
LISTEN/NOTIFY,4,3.458
LISTEN/NOTIFY,4,3.583
LISTEN/NOTIFY,4,3.46
LISTEN/NOTIFY,4,3.531
LISTEN/NOTIFY,4,3.361
LISTEN/NOTIFY,4,3.628
LISTEN/NOTIFY,4,3.156
LISTEN/NOTIFY,4,3.438
LISTEN/NOTIFY,4,2.803
LISTEN/NOTIFY,4,2.904
LISTEN/NOTIFY,4,3.12
LISTEN/NOTIFY,4,2.957
LISTEN/NOTIFY,4,2.715
LISTEN/NOTIFY,4,2.862
LISTEN/NOTIFY,4,3.149
LISTEN/NOTIFY,4,2.811
LISTEN/NOTIFY,4,2.88
LISTEN/NOTIFY,4,2.863
LISTEN/NOTIFY,4,2.956
LISTEN/NOTIFY,4,2.842
LISTEN/NOTIFY,4,2.814
LISTEN/NOTIFY,4,3.093
LISTEN/NOTIFY,4,2.822
LISTEN/NOTIFY,4,2.915
LISTEN/NOTIFY,4,2.835
LISTEN/NOTIFY,4,2.932
LISTEN/NOTIFY,4,3.219
LISTEN/NOTIFY,4,3.164
LISTEN/NOTIFY,4,3.117
LISTEN/NOTIFY,4,3.0
LISTEN/NOTIFY,4,2.889
LISTEN/NOTIFY,4,2.986
LISTEN/NOTIFY,4,3.052
LISTEN/NOTIFY,4,3.454
LISTEN/NOTIFY,4,2.796
LISTEN/NOTIFY,4,2.685
LISTEN/NOTIFY,4,2.926
LISTEN/NOTIFY,4,2.886
LISTEN/NOTIFY,4,2.959
LISTEN/NOTIFY,4,2.672
LISTEN/NOTIFY,4,2.744
LISTEN/NOTIFY,4,2.794
LISTEN/NOTIFY,4,2.798
LISTEN/NOTIFY,4,2.716
LISTEN/NOTIFY,4,2.811
LISTEN/NOTIFY,4,2.522
LISTEN/NOTIFY,4,2.825
LISTEN/NOTIFY,4,2.927
LISTEN/NOTIFY,4,2.578
LISTEN/NOTIFY,4,2.706
LISTEN/NOTIFY,4,2.628
LISTEN/NOTIFY,4,3.129
LISTEN/NOTIFY,4,3.019
LISTEN/NOTIFY,4,2.996
LISTEN/NOTIFY,4,3.037
LISTEN/NOTIFY,4,2.674
LISTEN/NOTIFY,4,2.866
LISTEN/NOTIFY,4,3.486
LISTEN/NOTIFY,4,2.853
LISTEN/NOTIFY,4,2.57
LISTEN/NOTIFY,4,2.902
LISTEN/NOTIFY,4,3.075
LISTEN/NOTIFY,4,2.745
LISTEN/NOTIFY,4,2.605
LISTEN/NOTIFY,4,2.832
LISTEN/NOTIFY,4,2.763
LISTEN/NOTIFY,4,2.701
LISTEN/NOTIFY,4,2.762
LISTEN/NOTIFY,4,2.271
LISTEN/NOTIFY,4,2.108
LISTEN/NOTIFY,4,2.761
LISTEN/NOTIFY,4,2.755
LISTEN/NOTIFY,4,2.78
LISTEN/NOTIFY,4,2.876
LISTEN/NOTIFY,4,2.866
LISTEN/NOTIFY,4,3.14
LISTEN/NOTIFY,4,3.198
LISTEN/NOTIFY,4,3.743
LISTEN/NOTIFY,4,3.61
LISTEN/NOTIFY,4,2.917
LISTEN/NOTIFY,4,2.966
LISTEN/NOTIFY,4,2.988
LISTEN/NOTIFY,4,3.028
LISTEN/NOTIFY,4,3.108
LISTEN/NOTIFY,4,2.86
LISTEN/NOTIFY,4,2.773
LISTEN/NOTIFY,4,2.945
LISTEN/NOTIFY,4,2.789
LISTEN/NOTIFY,4,2.97
LISTEN/NOTIFY,4,2.866
LISTEN/NOTIFY,4,2.755
LISTEN/NOTIFY,4,2.954
LISTEN/NOTIFY,4,3.034
LISTEN/NOTIFY,4,2.829
LISTEN/NOTIFY,4,3.059
LISTEN/NOTIFY,4,3.082
LISTEN/NOTIFY,4,3.029
LISTEN/NOTIFY,4,3.079
LISTEN/NOTIFY,4,2.932
LISTEN/NOTIFY,4,2.798
LISTEN/NOTIFY,4,2.838
LISTEN/NOTIFY,4,2.932
LISTEN/NOTIFY,4,2.681
LISTEN/NOTIFY,4,2.787
LISTEN/NOTIFY,4,3.069
LISTEN/NOTIFY,4,2.959
LISTEN/NOTIFY,4,2.88
LISTEN/NOTIFY,4,3.128
LISTEN/NOTIFY,4,2.996
LISTEN/NOTIFY,4,2.854
LISTEN/NOTIFY,4,2.845
LISTEN/NOTIFY,4,2.995
LISTEN/NOTIFY,4,2.904
LISTEN/NOTIFY,4,2.91
LISTEN/NOTIFY,4,2.804
LISTEN/NOTIFY,4,3.043
LISTEN/NOTIFY,4,3.097
LISTEN/NOTIFY,4,3.035
LISTEN/NOTIFY,4,2.734
LISTEN/NOTIFY,4,3.087
LISTEN/NOTIFY,4,2.889
LISTEN/NOTIFY,4,2.882
LISTEN/NOTIFY,4,2.871
LISTEN/NOTIFY,4,2.744
LISTEN/NOTIFY,4,3.088
LISTEN/NOTIFY,4,2.857
LISTEN/NOTIFY,4,2.771
LISTEN/NOTIFY,4,2.871
LISTEN/NOTIFY,4,2.867
LISTEN/NOTIFY,4,2.663
LISTEN/NOTIFY,4,2.909
LISTEN/NOTIFY,4,2.997
LISTEN/NOTIFY,4,2.824
LISTEN/NOTIFY,4,2.839
LISTEN/NOTIFY,4,2.678
LISTEN/NOTIFY,4,2.951
LISTEN/NOTIFY,4,2.728
LISTEN/NOTIFY,4,2.973
LISTEN/NOTIFY,4,2.646
LISTEN/NOTIFY,4,2.891
LISTEN/NOTIFY,4,3.064
LISTEN/NOTIFY,4,2.666
LISTEN/NOTIFY,4,2.758
LISTEN/NOTIFY,4,2.848
LISTEN/NOTIFY,4,2.579
LISTEN/NOTIFY,4,2.654
LISTEN/NOTIFY,4,3.034
LISTEN/NOTIFY,4,3.051
LISTEN/NOTIFY,4,2.949
LISTEN/NOTIFY,4,2.762
LISTEN/NOTIFY,4,2.745
LISTEN/NOTIFY,4,3.03
LISTEN/NOTIFY,4,2.988
LISTEN/NOTIFY,4,2.966
LISTEN/NOTIFY,4,2.945
LISTEN/NOTIFY,4,2.876
LISTEN/NOTIFY,4,2.839
LISTEN/NOTIFY,4,2.587
LISTEN/NOTIFY,4,3.336
LISTEN/NOTIFY,4,3.378
LISTEN/NOTIFY,4,3.143
LISTEN/NOTIFY,4,2.947
LISTEN/NOTIFY,4,3.045
LISTEN/NOTIFY,4,3.024
LISTEN/NOTIFY,4,2.628
LISTEN/NOTIFY,4,2.903
LISTEN/NOTIFY,4,2.953
LISTEN/NOTIFY,4,2.876
LISTEN/NOTIFY,4,2.513
LISTEN/NOTIFY,4,2.875
LISTEN/NOTIFY,4,2.717
LISTEN/NOTIFY,4,3.843
LISTEN/NOTIFY,4,3.736
LISTEN/NOTIFY,4,3.311
LISTEN/NOTIFY,4,3.098
LISTEN/NOTIFY,4,2.703
LISTEN/NOTIFY,4,3.209
LISTEN/NOTIFY,4,3.139
LISTEN/NOTIFY,4,3.119
LISTEN/NOTIFY,4,3.069
LISTEN/NOTIFY,4,2.93
LISTEN/NOTIFY,4,3.201
LISTEN/NOTIFY,4,3.154
LISTEN/NOTIFY,4,3.063
LISTEN/NOTIFY,4,3.156
LISTEN/NOTIFY,4,3.265
LISTEN/NOTIFY,4,3.16
LISTEN/NOTIFY,4,3.147
LISTEN/NOTIFY,4,2.982
LISTEN/NOTIFY,4,2.954
LISTEN/NOTIFY,4,2.791
LISTEN/NOTIFY,4,2.857
LISTEN/NOTIFY,4,21.882
LISTEN/NOTIFY,4,21.685
LISTEN/NOTIFY,4,16.943
LISTEN/NOTIFY,4,11.925
LISTEN/NOTIFY,4,6.046
LISTEN/NOTIFY,4,6.798
LISTEN/NOTIFY,4,1.66
LISTEN/NOTIFY,4,2.469
LISTEN/NOTIFY,4,3.173
LISTEN/NOTIFY,4,3.333
LISTEN/NOTIFY,4,3.577
LISTEN/NOTIFY,4,3.35
LISTEN/NOTIFY,4,3.421
LISTEN/NOTIFY,4,3.129
LISTEN/NOTIFY,4,3.323
LISTEN/NOTIFY,4,3.897
LISTEN/NOTIFY,4,3.552
LISTEN/NOTIFY,4,3.171
LISTEN/NOTIFY,4,3.096
LISTEN/NOTIFY,4,3.188
LISTEN/NOTIFY,4,3.181
LISTEN/NOTIFY,4,3.745
LISTEN/NOTIFY,4,3.508
LISTEN/NOTIFY,4,2.923
LISTEN/NOTIFY,4,3.094
LISTEN/NOTIFY,4,2.974
LISTEN/NOTIFY,4,3.355
LISTEN/NOTIFY,4,3.013
LISTEN/NOTIFY,4,3.173
LISTEN/NOTIFY,4,3.89
LISTEN/NOTIFY,4,3.571
LISTEN/NOTIFY,4,2.789
LISTEN/NOTIFY,4,2.813
LISTEN/NOTIFY,4,2.875
LISTEN/NOTIFY,4,3.049
LISTEN/NOTIFY,4,3.297
LISTEN/NOTIFY,4,3.395
LISTEN/NOTIFY,4,3.377
LISTEN/NOTIFY,4,3.384
LISTEN/NOTIFY,4,3.166
LISTEN/NOTIFY,4,3.509
LISTEN/NOTIFY,4,2.416
LISTEN/NOTIFY,4,3.042
LISTEN/NOTIFY,4,3.24
LISTEN/NOTIFY,4,3.118
LISTEN/NOTIFY,4,3.076
LISTEN/NOTIFY,4,2.964
LISTEN/NOTIFY,4,21.558
LISTEN/NOTIFY,4,20.86
LISTEN/NOTIFY,4,15.696
LISTEN/NOTIFY,4,11.067
LISTEN/NOTIFY,4,6.049
LISTEN/NOTIFY,4,5.542
LISTEN/NOTIFY,4,4.787
LISTEN/NOTIFY,4,4.459
LISTEN/NOTIFY,4,4.084
LISTEN/NOTIFY,4,3.613
LISTEN/NOTIFY,4,2.976
LISTEN/NOTIFY,4,3.136
LISTEN/NOTIFY,4,3.167
LISTEN/NOTIFY,4,3.319
LISTEN/NOTIFY,4,3.238
LISTEN/NOTIFY,4,3.29
LISTEN/NOTIFY,4,3.295
LISTEN/NOTIFY,4,3.1
LISTEN/NOTIFY,4,3.332
LISTEN/NOTIFY,4,3.291
LISTEN/NOTIFY,4,3.447
LISTEN/NOTIFY,4,3.202
LISTEN/NOTIFY,4,3.086
LISTEN/NOTIFY,4,3.111
LISTEN/NOTIFY,4,3.02
LISTEN/NOTIFY,4,2.472
LISTEN/NOTIFY,4,3.357
LISTEN/NOTIFY,4,3.377
LISTEN/NOTIFY,4,3.728
LISTEN/NOTIFY,4,3.244
LISTEN/NOTIFY,4,2.972
LISTEN/NOTIFY,4,3.173
LISTEN/NOTIFY,4,2.971
LISTEN/NOTIFY,4,2.913
LISTEN/NOTIFY,4,3.061
LISTEN/NOTIFY,4,3.004
LISTEN/NOTIFY,4,2.904
LISTEN/NOTIFY,4,3.206
LISTEN/NOTIFY,4,2.991
LISTEN/NOTIFY,4,2.878
LISTEN/NOTIFY,4,2.923
LISTEN/NOTIFY,4,2.885
LISTEN/NOTIFY,4,3.083
LISTEN/NOTIFY,4,2.893
LISTEN/NOTIFY,4,2.737
LISTEN/NOTIFY,4,2.863
LISTEN/NOTIFY,4,2.943
LISTEN/NOTIFY,4,2.871
LISTEN/NOTIFY,4,2.773
LISTEN/NOTIFY,4,2.925
LISTEN/NOTIFY,4,3.372
LISTEN/NOTIFY,4,3.285
LISTEN/NOTIFY,4,3.082
LISTEN/NOTIFY,4,3.133
LISTEN/NOTIFY,4,2.966
LISTEN/NOTIFY,4,3.083
LISTEN/NOTIFY,4,2.964
LISTEN/NOTIFY,4,3.039
LISTEN/NOTIFY,4,2.91
LISTEN/NOTIFY,4,2.882
LISTEN/NOTIFY,4,2.809
LISTEN/NOTIFY,4,21.827
LISTEN/NOTIFY,4,20.972
LISTEN/NOTIFY,4,16.348
LISTEN/NOTIFY,4,11.425
LISTEN/NOTIFY,4,4.944
LISTEN/NOTIFY,4,6.051
LISTEN/NOTIFY,4,6.188
LISTEN/NOTIFY,4,5.508
LISTEN/NOTIFY,4,5.388
LISTEN/NOTIFY,4,5.009
LISTEN/NOTIFY,4,4.405
LISTEN/NOTIFY,4,3.94
LISTEN/NOTIFY,4,3.595
LISTEN/NOTIFY,4,3.236
LISTEN/NOTIFY,4,3.191
LISTEN/NOTIFY,4,3.408
LISTEN/NOTIFY,4,3.743
LISTEN/NOTIFY,4,4.114
LISTEN/NOTIFY,4,4.529
LISTEN/NOTIFY,4,4.119
LISTEN/NOTIFY,4,3.747
LISTEN/NOTIFY,4,4.691
LISTEN/NOTIFY,4,4.3
LISTEN/NOTIFY,4,3.464
LISTEN/NOTIFY,4,3.377
LISTEN/NOTIFY,4,3.963
LISTEN/NOTIFY,4,3.832
LISTEN/NOTIFY,4,4.485
LISTEN/NOTIFY,4,4.261
LISTEN/NOTIFY,4,3.509
LISTEN/NOTIFY,4,3.371
LISTEN/NOTIFY,4,22.058
LISTEN/NOTIFY,4,22.218
LISTEN/NOTIFY,4,17.069
LISTEN/NOTIFY,4,12.46
LISTEN/NOTIFY,4,11.918
LISTEN/NOTIFY,4,8.58
LISTEN/NOTIFY,4,3.645
LISTEN/NOTIFY,4,3.222
LISTEN/NOTIFY,4,3.485
LISTEN/NOTIFY,4,3.638
LISTEN/NOTIFY,4,3.459
LISTEN/NOTIFY,4,3.057
LISTEN/NOTIFY,4,3.074
LISTEN/NOTIFY,4,2.989
LISTEN/NOTIFY,4,3.704
LISTEN/NOTIFY,4,2.906
LISTEN/NOTIFY,4,2.779
LISTEN/NOTIFY,4,3.362
LISTEN/NOTIFY,4,3.871
LISTEN/NOTIFY,4,4.057
LISTEN/NOTIFY,4,3.959
LISTEN/NOTIFY,4,3.746
LISTEN/NOTIFY,4,3.758
LISTEN/NOTIFY,4,3.518
LISTEN/NOTIFY,4,22.137
LISTEN/NOTIFY,4,17.0
LISTEN/NOTIFY,4,16.079
LISTEN/NOTIFY,4,11.613
LISTEN/NOTIFY,4,10.758
LISTEN/NOTIFY,4,5.805
LISTEN/NOTIFY,4,5.029
LISTEN/NOTIFY,4,4.05
LISTEN/NOTIFY,4,3.686
LISTEN/NOTIFY,4,3.452
LISTEN/NOTIFY,4,2.956
LISTEN/NOTIFY,4,3.307
LISTEN/NOTIFY,4,3.41
LISTEN/NOTIFY,4,3.473
LISTEN/NOTIFY,4,2.986
LISTEN/NOTIFY,4,3.185
LISTEN/NOTIFY,4,2.971
LISTEN/NOTIFY,4,2.977
LISTEN/NOTIFY,4,3.889
LISTEN/NOTIFY,4,2.893
LISTEN/NOTIFY,4,2.87
LISTEN/NOTIFY,4,3.347
LISTEN/NOTIFY,4,3.863
LISTEN/NOTIFY,4,3.867
LISTEN/NOTIFY,4,3.368
LISTEN/NOTIFY,4,22.86
LISTEN/NOTIFY,4,17.657
LISTEN/NOTIFY,4,18.027
LISTEN/NOTIFY,4,12.975
LISTEN/NOTIFY,4,5.96
LISTEN/NOTIFY,4,8.783
LISTEN/NOTIFY,4,3.372
LISTEN/NOTIFY,4,3.726
LISTEN/NOTIFY,4,3.394
LISTEN/NOTIFY,4,3.181
LISTEN/NOTIFY,4,3.149
LISTEN/NOTIFY,4,3.362
LISTEN/NOTIFY,4,3.73
LISTEN/NOTIFY,4,3.109
LISTEN/NOTIFY,4,3.015
LISTEN/NOTIFY,4,2.793
LISTEN/NOTIFY,4,2.812
LISTEN/NOTIFY,4,2.856
LISTEN/NOTIFY,4,2.831
LISTEN/NOTIFY,4,2.725
LISTEN/NOTIFY,4,2.788
LISTEN/NOTIFY,4,2.939
LISTEN/NOTIFY,4,2.799
LISTEN/NOTIFY,4,2.742
LISTEN/NOTIFY,4,2.727
LISTEN/NOTIFY,4,2.832
LISTEN/NOTIFY,4,2.713
LISTEN/NOTIFY,4,3.28
LISTEN/NOTIFY,4,2.9
LISTEN/NOTIFY,4,2.778
LISTEN/NOTIFY,4,2.577
LISTEN/NOTIFY,4,2.971
LISTEN/NOTIFY,4,2.734
LISTEN/NOTIFY,4,2.882
LISTEN/NOTIFY,4,2.683
LISTEN/NOTIFY,4,2.753
LISTEN/NOTIFY,4,2.903
LISTEN/NOTIFY,4,2.638
LISTEN/NOTIFY,4,2.605
LISTEN/NOTIFY,4,2.699
LISTEN/NOTIFY,4,2.835
LISTEN/NOTIFY,4,2.942
LISTEN/NOTIFY,4,3.019
LISTEN/NOTIFY,4,2.743
LISTEN/NOTIFY,4,22.076
LISTEN/NOTIFY,4,22.106
LISTEN/NOTIFY,4,17.044
LISTEN/NOTIFY,4,12.201
LISTEN/NOTIFY,4,5.063
LISTEN/NOTIFY,4,6.531
LISTEN/NOTIFY,4,6.065
LISTEN/NOTIFY,4,5.269
LISTEN/NOTIFY,4,4.907
LISTEN/NOTIFY,4,3.767
LISTEN/NOTIFY,4,3.388
LISTEN/NOTIFY,4,3.061
LISTEN/NOTIFY,4,3.02
LISTEN/NOTIFY,4,2.954
LISTEN/NOTIFY,4,2.855
LISTEN/NOTIFY,4,2.962
LISTEN/NOTIFY,4,2.819
LISTEN/NOTIFY,4,2.797
LISTEN/NOTIFY,4,2.626
LISTEN/NOTIFY,4,2.704
LISTEN/NOTIFY,4,2.454
LISTEN/NOTIFY,4,3.016
LISTEN/NOTIFY,4,3.049
LISTEN/NOTIFY,4,2.853
LISTEN/NOTIFY,4,2.803
LISTEN/NOTIFY,4,2.866
LISTEN/NOTIFY,4,2.826
LISTEN/NOTIFY,4,2.908
LISTEN/NOTIFY,4,2.811
LISTEN/NOTIFY,4,2.764
LISTEN/NOTIFY,4,2.621
LISTEN/NOTIFY,4,2.848
LISTEN/NOTIFY,4,2.656
LISTEN/NOTIFY,4,2.53
LISTEN/NOTIFY,4,2.711
LISTEN/NOTIFY,4,2.398
LISTEN/NOTIFY,4,2.831
LISTEN/NOTIFY,4,2.923
LISTEN/NOTIFY,4,2.869
LISTEN/NOTIFY,4,2.998
LISTEN/NOTIFY,4,2.815
LISTEN/NOTIFY,4,3.086
LISTEN/NOTIFY,4,3.028
LISTEN/NOTIFY,4,3.09
LISTEN/NOTIFY,4,3.055
LISTEN/NOTIFY,4,2.593
LISTEN/NOTIFY,4,2.939
LISTEN/NOTIFY,4,2.857
LISTEN/NOTIFY,4,2.522
LISTEN/NOTIFY,4,2.598
LISTEN/NOTIFY,4,2.834
LISTEN/NOTIFY,4,2.826
LISTEN/NOTIFY,4,3.104
LISTEN/NOTIFY,4,2.995
LISTEN/NOTIFY,4,3.102
LISTEN/NOTIFY,4,3.088
LISTEN/NOTIFY,4,3.039
LISTEN/NOTIFY,4,2.848
LISTEN/NOTIFY,4,2.915
LISTEN/NOTIFY,4,2.36
LISTEN/NOTIFY,4,3.359
LISTEN/NOTIFY,4,2.983
LISTEN/NOTIFY,4,2.883
LISTEN/NOTIFY,4,2.715
LISTEN/NOTIFY,4,2.815
LISTEN/NOTIFY,4,2.997
LISTEN/NOTIFY,4,3.004
LISTEN/NOTIFY,4,2.933
LISTEN/NOTIFY,4,2.938
LISTEN/NOTIFY,4,2.836
LISTEN/NOTIFY,4,2.896
LISTEN/NOTIFY,4,2.86
LISTEN/NOTIFY,4,2.869
LISTEN/NOTIFY,4,2.577
LISTEN/NOTIFY,4,2.827
LISTEN/NOTIFY,4,2.806
LISTEN/NOTIFY,4,2.77
LISTEN/NOTIFY,4,2.836
LISTEN/NOTIFY,4,2.859
LISTEN/NOTIFY,4,2.768
LISTEN/NOTIFY,4,2.907
LISTEN/NOTIFY,4,2.908
LISTEN/NOTIFY,4,2.828
LISTEN/NOTIFY,4,2.854
LISTEN/NOTIFY,4,2.697
LISTEN/NOTIFY,4,2.693
LISTEN/NOTIFY,4,2.779
LISTEN/NOTIFY,4,2.647
LISTEN/NOTIFY,4,2.742
LISTEN/NOTIFY,4,2.831
LISTEN/NOTIFY,4,2.753
LISTEN/NOTIFY,4,2.906
LISTEN/NOTIFY,4,2.914
LISTEN/NOTIFY,4,2.626
LISTEN/NOTIFY,4,2.774
LISTEN/NOTIFY,4,2.71
LISTEN/NOTIFY,4,2.741
LISTEN/NOTIFY,4,2.898
LISTEN/NOTIFY,4,2.485
LISTEN/NOTIFY,4,2.667
LISTEN/NOTIFY,4,2.568
LISTEN/NOTIFY,4,2.95
LISTEN/NOTIFY,4,3.045
LISTEN/NOTIFY,4,2.765
LISTEN/NOTIFY,4,2.92
LISTEN/NOTIFY,4,2.759
LISTEN/NOTIFY,4,2.952
LISTEN/NOTIFY,4,2.89
LISTEN/NOTIFY,4,2.772
LISTEN/NOTIFY,4,2.755
LISTEN/NOTIFY,4,2.886
LISTEN/NOTIFY,4,2.456
LISTEN/NOTIFY,4,2.337
LISTEN/NOTIFY,4,2.894
LISTEN/NOTIFY,4,2.606
LISTEN/NOTIFY,4,2.705
LISTEN/NOTIFY,4,2.71
LISTEN/NOTIFY,4,2.837
LISTEN/NOTIFY,4,2.941
LISTEN/NOTIFY,4,2.771
LISTEN/NOTIFY,4,2.805
LISTEN/NOTIFY,4,2.843
LISTEN/NOTIFY,4,2.877
LISTEN/NOTIFY,4,2.78
LISTEN/NOTIFY,4,2.718
LISTEN/NOTIFY,4,2.675
LISTEN/NOTIFY,4,2.694
LISTEN/NOTIFY,4,2.852
LISTEN/NOTIFY,4,2.731
LISTEN/NOTIFY,4,2.86
LISTEN/NOTIFY,4,2.852
LISTEN/NOTIFY,4,2.803
LISTEN/NOTIFY,4,2.988
LISTEN/NOTIFY,4,2.891
LISTEN/NOTIFY,4,2.679
LISTEN/NOTIFY,4,2.494
LISTEN/NOTIFY,4,2.839
LISTEN/NOTIFY,4,2.398
LISTEN/NOTIFY,4,2.475
LISTEN/NOTIFY,4,2.765
LISTEN/NOTIFY,4,2.797
LISTEN/NOTIFY,4,2.885
LISTEN/NOTIFY,4,2.696
LISTEN/NOTIFY,4,2.981
LISTEN/NOTIFY,4,2.488
LISTEN/NOTIFY,4,2.86
LISTEN/NOTIFY,4,2.796
LISTEN/NOTIFY,4,2.905
LISTEN/NOTIFY,4,2.731
LISTEN/NOTIFY,4,2.776
LISTEN/NOTIFY,4,2.427
LISTEN/NOTIFY,4,2.7
LISTEN/NOTIFY,4,3.033
LISTEN/NOTIFY,4,2.903
LISTEN/NOTIFY,4,2.755
LISTEN/NOTIFY,4,2.902
LISTEN/NOTIFY,4,3.39
LISTEN/NOTIFY,4,2.804
LISTEN/NOTIFY,4,2.774
LISTEN/NOTIFY,4,2.694
LISTEN/NOTIFY,4,2.753
LISTEN/NOTIFY,4,2.486
LISTEN/NOTIFY,4,2.478
LISTEN/NOTIFY,4,2.912
LISTEN/NOTIFY,4,2.914
LISTEN/NOTIFY,4,2.998
LISTEN/NOTIFY,4,2.784
LISTEN/NOTIFY,4,3.071
LISTEN/NOTIFY,4,2.852
LISTEN/NOTIFY,4,2.832
LISTEN/NOTIFY,4,2.625
LISTEN/NOTIFY,4,2.675
LISTEN/NOTIFY,4,2.541
LISTEN/NOTIFY,4,2.62
LISTEN/NOTIFY,4,2.969
LISTEN/NOTIFY,4,2.767
LISTEN/NOTIFY,4,2.929
LISTEN/NOTIFY,4,21.578
LISTEN/NOTIFY,4,21.352
LISTEN/NOTIFY,4,15.692
LISTEN/NOTIFY,4,11.095
LISTEN/NOTIFY,4,5.819
LISTEN/NOTIFY,4,5.417
LISTEN/NOTIFY,4,5.313
LISTEN/NOTIFY,4,4.866
LISTEN/NOTIFY,4,3.899
LISTEN/NOTIFY,4,3.922
LISTEN/NOTIFY,4,2.806
LISTEN/NOTIFY,4,2.755
LISTEN/NOTIFY,4,3.016
LISTEN/NOTIFY,4,2.303
LISTEN/NOTIFY,4,2.499
LISTEN/NOTIFY,4,2.795
LISTEN/NOTIFY,4,2.733
LISTEN/NOTIFY,4,2.771
LISTEN/NOTIFY,4,2.745
LISTEN/NOTIFY,4,2.532
LISTEN/NOTIFY,4,2.531
LISTEN/NOTIFY,4,2.652
LISTEN/NOTIFY,4,2.718
LISTEN/NOTIFY,4,2.701
LISTEN/NOTIFY,4,2.71
LISTEN/NOTIFY,4,2.891
LISTEN/NOTIFY,4,2.752
LISTEN/NOTIFY,4,2.929
LISTEN/NOTIFY,4,2.795
LISTEN/NOTIFY,4,2.558
LISTEN/NOTIFY,4,2.727
LISTEN/NOTIFY,4,2.647
LISTEN/NOTIFY,4,2.501
LISTEN/NOTIFY,4,2.752
LISTEN/NOTIFY,4,2.735
LISTEN/NOTIFY,4,2.751
LISTEN/NOTIFY,4,2.622
LISTEN/NOTIFY,4,2.685
LISTEN/NOTIFY,4,2.632
LISTEN/NOTIFY,4,2.449
LISTEN/NOTIFY,4,2.385
LISTEN/NOTIFY,4,2.738
LISTEN/NOTIFY,4,2.705
LISTEN/NOTIFY,4,2.839
LISTEN/NOTIFY,4,2.904
LISTEN/NOTIFY,4,2.904
LISTEN/NOTIFY,4,2.269
LISTEN/NOTIFY,4,2.682
LISTEN/NOTIFY,4,2.936
LISTEN/NOTIFY,4,2.881
LISTEN/NOTIFY,4,2.968
LISTEN/NOTIFY,4,2.806
LISTEN/NOTIFY,4,2.769
LISTEN/NOTIFY,4,2.963
LISTEN/NOTIFY,4,2.982
LISTEN/NOTIFY,4,2.836
LISTEN/NOTIFY,4,2.754
LISTEN/NOTIFY,4,2.982
LISTEN/NOTIFY,4,2.929
LISTEN/NOTIFY,4,2.78
LISTEN/NOTIFY,4,21.703
LISTEN/NOTIFY,4,20.717
LISTEN/NOTIFY,4,15.613
LISTEN/NOTIFY,4,11.003
LISTEN/NOTIFY,4,6.027
LISTEN/NOTIFY,4,5.727
LISTEN/NOTIFY,4,4.76
LISTEN/NOTIFY,4,3.979
LISTEN/NOTIFY,4,2.71
LISTEN/NOTIFY,4,2.726
LISTEN/NOTIFY,4,2.989
LISTEN/NOTIFY,4,2.781
LISTEN/NOTIFY,4,2.759
LISTEN/NOTIFY,4,2.753
LISTEN/NOTIFY,4,2.606
LISTEN/NOTIFY,4,2.773
LISTEN/NOTIFY,4,2.709
LISTEN/NOTIFY,4,2.692
LISTEN/NOTIFY,4,2.855
LISTEN/NOTIFY,4,2.682
LISTEN/NOTIFY,4,2.887
LISTEN/NOTIFY,4,2.74
LISTEN/NOTIFY,4,2.515
LISTEN/NOTIFY,4,2.951
LISTEN/NOTIFY,4,2.718
LISTEN/NOTIFY,4,2.697
LISTEN/NOTIFY,4,2.851
LISTEN/NOTIFY,4,2.583
LISTEN/NOTIFY,4,2.647
LISTEN/NOTIFY,4,2.839
LISTEN/NOTIFY,4,2.801
LISTEN/NOTIFY,4,2.817
LISTEN/NOTIFY,4,2.764
LISTEN/NOTIFY,4,2.435
LISTEN/NOTIFY,4,2.516
LISTEN/NOTIFY,4,2.734
LISTEN/NOTIFY,4,2.877
LISTEN/NOTIFY,4,2.717
LISTEN/NOTIFY,4,2.864
LISTEN/NOTIFY,4,2.606
LISTEN/NOTIFY,4,2.695
LISTEN/NOTIFY,4,2.566
LISTEN/NOTIFY,4,2.716
LISTEN/NOTIFY,4,2.797
LISTEN/NOTIFY,4,2.801
LISTEN/NOTIFY,4,2.828
LISTEN/NOTIFY,4,2.305
LISTEN/NOTIFY,4,2.756
LISTEN/NOTIFY,4,2.782
LISTEN/NOTIFY,4,2.907
LISTEN/NOTIFY,4,2.721
LISTEN/NOTIFY,4,2.494
LISTEN/NOTIFY,4,2.752
LISTEN/NOTIFY,4,2.562
LISTEN/NOTIFY,4,2.806
LISTEN/NOTIFY,4,2.781
LISTEN/NOTIFY,4,2.349
LISTEN/NOTIFY,4,2.672
LISTEN/NOTIFY,4,2.648
LISTEN/NOTIFY,4,2.545
LISTEN/NOTIFY,4,2.751
LISTEN/NOTIFY,4,21.262
LISTEN/NOTIFY,4,20.482
LISTEN/NOTIFY,4,15.94
LISTEN/NOTIFY,4,10.834
LISTEN/NOTIFY,4,4.16
LISTEN/NOTIFY,4,4.949
LISTEN/NOTIFY,4,3.926
LISTEN/NOTIFY,4,2.727
LISTEN/NOTIFY,4,2.928
LISTEN/NOTIFY,4,3.094
LISTEN/NOTIFY,4,2.746
LISTEN/NOTIFY,4,2.997
LISTEN/NOTIFY,4,2.485
LISTEN/NOTIFY,4,3.088
LISTEN/NOTIFY,4,3.074
LISTEN/NOTIFY,4,2.849
LISTEN/NOTIFY,4,2.664
LISTEN/NOTIFY,4,2.717
LISTEN/NOTIFY,4,2.851
LISTEN/NOTIFY,4,2.871
LISTEN/NOTIFY,4,2.737
LISTEN/NOTIFY,4,2.924
LISTEN/NOTIFY,4,2.978
LISTEN/NOTIFY,4,2.824
LISTEN/NOTIFY,4,3.024
LISTEN/NOTIFY,4,2.749
LISTEN/NOTIFY,4,2.721
LISTEN/NOTIFY,4,2.616
LISTEN/NOTIFY,4,2.758
LISTEN/NOTIFY,4,2.947
LISTEN/NOTIFY,4,2.798
LISTEN/NOTIFY,4,2.484
LISTEN/NOTIFY,4,2.695
LISTEN/NOTIFY,4,2.691
LISTEN/NOTIFY,4,2.753
LISTEN/NOTIFY,4,2.727
LISTEN/NOTIFY,4,2.779
LISTEN/NOTIFY,4,2.998
LISTEN/NOTIFY,4,2.823
LISTEN/NOTIFY,4,2.9
LISTEN/NOTIFY,4,2.794
LISTEN/NOTIFY,4,2.862
LISTEN/NOTIFY,4,2.854
LISTEN/NOTIFY,4,2.843
LISTEN/NOTIFY,4,2.836
LISTEN/NOTIFY,4,2.699
LISTEN/NOTIFY,4,2.642
LISTEN/NOTIFY,4,2.536
LISTEN/NOTIFY,4,2.618
LISTEN/NOTIFY,4,2.957
LISTEN/NOTIFY,4,2.981
LISTEN/NOTIFY,4,3.126
LISTEN/NOTIFY,4,2.885
LISTEN/NOTIFY,4,2.805
LISTEN/NOTIFY,4,2.821
LISTEN/NOTIFY,4,2.829
LISTEN/NOTIFY,4,2.913
LISTEN/NOTIFY,4,2.529
LISTEN/NOTIFY,4,2.911
LISTEN/NOTIFY,4,2.9
LISTEN/NOTIFY,4,21.498
LISTEN/NOTIFY,4,21.139
LISTEN/NOTIFY,4,15.913
LISTEN/NOTIFY,4,10.816
LISTEN/NOTIFY,4,6.154
LISTEN/NOTIFY,4,5.275
LISTEN/NOTIFY,4,4.216
LISTEN/NOTIFY,4,3.285
LISTEN/NOTIFY,4,2.833
LISTEN/NOTIFY,4,2.977
LISTEN/NOTIFY,4,2.348
LISTEN/NOTIFY,4,2.89
LISTEN/NOTIFY,4,2.935
LISTEN/NOTIFY,4,2.604
LISTEN/NOTIFY,4,2.963
LISTEN/NOTIFY,4,2.619
LISTEN/NOTIFY,4,2.7
LISTEN/NOTIFY,4,2.439
LISTEN/NOTIFY,4,2.539
LISTEN/NOTIFY,4,2.757
LISTEN/NOTIFY,4,2.87
LISTEN/NOTIFY,4,2.584
LISTEN/NOTIFY,4,2.596
LISTEN/NOTIFY,4,2.711
LISTEN/NOTIFY,4,2.812
LISTEN/NOTIFY,4,2.837
LISTEN/NOTIFY,4,2.615
LISTEN/NOTIFY,4,2.656
LISTEN/NOTIFY,4,2.711
LISTEN/NOTIFY,4,2.823
LISTEN/NOTIFY,4,2.825
LISTEN/NOTIFY,4,3.027
LISTEN/NOTIFY,4,2.887
LISTEN/NOTIFY,4,3.033
LISTEN/NOTIFY,4,2.864
LISTEN/NOTIFY,4,2.807
LISTEN/NOTIFY,4,2.811
LISTEN/NOTIFY,4,2.885
LISTEN/NOTIFY,4,2.606
LISTEN/NOTIFY,4,2.818
LISTEN/NOTIFY,4,3.145
LISTEN/NOTIFY,4,2.847
LISTEN/NOTIFY,4,2.757
LISTEN/NOTIFY,4,2.7
LISTEN/NOTIFY,4,3.23
LISTEN/NOTIFY,4,2.936
LISTEN/NOTIFY,4,2.659
LISTEN/NOTIFY,4,2.919
LISTEN/NOTIFY,4,2.625
LISTEN/NOTIFY,4,2.671
LISTEN/NOTIFY,4,2.646
LISTEN/NOTIFY,4,2.423
LISTEN/NOTIFY,4,2.891
LISTEN/NOTIFY,4,2.886
LISTEN/NOTIFY,4,2.799
LISTEN/NOTIFY,4,2.838
LISTEN/NOTIFY,4,3.137
LISTEN/NOTIFY,4,3.121
LISTEN/NOTIFY,4,2.803
LISTEN/NOTIFY,4,2.842
LISTEN/NOTIFY,4,21.604
LISTEN/NOTIFY,4,20.802
LISTEN/NOTIFY,4,15.612
LISTEN/NOTIFY,4,11.17
LISTEN/NOTIFY,4,3.996
LISTEN/NOTIFY,4,5.113
LISTEN/NOTIFY,4,4.228
LISTEN/NOTIFY,4,3.46
LISTEN/NOTIFY,4,3.298
LISTEN/NOTIFY,4,3.152
LISTEN/NOTIFY,4,2.781
LISTEN/NOTIFY,4,2.881
LISTEN/NOTIFY,4,2.948
LISTEN/NOTIFY,4,2.993
LISTEN/NOTIFY,4,2.999
LISTEN/NOTIFY,4,3.085
LISTEN/NOTIFY,4,2.706
LISTEN/NOTIFY,4,2.702
LISTEN/NOTIFY,4,2.941
LISTEN/NOTIFY,4,3.025
LISTEN/NOTIFY,4,3.099
LISTEN/NOTIFY,4,3.468
LISTEN/NOTIFY,4,2.977
LISTEN/NOTIFY,4,2.973
LISTEN/NOTIFY,4,2.879
LISTEN/NOTIFY,4,2.854
LISTEN/NOTIFY,4,2.646
LISTEN/NOTIFY,4,2.786
LISTEN/NOTIFY,4,2.735
LISTEN/NOTIFY,4,2.537
LISTEN/NOTIFY,4,2.698
LISTEN/NOTIFY,4,2.796
LISTEN/NOTIFY,4,2.176
LISTEN/NOTIFY,4,2.787
LISTEN/NOTIFY,4,2.855
LISTEN/NOTIFY,4,2.58
LISTEN/NOTIFY,4,3.0
LISTEN/NOTIFY,4,2.786
LISTEN/NOTIFY,4,2.837
LISTEN/NOTIFY,4,2.696
LISTEN/NOTIFY,4,2.662
LISTEN/NOTIFY,4,2.624
LISTEN/NOTIFY,4,2.6
LISTEN/NOTIFY,4,2.591
LISTEN/NOTIFY,4,2.748
LISTEN/NOTIFY,4,2.695
LISTEN/NOTIFY,4,2.717
LISTEN/NOTIFY,4,2.739
LISTEN/NOTIFY,4,2.761
LISTEN/NOTIFY,4,2.783
LISTEN/NOTIFY,4,2.689
LISTEN/NOTIFY,4,3.075
LISTEN/NOTIFY,4,2.856
LISTEN/NOTIFY,4,2.441
LISTEN/NOTIFY,4,2.723
LISTEN/NOTIFY,4,2.655
LISTEN/NOTIFY,4,2.651
LISTEN/NOTIFY,4,2.652
LISTEN/NOTIFY,4,2.749
LISTEN/NOTIFY,4,2.658
LISTEN/NOTIFY,4,21.391
LISTEN/NOTIFY,4,21.639
LISTEN/NOTIFY,4,16.429
LISTEN/NOTIFY,4,11.616
LISTEN/NOTIFY,4,5.136
LISTEN/NOTIFY,4,5.873
LISTEN/NOTIFY,4,4.843
LISTEN/NOTIFY,4,3.874
LISTEN/NOTIFY,4,2.78
LISTEN/NOTIFY,4,2.883
LISTEN/NOTIFY,4,2.893
LISTEN/NOTIFY,4,2.626
LISTEN/NOTIFY,4,2.59
LISTEN/NOTIFY,4,3.658
LISTEN/NOTIFY,4,3.079
LISTEN/NOTIFY,4,2.852
LISTEN/NOTIFY,4,2.744
LISTEN/NOTIFY,4,2.585
LISTEN/NOTIFY,4,2.851
LISTEN/NOTIFY,4,3.024
LISTEN/NOTIFY,4,2.845
LISTEN/NOTIFY,4,2.726
LISTEN/NOTIFY,4,2.793
LISTEN/NOTIFY,4,2.871
LISTEN/NOTIFY,4,2.988
LISTEN/NOTIFY,4,2.75
LISTEN/NOTIFY,4,2.759
LISTEN/NOTIFY,4,2.778
LISTEN/NOTIFY,4,2.868
LISTEN/NOTIFY,4,2.446
LISTEN/NOTIFY,4,2.746
LISTEN/NOTIFY,4,2.763
LISTEN/NOTIFY,4,2.803
LISTEN/NOTIFY,4,2.824
LISTEN/NOTIFY,4,3.12
LISTEN/NOTIFY,4,2.914
LISTEN/NOTIFY,4,2.859
LISTEN/NOTIFY,4,2.609
LISTEN/NOTIFY,4,2.83
LISTEN/NOTIFY,4,2.668
LISTEN/NOTIFY,4,2.752
LISTEN/NOTIFY,4,2.774
LISTEN/NOTIFY,4,2.658
LISTEN/NOTIFY,4,3.066
LISTEN/NOTIFY,4,2.762
LISTEN/NOTIFY,4,3.017
LISTEN/NOTIFY,4,2.876
LISTEN/NOTIFY,4,2.91
LISTEN/NOTIFY,4,2.872
LISTEN/NOTIFY,4,2.885
LISTEN/NOTIFY,4,2.929
LISTEN/NOTIFY,4,2.725
LISTEN/NOTIFY,4,2.968
LISTEN/NOTIFY,4,2.593
LISTEN/NOTIFY,4,2.97
LISTEN/NOTIFY,4,2.769
LISTEN/NOTIFY,4,21.507
LISTEN/NOTIFY,4,21.205
LISTEN/NOTIFY,4,16.054
LISTEN/NOTIFY,4,10.822
LISTEN/NOTIFY,4,4.004
LISTEN/NOTIFY,4,4.789
LISTEN/NOTIFY,4,4.462
LISTEN/NOTIFY,4,4.289
LISTEN/NOTIFY,4,3.369
LISTEN/NOTIFY,4,2.878
LISTEN/NOTIFY,4,2.712
LISTEN/NOTIFY,4,2.61
LISTEN/NOTIFY,4,2.884
LISTEN/NOTIFY,4,2.707
LISTEN/NOTIFY,4,2.702
LISTEN/NOTIFY,4,3.009
LISTEN/NOTIFY,4,2.779
LISTEN/NOTIFY,4,2.587
LISTEN/NOTIFY,4,2.821
LISTEN/NOTIFY,4,2.858
LISTEN/NOTIFY,4,2.851
LISTEN/NOTIFY,4,2.899
LISTEN/NOTIFY,4,2.931
LISTEN/NOTIFY,4,2.229
LISTEN/NOTIFY,4,2.866
LISTEN/NOTIFY,4,2.769
LISTEN/NOTIFY,4,2.558
LISTEN/NOTIFY,4,2.863
LISTEN/NOTIFY,4,2.883
LISTEN/NOTIFY,4,2.944
LISTEN/NOTIFY,4,2.997
LISTEN/NOTIFY,4,2.724
LISTEN/NOTIFY,4,2.809
LISTEN/NOTIFY,4,2.871
LISTEN/NOTIFY,4,2.674
LISTEN/NOTIFY,4,2.788
LISTEN/NOTIFY,4,2.959
LISTEN/NOTIFY,4,3.152
LISTEN/NOTIFY,4,3.368
LISTEN/NOTIFY,4,3.134
LISTEN/NOTIFY,4,3.3
LISTEN/NOTIFY,4,3.019
LISTEN/NOTIFY,4,3.117
LISTEN/NOTIFY,4,2.832
LISTEN/NOTIFY,4,2.9
LISTEN/NOTIFY,4,2.879
LISTEN/NOTIFY,4,3.048
LISTEN/NOTIFY,4,2.907
LISTEN/NOTIFY,4,3.142
LISTEN/NOTIFY,4,3.813
LISTEN/NOTIFY,4,3.197
LISTEN/NOTIFY,4,3.759
LISTEN/NOTIFY,4,3.021
LISTEN/NOTIFY,4,2.905
LISTEN/NOTIFY,4,2.895
LISTEN/NOTIFY,4,2.741
LISTEN/NOTIFY,4,3.087
LISTEN/NOTIFY,4,3.005
LISTEN/NOTIFY,4,2.972
LISTEN/NOTIFY,4,21.878
LISTEN/NOTIFY,4,17.052
LISTEN/NOTIFY,4,16.724
LISTEN/NOTIFY,4,11.542
LISTEN/NOTIFY,4,5.327
LISTEN/NOTIFY,4,6.044
LISTEN/NOTIFY,4,4.767
LISTEN/NOTIFY,4,3.883
LISTEN/NOTIFY,4,3.478
LISTEN/NOTIFY,4,2.978
LISTEN/NOTIFY,4,2.838
LISTEN/NOTIFY,4,2.963
LISTEN/NOTIFY,4,3.165
LISTEN/NOTIFY,4,3.085
LISTEN/NOTIFY,4,3.285
LISTEN/NOTIFY,4,3.126
LISTEN/NOTIFY,4,3.055
LISTEN/NOTIFY,4,3.125
LISTEN/NOTIFY,4,3.15
LISTEN/NOTIFY,4,3.27
LISTEN/NOTIFY,4,3.069
LISTEN/NOTIFY,4,2.777
LISTEN/NOTIFY,4,3.108
LISTEN/NOTIFY,4,3.157
LISTEN/NOTIFY,4,3.105
LISTEN/NOTIFY,4,2.921
LISTEN/NOTIFY,4,2.974
LISTEN/NOTIFY,4,3.018
LISTEN/NOTIFY,4,2.956
LISTEN/NOTIFY,4,3.186
LISTEN/NOTIFY,4,3.194
LISTEN/NOTIFY,4,2.939
LISTEN/NOTIFY,4,2.907
LISTEN/NOTIFY,4,2.88
LISTEN/NOTIFY,4,2.757
LISTEN/NOTIFY,4,2.818
LISTEN/NOTIFY,4,2.856
LISTEN/NOTIFY,4,2.797
LISTEN/NOTIFY,4,2.797
LISTEN/NOTIFY,4,2.78
LISTEN/NOTIFY,4,2.951
LISTEN/NOTIFY,4,2.885
LISTEN/NOTIFY,4,2.753
LISTEN/NOTIFY,4,3.24
LISTEN/NOTIFY,4,3.188
LISTEN/NOTIFY,4,3.194
LISTEN/NOTIFY,4,3.002
LISTEN/NOTIFY,4,3.034
LISTEN/NOTIFY,4,2.979
LISTEN/NOTIFY,4,3.039
LISTEN/NOTIFY,4,3.146
LISTEN/NOTIFY,4,3.081
LISTEN/NOTIFY,4,2.972
LISTEN/NOTIFY,4,2.979
LISTEN/NOTIFY,4,3.451
LISTEN/NOTIFY,4,3.059
LISTEN/NOTIFY,4,3.103
LISTEN/NOTIFY,4,3.173
LISTEN/NOTIFY,4,3.027
LISTEN/NOTIFY,4,2.965
LISTEN/NOTIFY,4,2.986
LISTEN/NOTIFY,4,21.861
LISTEN/NOTIFY,4,21.88
LISTEN/NOTIFY,4,16.57
LISTEN/NOTIFY,4,11.665
LISTEN/NOTIFY,4,4.854
LISTEN/NOTIFY,4,6.665
LISTEN/NOTIFY,4,5.996
LISTEN/NOTIFY,4,5.533
LISTEN/NOTIFY,4,5.752
poll 1 s,5,324.735
poll 1 s,5,319.592
poll 1 s,5,314.992
poll 1 s,5,309.472
poll 1 s,5,304.532
poll 1 s,5,299.6
poll 1 s,5,294.483
poll 1 s,5,289.356
poll 1 s,5,284.707
poll 1 s,5,279.519
poll 1 s,5,274.555
poll 1 s,5,269.456
poll 1 s,5,264.745
poll 1 s,5,259.465
poll 1 s,5,254.399
poll 1 s,5,249.63
poll 1 s,5,244.295
poll 1 s,5,239.971
poll 1 s,5,234.54
poll 1 s,5,229.516
poll 1 s,5,224.61
poll 1 s,5,219.575
poll 1 s,5,214.817
poll 1 s,5,209.4
poll 1 s,5,204.277
poll 1 s,5,199.541
poll 1 s,5,194.26
poll 1 s,5,189.827
poll 1 s,5,184.695
poll 1 s,5,179.224
poll 1 s,5,174.493
poll 1 s,5,169.333
poll 1 s,5,164.936
poll 1 s,5,159.678
poll 1 s,5,154.857
poll 1 s,5,149.567
poll 1 s,5,144.422
poll 1 s,5,140.001
poll 1 s,5,134.5
poll 1 s,5,129.56
poll 1 s,5,125.017
poll 1 s,5,119.663
poll 1 s,5,114.501
poll 1 s,5,109.331
poll 1 s,5,104.293
poll 1 s,5,99.339
poll 1 s,5,94.194
poll 1 s,5,89.3
poll 1 s,5,84.845
poll 1 s,5,79.809
poll 1 s,5,74.675
poll 1 s,5,69.534
poll 1 s,5,64.921
poll 1 s,5,59.887
poll 1 s,5,54.71
poll 1 s,5,49.671
poll 1 s,5,44.538
poll 1 s,5,39.77
poll 1 s,5,34.81
poll 1 s,5,29.705
poll 1 s,5,24.523
poll 1 s,5,19.747
poll 1 s,5,19.758
poll 1 s,5,14.722
poll 1 s,5,9.958
poll 1 s,5,4.093
poll 1 s,5,1006.802
poll 1 s,5,1001.816
poll 1 s,5,996.73
poll 1 s,5,991.719
poll 1 s,5,986.621
poll 1 s,5,981.517
poll 1 s,5,976.791
poll 1 s,5,971.692
poll 1 s,5,966.575
poll 1 s,5,961.643
poll 1 s,5,956.671
poll 1 s,5,951.769
poll 1 s,5,946.474
poll 1 s,5,941.38
poll 1 s,5,936.624
poll 1 s,5,931.175
poll 1 s,5,926.729
poll 1 s,5,921.274
poll 1 s,5,916.399
poll 1 s,5,911.469
poll 1 s,5,906.958
poll 1 s,5,901.811
poll 1 s,5,896.791
poll 1 s,5,891.615
poll 1 s,5,886.537
poll 1 s,5,881.806
poll 1 s,5,876.715
poll 1 s,5,871.663
poll 1 s,5,867.067
poll 1 s,5,861.832
poll 1 s,5,856.673
poll 1 s,5,851.839
poll 1 s,5,846.805
poll 1 s,5,841.641
poll 1 s,5,836.45
poll 1 s,5,831.774
poll 1 s,5,826.861
poll 1 s,5,821.64
poll 1 s,5,816.992
poll 1 s,5,811.997
poll 1 s,5,806.918
poll 1 s,5,801.849
poll 1 s,5,796.708
poll 1 s,5,792.005
poll 1 s,5,786.975
poll 1 s,5,781.592
poll 1 s,5,776.737
poll 1 s,5,771.712
poll 1 s,5,766.585
poll 1 s,5,762.0
poll 1 s,5,756.891
poll 1 s,5,751.83
poll 1 s,5,746.626
poll 1 s,5,741.878
poll 1 s,5,736.819
poll 1 s,5,731.764
poll 1 s,5,726.482
poll 1 s,5,721.586
poll 1 s,5,716.914
poll 1 s,5,711.911
poll 1 s,5,706.69
poll 1 s,5,701.656
poll 1 s,5,696.821
poll 1 s,5,691.474
poll 1 s,5,686.355
poll 1 s,5,681.703
poll 1 s,5,676.476
poll 1 s,5,671.747
poll 1 s,5,666.806
poll 1 s,5,661.766
poll 1 s,5,656.88
poll 1 s,5,651.768
poll 1 s,5,646.726
poll 1 s,5,641.61
poll 1 s,5,636.712
poll 1 s,5,631.447
poll 1 s,5,626.539
poll 1 s,5,621.988
poll 1 s,5,616.819
poll 1 s,5,611.624
poll 1 s,5,606.991
poll 1 s,5,601.116
poll 1 s,5,596.968
poll 1 s,5,591.583
poll 1 s,5,586.555
poll 1 s,5,581.696
poll 1 s,5,566.697
poll 1 s,5,576.526
poll 1 s,5,571.528
poll 1 s,5,561.815
poll 1 s,5,556.349
poll 1 s,5,551.603
poll 1 s,5,546.413
poll 1 s,5,541.436
poll 1 s,5,536.38
poll 1 s,5,531.799
poll 1 s,5,526.669
poll 1 s,5,521.965
poll 1 s,5,516.962
poll 1 s,5,511.785
poll 1 s,5,512.026
poll 1 s,5,506.983
poll 1 s,5,502.173
poll 1 s,5,497.191
poll 1 s,5,492.13
poll 1 s,5,486.751
poll 1 s,5,481.766
poll 1 s,5,476.631
poll 1 s,5,471.771
poll 1 s,5,466.758
poll 1 s,5,462.179
poll 1 s,5,457.18
poll 1 s,5,451.894
poll 1 s,5,447.152
poll 1 s,5,442.087
poll 1 s,5,436.922
poll 1 s,5,431.89
poll 1 s,5,426.915
poll 1 s,5,421.82
poll 1 s,5,416.714
poll 1 s,5,411.956
poll 1 s,5,407.138
poll 1 s,5,401.888
poll 1 s,5,396.849
poll 1 s,5,391.868
poll 1 s,5,387.074
poll 1 s,5,382.059
poll 1 s,5,376.968
poll 1 s,5,371.808
poll 1 s,5,367.271
poll 1 s,5,361.92
poll 1 s,5,356.932
poll 1 s,5,351.793
poll 1 s,5,347.088
poll 1 s,5,342.215
poll 1 s,5,337.079
poll 1 s,5,332.263
poll 1 s,5,327.104
poll 1 s,5,322.057
poll 1 s,5,316.999
poll 1 s,5,311.833
poll 1 s,5,306.95
poll 1 s,5,302.023
poll 1 s,5,296.801
poll 1 s,5,292.239
poll 1 s,5,287.115
poll 1 s,5,281.669
poll 1 s,5,276.987
poll 1 s,5,272.124
poll 1 s,5,267.207
poll 1 s,5,261.613
poll 1 s,5,257.082
poll 1 s,5,252.235
poll 1 s,5,246.794
poll 1 s,5,241.946
poll 1 s,5,237.008
poll 1 s,5,232.053
poll 1 s,5,226.906
poll 1 s,5,221.876
poll 1 s,5,217.088
poll 1 s,5,212.118
poll 1 s,5,206.994
poll 1 s,5,202.079
poll 1 s,5,196.938
poll 1 s,5,191.717
poll 1 s,5,186.77
poll 1 s,5,181.897
poll 1 s,5,176.87
poll 1 s,5,171.679
poll 1 s,5,166.881
poll 1 s,5,162.19
poll 1 s,5,157.192
poll 1 s,5,152.03
poll 1 s,5,146.987
poll 1 s,5,142.29
poll 1 s,5,137.086
poll 1 s,5,131.864
poll 1 s,5,127.019
poll 1 s,5,121.832
poll 1 s,5,116.588
poll 1 s,5,111.692
poll 1 s,5,107.124
poll 1 s,5,102.027
poll 1 s,5,96.712
poll 1 s,5,92.033
poll 1 s,5,87.068
poll 1 s,5,82.056
poll 1 s,5,76.966
poll 1 s,5,72.076
poll 1 s,5,67.307
poll 1 s,5,61.82
poll 1 s,5,56.986
poll 1 s,5,51.54
poll 1 s,5,47.204
poll 1 s,5,31.921
poll 1 s,5,36.807
poll 1 s,5,42.035
poll 1 s,5,26.396
poll 1 s,5,21.94
poll 1 s,5,16.805
poll 1 s,5,16.012
poll 1 s,5,11.555
poll 1 s,5,6.281
poll 1 s,5,1.484
poll 1 s,5,1002.89
poll 1 s,5,997.323
poll 1 s,5,992.775
poll 1 s,5,987.224
poll 1 s,5,982.881
poll 1 s,5,977.663
poll 1 s,5,972.751
poll 1 s,5,967.639
poll 1 s,5,962.696
poll 1 s,5,957.617
poll 1 s,5,952.953
poll 1 s,5,947.894
poll 1 s,5,942.745
poll 1 s,5,937.789
poll 1 s,5,932.445
poll 1 s,5,927.553
poll 1 s,5,922.8
poll 1 s,5,917.299
poll 1 s,5,912.799
poll 1 s,5,907.785
poll 1 s,5,902.705
poll 1 s,5,897.398
poll 1 s,5,892.384
poll 1 s,5,888.013
poll 1 s,5,882.538
poll 1 s,5,877.872
poll 1 s,5,872.584
poll 1 s,5,867.362
poll 1 s,5,862.862
poll 1 s,5,857.601
poll 1 s,5,852.787
poll 1 s,5,847.521
poll 1 s,5,842.941
poll 1 s,5,837.901
poll 1 s,5,832.816
poll 1 s,5,827.541
poll 1 s,5,822.918
poll 1 s,5,817.624
poll 1 s,5,812.474
poll 1 s,5,807.759
poll 1 s,5,802.627
poll 1 s,5,797.543
poll 1 s,5,792.807
poll 1 s,5,787.858
poll 1 s,5,782.606
poll 1 s,5,777.606
poll 1 s,5,772.399
poll 1 s,5,767.368
poll 1 s,5,762.73
poll 1 s,5,757.501
poll 1 s,5,752.534
poll 1 s,5,747.533
poll 1 s,5,742.638
poll 1 s,5,737.496
poll 1 s,5,732.514
poll 1 s,5,727.153
poll 1 s,5,722.755
poll 1 s,5,717.496
poll 1 s,5,712.387
poll 1 s,5,707.312
poll 1 s,5,702.606
poll 1 s,5,697.196
poll 1 s,5,692.887
poll 1 s,5,687.543
poll 1 s,5,682.786
poll 1 s,5,677.486
poll 1 s,5,672.586
poll 1 s,5,667.923
poll 1 s,5,662.424
poll 1 s,5,657.487
poll 1 s,5,652.097
poll 1 s,5,647.194
poll 1 s,5,642.831
poll 1 s,5,637.757
poll 1 s,5,632.502
poll 1 s,5,627.757
poll 1 s,5,622.392
poll 1 s,5,617.812
poll 1 s,5,613.057
poll 1 s,5,607.977
poll 1 s,5,602.535
poll 1 s,5,597.643
poll 1 s,5,592.612
poll 1 s,5,587.046
poll 1 s,5,582.633
poll 1 s,5,577.404
poll 1 s,5,572.427
poll 1 s,5,567.388
poll 1 s,5,562.791
poll 1 s,5,557.397
poll 1 s,5,552.782
poll 1 s,5,547.76
poll 1 s,5,542.494
poll 1 s,5,537.64
poll 1 s,5,527.473
poll 1 s,5,522.619
poll 1 s,5,532.527
poll 1 s,5,516.542
poll 1 s,5,512.575
poll 1 s,5,507.692
poll 1 s,5,517.684
poll 1 s,5,512.962
poll 1 s,5,507.92
poll 1 s,5,502.849
poll 1 s,5,497.96
poll 1 s,5,492.873
poll 1 s,5,487.696
poll 1 s,5,483.12
poll 1 s,5,478.088
poll 1 s,5,472.476
poll 1 s,5,467.951
poll 1 s,5,462.815
poll 1 s,5,457.809
poll 1 s,5,453.005
poll 1 s,5,447.998
poll 1 s,5,442.776
poll 1 s,5,437.897
poll 1 s,5,433.085
poll 1 s,5,427.896
poll 1 s,5,423.011
poll 1 s,5,417.967
poll 1 s,5,413.021
poll 1 s,5,407.929
poll 1 s,5,402.634
poll 1 s,5,397.953
poll 1 s,5,392.968
poll 1 s,5,387.617
poll 1 s,5,383.21
poll 1 s,5,378.053
poll 1 s,5,372.97
poll 1 s,5,367.919
poll 1 s,5,362.749
poll 1 s,5,357.919
poll 1 s,5,353.042
poll 1 s,5,348.052
poll 1 s,5,342.821
poll 1 s,5,338.023
poll 1 s,5,333.297
poll 1 s,5,328.038
poll 1 s,5,322.963
poll 1 s,5,317.876
poll 1 s,5,313.013
poll 1 s,5,308.175
poll 1 s,5,302.974
poll 1 s,5,297.902
poll 1 s,5,293.125
poll 1 s,5,287.739
poll 1 s,5,283.072
poll 1 s,5,277.949
poll 1 s,5,273.012
poll 1 s,5,267.746
poll 1 s,5,263.325
poll 1 s,5,258.163
poll 1 s,5,253.032
poll 1 s,5,248.246
poll 1 s,5,243.191
poll 1 s,5,238.109
poll 1 s,5,233.056
poll 1 s,5,227.928
poll 1 s,5,222.704
poll 1 s,5,217.697
poll 1 s,5,212.962
poll 1 s,5,207.969
poll 1 s,5,202.757
poll 1 s,5,197.883
poll 1 s,5,192.934
poll 1 s,5,187.799
poll 1 s,5,183.302
poll 1 s,5,178.182
poll 1 s,5,172.967
poll 1 s,5,167.985
poll 1 s,5,162.621
poll 1 s,5,158.265
poll 1 s,5,153.093
poll 1 s,5,147.901
poll 1 s,5,142.936
poll 1 s,5,137.631
poll 1 s,5,133.124
poll 1 s,5,128.201
poll 1 s,5,122.93
poll 1 s,5,118.274
poll 1 s,5,113.084
poll 1 s,5,108.021
poll 1 s,5,102.902
poll 1 s,5,97.895
poll 1 s,5,93.306
poll 1 s,5,87.909
poll 1 s,5,82.947
poll 1 s,5,78.218
poll 1 s,5,72.371
poll 1 s,5,67.845
poll 1 s,5,62.811
poll 1 s,5,58.295
poll 1 s,5,53.173
poll 1 s,5,47.929
poll 1 s,5,42.875
poll 1 s,5,37.875
poll 1 s,5,33.151
poll 1 s,5,28.254
poll 1 s,5,23.204
poll 1 s,5,23.212
poll 1 s,5,12.986
poll 1 s,5,18.138
poll 1 s,5,7.451
poll 1 s,5,3.311
poll 1 s,5,1004.061
poll 1 s,5,999.29
poll 1 s,5,994.505
poll 1 s,5,989.207
poll 1 s,5,984.292
poll 1 s,5,979.451
poll 1 s,5,974.513
poll 1 s,5,969.15
poll 1 s,5,963.708
poll 1 s,5,959.136
poll 1 s,5,953.761
poll 1 s,5,949.297
poll 1 s,5,944.056
poll 1 s,5,939.475
poll 1 s,5,934.361
poll 1 s,5,929.191
poll 1 s,5,924.113
poll 1 s,5,919.159
poll 1 s,5,913.962
poll 1 s,5,909.042
poll 1 s,5,904.27
poll 1 s,5,899.19
poll 1 s,5,894.221
poll 1 s,5,889.251
poll 1 s,5,884.331
poll 1 s,5,879.108
poll 1 s,5,874.207
poll 1 s,5,869.364
poll 1 s,5,864.204
poll 1 s,5,859.11
poll 1 s,5,854.072
poll 1 s,5,849.302
poll 1 s,5,844.218
poll 1 s,5,839.107
poll 1 s,5,834.399
poll 1 s,5,829.072
poll 1 s,5,823.806
poll 1 s,5,818.996
poll 1 s,5,814.117
poll 1 s,5,809.458
poll 1 s,5,804.431
poll 1 s,5,799.42
poll 1 s,5,794.25
poll 1 s,5,789.263
poll 1 s,5,784.233
poll 1 s,5,779.362
poll 1 s,5,774.459
poll 1 s,5,769.133
poll 1 s,5,764.152
poll 1 s,5,758.946
poll 1 s,5,754.435
poll 1 s,5,748.903
poll 1 s,5,744.53
poll 1 s,5,739.293
poll 1 s,5,734.173
poll 1 s,5,729.137
poll 1 s,5,724.22
poll 1 s,5,719.307
poll 1 s,5,714.139
poll 1 s,5,709.076
poll 1 s,5,704.223
poll 1 s,5,699.317
poll 1 s,5,694.193
poll 1 s,5,689.08
poll 1 s,5,684.381
poll 1 s,5,679.354
poll 1 s,5,673.915
poll 1 s,5,669.089
poll 1 s,5,663.794
poll 1 s,5,659.364
poll 1 s,5,654.19
poll 1 s,5,649.138
poll 1 s,5,644.149
poll 1 s,5,639.247
poll 1 s,5,634.303
poll 1 s,5,628.991
poll 1 s,5,624.418
poll 1 s,5,619.041
poll 1 s,5,614.143
poll 1 s,5,608.901
poll 1 s,5,603.996
poll 1 s,5,598.978
poll 1 s,5,594.136
poll 1 s,5,589.221
poll 1 s,5,584.114
poll 1 s,5,578.867
poll 1 s,5,574.375
poll 1 s,5,569.353
poll 1 s,5,564.096
poll 1 s,5,559.014
poll 1 s,5,553.892
poll 1 s,5,549.375
poll 1 s,5,544.222
poll 1 s,5,539.188
poll 1 s,5,534.445
poll 1 s,5,528.954
poll 1 s,5,524.321
poll 1 s,5,519.277
poll 1 s,5,514.223
poll 1 s,5,509.135
poll 1 s,5,499.366
poll 1 s,5,509.116
poll 1 s,5,504.368
poll 1 s,5,493.27
poll 1 s,5,489.116
poll 1 s,5,484.042
poll 1 s,5,479.199
poll 1 s,5,474.193
poll 1 s,5,469.298
poll 1 s,5,464.375
poll 1 s,5,459.221
poll 1 s,5,454.389
poll 1 s,5,449.213
poll 1 s,5,444.045
poll 1 s,5,439.295
poll 1 s,5,434.088
poll 1 s,5,429.11
poll 1 s,5,424.362
poll 1 s,5,418.941
poll 1 s,5,414.403
poll 1 s,5,409.414
poll 1 s,5,404.042
poll 1 s,5,399.323
poll 1 s,5,394.354
poll 1 s,5,389.46
poll 1 s,5,384.221
poll 1 s,5,379.099
poll 1 s,5,374.078
poll 1 s,5,368.92
poll 1 s,5,364.218
poll 1 s,5,359.168
poll 1 s,5,354.047
poll 1 s,5,349.489
poll 1 s,5,344.547
poll 1 s,5,339.368
poll 1 s,5,334.276
poll 1 s,5,329.169
poll 1 s,5,324.299
poll 1 s,5,319.173
poll 1 s,5,314.219
poll 1 s,5,309.127
poll 1 s,5,304.103
poll 1 s,5,299.239
poll 1 s,5,294.184
poll 1 s,5,289.009
poll 1 s,5,283.839
poll 1 s,5,279.483
poll 1 s,5,274.283
poll 1 s,5,269.278
poll 1 s,5,264.052
poll 1 s,5,259.027
poll 1 s,5,254.443
poll 1 s,5,249.353
poll 1 s,5,244.122
poll 1 s,5,239.227
poll 1 s,5,234.3
poll 1 s,5,229.203
poll 1 s,5,224.048
poll 1 s,5,219.178
poll 1 s,5,214.401
poll 1 s,5,209.256
poll 1 s,5,204.314
poll 1 s,5,199.595
poll 1 s,5,194.499
poll 1 s,5,189.373
poll 1 s,5,184.006
poll 1 s,5,179.462
poll 1 s,5,174.135
poll 1 s,5,169.008
poll 1 s,5,164.387
poll 1 s,5,159.227
poll 1 s,5,154.265
poll 1 s,5,149.137
poll 1 s,5,144.537
poll 1 s,5,139.248
poll 1 s,5,134.084
poll 1 s,5,129.479
poll 1 s,5,124.406
poll 1 s,5,119.37
poll 1 s,5,114.226
poll 1 s,5,109.426
poll 1 s,5,104.339
poll 1 s,5,99.053
poll 1 s,5,94.384
poll 1 s,5,89.276
poll 1 s,5,84.048
poll 1 s,5,79.528
poll 1 s,5,74.327
poll 1 s,5,69.272
poll 1 s,5,64.132
poll 1 s,5,58.936
poll 1 s,5,54.165
poll 1 s,5,49.089
poll 1 s,5,44.409
poll 1 s,5,39.367
poll 1 s,5,34.194
poll 1 s,5,29.393
poll 1 s,5,24.372
poll 1 s,5,18.931
poll 1 s,5,13.943
poll 1 s,5,14.602
poll 1 s,5,9.374
poll 1 s,5,4.022
poll 1 s,5,1005.543
poll 1 s,5,1000.497
poll 1 s,5,995.247
poll 1 s,5,990.06
poll 1 s,5,985.523
poll 1 s,5,980.457
poll 1 s,5,975.236
poll 1 s,5,970.348
poll 1 s,5,965.144
poll 1 s,5,960.099
poll 1 s,5,955.437
poll 1 s,5,950.468
poll 1 s,5,945.248
poll 1 s,5,940.212
poll 1 s,5,935.148
poll 1 s,5,930.524
poll 1 s,5,925.223
poll 1 s,5,920.122
poll 1 s,5,915.411
poll 1 s,5,910.383
poll 1 s,5,905.09
poll 1 s,5,900.039
poll 1 s,5,895.357
poll 1 s,5,890.499
poll 1 s,5,885.256
poll 1 s,5,880.104
poll 1 s,5,875.038
poll 1 s,5,869.886
poll 1 s,5,865.481
poll 1 s,5,860.442
poll 1 s,5,855.277
poll 1 s,5,850.296
poll 1 s,5,845.064
poll 1 s,5,840.475
poll 1 s,5,835.357
poll 1 s,5,830.423
poll 1 s,5,825.024
poll 1 s,5,820.028
poll 1 s,5,815.427
poll 1 s,5,810.342
poll 1 s,5,805.07
poll 1 s,5,800.537
poll 1 s,5,795.353
poll 1 s,5,790.485
poll 1 s,5,785.572
poll 1 s,5,780.408
poll 1 s,5,775.261
poll 1 s,5,770.175
poll 1 s,5,765.174
poll 1 s,5,760.045
poll 1 s,5,754.984
poll 1 s,5,750.478
poll 1 s,5,745.328
poll 1 s,5,740.406
poll 1 s,5,735.258
poll 1 s,5,730.227
poll 1 s,5,725.467
poll 1 s,5,720.368
poll 1 s,5,715.232
poll 1 s,5,710.31
poll 1 s,5,705.086
poll 1 s,5,700.156
poll 1 s,5,695.481
poll 1 s,5,690.366
poll 1 s,5,685.185
poll 1 s,5,679.914
poll 1 s,5,675.419
poll 1 s,5,670.223
poll 1 s,5,665.085
poll 1 s,5,660.113
poll 1 s,5,655.162
poll 1 s,5,650.12
poll 1 s,5,645.568
poll 1 s,5,640.55
poll 1 s,5,635.254
poll 1 s,5,630.249
poll 1 s,5,625.504
poll 1 s,5,620.497
poll 1 s,5,615.431
poll 1 s,5,610.54
poll 1 s,5,605.019
poll 1 s,5,600.433
poll 1 s,5,595.221
poll 1 s,5,590.582
poll 1 s,5,585.392
poll 1 s,5,580.294
poll 1 s,5,574.599
poll 1 s,5,570.226
poll 1 s,5,565.554
poll 1 s,5,560.406
poll 1 s,5,555.303
poll 1 s,5,550.307
poll 1 s,5,545.094
poll 1 s,5,540.506
poll 1 s,5,535.235
poll 1 s,5,530.466
poll 1 s,5,525.127
poll 1 s,5,520.168
poll 1 s,5,515.463
poll 1 s,5,510.343
poll 1 s,5,510.323
poll 1 s,5,504.938
poll 1 s,5,500.212
poll 1 s,5,495.334
poll 1 s,5,490.669
poll 1 s,5,485.665
poll 1 s,5,480.471
poll 1 s,5,475.077
poll 1 s,5,470.717
poll 1 s,5,465.579
poll 1 s,5,460.388
poll 1 s,5,455.682
poll 1 s,5,450.452
poll 1 s,5,445.355
poll 1 s,5,440.385
poll 1 s,5,435.354
poll 1 s,5,430.693
poll 1 s,5,425.607
poll 1 s,5,420.557
poll 1 s,5,415.437
poll 1 s,5,410.25
poll 1 s,5,405.537
poll 1 s,5,400.263
poll 1 s,5,395.342
poll 1 s,5,390.69
poll 1 s,5,385.363
poll 1 s,5,380.279
poll 1 s,5,375.214
poll 1 s,5,370.679
poll 1 s,5,365.491
poll 1 s,5,360.439
poll 1 s,5,355.435
poll 1 s,5,350.241
poll 1 s,5,345.245
poll 1 s,5,340.613
poll 1 s,5,335.379
poll 1 s,5,330.47
poll 1 s,5,325.428
poll 1 s,5,319.719
poll 1 s,5,315.197
poll 1 s,5,310.627
poll 1 s,5,305.296
poll 1 s,5,300.177
poll 1 s,5,295.623
poll 1 s,5,290.506
poll 1 s,5,285.443
poll 1 s,5,280.192
poll 1 s,5,275.469
poll 1 s,5,270.181
poll 1 s,5,265.242
poll 1 s,5,260.033
poll 1 s,5,255.644
poll 1 s,5,250.543
poll 1 s,5,245.651
poll 1 s,5,240.579
poll 1 s,5,235.529
poll 1 s,5,230.214
poll 1 s,5,225.546
poll 1 s,5,220.444
poll 1 s,5,215.295
poll 1 s,5,210.634
poll 1 s,5,205.317
poll 1 s,5,200.227
poll 1 s,5,195.277
poll 1 s,5,190.473
poll 1 s,5,185.405
poll 1 s,5,180.2
poll 1 s,5,175.718
poll 1 s,5,170.644
poll 1 s,5,165.566
poll 1 s,5,160.458
poll 1 s,5,155.168
poll 1 s,5,150.346
poll 1 s,5,145.614
poll 1 s,5,140.524
poll 1 s,5,135.445
poll 1 s,5,130.224
poll 1 s,5,125.18
poll 1 s,5,120.579
poll 1 s,5,115.395
poll 1 s,5,110.381
poll 1 s,5,105.258
poll 1 s,5,100.361
poll 1 s,5,95.4
poll 1 s,5,90.131
poll 1 s,5,85.654
poll 1 s,5,80.188
poll 1 s,5,74.755
poll 1 s,5,70.117
poll 1 s,5,65.024
poll 1 s,5,60.245
poll 1 s,5,55.212
poll 1 s,5,50.356
poll 1 s,5,45.162
poll 1 s,5,39.993
poll 1 s,5,35.259
poll 1 s,5,29.665
poll 1 s,5,25.338
poll 1 s,5,19.827
poll 1 s,5,15.543
poll 1 s,5,14.779
poll 1 s,5,9.045
poll 1 s,5,4.276
poll 1 s,5,1005.766
poll 1 s,5,1001.026
poll 1 s,5,995.896
poll 1 s,5,990.801
poll 1 s,5,985.669
poll 1 s,5,980.733
poll 1 s,5,975.669
poll 1 s,5,970.798
poll 1 s,5,965.757
poll 1 s,5,960.705
poll 1 s,5,955.694
poll 1 s,5,950.65
poll 1 s,5,945.766
poll 1 s,5,940.53
poll 1 s,5,936.155
poll 1 s,5,930.97
poll 1 s,5,925.882
poll 1 s,5,920.632
poll 1 s,5,916.183
poll 1 s,5,910.471
poll 1 s,5,905.928
poll 1 s,5,900.849
poll 1 s,5,895.833
poll 1 s,5,890.623
poll 1 s,5,885.693
poll 1 s,5,880.928
poll 1 s,5,875.768
poll 1 s,5,871.025
poll 1 s,5,866.064
poll 1 s,5,860.639
poll 1 s,5,855.883
poll 1 s,5,850.934
poll 1 s,5,845.905
poll 1 s,5,840.713
poll 1 s,5,835.656
poll 1 s,5,831.055
poll 1 s,5,825.666
poll 1 s,5,820.71
poll 1 s,5,815.718
poll 1 s,5,810.923
poll 1 s,5,806.01
poll 1 s,5,800.762
poll 1 s,5,795.712
poll 1 s,5,790.761
poll 1 s,5,785.934
poll 1 s,5,780.947
poll 1 s,5,775.945
poll 1 s,5,770.879
poll 1 s,5,765.767
poll 1 s,5,760.974
poll 1 s,5,755.931
poll 1 s,5,750.888
poll 1 s,5,745.668
poll 1 s,5,740.695
poll 1 s,5,735.677
poll 1 s,5,730.991
poll 1 s,5,725.863
poll 1 s,5,720.867
poll 1 s,5,715.646
poll 1 s,5,710.923
poll 1 s,5,705.475
poll 1 s,5,700.946
poll 1 s,5,696.049
poll 1 s,5,690.883
poll 1 s,5,685.837
poll 1 s,5,680.541
poll 1 s,5,675.829
poll 1 s,5,671.107
poll 1 s,5,666.046
poll 1 s,5,660.833
poll 1 s,5,655.76
poll 1 s,5,650.668
poll 1 s,5,645.561
poll 1 s,5,640.796
poll 1 s,5,635.771
poll 1 s,5,630.926
poll 1 s,5,625.549
poll 1 s,5,620.963
poll 1 s,5,615.789
poll 1 s,5,610.57
poll 1 s,5,605.624
poll 1 s,5,601.067
poll 1 s,5,595.902
poll 1 s,5,590.677
poll 1 s,5,585.683
poll 1 s,5,580.417
poll 1 s,5,576.021
poll 1 s,5,570.866
poll 1 s,5,565.753
poll 1 s,5,561.008
poll 1 s,5,556.105
poll 1 s,5,551.05
poll 1 s,5,545.839
poll 1 s,5,540.491
poll 1 s,5,535.897
poll 1 s,5,530.639
poll 1 s,5,525.639
poll 1 s,5,521.033
poll 1 s,5,515.852
poll 1 s,5,510.399
poll 1 s,5,510.839
poll 1 s,5,506.305
poll 1 s,5,501.435
poll 1 s,5,495.925
poll 1 s,5,491.26
poll 1 s,5,485.889
poll 1 s,5,481.307
poll 1 s,5,476.281
poll 1 s,5,471.205
poll 1 s,5,466.017
poll 1 s,5,461.045
poll 1 s,5,456.339
poll 1 s,5,451.208
poll 1 s,5,446.221
poll 1 s,5,441.25
poll 1 s,5,436.076
poll 1 s,5,431.249
poll 1 s,5,426.272
poll 1 s,5,421.519
poll 1 s,5,415.983
poll 1 s,5,411.197
poll 1 s,5,406.153
poll 1 s,5,401.322
poll 1 s,5,396.054
poll 1 s,5,390.842
poll 1 s,5,386.203
poll 1 s,5,381.018
poll 1 s,5,376.414
poll 1 s,5,371.418
poll 1 s,5,366.256
poll 1 s,5,361.151
poll 1 s,5,356.354
poll 1 s,5,351.217
poll 1 s,5,346.046
poll 1 s,5,340.858
poll 1 s,5,336.471
poll 1 s,5,331.284
poll 1 s,5,326.076
poll 1 s,5,321.232
poll 1 s,5,316.324
poll 1 s,5,311.035
poll 1 s,5,306.033
poll 1 s,5,301.106
poll 1 s,5,295.978
poll 1 s,5,291.262
poll 1 s,5,286.311
poll 1 s,5,281.378
poll 1 s,5,276.2
poll 1 s,5,271.229
poll 1 s,5,265.823
poll 1 s,5,261.388
poll 1 s,5,255.963
poll 1 s,5,251.153
poll 1 s,5,246.41
poll 1 s,5,241.338
poll 1 s,5,236.199
poll 1 s,5,231.283
poll 1 s,5,226.147
poll 1 s,5,221.13
poll 1 s,5,216.451
poll 1 s,5,211.464
poll 1 s,5,206.273
poll 1 s,5,201.091
poll 1 s,5,195.944
poll 1 s,5,190.905
poll 1 s,5,186.466
poll 1 s,5,181.308
poll 1 s,5,176.288
poll 1 s,5,171.128
poll 1 s,5,166.303
poll 1 s,5,161.162
poll 1 s,5,156.048
poll 1 s,5,150.873
poll 1 s,5,146.128
poll 1 s,5,140.842
poll 1 s,5,136.034
poll 1 s,5,131.312
poll 1 s,5,126.032
poll 1 s,5,121.228
poll 1 s,5,116.455
poll 1 s,5,111.414
poll 1 s,5,106.262
poll 1 s,5,101.161
poll 1 s,5,96.27
poll 1 s,5,91.226
poll 1 s,5,86.058
poll 1 s,5,81.452
poll 1 s,5,76.528
poll 1 s,5,71.516
poll 1 s,5,66.221
poll 1 s,5,61.165
poll 1 s,5,56.105
poll 1 s,5,51.217
poll 1 s,5,46.039
poll 1 s,5,40.6
poll 1 s,5,36.181
poll 1 s,5,31.444
poll 1 s,5,26.185
poll 1 s,5,21.126
poll 1 s,5,15.82
poll 1 s,5,16.532
poll 1 s,5,11.255
poll 1 s,5,6.174
poll 1 s,5,1006.442
poll 1 s,5,1001.525
poll 1 s,5,996.542
poll 1 s,5,991.473
poll 1 s,5,986.459
poll 1 s,5,981.557
poll 1 s,5,976.707
poll 1 s,5,971.392
poll 1 s,5,966.721
poll 1 s,5,961.69
poll 1 s,5,956.839
poll 1 s,5,951.911
poll 1 s,5,946.689
poll 1 s,5,941.602
poll 1 s,5,936.613
poll 1 s,5,931.784
poll 1 s,5,926.45
poll 1 s,5,921.108
poll 1 s,5,916.802
poll 1 s,5,911.747
poll 1 s,5,906.512
poll 1 s,5,901.548
poll 1 s,5,896.478
poll 1 s,5,891.882
poll 1 s,5,886.737
poll 1 s,5,881.9
poll 1 s,5,876.752
poll 1 s,5,871.853
poll 1 s,5,866.701
poll 1 s,5,861.813
poll 1 s,5,856.62
poll 1 s,5,851.433
poll 1 s,5,846.637
poll 1 s,5,841.609
poll 1 s,5,836.472
poll 1 s,5,831.703
poll 1 s,5,826.433
poll 1 s,5,821.439
poll 1 s,5,816.831
poll 1 s,5,811.719
poll 1 s,5,806.443
poll 1 s,5,801.778
poll 1 s,5,796.681
poll 1 s,5,791.619
poll 1 s,5,786.594
poll 1 s,5,781.136
poll 1 s,5,776.53
poll 1 s,5,771.473
poll 1 s,5,766.639
poll 1 s,5,761.759
poll 1 s,5,756.595
poll 1 s,5,751.781
poll 1 s,5,746.827
poll 1 s,5,741.342
poll 1 s,5,736.708
poll 1 s,5,731.579
poll 1 s,5,726.727
poll 1 s,5,721.682
poll 1 s,5,716.717
poll 1 s,5,711.401
poll 1 s,5,706.385
poll 1 s,5,701.34
poll 1 s,5,696.583
poll 1 s,5,691.319
poll 1 s,5,686.828
poll 1 s,5,681.707
poll 1 s,5,676.75
poll 1 s,5,671.845
poll 1 s,5,666.605
poll 1 s,5,661.646
poll 1 s,5,656.339
poll 1 s,5,651.294
poll 1 s,5,646.447
poll 1 s,5,641.67
poll 1 s,5,636.661
poll 1 s,5,631.632
poll 1 s,5,626.749
poll 1 s,5,621.742
poll 1 s,5,616.6
poll 1 s,5,611.586
poll 1 s,5,606.345
poll 1 s,5,601.508
poll 1 s,5,596.568
poll 1 s,5,591.469
poll 1 s,5,586.334
poll 1 s,5,581.847
poll 1 s,5,576.259
poll 1 s,5,571.74
poll 1 s,5,566.858
poll 1 s,5,561.751
poll 1 s,5,556.861
poll 1 s,5,551.724
poll 1 s,5,546.43
poll 1 s,5,541.267
poll 1 s,5,536.668
poll 1 s,5,531.592
poll 1 s,5,526.48
poll 1 s,5,521.369
poll 1 s,5,516.628
poll 1 s,5,511.309
poll 1 s,5,511.576
poll 1 s,5,506.755
poll 1 s,5,501.966
poll 1 s,5,496.872
poll 1 s,5,492.05
poll 1 s,5,486.945
poll 1 s,5,481.92
poll 1 s,5,476.759
poll 1 s,5,472.09
poll 1 s,5,466.949
poll 1 s,5,461.711
poll 1 s,5,456.741
poll 1 s,5,452.053
poll 1 s,5,446.938
poll 1 s,5,441.795
poll 1 s,5,436.813
poll 1 s,5,432.032
poll 1 s,5,427.043
poll 1 s,5,421.827
poll 1 s,5,416.792
poll 1 s,5,411.658
poll 1 s,5,407.16
poll 1 s,5,401.77
poll 1 s,5,396.927
poll 1 s,5,391.851
poll 1 s,5,386.739
poll 1 s,5,381.829
poll 1 s,5,376.75
poll 1 s,5,371.688
poll 1 s,5,367.211
poll 1 s,5,361.59
poll 1 s,5,356.98
poll 1 s,5,351.913
poll 1 s,5,347.107
poll 1 s,5,342.035
poll 1 s,5,336.783
poll 1 s,5,331.681
poll 1 s,5,327.046
poll 1 s,5,322.011
poll 1 s,5,317.085
poll 1 s,5,311.688
poll 1 s,5,306.63
poll 1 s,5,301.73
poll 1 s,5,296.945
poll 1 s,5,291.82
poll 1 s,5,286.927
poll 1 s,5,281.888
poll 1 s,5,276.802
poll 1 s,5,271.587
poll 1 s,5,266.702
poll 1 s,5,261.674
poll 1 s,5,256.556
poll 1 s,5,251.821
poll 1 s,5,246.598
poll 1 s,5,241.718
poll 1 s,5,237.095
poll 1 s,5,231.892
poll 1 s,5,226.946
poll 1 s,5,221.981
poll 1 s,5,216.91
poll 1 s,5,211.73
poll 1 s,5,207.157
poll 1 s,5,202.021
poll 1 s,5,197.008
poll 1 s,5,191.936
poll 1 s,5,186.713
poll 1 s,5,181.504
poll 1 s,5,177.139
poll 1 s,5,171.916
poll 1 s,5,166.996
poll 1 s,5,161.911
poll 1 s,5,156.706
poll 1 s,5,152.148
poll 1 s,5,146.845
poll 1 s,5,141.67
poll 1 s,5,137.148
poll 1 s,5,131.954
poll 1 s,5,127.129
poll 1 s,5,121.998
poll 1 s,5,116.967
poll 1 s,5,112.004
poll 1 s,5,106.861
poll 1 s,5,101.871
poll 1 s,5,96.961
poll 1 s,5,92.01
poll 1 s,5,86.952
poll 1 s,5,81.867
poll 1 s,5,76.745
poll 1 s,5,72.272
poll 1 s,5,67.155
poll 1 s,5,61.743
poll 1 s,5,56.803
poll 1 s,5,51.567
poll 1 s,5,46.262
poll 1 s,5,41.846
poll 1 s,5,37.078
poll 1 s,5,31.632
poll 1 s,5,26.828
poll 1 s,5,21.776
poll 1 s,5,16.736
poll 1 s,5,16.451
poll 1 s,5,11.957
poll 1 s,5,6.489
poll 1 s,5,1007.475
poll 1 s,5,1002.379
poll 1 s,5,997.369
poll 1 s,5,992.687
poll 1 s,5,987.468
poll 1 s,5,982.421
poll 1 s,5,977.099
poll 1 s,5,972.622
poll 1 s,5,967.507
poll 1 s,5,962.051
poll 1 s,5,957.421
poll 1 s,5,952.759
poll 1 s,5,947.516
poll 1 s,5,942.388
poll 1 s,5,937.33
poll 1 s,5,932.721
poll 1 s,5,927.741
poll 1 s,5,922.484
poll 1 s,5,917.338
poll 1 s,5,912.431
poll 1 s,5,907.374
poll 1 s,5,902.31
poll 1 s,5,897.624
poll 1 s,5,892.742
poll 1 s,5,887.717
poll 1 s,5,882.718
poll 1 s,5,877.586
poll 1 s,5,872.735
poll 1 s,5,867.427
poll 1 s,5,862.735
poll 1 s,5,857.596
poll 1 s,5,852.54
poll 1 s,5,847.392
poll 1 s,5,842.831
poll 1 s,5,837.536
poll 1 s,5,832.509
poll 1 s,5,827.314
poll 1 s,5,822.366
poll 1 s,5,817.759
poll 1 s,5,812.712
poll 1 s,5,807.62
poll 1 s,5,802.735
poll 1 s,5,797.491
poll 1 s,5,792.355
poll 1 s,5,787.547
poll 1 s,5,782.6
poll 1 s,5,777.557
poll 1 s,5,772.18
poll 1 s,5,767.525
poll 1 s,5,762.5
poll 1 s,5,757.366
poll 1 s,5,752.858
poll 1 s,5,747.697
poll 1 s,5,742.749
poll 1 s,5,737.812
poll 1 s,5,732.5
poll 1 s,5,727.569
poll 1 s,5,722.517
poll 1 s,5,717.394
poll 1 s,5,712.424
poll 1 s,5,707.764
poll 1 s,5,702.689
poll 1 s,5,697.566
poll 1 s,5,692.854
poll 1 s,5,687.815
poll 1 s,5,682.705
poll 1 s,5,677.348
poll 1 s,5,672.634
poll 1 s,5,667.55
poll 1 s,5,662.59
poll 1 s,5,657.613
poll 1 s,5,652.748
poll 1 s,5,647.594
poll 1 s,5,642.799
poll 1 s,5,637.651
poll 1 s,5,632.573
poll 1 s,5,627.341
poll 1 s,5,622.647
poll 1 s,5,617.338
poll 1 s,5,612.622
poll 1 s,5,607.554
poll 1 s,5,602.343
poll 1 s,5,597.863
poll 1 s,5,592.423
poll 1 s,5,587.78
poll 1 s,5,582.391
poll 1 s,5,577.613
poll 1 s,5,572.49
poll 1 s,5,567.389
poll 1 s,5,562.486
poll 1 s,5,557.668
poll 1 s,5,552.25
poll 1 s,5,547.416
poll 1 s,5,542.233
poll 1 s,5,537.461
poll 1 s,5,532.304
poll 1 s,5,527.674
poll 1 s,5,522.519
poll 1 s,5,517.7
poll 1 s,5,512.687
poll 1 s,5,512.855
poll 1 s,5,507.707
poll 1 s,5,502.612
poll 1 s,5,497.54
poll 1 s,5,492.637
poll 1 s,5,487.837
poll 1 s,5,483.067
poll 1 s,5,477.484
poll 1 s,5,472.805
poll 1 s,5,467.912
poll 1 s,5,462.368
poll 1 s,5,457.936
poll 1 s,5,452.957
poll 1 s,5,447.448
poll 1 s,5,442.991
poll 1 s,5,437.803
poll 1 s,5,432.759
poll 1 s,5,427.982
poll 1 s,5,422.78
poll 1 s,5,417.646
poll 1 s,5,412.258
poll 1 s,5,407.707
poll 1 s,5,402.592
poll 1 s,5,397.896
poll 1 s,5,392.831
poll 1 s,5,387.79
poll 1 s,5,382.676
poll 1 s,5,378.005
poll 1 s,5,372.75
poll 1 s,5,367.643
poll 1 s,5,362.515
poll 1 s,5,357.487
poll 1 s,5,352.938
poll 1 s,5,347.27
poll 1 s,5,342.845
poll 1 s,5,337.819
poll 1 s,5,332.685
poll 1 s,5,327.404
poll 1 s,5,322.794
poll 1 s,5,317.857
poll 1 s,5,312.824
poll 1 s,5,307.458
poll 1 s,5,302.624
poll 1 s,5,297.869
poll 1 s,5,292.435
poll 1 s,5,287.614
poll 1 s,5,282.536
poll 1 s,5,277.753
poll 1 s,5,272.724
poll 1 s,5,267.73
poll 1 s,5,262.829
poll 1 s,5,257.746
poll 1 s,5,252.846
poll 1 s,5,247.776
poll 1 s,5,242.545
poll 1 s,5,237.856
poll 1 s,5,232.869
poll 1 s,5,227.565
poll 1 s,5,222.466
poll 1 s,5,217.794
poll 1 s,5,212.734
poll 1 s,5,207.813
poll 1 s,5,202.711
poll 1 s,5,197.486
poll 1 s,5,192.951
poll 1 s,5,187.866
poll 1 s,5,182.72
poll 1 s,5,177.427
poll 1 s,5,172.758
poll 1 s,5,167.792
poll 1 s,5,162.603
poll 1 s,5,158.005
poll 1 s,5,152.543
poll 1 s,5,147.84
poll 1 s,5,142.771
poll 1 s,5,137.772
poll 1 s,5,132.774
poll 1 s,5,127.623
poll 1 s,5,122.422
poll 1 s,5,117.356
poll 1 s,5,112.685
poll 1 s,5,107.486
poll 1 s,5,102.576
poll 1 s,5,97.998
poll 1 s,5,92.89
poll 1 s,5,87.62
poll 1 s,5,82.527
poll 1 s,5,77.73
poll 1 s,5,62.722
poll 1 s,5,72.702
poll 1 s,5,67.899
poll 1 s,5,56.929
poll 1 s,5,52.656
poll 1 s,5,47.338
poll 1 s,5,42.18
poll 1 s,5,37.962
poll 1 s,5,32.791
poll 1 s,5,27.629
poll 1 s,5,22.818
poll 1 s,5,17.905
poll 1 s,5,17.317
poll 1 s,5,12.345
poll 1 s,5,7.251
poll 1 s,5,2.717
poll 1 s,5,1003.449
poll 1 s,5,998.452
poll 1 s,5,993.414
poll 1 s,5,988.1
poll 1 s,5,983.203
poll 1 s,5,978.071
poll 1 s,5,973.5
poll 1 s,5,968.531
poll 1 s,5,963.374
poll 1 s,5,958.092
poll 1 s,5,953.278
poll 1 s,5,948.525
poll 1 s,5,943.442
poll 1 s,5,938.45
poll 1 s,5,933.339
poll 1 s,5,928.26
poll 1 s,5,923.257
poll 1 s,5,918.182
poll 1 s,5,913.509
poll 1 s,5,908.469
poll 1 s,5,903.129
poll 1 s,5,898.061
poll 1 s,5,893.132
poll 1 s,5,888.472
poll 1 s,5,883.336
poll 1 s,5,878.35
poll 1 s,5,873.112
poll 1 s,5,868.266
poll 1 s,5,862.588
poll 1 s,5,858.32
poll 1 s,5,852.98
poll 1 s,5,848.073
poll 1 s,5,843.232
poll 1 s,5,838.129
poll 1 s,5,833.311
poll 1 s,5,828.28
poll 1 s,5,823.334
poll 1 s,5,818.335
poll 1 s,5,813.492
poll 1 s,5,808.03
poll 1 s,5,803.238
poll 1 s,5,798.505
poll 1 s,5,793.356
poll 1 s,5,788.333
poll 1 s,5,783.23
poll 1 s,5,778.09
poll 1 s,5,773.624
poll 1 s,5,768.285
poll 1 s,5,762.745
poll 1 s,5,758.289
poll 1 s,5,753.426
poll 1 s,5,748.315
poll 1 s,5,743.298
poll 1 s,5,738.124
poll 1 s,5,733.61
poll 1 s,5,728.519
poll 1 s,5,723.409
poll 1 s,5,718.321
poll 1 s,5,713.462
poll 1 s,5,708.497
poll 1 s,5,703.312
poll 1 s,5,698.353
poll 1 s,5,693.248
poll 1 s,5,687.945
poll 1 s,5,683.616
poll 1 s,5,678.114
poll 1 s,5,672.994
poll 1 s,5,668.255
poll 1 s,5,663.407
poll 1 s,5,658.504
poll 1 s,5,653.341
poll 1 s,5,648.083
poll 1 s,5,643.084
poll 1 s,5,638.287
poll 1 s,5,633.32
poll 1 s,5,628.313
poll 1 s,5,623.343
poll 1 s,5,618.502
poll 1 s,5,613.347
poll 1 s,5,608.361
poll 1 s,5,603.364
poll 1 s,5,598.227
poll 1 s,5,593.293
poll 1 s,5,587.967
poll 1 s,5,583.423
poll 1 s,5,568.093
poll 1 s,5,578.174
poll 1 s,5,573.353
poll 1 s,5,563.515
poll 1 s,5,557.733
poll 1 s,5,553.416
poll 1 s,5,548.336
poll 1 s,5,543.398
poll 1 s,5,538.112
poll 1 s,5,533.021
poll 1 s,5,528.364
poll 1 s,5,523.268
poll 1 s,5,518.229
poll 1 s,5,512.858
poll 1 s,5,508.393
poll 1 s,5,508.545
poll 1 s,5,503.57
poll 1 s,5,498.789
poll 1 s,5,493.629
poll 1 s,5,488.495
poll 1 s,5,483.985
poll 1 s,5,478.421
poll 1 s,5,473.477
poll 1 s,5,468.452
poll 1 s,5,463.789
poll 1 s,5,458.676
poll 1 s,5,453.599
poll 1 s,5,448.475
poll 1 s,5,443.57
poll 1 s,5,438.779
poll 1 s,5,433.585
poll 1 s,5,428.561
poll 1 s,5,423.405
poll 1 s,5,418.86
poll 1 s,5,413.745
poll 1 s,5,408.609
poll 1 s,5,403.575
poll 1 s,5,398.451
poll 1 s,5,393.881
poll 1 s,5,388.621
poll 1 s,5,383.5
poll 1 s,5,378.825
poll 1 s,5,373.845
poll 1 s,5,368.445
poll 1 s,5,363.571
poll 1 s,5,358.624
poll 1 s,5,353.532
poll 1 s,5,348.456
poll 1 s,5,343.631
poll 1 s,5,338.879
poll 1 s,5,333.797
poll 1 s,5,328.669
poll 1 s,5,323.469
poll 1 s,5,318.426
poll 1 s,5,313.371
poll 1 s,5,308.694
poll 1 s,5,303.681
poll 1 s,5,298.682
poll 1 s,5,293.467
poll 1 s,5,288.955
poll 1 s,5,283.81
poll 1 s,5,278.588
poll 1 s,5,273.572
poll 1 s,5,268.665
poll 1 s,5,263.558
poll 1 s,5,258.866
poll 1 s,5,253.741
poll 1 s,5,248.637
poll 1 s,5,243.427
poll 1 s,5,238.383
poll 1 s,5,233.638
poll 1 s,5,228.702
poll 1 s,5,223.624
poll 1 s,5,218.308
poll 1 s,5,213.801
poll 1 s,5,208.895
poll 1 s,5,203.644
poll 1 s,5,198.791
poll 1 s,5,193.659
poll 1 s,5,188.587
poll 1 s,5,183.981
poll 1 s,5,178.28
poll 1 s,5,173.477
poll 1 s,5,168.177
poll 1 s,5,163.481
poll 1 s,5,158.246
poll 1 s,5,153.751
poll 1 s,5,148.327
poll 1 s,5,143.605
poll 1 s,5,138.573
poll 1 s,5,133.842
poll 1 s,5,128.762
poll 1 s,5,123.678
poll 1 s,5,118.524
poll 1 s,5,113.513
poll 1 s,5,108.884
poll 1 s,5,103.336
poll 1 s,5,98.357
poll 1 s,5,93.65
poll 1 s,5,88.858
poll 1 s,5,83.541
poll 1 s,5,78.594
poll 1 s,5,73.474
poll 1 s,5,68.774
poll 1 s,5,63.269
poll 1 s,5,58.905
poll 1 s,5,43.75
poll 1 s,5,53.524
poll 1 s,5,48.522
poll 1 s,5,37.866
poll 1 s,5,33.706
poll 1 s,5,28.807
poll 1 s,5,23.59
poll 1 s,5,18.332
poll 1 s,5,13.493
poll 1 s,5,13.515
poll 1 s,5,8.253
poll 1 s,5,3.11
poll 1 s,5,1004.421
poll 1 s,5,999.41
poll 1 s,5,994.358
poll 1 s,5,989.196
poll 1 s,5,984.165
poll 1 s,5,979.163
poll 1 s,5,974.264
poll 1 s,5,969.274
poll 1 s,5,964.269
poll 1 s,5,959.515
poll 1 s,5,954.315
poll 1 s,5,949.456
poll 1 s,5,944.166
poll 1 s,5,939.101
poll 1 s,5,934.137
poll 1 s,5,929.544
poll 1 s,5,924.414
poll 1 s,5,919.457
poll 1 s,5,914.189
poll 1 s,5,909.358
poll 1 s,5,904.129
poll 1 s,5,899.352
poll 1 s,5,893.999
poll 1 s,5,889.244
poll 1 s,5,884.091
poll 1 s,5,879.386
poll 1 s,5,874.354
poll 1 s,5,869.442
poll 1 s,5,864.068
poll 1 s,5,859.58
poll 1 s,5,854.255
poll 1 s,5,849.265
poll 1 s,5,844.416
poll 1 s,5,839.274
poll 1 s,5,834.165
poll 1 s,5,829.128
poll 1 s,5,824.388
poll 1 s,5,819.613
poll 1 s,5,814.154
poll 1 s,5,809.173
poll 1 s,5,804.424
poll 1 s,5,798.917
poll 1 s,5,794.541
poll 1 s,5,789.417
poll 1 s,5,784.361
poll 1 s,5,779.303
poll 1 s,5,774.127
poll 1 s,5,769.447
poll 1 s,5,764.359
poll 1 s,5,759.303
poll 1 s,5,754.181
poll 1 s,5,749.213
poll 1 s,5,744.246
poll 1 s,5,738.984
poll 1 s,5,734.054
poll 1 s,5,729.05
poll 1 s,5,724.526
poll 1 s,5,719.449
poll 1 s,5,714.181
poll 1 s,5,709.574
poll 1 s,5,704.338
poll 1 s,5,699.401
poll 1 s,5,694.309
poll 1 s,5,689.133
poll 1 s,5,684.35
poll 1 s,5,679.261
poll 1 s,5,674.556
poll 1 s,5,669.164
poll 1 s,5,664.114
poll 1 s,5,659.335
poll 1 s,5,654.159
poll 1 s,5,649.418
poll 1 s,5,644.051
poll 1 s,5,639.057
poll 1 s,5,634.395
poll 1 s,5,629.141
poll 1 s,5,624.165
poll 1 s,5,619.032
poll 1 s,5,614.323
poll 1 s,5,609.148
poll 1 s,5,603.817
poll 1 s,5,599.117
poll 1 s,5,594.19
poll 1 s,5,589.021
poll 1 s,5,584.5
poll 1 s,5,579.244
poll 1 s,5,574.406
poll 1 s,5,569.277
poll 1 s,5,564.205
poll 1 s,5,559.376
poll 1 s,5,554.37
poll 1 s,5,549.031
poll 1 s,5,544.378
poll 1 s,5,539.339
poll 1 s,5,534.545
poll 1 s,5,529.413
poll 1 s,5,524.355
poll 1 s,5,519.335
poll 1 s,5,514.086
poll 1 s,5,509.367
poll 1 s,5,508.807
poll 1 s,5,503.874
poll 1 s,5,498.862
poll 1 s,5,493.859
poll 1 s,5,488.944
poll 1 s,5,483.641
poll 100 ms,5,101.371
poll 100 ms,5,96.381
poll 100 ms,5,91.222
poll 100 ms,5,86.343
poll 100 ms,5,81.344
poll 100 ms,5,76.357
poll 100 ms,5,71.695
poll 100 ms,5,66.607
poll 100 ms,5,61.38
poll 100 ms,5,56.493
poll 100 ms,5,51.327
poll 100 ms,5,46.76
poll 100 ms,5,41.652
poll 100 ms,5,36.374
poll 100 ms,5,31.638
poll 100 ms,5,26.461
poll 100 ms,5,21.714
poll 100 ms,5,16.757
poll 100 ms,5,11.334
poll 100 ms,5,6.287
poll 100 ms,5,106.519
poll 100 ms,5,101.463
poll 100 ms,5,96.736
poll 100 ms,5,91.764
poll 100 ms,5,86.634
poll 100 ms,5,81.776
poll 100 ms,5,76.626
poll 100 ms,5,71.206
poll 100 ms,5,66.874
poll 100 ms,5,61.591
poll 100 ms,5,56.59
poll 100 ms,5,51.367
poll 100 ms,5,46.452
poll 100 ms,5,41.185
poll 100 ms,5,36.706
poll 100 ms,5,31.613
poll 100 ms,5,26.666
poll 100 ms,5,21.244
poll 100 ms,5,16.642
poll 100 ms,5,11.689
poll 100 ms,5,6.733
poll 100 ms,5,107.135
poll 100 ms,5,101.63
poll 100 ms,5,96.748
poll 100 ms,5,91.842
poll 100 ms,5,87.017
poll 100 ms,5,81.637
poll 100 ms,5,77.077
poll 100 ms,5,72.275
poll 100 ms,5,67.267
poll 100 ms,5,62.346
poll 100 ms,5,57.095
poll 100 ms,5,51.808
poll 100 ms,5,46.796
poll 100 ms,5,42.17
poll 100 ms,5,36.989
poll 100 ms,5,31.98
poll 100 ms,5,26.722
poll 100 ms,5,21.835
poll 100 ms,5,17.067
poll 100 ms,5,11.915
poll 100 ms,5,7.194
poll 100 ms,5,1.939
poll 100 ms,5,102.752
poll 100 ms,5,97.85
poll 100 ms,5,92.832
poll 100 ms,5,82.679
poll 100 ms,5,87.283
poll 100 ms,5,76.638
poll 100 ms,5,72.764
poll 100 ms,5,67.535
poll 100 ms,5,63.112
poll 100 ms,5,57.729
poll 100 ms,5,52.726
poll 100 ms,5,47.901
poll 100 ms,5,42.63
poll 100 ms,5,37.95
poll 100 ms,5,32.675
poll 100 ms,5,27.62
poll 100 ms,5,23.034
poll 100 ms,5,17.9
poll 100 ms,5,12.752
poll 100 ms,5,7.551
poll 100 ms,5,2.49
poll 100 ms,5,102.507
poll 100 ms,5,97.895
poll 100 ms,5,92.367
poll 100 ms,5,87.808
poll 100 ms,5,82.705
poll 100 ms,5,77.502
poll 100 ms,5,72.79
poll 100 ms,5,67.516
poll 100 ms,5,62.557
poll 100 ms,5,57.891
poll 100 ms,5,52.588
poll 100 ms,5,47.887
poll 100 ms,5,42.86
poll 100 ms,5,37.669
poll 100 ms,5,32.823
poll 100 ms,5,27.8
poll 100 ms,5,22.607
poll 100 ms,5,17.886
poll 100 ms,5,12.852
poll 100 ms,5,7.718
poll 100 ms,5,2.496
poll 100 ms,5,104.048
poll 100 ms,5,98.845
poll 100 ms,5,93.462
poll 100 ms,5,88.645
poll 100 ms,5,83.563
poll 100 ms,5,79.001
poll 100 ms,5,73.881
poll 100 ms,5,68.823
poll 100 ms,5,63.989
poll 100 ms,5,58.832
poll 100 ms,5,53.847
poll 100 ms,5,48.538
poll 100 ms,5,43.391
poll 100 ms,5,38.311
poll 100 ms,5,33.854
poll 100 ms,5,28.7
poll 100 ms,5,23.832
poll 100 ms,5,18.487
poll 100 ms,5,13.844
poll 100 ms,5,8.601
poll 100 ms,5,3.997
poll 100 ms,5,103.726
poll 100 ms,5,98.833
poll 100 ms,5,93.676
poll 100 ms,5,89.1
poll 100 ms,5,83.848
poll 100 ms,5,78.697
poll 100 ms,5,73.861
poll 100 ms,5,69.014
poll 100 ms,5,64.022
poll 100 ms,5,58.758
poll 100 ms,5,54.105
poll 100 ms,5,48.818
poll 100 ms,5,43.987
poll 100 ms,5,38.903
poll 100 ms,5,34.043
poll 100 ms,5,29.02
poll 100 ms,5,23.943
poll 100 ms,5,19.102
poll 100 ms,5,13.876
poll 100 ms,5,9.187
poll 100 ms,5,3.996
poll 100 ms,5,103.455
poll 100 ms,5,98.456
poll 100 ms,5,93.788
poll 100 ms,5,88.897
poll 100 ms,5,83.718
poll 100 ms,5,78.646
poll 100 ms,5,73.757
poll 100 ms,5,68.406
poll 100 ms,5,63.829
poll 100 ms,5,58.625
poll 100 ms,5,53.444
poll 100 ms,5,48.948
poll 100 ms,5,43.521
poll 100 ms,5,38.56
poll 100 ms,5,33.872
poll 100 ms,5,28.931
poll 100 ms,5,23.912
poll 100 ms,5,18.677
poll 100 ms,5,13.673
poll 100 ms,5,8.878
poll 100 ms,5,122.06
poll 100 ms,5,106.978
poll 100 ms,5,112.135
poll 100 ms,5,117.146
poll 100 ms,5,100.949
poll 100 ms,5,97.085
poll 100 ms,5,92.096
poll 100 ms,5,86.769
poll 100 ms,5,82.221
poll 100 ms,5,76.785
poll 100 ms,5,72.27
poll 100 ms,5,67.147
poll 100 ms,5,61.795
poll 100 ms,5,57.06
poll 100 ms,5,52.088
poll 100 ms,5,47.347
poll 100 ms,5,42.062
poll 100 ms,5,36.972
poll 100 ms,5,32.274
poll 100 ms,5,27.094
poll 100 ms,5,21.95
poll 100 ms,5,16.949
poll 100 ms,5,12.378
poll 100 ms,5,7.225
poll 100 ms,5,2.05
poll 100 ms,5,101.831
poll 100 ms,5,97.409
poll 100 ms,5,92.181
poll 100 ms,5,87.206
poll 100 ms,5,82.263
poll 100 ms,5,77.31
poll 100 ms,5,72.103
poll 100 ms,5,67.219
poll 100 ms,5,62.052
poll 100 ms,5,57.39
poll 100 ms,5,52.322
poll 100 ms,5,47.226
poll 100 ms,5,41.936
poll 100 ms,5,37.406
poll 100 ms,5,32.294
poll 100 ms,5,26.938
poll 100 ms,5,22.501
poll 100 ms,5,17.32
poll 100 ms,5,12.261
poll 100 ms,5,6.849
poll 100 ms,5,1.91
poll 100 ms,5,102.62
poll 100 ms,5,97.447
poll 100 ms,5,92.254
poll 100 ms,5,87.639
poll 100 ms,5,82.61
poll 100 ms,5,77.675
poll 100 ms,5,72.523
poll 100 ms,5,67.788
poll 100 ms,5,62.495
poll 100 ms,5,57.53
poll 100 ms,5,52.641
poll 100 ms,5,47.319
poll 100 ms,5,42.423
poll 100 ms,5,37.337
poll 100 ms,5,32.683
poll 100 ms,5,27.513
poll 100 ms,5,22.401
poll 100 ms,5,17.79
poll 100 ms,5,12.646
poll 100 ms,5,7.56
poll 100 ms,5,2.482
poll 100 ms,5,102.669
poll 100 ms,5,97.935
poll 100 ms,5,92.716
poll 100 ms,5,87.278
poll 100 ms,5,82.356
poll 100 ms,5,77.256
poll 100 ms,5,72.73
poll 100 ms,5,67.593
poll 100 ms,5,62.664
poll 100 ms,5,57.506
poll 100 ms,5,52.525
poll 100 ms,5,47.898
poll 100 ms,5,42.976
poll 100 ms,5,37.922
poll 100 ms,5,32.892
poll 100 ms,5,27.779
poll 100 ms,5,22.784
poll 100 ms,5,17.522
poll 100 ms,5,12.441
poll 100 ms,5,7.758
poll 100 ms,5,2.732
poll 100 ms,5,102.696
poll 100 ms,5,97.993
poll 100 ms,5,92.987
poll 100 ms,5,87.948
poll 100 ms,5,82.674
poll 100 ms,5,77.748
poll 100 ms,5,72.65
poll 100 ms,5,68.119
poll 100 ms,5,63.017
poll 100 ms,5,57.895
poll 100 ms,5,52.851
poll 100 ms,5,47.664
poll 100 ms,5,42.446
poll 100 ms,5,38.204
poll 100 ms,5,32.988
poll 100 ms,5,28.178
poll 100 ms,5,23.042
poll 100 ms,5,7.61
poll 100 ms,5,12.779
poll 100 ms,5,17.889
poll 100 ms,5,2.302
poll 100 ms,5,102.26
poll 100 ms,5,97.373
poll 100 ms,5,92.698
poll 100 ms,5,87.521
poll 100 ms,5,82.641
poll 100 ms,5,77.788
poll 100 ms,5,72.356
poll 100 ms,5,67.752
poll 100 ms,5,62.643
poll 100 ms,5,57.65
poll 100 ms,5,52.647
poll 100 ms,5,47.266
poll 100 ms,5,42.734
poll 100 ms,5,37.586
poll 100 ms,5,32.626
poll 100 ms,5,27.565
poll 100 ms,5,22.162
poll 100 ms,5,17.867
poll 100 ms,5,12.492
poll 100 ms,5,7.739
poll 100 ms,5,2.468
poll 100 ms,5,102.591
poll 100 ms,5,98.14
poll 100 ms,5,92.944
poll 100 ms,5,87.965
poll 100 ms,5,82.911
poll 100 ms,5,77.812
poll 100 ms,5,72.743
poll 100 ms,5,67.837
poll 100 ms,5,62.434
poll 100 ms,5,57.559
poll 100 ms,5,52.756
poll 100 ms,5,47.752
poll 100 ms,5,42.82
poll 100 ms,5,37.822
poll 100 ms,5,32.807
poll 100 ms,5,27.593
poll 100 ms,5,23.025
poll 100 ms,5,17.953
poll 100 ms,5,12.714
poll 100 ms,5,7.651
poll 100 ms,5,2.853
poll 100 ms,5,103.826
poll 100 ms,5,98.361
poll 100 ms,5,93.322
poll 100 ms,5,88.287
poll 100 ms,5,83.397
poll 100 ms,5,78.611
poll 100 ms,5,73.575
poll 100 ms,5,68.483
poll 100 ms,5,63.416
poll 100 ms,5,58.687
poll 100 ms,5,53.767
poll 100 ms,5,48.657
poll 100 ms,5,43.557
poll 100 ms,5,38.312
poll 100 ms,5,33.712
poll 100 ms,5,28.596
poll 100 ms,5,23.549
poll 100 ms,5,18.567
poll 100 ms,5,13.391
poll 100 ms,5,8.777
poll 100 ms,5,3.573
poll 100 ms,5,103.794
poll 100 ms,5,98.882
poll 100 ms,5,94.039
poll 100 ms,5,88.767
poll 100 ms,5,83.832
poll 100 ms,5,79.086
poll 100 ms,5,74.17
poll 100 ms,5,68.985
poll 100 ms,5,63.916
poll 100 ms,5,58.837
poll 100 ms,5,54.38
poll 100 ms,5,48.947
poll 100 ms,5,43.817
poll 100 ms,5,39.083
poll 100 ms,5,34.166
poll 100 ms,5,28.555
poll 100 ms,5,24.036
poll 100 ms,5,18.712
poll 100 ms,5,13.583
poll 100 ms,5,8.954
poll 100 ms,5,3.907
poll 100 ms,5,104.846
poll 100 ms,5,99.954
poll 100 ms,5,95.124
poll 100 ms,5,90.086
poll 100 ms,5,84.884
poll 100 ms,5,80.007
poll 100 ms,5,74.69
poll 100 ms,5,70.019
poll 100 ms,5,64.877
poll 100 ms,5,60.312
poll 100 ms,5,55.015
poll 100 ms,5,44.73
poll 100 ms,5,39.996
poll 100 ms,5,50.011
poll 100 ms,5,33.984
poll 100 ms,5,30.138
poll 100 ms,5,24.807
poll 100 ms,5,20.308
poll 100 ms,5,14.986
poll 100 ms,5,10.076
poll 100 ms,5,4.633
poll 100 ms,5,104.938
poll 100 ms,5,99.83
poll 100 ms,5,95.18
poll 100 ms,5,90.164
poll 100 ms,5,84.887
poll 100 ms,5,79.867
poll 100 ms,5,74.912
poll 100 ms,5,69.758
poll 100 ms,5,64.78
poll 100 ms,5,60.166
poll 100 ms,5,54.822
poll 100 ms,5,50.223
poll 100 ms,5,44.883
poll 100 ms,5,39.831
poll 100 ms,5,34.67
poll 100 ms,5,29.674
poll 100 ms,5,24.866
poll 100 ms,5,19.882
poll 100 ms,5,14.786
poll 100 ms,5,10.206
poll 100 ms,5,5.204
poll 100 ms,5,105.135
poll 100 ms,5,100.278
poll 100 ms,5,95.205
poll 100 ms,5,89.679
poll 100 ms,5,85.153
poll 100 ms,5,80.072
poll 100 ms,5,75.075
poll 100 ms,5,70.021
poll 100 ms,5,65.158
poll 100 ms,5,59.951
poll 100 ms,5,55.25
poll 100 ms,5,49.901
poll 100 ms,5,44.938
poll 100 ms,5,40.411
poll 100 ms,5,35.163
poll 100 ms,5,29.966
poll 100 ms,5,25.015
poll 100 ms,5,19.996
poll 100 ms,5,14.768
poll 100 ms,5,10.056
poll 100 ms,5,4.745
poll 100 ms,5,104.765
poll 100 ms,5,99.725
poll 100 ms,5,94.653
poll 100 ms,5,89.14
poll 100 ms,5,84.585
poll 100 ms,5,79.904
poll 100 ms,5,74.762
poll 100 ms,5,69.641
poll 100 ms,5,64.975
poll 100 ms,5,59.918
poll 100 ms,5,54.95
poll 100 ms,5,49.877
poll 100 ms,5,45.051
poll 100 ms,5,39.817
poll 100 ms,5,35.079
poll 100 ms,5,29.937
poll 100 ms,5,25.158
poll 100 ms,5,20.009
poll 100 ms,5,14.92
poll 100 ms,5,9.772
poll 100 ms,5,4.528
poll 100 ms,5,104.954
poll 100 ms,5,99.809
poll 100 ms,5,95.122
poll 100 ms,5,90.098
poll 100 ms,5,85.044
poll 100 ms,5,79.988
poll 100 ms,5,74.897
poll 100 ms,5,70.082
poll 100 ms,5,64.899
poll 100 ms,5,60.03
poll 100 ms,5,55.245
poll 100 ms,5,50.075
poll 100 ms,5,44.944
poll 100 ms,5,39.821
poll 100 ms,5,35.276
poll 100 ms,5,30.062
poll 100 ms,5,24.935
poll 100 ms,5,19.574
poll 100 ms,5,15.247
poll 100 ms,5,10.161
poll 100 ms,5,4.963
poll 100 ms,5,104.886
poll 100 ms,5,99.872
poll 100 ms,5,94.519
poll 100 ms,5,89.776
poll 100 ms,5,85.052
poll 100 ms,5,80.038
poll 100 ms,5,69.585
poll 100 ms,5,74.92
poll 100 ms,5,64.761
poll 100 ms,5,59.268
poll 100 ms,5,55.114
poll 100 ms,5,49.868
poll 100 ms,5,44.825
poll 100 ms,5,39.9
poll 100 ms,5,34.882
poll 100 ms,5,29.71
poll 100 ms,5,25.076
poll 100 ms,5,19.456
poll 100 ms,5,14.849
poll 100 ms,5,9.747
poll 100 ms,5,5.09
poll 100 ms,5,105.056
poll 100 ms,5,100.018
poll 100 ms,5,95.163
poll 100 ms,5,90.148
poll 100 ms,5,84.881
poll 100 ms,5,79.844
poll 100 ms,5,75.313
poll 100 ms,5,70.114
poll 100 ms,5,65.073
poll 100 ms,5,59.991
poll 100 ms,5,54.87
poll 100 ms,5,50.15
poll 100 ms,5,44.864
poll 100 ms,5,40.121
poll 100 ms,5,35.042
poll 100 ms,5,30.014
poll 100 ms,5,25.326
poll 100 ms,5,20.313
poll 100 ms,5,15.227
poll 100 ms,5,9.903
poll 100 ms,5,5.148
poll 100 ms,5,104.652
poll 100 ms,5,99.709
poll 100 ms,5,95.092
poll 100 ms,5,89.625
poll 100 ms,5,85.027
poll 100 ms,5,79.918
poll 100 ms,5,74.954
poll 100 ms,5,69.863
poll 100 ms,5,64.686
poll 100 ms,5,60.145
poll 100 ms,5,55.071
poll 100 ms,5,49.874
poll 100 ms,5,44.784
poll 100 ms,5,39.477
poll 100 ms,5,34.781
poll 100 ms,5,29.849
poll 100 ms,5,24.321
poll 100 ms,5,19.914
poll 100 ms,5,15.072
poll 100 ms,5,9.761
poll 100 ms,5,4.978
poll 100 ms,5,105.387
poll 100 ms,5,100.414
poll 100 ms,5,95.008
poll 100 ms,5,90.32
poll 100 ms,5,85.194
poll 100 ms,5,80.248
poll 100 ms,5,75.096
poll 100 ms,5,70.117
poll 100 ms,5,64.718
poll 100 ms,5,60.415
poll 100 ms,5,55.431
poll 100 ms,5,50.299
poll 100 ms,5,45.437
poll 100 ms,5,40.391
poll 100 ms,5,35.409
poll 100 ms,5,30.34
poll 100 ms,5,25.215
poll 100 ms,5,20.174
poll 100 ms,5,15.461
poll 100 ms,5,9.999
poll 100 ms,5,5.165
poll 100 ms,5,104.461
poll 100 ms,5,99.786
poll 100 ms,5,94.649
poll 100 ms,5,89.94
poll 100 ms,5,84.935
poll 100 ms,5,79.936
poll 100 ms,5,74.807
poll 100 ms,5,69.576
poll 100 ms,5,64.924
poll 100 ms,5,59.588
poll 100 ms,5,54.911
poll 100 ms,5,49.675
poll 100 ms,5,44.939
poll 100 ms,5,39.89
poll 100 ms,5,34.717
poll 100 ms,5,29.72
poll 100 ms,5,24.499
poll 100 ms,5,19.979
poll 100 ms,5,14.911
poll 100 ms,5,9.814
poll 100 ms,5,4.715
poll 100 ms,5,105.078
poll 100 ms,5,99.685
poll 100 ms,5,95.031
poll 100 ms,5,90.114
poll 100 ms,5,85.025
poll 100 ms,5,69.895
poll 100 ms,5,74.705
poll 100 ms,5,79.956
poll 100 ms,5,63.992
poll 100 ms,5,60.14
poll 100 ms,5,55.229
poll 100 ms,5,49.962
poll 100 ms,5,45.011
poll 100 ms,5,40.143
poll 100 ms,5,34.677
poll 100 ms,5,30.077
poll 100 ms,5,24.927
poll 100 ms,5,19.968
poll 100 ms,5,15.007
poll 100 ms,5,9.858
poll 100 ms,5,4.703
poll 100 ms,5,105.451
poll 100 ms,5,100.521
poll 100 ms,5,95.585
poll 100 ms,5,90.377
poll 100 ms,5,85.355
poll 100 ms,5,80.222
poll 100 ms,5,75.188
poll 100 ms,5,70.654
poll 100 ms,5,65.527
poll 100 ms,5,60.558
poll 100 ms,5,55.396
poll 100 ms,5,50.207
poll 100 ms,5,45.507
poll 100 ms,5,40.474
poll 100 ms,5,35.118
poll 100 ms,5,30.576
poll 100 ms,5,25.546
poll 100 ms,5,20.294
poll 100 ms,5,15.362
poll 100 ms,5,10.218
poll 100 ms,5,5.649
poll 100 ms,5,105.52
poll 100 ms,5,100.482
poll 100 ms,5,95.332
poll 100 ms,5,90.386
poll 100 ms,5,85.113
poll 100 ms,5,80.209
poll 100 ms,5,75.293
poll 100 ms,5,70.306
poll 100 ms,5,65.323
poll 100 ms,5,60.417
poll 100 ms,5,55.129
poll 100 ms,5,50.672
poll 100 ms,5,45.296
poll 100 ms,5,40.551
poll 100 ms,5,35.39
poll 100 ms,5,30.037
poll 100 ms,5,25.665
poll 100 ms,5,20.132
poll 100 ms,5,15.559
poll 100 ms,5,10.315
poll 100 ms,5,5.194
poll 100 ms,5,105.424
poll 100 ms,5,100.471
poll 100 ms,5,95.393
poll 100 ms,5,90.229
poll 100 ms,5,85.237
poll 100 ms,5,80.557
poll 100 ms,5,75.172
poll 100 ms,5,70.567
poll 100 ms,5,65.351
poll 100 ms,5,60.693
poll 100 ms,5,55.604
poll 100 ms,5,50.241
poll 100 ms,5,45.598
poll 100 ms,5,40.513
poll 100 ms,5,35.277
poll 100 ms,5,30.402
poll 100 ms,5,25.265
poll 100 ms,5,20.068
poll 100 ms,5,15.091
poll 100 ms,5,10.239
poll 100 ms,5,5.411
poll 100 ms,5,104.893
poll 100 ms,5,99.713
poll 100 ms,5,94.96
poll 100 ms,5,89.735
poll 100 ms,5,85.136
poll 100 ms,5,79.632
poll 100 ms,5,75.114
poll 100 ms,5,70.055
poll 100 ms,5,64.968
poll 100 ms,5,60.004
poll 100 ms,5,55.054
poll 100 ms,5,49.97
poll 100 ms,5,44.48
poll 100 ms,5,39.801
poll 100 ms,5,34.882
poll 100 ms,5,29.76
poll 100 ms,5,24.631
poll 100 ms,5,19.962
poll 100 ms,5,14.628
poll 100 ms,5,10.118
poll 100 ms,5,5.124
poll 100 ms,5,105.197
poll 100 ms,5,100.124
poll 100 ms,5,95.014
poll 100 ms,5,85.367
poll 100 ms,5,89.875
poll 100 ms,5,80.317
poll 100 ms,5,74.15
poll 100 ms,5,70.161
poll 100 ms,5,65.12
poll 100 ms,5,59.937
poll 100 ms,5,54.959
poll 100 ms,5,50.272
poll 100 ms,5,44.934
poll 100 ms,5,40.085
poll 100 ms,5,35.021
poll 100 ms,5,29.692
poll 100 ms,5,24.791
poll 100 ms,5,19.922
poll 100 ms,5,15.115
poll 100 ms,5,9.873
poll 100 ms,5,5.184
poll 100 ms,5,105.081
poll 100 ms,5,100.526
poll 100 ms,5,95.257
poll 100 ms,5,90.057
poll 100 ms,5,85.315
poll 100 ms,5,79.879
poll 100 ms,5,75.261
poll 100 ms,5,70.231
poll 100 ms,5,65.567
poll 100 ms,5,60.361
poll 100 ms,5,55.142
poll 100 ms,5,50.126
poll 100 ms,5,45.053
poll 100 ms,5,40.014
poll 100 ms,5,35.285
poll 100 ms,5,30.167
poll 100 ms,5,25.423
poll 100 ms,5,20.436
poll 100 ms,5,15.373
poll 100 ms,5,10.256
poll 100 ms,5,5.212
poll 100 ms,5,105.319
poll 100 ms,5,100.128
poll 100 ms,5,95.368
poll 100 ms,5,90.161
poll 100 ms,5,85.125
poll 100 ms,5,80.013
poll 100 ms,5,75.144
poll 100 ms,5,70.399
poll 100 ms,5,65.427
poll 100 ms,5,60.168
poll 100 ms,5,55.186
poll 100 ms,5,50.137
poll 100 ms,5,44.948
poll 100 ms,5,40.353
poll 100 ms,5,35.309
poll 100 ms,5,30.072
poll 100 ms,5,25.241
poll 100 ms,5,20.252
poll 100 ms,5,15.106
poll 100 ms,5,10.039
poll 100 ms,5,4.97
poll 100 ms,5,104.881
poll 100 ms,5,100.414
poll 100 ms,5,95.248
poll 100 ms,5,90.145
poll 100 ms,5,85.278
poll 100 ms,5,80.14
poll 100 ms,5,75.099
poll 100 ms,5,70.363
poll 100 ms,5,65.291
poll 100 ms,5,60.12
poll 100 ms,5,55.081
poll 100 ms,5,50.484
poll 100 ms,5,45.354
poll 100 ms,5,40.046
poll 100 ms,5,35.17
poll 100 ms,5,30.097
poll 100 ms,5,25.317
poll 100 ms,5,20.144
poll 100 ms,5,15.058
poll 100 ms,5,10.413
poll 100 ms,5,5.121
poll 100 ms,5,105.007
poll 100 ms,5,100.411
poll 100 ms,5,95.379
poll 100 ms,5,90.298
poll 100 ms,5,85.203
poll 100 ms,5,79.992
poll 100 ms,5,75.066
poll 100 ms,5,69.905
poll 100 ms,5,65.399
poll 100 ms,5,60.449
poll 100 ms,5,55.29
poll 100 ms,5,50.172
poll 100 ms,5,45.084
poll 100 ms,5,40.051
poll 100 ms,5,35.115
poll 100 ms,5,30.054
poll 100 ms,5,25.127
poll 100 ms,5,20.444
poll 100 ms,5,15.294
poll 100 ms,5,122.292
poll 100 ms,5,117.091
poll 100 ms,5,111.998
poll 100 ms,5,106.716
poll 100 ms,5,101.159
poll 100 ms,5,97.203
poll 100 ms,5,92.011
poll 100 ms,5,87.145
poll 100 ms,5,82.042
poll 100 ms,5,77.489
poll 100 ms,5,72.356
poll 100 ms,5,67.349
poll 100 ms,5,62.237
poll 100 ms,5,57.394
poll 100 ms,5,52.105
poll 100 ms,5,46.952
poll 100 ms,5,42.307
poll 100 ms,5,37.072
poll 100 ms,5,32.467
poll 100 ms,5,27.452
poll 100 ms,5,22.394
poll 100 ms,5,17.229
poll 100 ms,5,12.293
poll 100 ms,5,6.994
poll 100 ms,5,2.511
poll 100 ms,5,102.4
poll 100 ms,5,97.518
poll 100 ms,5,92.408
poll 100 ms,5,87.12
poll 100 ms,5,82.414
poll 100 ms,5,77.236
poll 100 ms,5,72.324
poll 100 ms,5,67.104
poll 100 ms,5,62.03
poll 100 ms,5,57.504
poll 100 ms,5,52.268
poll 100 ms,5,47.474
poll 100 ms,5,42.375
poll 100 ms,5,37.239
poll 100 ms,5,32.386
poll 100 ms,5,27.472
poll 100 ms,5,22.403
poll 100 ms,5,17.146
poll 100 ms,5,12.503
poll 100 ms,5,7.015
poll 100 ms,5,2.547
poll 100 ms,5,102.507
poll 100 ms,5,97.41
poll 100 ms,5,92.23
poll 100 ms,5,87.202
poll 100 ms,5,82.747
poll 100 ms,5,77.426
poll 100 ms,5,72.325
poll 100 ms,5,67.048
poll 100 ms,5,62.213
poll 100 ms,5,57.062
poll 100 ms,5,52.48
poll 100 ms,5,47.178
poll 100 ms,5,41.983
poll 100 ms,5,37.619
poll 100 ms,5,32.49
poll 100 ms,5,27.417
poll 100 ms,5,22.347
poll 100 ms,5,16.989
poll 100 ms,5,12.209
poll 100 ms,5,7.606
poll 100 ms,5,2.531
poll 100 ms,5,102.253
poll 100 ms,5,97.577
poll 100 ms,5,92.438
poll 100 ms,5,87.342
poll 100 ms,5,82.206
poll 100 ms,5,77.023
poll 100 ms,5,72.496
poll 100 ms,5,67.343
poll 100 ms,5,62.524
poll 100 ms,5,57.431
poll 100 ms,5,52.443
poll 100 ms,5,47.698
poll 100 ms,5,42.42
poll 100 ms,5,37.318
poll 100 ms,5,32.252
poll 100 ms,5,27.619
poll 100 ms,5,22.248
poll 100 ms,5,17.225
poll 100 ms,5,12.092
poll 100 ms,5,7.604
poll 100 ms,5,2.183
poll 100 ms,5,102.5
poll 100 ms,5,97.437
poll 100 ms,5,92.56
poll 100 ms,5,87.565
poll 100 ms,5,82.522
poll 100 ms,5,77.326
poll 100 ms,5,72.31
poll 100 ms,5,67.34
poll 100 ms,5,62.019
poll 100 ms,5,57.281
poll 100 ms,5,52.042
poll 100 ms,5,47.491
poll 100 ms,5,42.219
poll 100 ms,5,37.214
poll 100 ms,5,32.472
poll 100 ms,5,27.164
poll 100 ms,5,17.425
poll 100 ms,5,12.489
poll 100 ms,5,22.264
poll 100 ms,5,6.33
poll 100 ms,5,2.306
poll 100 ms,5,102.478
poll 100 ms,5,97.716
poll 100 ms,5,92.294
poll 100 ms,5,87.699
poll 100 ms,5,82.061
poll 100 ms,5,77.636
poll 100 ms,5,72.26
poll 100 ms,5,67.577
poll 100 ms,5,62.571
poll 100 ms,5,57.435
poll 100 ms,5,52.427
poll 100 ms,5,47.263
poll 100 ms,5,42.497
poll 100 ms,5,37.468
poll 100 ms,5,32.254
poll 100 ms,5,27.297
poll 100 ms,5,22.52
poll 100 ms,5,17.203
poll 100 ms,5,12.331
poll 100 ms,5,7.48
poll 100 ms,5,2.554
poll 100 ms,5,102.244
poll 100 ms,5,97.715
poll 100 ms,5,92.459
poll 100 ms,5,87.472
poll 100 ms,5,82.561
poll 100 ms,5,77.53
poll 100 ms,5,72.659
poll 100 ms,5,67.442
poll 100 ms,5,62.471
poll 100 ms,5,57.224
poll 100 ms,5,52.195
poll 100 ms,5,47.391
poll 100 ms,5,42.464
poll 100 ms,5,37.368
poll 100 ms,5,32.56
poll 100 ms,5,27.61
poll 100 ms,5,22.638
poll 100 ms,5,17.479
poll 100 ms,5,12.231
poll 100 ms,5,7.352
poll 100 ms,5,2.677
poll 100 ms,5,102.634
poll 100 ms,5,97.723
poll 100 ms,5,92.662
poll 100 ms,5,87.324
poll 100 ms,5,82.202
poll 100 ms,5,77.33
poll 100 ms,5,72.655
poll 100 ms,5,67.567
poll 100 ms,5,62.558
poll 100 ms,5,57.735
poll 100 ms,5,52.657
poll 100 ms,5,47.545
poll 100 ms,5,42.334
poll 100 ms,5,37.351
poll 100 ms,5,32.726
poll 100 ms,5,27.475
poll 100 ms,5,22.487
poll 100 ms,5,17.339
poll 100 ms,5,12.288
poll 100 ms,5,7.764
poll 100 ms,5,2.76
poll 100 ms,5,102.073
poll 100 ms,5,97.126
poll 100 ms,5,92.032
poll 100 ms,5,87.475
poll 100 ms,5,82.154
poll 100 ms,5,77.138
poll 100 ms,5,72.367
poll 100 ms,5,67.225
poll 100 ms,5,62.355
poll 100 ms,5,57.301
poll 100 ms,5,52.072
poll 100 ms,5,47.175
poll 100 ms,5,42.523
poll 100 ms,5,37.358
poll 100 ms,5,32.369
poll 100 ms,5,27.301
poll 100 ms,5,22.239
poll 100 ms,5,16.967
poll 100 ms,5,12.286
poll 100 ms,5,7.339
poll 100 ms,5,2.463
poll 100 ms,5,102.349
poll 100 ms,5,97.397
poll 100 ms,5,92.269
poll 100 ms,5,87.234
poll 100 ms,5,82.313
poll 100 ms,5,77.199
poll 100 ms,5,72.224
poll 100 ms,5,67.119
poll 100 ms,5,62.475
poll 100 ms,5,57.572
poll 100 ms,5,52.136
poll 100 ms,5,47.122
poll 100 ms,5,42.449
poll 100 ms,5,37.218
poll 100 ms,5,32.461
poll 100 ms,5,17.513
poll 100 ms,5,26.937
poll 100 ms,5,22.111
poll 100 ms,5,11.777
poll 100 ms,5,7.486
poll 100 ms,5,2.183
poll 100 ms,5,102.184
poll 100 ms,5,97.851
poll 100 ms,5,92.495
poll 100 ms,5,87.391
poll 100 ms,5,82.796
poll 100 ms,5,77.791
poll 100 ms,5,72.597
poll 100 ms,5,67.404
poll 100 ms,5,62.41
poll 100 ms,5,57.845
poll 100 ms,5,52.726
poll 100 ms,5,47.668
poll 100 ms,5,42.487
poll 100 ms,5,37.663
poll 100 ms,5,32.468
poll 100 ms,5,27.749
poll 100 ms,5,22.707
poll 100 ms,5,17.62
poll 100 ms,5,12.679
poll 100 ms,5,7.755
poll 100 ms,5,2.65
poll 100 ms,5,102.287
poll 100 ms,5,97.45
poll 100 ms,5,92.337
poll 100 ms,5,87.341
poll 100 ms,5,82.291
poll 100 ms,5,77.295
poll 100 ms,5,72.234
poll 100 ms,5,67.23
poll 100 ms,5,62.704
poll 100 ms,5,57.28
poll 100 ms,5,52.589
poll 100 ms,5,47.408
poll 100 ms,5,42.517
poll 100 ms,5,37.328
poll 100 ms,5,32.271
poll 100 ms,5,27.664
poll 100 ms,5,22.707
poll 100 ms,5,17.054
poll 100 ms,5,12.472
poll 100 ms,5,7.37
poll 100 ms,5,2.597
poll 100 ms,5,103.3
poll 100 ms,5,98.591
poll 100 ms,5,93.597
poll 100 ms,5,88.194
poll 100 ms,5,83.299
poll 100 ms,5,78.681
poll 100 ms,5,73.626
poll 100 ms,5,68.582
poll 100 ms,5,63.29
poll 100 ms,5,58.373
poll 100 ms,5,53.515
poll 100 ms,5,48.234
poll 100 ms,5,43.668
poll 100 ms,5,38.263
poll 100 ms,5,33.504
poll 100 ms,5,28.339
poll 100 ms,5,23.582
poll 100 ms,5,18.504
poll 100 ms,5,13.358
poll 100 ms,5,8.289
poll 100 ms,5,3.62
poll 100 ms,5,104.511
poll 100 ms,5,99.31
poll 100 ms,5,94.631
poll 100 ms,5,89.512
poll 100 ms,5,84.259
poll 100 ms,5,79.88
poll 100 ms,5,74.641
poll 100 ms,5,69.621
poll 100 ms,5,64.547
poll 100 ms,5,59.481
poll 100 ms,5,54.372
poll 100 ms,5,49.799
poll 100 ms,5,44.73
poll 100 ms,5,39.639
poll 100 ms,5,34.428
poll 100 ms,5,29.307
poll 100 ms,5,24.866
poll 100 ms,5,19.45
poll 100 ms,5,14.339
poll 100 ms,5,9.101
poll 100 ms,5,4.029
poll 100 ms,5,104.979
poll 100 ms,5,100.156
poll 100 ms,5,94.707
poll 100 ms,5,89.633
poll 100 ms,5,84.817
poll 100 ms,5,80.041
poll 100 ms,5,74.697
poll 100 ms,5,69.977
poll 100 ms,5,65.103
poll 100 ms,5,59.659
poll 100 ms,5,44.73
poll 100 ms,5,54.989
poll 100 ms,5,50.019
poll 100 ms,5,38.803
poll 100 ms,5,34.951
poll 100 ms,5,29.848
poll 100 ms,5,24.899
poll 100 ms,5,19.764
poll 100 ms,5,15.132
poll 100 ms,5,9.868
poll 100 ms,5,4.765
poll 100 ms,5,105.075
poll 100 ms,5,99.577
poll 100 ms,5,94.854
poll 100 ms,5,89.91
poll 100 ms,5,84.544
poll 100 ms,5,80.107
poll 100 ms,5,74.688
poll 100 ms,5,70.048
poll 100 ms,5,64.806
poll 100 ms,5,59.658
poll 100 ms,5,54.68
poll 100 ms,5,49.715
poll 100 ms,5,44.999
poll 100 ms,5,39.94
poll 100 ms,5,34.85
poll 100 ms,5,29.831
poll 100 ms,5,24.715
poll 100 ms,5,20.112
poll 100 ms,5,14.883
poll 100 ms,5,9.57
poll 100 ms,5,4.956
poll 100 ms,5,104.882
poll 100 ms,5,99.993
poll 100 ms,5,94.68
poll 100 ms,5,89.56
poll 100 ms,5,85.028
poll 100 ms,5,79.544
poll 100 ms,5,74.589
poll 100 ms,5,69.428
poll 100 ms,5,64.946
poll 100 ms,5,59.556
poll 100 ms,5,55.127
poll 100 ms,5,49.815
poll 100 ms,5,44.737
poll 100 ms,5,40.025
poll 100 ms,5,34.742
poll 100 ms,5,29.808
poll 100 ms,5,24.813
poll 100 ms,5,19.848
poll 100 ms,5,14.88
poll 100 ms,5,9.633
poll 100 ms,5,4.671
poll 100 ms,5,104.702
poll 100 ms,5,99.735
poll 100 ms,5,94.424
poll 100 ms,5,89.881
poll 100 ms,5,84.851
poll 100 ms,5,80.112
poll 100 ms,5,74.818
poll 100 ms,5,69.44
poll 100 ms,5,65.058
poll 100 ms,5,60.232
poll 100 ms,5,55.003
poll 100 ms,5,49.923
poll 100 ms,5,44.673
poll 100 ms,5,39.87
poll 100 ms,5,35.055
poll 100 ms,5,29.805
poll 100 ms,5,24.66
poll 100 ms,5,19.885
poll 100 ms,5,14.695
poll 100 ms,5,9.858
poll 100 ms,5,4.757
poll 100 ms,5,104.83
poll 100 ms,5,99.978
poll 100 ms,5,94.898
poll 100 ms,5,89.639
poll 100 ms,5,84.707
poll 100 ms,5,79.64
poll 100 ms,5,75.056
poll 100 ms,5,69.732
poll 100 ms,5,64.766
poll 100 ms,5,59.647
poll 100 ms,5,54.509
poll 100 ms,5,49.957
poll 100 ms,5,45.018
poll 100 ms,5,40.017
poll 100 ms,5,34.828
poll 100 ms,5,29.734
poll 100 ms,5,25.148
poll 100 ms,5,19.997
poll 100 ms,5,15.047
poll 100 ms,5,9.768
poll 100 ms,5,4.704
poll 100 ms,5,105.142
poll 100 ms,5,100.098
poll 100 ms,5,95.058
poll 100 ms,5,89.787
poll 100 ms,5,84.807
poll 100 ms,5,79.675
poll 100 ms,5,75.017
poll 100 ms,5,65.178
poll 100 ms,5,60.017
poll 100 ms,5,54.431
poll 100 ms,5,69.701
poll 100 ms,5,48.091
poll 100 ms,5,45.129
poll 100 ms,5,39.996
poll 100 ms,5,34.976
poll 100 ms,5,29.855
poll 100 ms,5,24.867
poll 100 ms,5,20.138
poll 100 ms,5,14.811
poll 100 ms,5,9.752
poll 100 ms,5,5.259
poll 100 ms,5,105.12
poll 100 ms,5,100.197
poll 100 ms,5,95.13
poll 100 ms,5,89.935
poll 100 ms,5,85.494
poll 100 ms,5,80.391
poll 100 ms,5,75.14
poll 100 ms,5,70.082
poll 100 ms,5,65.052
poll 100 ms,5,60.009
poll 100 ms,5,55.331
poll 100 ms,5,50.353
poll 100 ms,5,44.945
poll 100 ms,5,40.074
poll 100 ms,5,35.098
poll 100 ms,5,29.94
poll 100 ms,5,25.452
poll 100 ms,5,20.228
poll 100 ms,5,15.164
poll 100 ms,5,9.954
poll 100 ms,5,5.163
poll 100 ms,5,105.061
poll 100 ms,5,100.601
poll 100 ms,5,95.221
poll 100 ms,5,90.587
poll 100 ms,5,85.441
poll 100 ms,5,80.432
poll 100 ms,5,75.442
poll 100 ms,5,70.152
poll 100 ms,5,65.271
poll 100 ms,5,60.093
poll 100 ms,5,55.359
poll 100 ms,5,50.012
poll 100 ms,5,45.348
poll 100 ms,5,40.656
poll 100 ms,5,35.505
poll 100 ms,5,30.266
poll 100 ms,5,25.137
poll 100 ms,5,20.069
poll 100 ms,5,15.579
poll 100 ms,5,10.334
poll 100 ms,5,5.394
poll 100 ms,5,105.213
poll 100 ms,5,100.291
poll 100 ms,5,95.074
poll 100 ms,5,90.175
poll 100 ms,5,85.292
poll 100 ms,5,80.358
poll 100 ms,5,75.083
poll 100 ms,5,70.491
poll 100 ms,5,65.259
poll 100 ms,5,60.229
poll 100 ms,5,55.446
poll 100 ms,5,50.341
poll 100 ms,5,45.293
poll 100 ms,5,40.132
poll 100 ms,5,35.246
poll 100 ms,5,29.999
poll 100 ms,5,25.55
poll 100 ms,5,20.397
poll 100 ms,5,15.214
poll 100 ms,5,10.292
poll 100 ms,5,5.2
poll 100 ms,5,104.92
poll 100 ms,5,100.365
poll 100 ms,5,95.283
poll 100 ms,5,90.237
poll 100 ms,5,85.182
poll 100 ms,5,79.928
poll 100 ms,5,75.517
poll 100 ms,5,70.341
poll 100 ms,5,65.401
poll 100 ms,5,60.25
poll 100 ms,5,55.103
poll 100 ms,5,50.496
poll 100 ms,5,45.411
poll 100 ms,5,40.302
poll 100 ms,5,35.188
poll 100 ms,5,30.103
poll 100 ms,5,25.624
poll 100 ms,5,20.124
poll 100 ms,5,15.378
poll 100 ms,5,9.829
poll 100 ms,5,5.497
poll 100 ms,5,104.762
poll 100 ms,5,100.309
poll 100 ms,5,94.991
poll 100 ms,5,90.131
poll 100 ms,5,84.619
poll 100 ms,5,75.244
poll 100 ms,5,69.927
poll 100 ms,5,80.32
poll 100 ms,5,63.706
poll 100 ms,5,60.163
poll 100 ms,5,55.115
poll 100 ms,5,50.044
poll 100 ms,5,45.4
poll 100 ms,5,40.341
poll 100 ms,5,35.247
poll 100 ms,5,30.169
poll 100 ms,5,25.197
poll 100 ms,5,20.23
poll 100 ms,5,15.052
poll 100 ms,5,9.842
poll 100 ms,5,5.174
poll 100 ms,5,104.929
poll 100 ms,5,100.34
poll 100 ms,5,95.028
poll 100 ms,5,90.319
poll 100 ms,5,85.065
poll 100 ms,5,80.114
poll 100 ms,5,75.001
poll 100 ms,5,69.989
poll 100 ms,5,64.894
poll 100 ms,5,60.261
poll 100 ms,5,54.92
poll 100 ms,5,50.147
poll 100 ms,5,45.134
poll 100 ms,5,39.799
poll 100 ms,5,35.028
poll 100 ms,5,30.157
poll 100 ms,5,24.996
poll 100 ms,5,20.026
poll 100 ms,5,14.804
poll 100 ms,5,10.177
poll 100 ms,5,5.188
poll 100 ms,5,104.912
poll 100 ms,5,99.913
poll 100 ms,5,94.862
poll 100 ms,5,90.26
poll 100 ms,5,85.054
poll 100 ms,5,80.136
poll 100 ms,5,74.932
poll 100 ms,5,69.945
poll 100 ms,5,65.267
poll 100 ms,5,59.9
poll 100 ms,5,55.291
poll 100 ms,5,50.232
poll 100 ms,5,45.049
poll 100 ms,5,39.851
poll 100 ms,5,34.967
poll 100 ms,5,30.263
poll 100 ms,5,25.221
poll 100 ms,5,20.164
poll 100 ms,5,14.878
poll 100 ms,5,9.962
poll 100 ms,5,5.129
poll 100 ms,5,104.889
poll 100 ms,5,100.062
poll 100 ms,5,94.995
poll 100 ms,5,89.779
poll 100 ms,5,85.207
poll 100 ms,5,80.127
poll 100 ms,5,74.974
poll 100 ms,5,69.825
poll 100 ms,5,64.915
poll 100 ms,5,60.173
poll 100 ms,5,54.921
poll 100 ms,5,50.18
poll 100 ms,5,45.136
poll 100 ms,5,40.029
poll 100 ms,5,34.946
poll 100 ms,5,29.839
poll 100 ms,5,24.832
poll 100 ms,5,20.076
poll 100 ms,5,15.14
poll 100 ms,5,10.076
poll 100 ms,5,4.955
poll 100 ms,5,104.773
poll 100 ms,5,99.785
poll 100 ms,5,94.737
poll 100 ms,5,90.081
poll 100 ms,5,84.676
poll 100 ms,5,79.896
poll 100 ms,5,74.924
poll 100 ms,5,69.818
poll 100 ms,5,64.46
poll 100 ms,5,59.561
poll 100 ms,5,54.946
poll 100 ms,5,49.832
poll 100 ms,5,44.624
poll 100 ms,5,39.826
poll 100 ms,5,34.77
poll 100 ms,5,29.681
poll 100 ms,5,24.451
poll 100 ms,5,19.946
poll 100 ms,5,14.915
poll 100 ms,5,9.788
poll 100 ms,5,4.701
poll 100 ms,5,122.275
poll 100 ms,5,107.434
poll 100 ms,5,112.522
poll 100 ms,5,117.37
poll 100 ms,5,101.218
poll 100 ms,5,97.747
poll 100 ms,5,92.276
poll 100 ms,5,87.652
poll 100 ms,5,82.497
poll 100 ms,5,77.444
poll 100 ms,5,72.584
poll 100 ms,5,67.473
poll 100 ms,5,62.562
poll 100 ms,5,57.353
poll 100 ms,5,52.706
poll 100 ms,5,47.452
poll 100 ms,5,42.812
poll 100 ms,5,37.736
poll 100 ms,5,32.578
poll 100 ms,5,27.559
poll 100 ms,5,22.411
poll 100 ms,5,17.203
poll 100 ms,5,12.76
poll 100 ms,5,7.68
poll 100 ms,5,2.356
poll 100 ms,5,102.517
poll 100 ms,5,97.952
poll 100 ms,5,92.892
poll 100 ms,5,87.741
poll 100 ms,5,82.731
poll 100 ms,5,77.418
poll 100 ms,5,73.006
poll 100 ms,5,67.997
poll 100 ms,5,62.745
poll 100 ms,5,57.685
poll 100 ms,5,52.569
poll 100 ms,5,47.405
poll 100 ms,5,42.978
poll 100 ms,5,37.905
poll 100 ms,5,32.705
poll 100 ms,5,27.695
poll 100 ms,5,22.667
poll 100 ms,5,17.604
poll 100 ms,5,12.744
poll 100 ms,5,7.517
poll 100 ms,5,2.428
poll 100 ms,5,103.818
poll 100 ms,5,98.706
poll 100 ms,5,93.643
poll 100 ms,5,88.513
poll 100 ms,5,83.106
poll 100 ms,5,78.684
poll 100 ms,5,73.722
poll 100 ms,5,68.502
poll 100 ms,5,63.435
poll 100 ms,5,58.404
poll 100 ms,5,53.849
poll 100 ms,5,48.819
poll 100 ms,5,43.772
poll 100 ms,5,38.68
poll 100 ms,5,33.504
poll 100 ms,5,28.539
poll 100 ms,5,23.402
poll 100 ms,5,18.659
poll 100 ms,5,13.655
poll 100 ms,5,8.124
poll 100 ms,5,3.637
poll 100 ms,5,103.526
poll 100 ms,5,98.758
poll 100 ms,5,93.434
poll 100 ms,5,88.487
poll 100 ms,5,83.728
poll 100 ms,5,78.661
poll 100 ms,5,73.293
poll 100 ms,5,68.745
poll 100 ms,5,63.489
poll 100 ms,5,58.149
poll 100 ms,5,53.881
poll 100 ms,5,48.852
poll 100 ms,5,43.623
poll 100 ms,5,38.683
poll 100 ms,5,33.355
poll 100 ms,5,28.442
poll 100 ms,5,23.806
poll 100 ms,5,18.482
poll 100 ms,5,13.598
poll 100 ms,5,8.53
poll 100 ms,5,3.573
poll 100 ms,5,103.281
poll 100 ms,5,98.565
poll 100 ms,5,93.611
poll 100 ms,5,88.67
poll 100 ms,5,83.83
poll 100 ms,5,78.872
poll 100 ms,5,73.807
poll 100 ms,5,68.514
poll 100 ms,5,63.924
poll 100 ms,5,58.702
poll 100 ms,5,54.005
poll 100 ms,5,48.808
poll 100 ms,5,43.824
poll 100 ms,5,38.719
poll 100 ms,5,33.606
poll 100 ms,5,23.828
poll 100 ms,5,28.946
poll 100 ms,5,18.754
poll 100 ms,5,12.77
poll 100 ms,5,8.505
poll 100 ms,5,3.429
poll 100 ms,5,104.324
poll 100 ms,5,99.318
poll 100 ms,5,94.235
poll 100 ms,5,89.242
poll 100 ms,5,84.362
poll 100 ms,5,79.345
poll 100 ms,5,73.637
poll 100 ms,5,68.798
poll 100 ms,5,64.049
poll 100 ms,5,59.05
poll 100 ms,5,54.14
poll 100 ms,5,49.019
poll 100 ms,5,44.02
poll 100 ms,5,39.02
poll 100 ms,5,33.972
poll 100 ms,5,28.938
poll 100 ms,5,23.939
poll 100 ms,5,18.74
poll 100 ms,5,14.113
poll 100 ms,5,9.099
poll 100 ms,5,4.087
poll 100 ms,5,103.889
poll 100 ms,5,99.429
poll 100 ms,5,94.133
poll 100 ms,5,89.357
poll 100 ms,5,84.215
poll 100 ms,5,79.363
poll 100 ms,5,74.18
poll 100 ms,5,69.181
poll 100 ms,5,64.537
poll 100 ms,5,58.944
poll 100 ms,5,54.04
poll 100 ms,5,49.282
poll 100 ms,5,44.309
poll 100 ms,5,39.203
poll 100 ms,5,34.16
poll 100 ms,5,29.2
poll 100 ms,5,24.396
poll 100 ms,5,19.232
poll 100 ms,5,14.424
poll 100 ms,5,9.248
poll 100 ms,5,4.012
poll 100 ms,5,104.042
poll 100 ms,5,99.628
poll 100 ms,5,94.365
poll 100 ms,5,89.275
poll 100 ms,5,84.314
poll 100 ms,5,78.786
poll 100 ms,5,74.514
poll 100 ms,5,69.498
poll 100 ms,5,64.366
poll 100 ms,5,59.222
poll 100 ms,5,54.477
poll 100 ms,5,49.281
poll 100 ms,5,44.028
poll 100 ms,5,39.531
poll 100 ms,5,33.621
poll 100 ms,5,29.309
poll 100 ms,5,24.212
poll 100 ms,5,19.615
poll 100 ms,5,14.444
poll 100 ms,5,9.604
poll 100 ms,5,4.49
poll 100 ms,5,104.711
poll 100 ms,5,99.612
poll 100 ms,5,94.336
poll 100 ms,5,89.41
poll 100 ms,5,84.647
poll 100 ms,5,79.573
poll 100 ms,5,74.285
poll 100 ms,5,69.559
poll 100 ms,5,64.798
poll 100 ms,5,59.659
poll 100 ms,5,54.615
poll 100 ms,5,49.491
poll 100 ms,5,44.419
poll 100 ms,5,39.873
poll 100 ms,5,34.773
poll 100 ms,5,29.726
poll 100 ms,5,24.592
poll 100 ms,5,19.296
poll 100 ms,5,14.356
poll 100 ms,5,9.596
poll 100 ms,5,4.748
poll 100 ms,5,104.555
poll 100 ms,5,99.43
poll 100 ms,5,94.157
poll 100 ms,5,89.608
poll 100 ms,5,84.386
poll 100 ms,5,79.707
poll 100 ms,5,74.903
poll 100 ms,5,69.831
poll 100 ms,5,64.732
poll 100 ms,5,59.555
poll 100 ms,5,54.541
poll 100 ms,5,49.42
poll 100 ms,5,44.8
poll 100 ms,5,39.601
poll 100 ms,5,34.528
poll 100 ms,5,29.459
poll 100 ms,5,24.282
poll 100 ms,5,19.54
poll 100 ms,5,14.47
poll 100 ms,5,9.132
poll 100 ms,5,4.784
poll 100 ms,5,104.216
poll 100 ms,5,99.146
poll 100 ms,5,94.352
poll 100 ms,5,89.191
poll 100 ms,5,83.857
poll 100 ms,5,79.327
poll 100 ms,5,74.218
poll 100 ms,5,69.49
poll 100 ms,5,64.431
poll 100 ms,5,59.047
poll 100 ms,5,54.405
poll 100 ms,5,49.132
poll 100 ms,5,44.357
poll 100 ms,5,39.538
poll 100 ms,5,34.343
poll 100 ms,5,29.298
poll 100 ms,5,24.104
poll 100 ms,5,19.33
poll 100 ms,5,14.166
poll 100 ms,5,9.298
poll 100 ms,5,4.338
poll 100 ms,5,103.698
poll 100 ms,5,98.824
poll 100 ms,5,93.709
poll 100 ms,5,88.66
poll 100 ms,5,83.677
poll 100 ms,5,78.877
poll 100 ms,5,73.677
poll 100 ms,5,68.624
poll 100 ms,5,63.513
poll 100 ms,5,58.725
poll 100 ms,5,53.671
poll 100 ms,5,48.801
poll 100 ms,5,43.562
poll 100 ms,5,38.509
poll 100 ms,5,34.072
poll 100 ms,5,29.017
poll 100 ms,5,23.778
poll 100 ms,5,18.663
poll 100 ms,5,13.847
poll 100 ms,5,8.674
poll 100 ms,5,3.872
poll 100 ms,5,104.012
poll 100 ms,5,98.708
poll 100 ms,5,93.969
poll 100 ms,5,89.238
poll 100 ms,5,84.148
poll 100 ms,5,79.002
poll 100 ms,5,73.945
poll 100 ms,5,68.774
poll 100 ms,5,63.547
poll 100 ms,5,59.084
poll 100 ms,5,53.432
poll 100 ms,5,49.006
poll 100 ms,5,43.961
poll 100 ms,5,38.775
poll 100 ms,5,34.018
poll 100 ms,5,29.127
poll 100 ms,5,24.192
poll 100 ms,5,18.914
poll 100 ms,5,13.809
poll 100 ms,5,9.113
poll 100 ms,5,3.769
poll 100 ms,5,103.929
poll 100 ms,5,98.9
poll 100 ms,5,94.009
poll 100 ms,5,89.028
poll 100 ms,5,83.946
poll 100 ms,5,78.803
poll 100 ms,5,73.838
poll 100 ms,5,68.807
poll 100 ms,5,63.917
poll 100 ms,5,58.369
poll 100 ms,5,54.166
poll 100 ms,5,48.964
poll 100 ms,5,44.033
poll 100 ms,5,38.711
poll 100 ms,5,34.014
poll 100 ms,5,28.73
poll 100 ms,5,23.495
poll 100 ms,5,18.852
poll 100 ms,5,13.49
poll 100 ms,5,9.233
poll 100 ms,5,4.224
poll 100 ms,5,104.119
poll 100 ms,5,99.005
poll 100 ms,5,94.402
poll 100 ms,5,78.932
poll 100 ms,5,89.159
poll 100 ms,5,84.129
poll 100 ms,5,73.594
poll 100 ms,5,69.326
poll 100 ms,5,64.004
poll 100 ms,5,59.081
poll 100 ms,5,53.898
poll 100 ms,5,48.947
poll 100 ms,5,44.074
poll 100 ms,5,39.097
poll 100 ms,5,34.409
poll 100 ms,5,29.198
poll 100 ms,5,24.11
poll 100 ms,5,19.514
poll 100 ms,5,14.434
poll 100 ms,5,9.358
poll 100 ms,5,4.226
poll 100 ms,5,104.33
poll 100 ms,5,99.621
poll 100 ms,5,94.491
poll 100 ms,5,89.418
poll 100 ms,5,84.346
poll 100 ms,5,79.385
poll 100 ms,5,74.73
poll 100 ms,5,69.442
poll 100 ms,5,64.51
poll 100 ms,5,59.693
poll 100 ms,5,54.153
poll 100 ms,5,49.632
poll 100 ms,5,44.378
poll 100 ms,5,39.619
poll 100 ms,5,34.512
poll 100 ms,5,29.716
poll 100 ms,5,24.757
poll 100 ms,5,19.652
poll 100 ms,5,14.724
poll 100 ms,5,9.612
poll 100 ms,5,4.342
poll 100 ms,5,104.88
poll 100 ms,5,100.123
poll 100 ms,5,94.85
poll 100 ms,5,89.94
poll 100 ms,5,84.668
poll 100 ms,5,79.687
poll 100 ms,5,75.014
poll 100 ms,5,69.988
poll 100 ms,5,64.925
poll 100 ms,5,59.706
poll 100 ms,5,54.901
poll 100 ms,5,49.633
poll 100 ms,5,45.091
poll 100 ms,5,39.993
poll 100 ms,5,34.872
poll 100 ms,5,29.959
poll 100 ms,5,24.689
poll 100 ms,5,19.997
poll 100 ms,5,14.8
poll 100 ms,5,9.672
poll 100 ms,5,4.798
poll 100 ms,5,105.281
poll 100 ms,5,99.483
poll 100 ms,5,94.818
poll 100 ms,5,89.862
poll 100 ms,5,84.628
poll 100 ms,5,79.854
poll 100 ms,5,74.989
poll 100 ms,5,69.821
poll 100 ms,5,64.827
poll 100 ms,5,59.983
poll 100 ms,5,54.962
poll 100 ms,5,50.094
poll 100 ms,5,44.636
poll 100 ms,5,40.284
poll 100 ms,5,35.242
poll 100 ms,5,30.256
poll 100 ms,5,25.262
poll 100 ms,5,19.964
poll 100 ms,5,14.782
poll 100 ms,5,10.264
poll 100 ms,5,5.054
poll 100 ms,5,105.381
poll 100 ms,5,100.096
poll 100 ms,5,94.945
poll 100 ms,5,90.459
poll 100 ms,5,85.075
poll 100 ms,5,80.288
poll 100 ms,5,75.673
poll 100 ms,5,70.567
poll 100 ms,5,65.405
poll 100 ms,5,60.652
poll 100 ms,5,55.585
poll 100 ms,5,50.763
poll 100 ms,5,45.598
poll 100 ms,5,40.622
poll 100 ms,5,35.422
poll 100 ms,5,30.333
poll 100 ms,5,25.294
poll 100 ms,5,20.161
poll 100 ms,5,15.431
poll 100 ms,5,10.683
poll 100 ms,5,5.296
poll 100 ms,5,104.761
poll 100 ms,5,100.306
poll 100 ms,5,95.474
poll 100 ms,5,85.6
poll 100 ms,5,90.429
poll 100 ms,5,79.243
LISTEN/NOTIFY,5,2.913
LISTEN/NOTIFY,5,2.826
LISTEN/NOTIFY,5,2.618
LISTEN/NOTIFY,5,2.845
LISTEN/NOTIFY,5,2.852
LISTEN/NOTIFY,5,2.839
LISTEN/NOTIFY,5,2.947
LISTEN/NOTIFY,5,2.788
LISTEN/NOTIFY,5,2.66
LISTEN/NOTIFY,5,2.81
LISTEN/NOTIFY,5,2.827
LISTEN/NOTIFY,5,2.869
LISTEN/NOTIFY,5,2.812
LISTEN/NOTIFY,5,2.785
LISTEN/NOTIFY,5,2.763
LISTEN/NOTIFY,5,2.822
LISTEN/NOTIFY,5,2.821
LISTEN/NOTIFY,5,2.833
LISTEN/NOTIFY,5,2.639
LISTEN/NOTIFY,5,2.824
LISTEN/NOTIFY,5,2.783
LISTEN/NOTIFY,5,2.78
LISTEN/NOTIFY,5,2.723
LISTEN/NOTIFY,5,3.287
LISTEN/NOTIFY,5,2.748
LISTEN/NOTIFY,5,2.838
LISTEN/NOTIFY,5,3.092
LISTEN/NOTIFY,5,3.722
LISTEN/NOTIFY,5,2.91
LISTEN/NOTIFY,5,2.804
LISTEN/NOTIFY,5,2.996
LISTEN/NOTIFY,5,2.801
LISTEN/NOTIFY,5,2.809
LISTEN/NOTIFY,5,2.807
LISTEN/NOTIFY,5,2.616
LISTEN/NOTIFY,5,2.776
LISTEN/NOTIFY,5,2.738
LISTEN/NOTIFY,5,2.706
LISTEN/NOTIFY,5,2.79
LISTEN/NOTIFY,5,2.877
LISTEN/NOTIFY,5,2.853
LISTEN/NOTIFY,5,2.827
LISTEN/NOTIFY,5,2.873
LISTEN/NOTIFY,5,2.865
LISTEN/NOTIFY,5,2.767
LISTEN/NOTIFY,5,2.858
LISTEN/NOTIFY,5,2.804
LISTEN/NOTIFY,5,2.803
LISTEN/NOTIFY,5,2.047
LISTEN/NOTIFY,5,2.363
LISTEN/NOTIFY,5,21.459
LISTEN/NOTIFY,5,20.82
LISTEN/NOTIFY,5,15.347
LISTEN/NOTIFY,5,10.552
LISTEN/NOTIFY,5,4.193
LISTEN/NOTIFY,5,4.591
LISTEN/NOTIFY,5,4.005
LISTEN/NOTIFY,5,3.336
LISTEN/NOTIFY,5,2.705
LISTEN/NOTIFY,5,2.417
LISTEN/NOTIFY,5,2.733
LISTEN/NOTIFY,5,2.758
LISTEN/NOTIFY,5,2.751
LISTEN/NOTIFY,5,2.801
LISTEN/NOTIFY,5,2.642
LISTEN/NOTIFY,5,2.837
LISTEN/NOTIFY,5,2.844
LISTEN/NOTIFY,5,2.713
LISTEN/NOTIFY,5,2.923
LISTEN/NOTIFY,5,2.605
LISTEN/NOTIFY,5,2.836
LISTEN/NOTIFY,5,2.793
LISTEN/NOTIFY,5,2.677
LISTEN/NOTIFY,5,2.87
LISTEN/NOTIFY,5,2.726
LISTEN/NOTIFY,5,2.873
LISTEN/NOTIFY,5,2.73
LISTEN/NOTIFY,5,2.961
LISTEN/NOTIFY,5,2.84
LISTEN/NOTIFY,5,2.887
LISTEN/NOTIFY,5,2.933
LISTEN/NOTIFY,5,2.755
LISTEN/NOTIFY,5,2.621
LISTEN/NOTIFY,5,2.793
LISTEN/NOTIFY,5,2.927
LISTEN/NOTIFY,5,2.775
LISTEN/NOTIFY,5,2.702
LISTEN/NOTIFY,5,2.661
LISTEN/NOTIFY,5,2.884
LISTEN/NOTIFY,5,2.543
LISTEN/NOTIFY,5,2.938
LISTEN/NOTIFY,5,2.691
LISTEN/NOTIFY,5,2.568
LISTEN/NOTIFY,5,2.622
LISTEN/NOTIFY,5,2.921
LISTEN/NOTIFY,5,2.869
LISTEN/NOTIFY,5,2.753
LISTEN/NOTIFY,5,2.624
LISTEN/NOTIFY,5,2.962
LISTEN/NOTIFY,5,2.82
LISTEN/NOTIFY,5,2.933
LISTEN/NOTIFY,5,2.869
LISTEN/NOTIFY,5,2.779
LISTEN/NOTIFY,5,2.867
LISTEN/NOTIFY,5,2.601
LISTEN/NOTIFY,5,2.988
LISTEN/NOTIFY,5,2.831
LISTEN/NOTIFY,5,2.777
LISTEN/NOTIFY,5,2.839
LISTEN/NOTIFY,5,21.441
LISTEN/NOTIFY,5,21.558
LISTEN/NOTIFY,5,16.54
LISTEN/NOTIFY,5,11.344
LISTEN/NOTIFY,5,6.369
LISTEN/NOTIFY,5,5.364
LISTEN/NOTIFY,5,4.993
LISTEN/NOTIFY,5,3.96
LISTEN/NOTIFY,5,3.345
LISTEN/NOTIFY,5,2.915
LISTEN/NOTIFY,5,2.768
LISTEN/NOTIFY,5,2.94
LISTEN/NOTIFY,5,2.757
LISTEN/NOTIFY,5,2.863
LISTEN/NOTIFY,5,2.897
LISTEN/NOTIFY,5,2.816
LISTEN/NOTIFY,5,2.569
LISTEN/NOTIFY,5,2.786
LISTEN/NOTIFY,5,2.801
LISTEN/NOTIFY,5,2.805
LISTEN/NOTIFY,5,2.87
LISTEN/NOTIFY,5,2.95
LISTEN/NOTIFY,5,2.916
LISTEN/NOTIFY,5,2.757
LISTEN/NOTIFY,5,2.148
LISTEN/NOTIFY,5,2.68
LISTEN/NOTIFY,5,2.987
LISTEN/NOTIFY,5,2.917
LISTEN/NOTIFY,5,2.885
LISTEN/NOTIFY,5,2.868
LISTEN/NOTIFY,5,2.787
LISTEN/NOTIFY,5,2.891
LISTEN/NOTIFY,5,2.847
LISTEN/NOTIFY,5,3.015
LISTEN/NOTIFY,5,2.827
LISTEN/NOTIFY,5,2.923
LISTEN/NOTIFY,5,2.989
LISTEN/NOTIFY,5,3.172
LISTEN/NOTIFY,5,2.822
LISTEN/NOTIFY,5,2.293
LISTEN/NOTIFY,5,2.479
LISTEN/NOTIFY,5,2.771
LISTEN/NOTIFY,5,2.725
LISTEN/NOTIFY,5,3.094
LISTEN/NOTIFY,5,2.898
LISTEN/NOTIFY,5,2.75
LISTEN/NOTIFY,5,2.873
LISTEN/NOTIFY,5,2.803
LISTEN/NOTIFY,5,2.819
LISTEN/NOTIFY,5,2.786
LISTEN/NOTIFY,5,2.74
LISTEN/NOTIFY,5,2.832
LISTEN/NOTIFY,5,2.765
LISTEN/NOTIFY,5,2.81
LISTEN/NOTIFY,5,3.077
LISTEN/NOTIFY,5,2.869
LISTEN/NOTIFY,5,3.005
LISTEN/NOTIFY,5,2.856
LISTEN/NOTIFY,5,2.841
LISTEN/NOTIFY,5,2.754
LISTEN/NOTIFY,5,21.416
LISTEN/NOTIFY,5,20.589
LISTEN/NOTIFY,5,15.595
LISTEN/NOTIFY,5,10.606
LISTEN/NOTIFY,5,5.611
LISTEN/NOTIFY,5,4.978
LISTEN/NOTIFY,5,4.98
LISTEN/NOTIFY,5,4.398
LISTEN/NOTIFY,5,3.236
LISTEN/NOTIFY,5,2.967
LISTEN/NOTIFY,5,2.812
LISTEN/NOTIFY,5,2.809
LISTEN/NOTIFY,5,2.65
LISTEN/NOTIFY,5,2.638
LISTEN/NOTIFY,5,2.725
LISTEN/NOTIFY,5,2.732
LISTEN/NOTIFY,5,2.868
LISTEN/NOTIFY,5,2.732
LISTEN/NOTIFY,5,2.695
LISTEN/NOTIFY,5,2.707
LISTEN/NOTIFY,5,2.753
LISTEN/NOTIFY,5,2.828
LISTEN/NOTIFY,5,2.874
LISTEN/NOTIFY,5,2.766
LISTEN/NOTIFY,5,2.716
LISTEN/NOTIFY,5,2.552
LISTEN/NOTIFY,5,2.852
LISTEN/NOTIFY,5,2.746
LISTEN/NOTIFY,5,2.655
LISTEN/NOTIFY,5,2.849
LISTEN/NOTIFY,5,2.712
LISTEN/NOTIFY,5,2.709
LISTEN/NOTIFY,5,2.73
LISTEN/NOTIFY,5,3.002
LISTEN/NOTIFY,5,2.731
LISTEN/NOTIFY,5,2.745
LISTEN/NOTIFY,5,2.933
LISTEN/NOTIFY,5,2.935
LISTEN/NOTIFY,5,2.499
LISTEN/NOTIFY,5,2.802
LISTEN/NOTIFY,5,2.711
LISTEN/NOTIFY,5,2.921
LISTEN/NOTIFY,5,2.541
LISTEN/NOTIFY,5,2.797
LISTEN/NOTIFY,5,3.139
LISTEN/NOTIFY,5,2.815
LISTEN/NOTIFY,5,2.923
LISTEN/NOTIFY,5,2.92
LISTEN/NOTIFY,5,2.966
LISTEN/NOTIFY,5,2.789
LISTEN/NOTIFY,5,2.62
LISTEN/NOTIFY,5,2.509
LISTEN/NOTIFY,5,2.787
LISTEN/NOTIFY,5,3.274
LISTEN/NOTIFY,5,2.759
LISTEN/NOTIFY,5,2.831
LISTEN/NOTIFY,5,2.644
LISTEN/NOTIFY,5,2.932
LISTEN/NOTIFY,5,2.824
LISTEN/NOTIFY,5,21.742
LISTEN/NOTIFY,5,21.118
LISTEN/NOTIFY,5,16.574
LISTEN/NOTIFY,5,11.408
LISTEN/NOTIFY,5,4.446
LISTEN/NOTIFY,5,5.58
LISTEN/NOTIFY,5,6.023
LISTEN/NOTIFY,5,6.472
LISTEN/NOTIFY,5,5.932
LISTEN/NOTIFY,5,6.245
LISTEN/NOTIFY,5,6.805
LISTEN/NOTIFY,5,6.241
LISTEN/NOTIFY,5,5.511
LISTEN/NOTIFY,5,5.502
LISTEN/NOTIFY,5,5.298
LISTEN/NOTIFY,5,5.426
LISTEN/NOTIFY,5,4.208
LISTEN/NOTIFY,5,4.285
LISTEN/NOTIFY,5,3.356
LISTEN/NOTIFY,5,2.827
LISTEN/NOTIFY,5,2.782
LISTEN/NOTIFY,5,2.671
LISTEN/NOTIFY,5,2.782
LISTEN/NOTIFY,5,2.809
LISTEN/NOTIFY,5,2.736
LISTEN/NOTIFY,5,2.799
LISTEN/NOTIFY,5,2.872
LISTEN/NOTIFY,5,2.82
LISTEN/NOTIFY,5,2.761
LISTEN/NOTIFY,5,2.632
LISTEN/NOTIFY,5,2.514
LISTEN/NOTIFY,5,2.595
LISTEN/NOTIFY,5,2.756
LISTEN/NOTIFY,5,2.938
LISTEN/NOTIFY,5,2.665
LISTEN/NOTIFY,5,2.912
LISTEN/NOTIFY,5,2.718
LISTEN/NOTIFY,5,3.019
LISTEN/NOTIFY,5,2.749
LISTEN/NOTIFY,5,2.823
LISTEN/NOTIFY,5,2.646
LISTEN/NOTIFY,5,2.793
LISTEN/NOTIFY,5,2.786
LISTEN/NOTIFY,5,2.846
LISTEN/NOTIFY,5,2.578
LISTEN/NOTIFY,5,2.716
LISTEN/NOTIFY,5,2.745
LISTEN/NOTIFY,5,2.781
LISTEN/NOTIFY,5,2.749
LISTEN/NOTIFY,5,2.729
LISTEN/NOTIFY,5,2.894
LISTEN/NOTIFY,5,2.861
LISTEN/NOTIFY,5,2.848
LISTEN/NOTIFY,5,2.836
LISTEN/NOTIFY,5,2.799
LISTEN/NOTIFY,5,2.728
LISTEN/NOTIFY,5,2.887
LISTEN/NOTIFY,5,2.811
LISTEN/NOTIFY,5,2.802
LISTEN/NOTIFY,5,2.92
LISTEN/NOTIFY,5,21.563
LISTEN/NOTIFY,5,21.035
LISTEN/NOTIFY,5,16.054
LISTEN/NOTIFY,5,11.141
LISTEN/NOTIFY,5,5.363
LISTEN/NOTIFY,5,4.927
LISTEN/NOTIFY,5,4.114
LISTEN/NOTIFY,5,4.179
LISTEN/NOTIFY,5,3.472
LISTEN/NOTIFY,5,2.897
LISTEN/NOTIFY,5,2.982
LISTEN/NOTIFY,5,2.862
LISTEN/NOTIFY,5,2.796
LISTEN/NOTIFY,5,2.875
LISTEN/NOTIFY,5,3.009
LISTEN/NOTIFY,5,2.93
LISTEN/NOTIFY,5,3.086
LISTEN/NOTIFY,5,2.843
LISTEN/NOTIFY,5,3.059
LISTEN/NOTIFY,5,2.79
LISTEN/NOTIFY,5,2.826
LISTEN/NOTIFY,5,2.681
LISTEN/NOTIFY,5,2.938
LISTEN/NOTIFY,5,2.716
LISTEN/NOTIFY,5,2.768
LISTEN/NOTIFY,5,2.721
LISTEN/NOTIFY,5,2.732
LISTEN/NOTIFY,5,2.662
LISTEN/NOTIFY,5,2.776
LISTEN/NOTIFY,5,2.788
LISTEN/NOTIFY,5,2.626
LISTEN/NOTIFY,5,2.771
LISTEN/NOTIFY,5,2.767
LISTEN/NOTIFY,5,3.084
LISTEN/NOTIFY,5,2.724
LISTEN/NOTIFY,5,3.238
LISTEN/NOTIFY,5,3.008
LISTEN/NOTIFY,5,2.876
LISTEN/NOTIFY,5,2.622
LISTEN/NOTIFY,5,2.806
LISTEN/NOTIFY,5,2.86
LISTEN/NOTIFY,5,2.625
LISTEN/NOTIFY,5,2.746
LISTEN/NOTIFY,5,2.834
LISTEN/NOTIFY,5,2.824
LISTEN/NOTIFY,5,2.686
LISTEN/NOTIFY,5,2.695
LISTEN/NOTIFY,5,3.721
LISTEN/NOTIFY,5,3.057
LISTEN/NOTIFY,5,2.784
LISTEN/NOTIFY,5,2.984
LISTEN/NOTIFY,5,2.853
LISTEN/NOTIFY,5,2.727
LISTEN/NOTIFY,5,2.731
LISTEN/NOTIFY,5,3.04
LISTEN/NOTIFY,5,2.96
LISTEN/NOTIFY,5,2.944
LISTEN/NOTIFY,5,2.788
LISTEN/NOTIFY,5,21.567
LISTEN/NOTIFY,5,20.821
LISTEN/NOTIFY,5,15.648
LISTEN/NOTIFY,5,10.548
LISTEN/NOTIFY,5,5.03
LISTEN/NOTIFY,5,5.185
LISTEN/NOTIFY,5,4.421
LISTEN/NOTIFY,5,3.827
LISTEN/NOTIFY,5,2.896
LISTEN/NOTIFY,5,2.821
LISTEN/NOTIFY,5,2.817
LISTEN/NOTIFY,5,2.811
LISTEN/NOTIFY,5,3.009
LISTEN/NOTIFY,5,2.639
LISTEN/NOTIFY,5,2.922
LISTEN/NOTIFY,5,2.778
LISTEN/NOTIFY,5,2.725
LISTEN/NOTIFY,5,2.718
LISTEN/NOTIFY,5,2.663
LISTEN/NOTIFY,5,2.761
LISTEN/NOTIFY,5,2.863
LISTEN/NOTIFY,5,2.697
LISTEN/NOTIFY,5,2.776
LISTEN/NOTIFY,5,2.781
LISTEN/NOTIFY,5,2.937
LISTEN/NOTIFY,5,2.833
LISTEN/NOTIFY,5,2.76
LISTEN/NOTIFY,5,2.788
LISTEN/NOTIFY,5,2.668
LISTEN/NOTIFY,5,3.151
LISTEN/NOTIFY,5,2.972
LISTEN/NOTIFY,5,2.871
LISTEN/NOTIFY,5,2.824
LISTEN/NOTIFY,5,2.779
LISTEN/NOTIFY,5,2.689
LISTEN/NOTIFY,5,2.865
LISTEN/NOTIFY,5,2.958
LISTEN/NOTIFY,5,2.848
LISTEN/NOTIFY,5,3.011
LISTEN/NOTIFY,5,2.93
LISTEN/NOTIFY,5,3.006
LISTEN/NOTIFY,5,2.399
LISTEN/NOTIFY,5,2.899
LISTEN/NOTIFY,5,2.8
LISTEN/NOTIFY,5,3.037
LISTEN/NOTIFY,5,2.837
LISTEN/NOTIFY,5,2.67
LISTEN/NOTIFY,5,2.851
LISTEN/NOTIFY,5,2.799
LISTEN/NOTIFY,5,2.505
LISTEN/NOTIFY,5,2.848
LISTEN/NOTIFY,5,3.316
LISTEN/NOTIFY,5,2.83
LISTEN/NOTIFY,5,2.908
LISTEN/NOTIFY,5,2.811
LISTEN/NOTIFY,5,2.936
LISTEN/NOTIFY,5,2.746
LISTEN/NOTIFY,5,2.872
LISTEN/NOTIFY,5,2.613
LISTEN/NOTIFY,5,2.804
LISTEN/NOTIFY,5,21.634
LISTEN/NOTIFY,5,21.873
LISTEN/NOTIFY,5,16.68
LISTEN/NOTIFY,5,11.741
LISTEN/NOTIFY,5,5.12
LISTEN/NOTIFY,5,6.074
LISTEN/NOTIFY,5,5.398
LISTEN/NOTIFY,5,4.806
LISTEN/NOTIFY,5,3.989
LISTEN/NOTIFY,5,3.39
LISTEN/NOTIFY,5,2.886
LISTEN/NOTIFY,5,2.673
LISTEN/NOTIFY,5,2.709
LISTEN/NOTIFY,5,2.645
LISTEN/NOTIFY,5,2.759
LISTEN/NOTIFY,5,2.645
LISTEN/NOTIFY,5,2.817
LISTEN/NOTIFY,5,3.268
LISTEN/NOTIFY,5,2.753
LISTEN/NOTIFY,5,2.912
LISTEN/NOTIFY,5,2.684
LISTEN/NOTIFY,5,2.901
LISTEN/NOTIFY,5,2.71
LISTEN/NOTIFY,5,2.9
LISTEN/NOTIFY,5,2.93
LISTEN/NOTIFY,5,2.006
LISTEN/NOTIFY,5,2.067
LISTEN/NOTIFY,5,2.056
LISTEN/NOTIFY,5,2.213
LISTEN/NOTIFY,5,2.237
LISTEN/NOTIFY,5,2.046
LISTEN/NOTIFY,5,2.232
LISTEN/NOTIFY,5,2.298
LISTEN/NOTIFY,5,2.142
LISTEN/NOTIFY,5,2.262
LISTEN/NOTIFY,5,2.741
LISTEN/NOTIFY,5,2.835
LISTEN/NOTIFY,5,2.88
LISTEN/NOTIFY,5,2.901
LISTEN/NOTIFY,5,2.867
LISTEN/NOTIFY,5,2.843
LISTEN/NOTIFY,5,2.808
LISTEN/NOTIFY,5,2.526
LISTEN/NOTIFY,5,2.7
LISTEN/NOTIFY,5,2.783
LISTEN/NOTIFY,5,2.879
LISTEN/NOTIFY,5,2.635
LISTEN/NOTIFY,5,2.767
LISTEN/NOTIFY,5,2.786
LISTEN/NOTIFY,5,2.76
LISTEN/NOTIFY,5,2.83
LISTEN/NOTIFY,5,2.749
LISTEN/NOTIFY,5,2.681
LISTEN/NOTIFY,5,2.703
LISTEN/NOTIFY,5,2.734
LISTEN/NOTIFY,5,2.681
LISTEN/NOTIFY,5,2.797
LISTEN/NOTIFY,5,2.794
LISTEN/NOTIFY,5,2.741
LISTEN/NOTIFY,5,2.786
LISTEN/NOTIFY,5,21.296
LISTEN/NOTIFY,5,22.025
LISTEN/NOTIFY,5,16.799
LISTEN/NOTIFY,5,11.683
LISTEN/NOTIFY,5,4.999
LISTEN/NOTIFY,5,6.29
LISTEN/NOTIFY,5,5.737
LISTEN/NOTIFY,5,5.264
LISTEN/NOTIFY,5,4.605
LISTEN/NOTIFY,5,4.145
LISTEN/NOTIFY,5,3.192
LISTEN/NOTIFY,5,2.829
LISTEN/NOTIFY,5,2.697
LISTEN/NOTIFY,5,2.666
LISTEN/NOTIFY,5,2.835
LISTEN/NOTIFY,5,3.055
LISTEN/NOTIFY,5,2.686
LISTEN/NOTIFY,5,2.858
LISTEN/NOTIFY,5,2.979
LISTEN/NOTIFY,5,2.873
LISTEN/NOTIFY,5,3.142
LISTEN/NOTIFY,5,2.868
LISTEN/NOTIFY,5,2.746
LISTEN/NOTIFY,5,3.021
LISTEN/NOTIFY,5,3.115
LISTEN/NOTIFY,5,3.013
LISTEN/NOTIFY,5,3.027
LISTEN/NOTIFY,5,2.762
LISTEN/NOTIFY,5,3.093
LISTEN/NOTIFY,5,2.904
LISTEN/NOTIFY,5,2.695
LISTEN/NOTIFY,5,2.732
LISTEN/NOTIFY,5,2.795
LISTEN/NOTIFY,5,2.875
LISTEN/NOTIFY,5,2.311
LISTEN/NOTIFY,5,2.175
LISTEN/NOTIFY,5,2.19
LISTEN/NOTIFY,5,2.278
LISTEN/NOTIFY,5,2.205
LISTEN/NOTIFY,5,3.119
LISTEN/NOTIFY,5,2.705
LISTEN/NOTIFY,5,2.983
LISTEN/NOTIFY,5,2.791
LISTEN/NOTIFY,5,2.631
LISTEN/NOTIFY,5,2.411
LISTEN/NOTIFY,5,2.726
LISTEN/NOTIFY,5,2.772
LISTEN/NOTIFY,5,2.827
LISTEN/NOTIFY,5,2.622
LISTEN/NOTIFY,5,3.017
LISTEN/NOTIFY,5,3.038
LISTEN/NOTIFY,5,2.791
LISTEN/NOTIFY,5,2.981
LISTEN/NOTIFY,5,2.888
LISTEN/NOTIFY,5,3.148
LISTEN/NOTIFY,5,2.881
LISTEN/NOTIFY,5,2.579
LISTEN/NOTIFY,5,3.083
LISTEN/NOTIFY,5,2.783
LISTEN/NOTIFY,5,20.923
LISTEN/NOTIFY,5,20.908
LISTEN/NOTIFY,5,15.838
LISTEN/NOTIFY,5,10.515
LISTEN/NOTIFY,5,4.042
LISTEN/NOTIFY,5,5.445
LISTEN/NOTIFY,5,4.882
LISTEN/NOTIFY,5,4.614
LISTEN/NOTIFY,5,3.661
LISTEN/NOTIFY,5,2.791
LISTEN/NOTIFY,5,2.925
LISTEN/NOTIFY,5,2.867
LISTEN/NOTIFY,5,2.784
LISTEN/NOTIFY,5,2.873
LISTEN/NOTIFY,5,2.637
LISTEN/NOTIFY,5,2.847
LISTEN/NOTIFY,5,2.767
LISTEN/NOTIFY,5,2.766
LISTEN/NOTIFY,5,2.5
LISTEN/NOTIFY,5,2.902
LISTEN/NOTIFY,5,2.588
LISTEN/NOTIFY,5,2.888
LISTEN/NOTIFY,5,2.66
LISTEN/NOTIFY,5,2.81
LISTEN/NOTIFY,5,3.039
LISTEN/NOTIFY,5,2.802
LISTEN/NOTIFY,5,2.795
LISTEN/NOTIFY,5,2.786
LISTEN/NOTIFY,5,2.678
LISTEN/NOTIFY,5,2.786
LISTEN/NOTIFY,5,2.84
LISTEN/NOTIFY,5,2.563
LISTEN/NOTIFY,5,2.806
LISTEN/NOTIFY,5,2.897
LISTEN/NOTIFY,5,2.954
LISTEN/NOTIFY,5,2.955
LISTEN/NOTIFY,5,2.826
LISTEN/NOTIFY,5,2.596
LISTEN/NOTIFY,5,2.749
LISTEN/NOTIFY,5,2.895
LISTEN/NOTIFY,5,2.773
LISTEN/NOTIFY,5,2.734
LISTEN/NOTIFY,5,2.783
LISTEN/NOTIFY,5,2.705
LISTEN/NOTIFY,5,2.175
LISTEN/NOTIFY,5,2.846
LISTEN/NOTIFY,5,2.793
LISTEN/NOTIFY,5,2.82
LISTEN/NOTIFY,5,2.959
LISTEN/NOTIFY,5,2.783
LISTEN/NOTIFY,5,3.082
LISTEN/NOTIFY,5,2.881
LISTEN/NOTIFY,5,2.888
LISTEN/NOTIFY,5,2.974
LISTEN/NOTIFY,5,2.885
LISTEN/NOTIFY,5,2.748
LISTEN/NOTIFY,5,2.918
LISTEN/NOTIFY,5,2.806
LISTEN/NOTIFY,5,2.882
LISTEN/NOTIFY,5,2.936
LISTEN/NOTIFY,5,2.825
LISTEN/NOTIFY,5,22.092
LISTEN/NOTIFY,5,21.794
LISTEN/NOTIFY,5,16.676
LISTEN/NOTIFY,5,11.44
LISTEN/NOTIFY,5,6.028
LISTEN/NOTIFY,5,5.977
LISTEN/NOTIFY,5,5.387
LISTEN/NOTIFY,5,4.279
LISTEN/NOTIFY,5,4.299
LISTEN/NOTIFY,5,3.405
LISTEN/NOTIFY,5,2.891
LISTEN/NOTIFY,5,2.696
LISTEN/NOTIFY,5,2.772
LISTEN/NOTIFY,5,2.816
LISTEN/NOTIFY,5,2.742
LISTEN/NOTIFY,5,2.94
LISTEN/NOTIFY,5,2.933
LISTEN/NOTIFY,5,2.863
LISTEN/NOTIFY,5,2.981
LISTEN/NOTIFY,5,2.987
LISTEN/NOTIFY,5,2.994
LISTEN/NOTIFY,5,2.862
LISTEN/NOTIFY,5,2.606
LISTEN/NOTIFY,5,3.006
LISTEN/NOTIFY,5,2.816
LISTEN/NOTIFY,5,2.84
LISTEN/NOTIFY,5,2.73
LISTEN/NOTIFY,5,2.905
LISTEN/NOTIFY,5,2.776
LISTEN/NOTIFY,5,2.866
LISTEN/NOTIFY,5,3.026
LISTEN/NOTIFY,5,2.765
LISTEN/NOTIFY,5,2.803
LISTEN/NOTIFY,5,2.817
LISTEN/NOTIFY,5,2.94
LISTEN/NOTIFY,5,2.853
LISTEN/NOTIFY,5,2.944
LISTEN/NOTIFY,5,2.614
LISTEN/NOTIFY,5,2.862
LISTEN/NOTIFY,5,3.026
LISTEN/NOTIFY,5,2.87
LISTEN/NOTIFY,5,2.772
LISTEN/NOTIFY,5,2.83
LISTEN/NOTIFY,5,2.857
LISTEN/NOTIFY,5,2.757
LISTEN/NOTIFY,5,2.87
LISTEN/NOTIFY,5,2.639
LISTEN/NOTIFY,5,2.732
LISTEN/NOTIFY,5,2.677
LISTEN/NOTIFY,5,2.898
LISTEN/NOTIFY,5,3.041
LISTEN/NOTIFY,5,2.898
LISTEN/NOTIFY,5,2.75
LISTEN/NOTIFY,5,2.753
LISTEN/NOTIFY,5,2.715
LISTEN/NOTIFY,5,2.786
LISTEN/NOTIFY,5,2.854
LISTEN/NOTIFY,5,2.877
LISTEN/NOTIFY,5,3.702
LISTEN/NOTIFY,5,3.525
LISTEN/NOTIFY,5,3.144
LISTEN/NOTIFY,5,2.789
LISTEN/NOTIFY,5,2.907
LISTEN/NOTIFY,5,2.811
LISTEN/NOTIFY,5,2.906
LISTEN/NOTIFY,5,2.89
LISTEN/NOTIFY,5,2.691
LISTEN/NOTIFY,5,2.671
LISTEN/NOTIFY,5,2.652
LISTEN/NOTIFY,5,2.668
LISTEN/NOTIFY,5,2.8
LISTEN/NOTIFY,5,2.619
LISTEN/NOTIFY,5,2.861
LISTEN/NOTIFY,5,2.764
LISTEN/NOTIFY,5,2.703
LISTEN/NOTIFY,5,2.852
LISTEN/NOTIFY,5,2.771
LISTEN/NOTIFY,5,2.813
LISTEN/NOTIFY,5,2.755
LISTEN/NOTIFY,5,2.86
LISTEN/NOTIFY,5,2.797
LISTEN/NOTIFY,5,2.764
LISTEN/NOTIFY,5,2.702
LISTEN/NOTIFY,5,2.967
LISTEN/NOTIFY,5,3.019
LISTEN/NOTIFY,5,2.84
LISTEN/NOTIFY,5,2.794
LISTEN/NOTIFY,5,2.687
LISTEN/NOTIFY,5,2.848
LISTEN/NOTIFY,5,2.93
LISTEN/NOTIFY,5,2.908
LISTEN/NOTIFY,5,2.672
LISTEN/NOTIFY,5,2.304
LISTEN/NOTIFY,5,2.76
LISTEN/NOTIFY,5,2.611
LISTEN/NOTIFY,5,2.733
LISTEN/NOTIFY,5,2.71
LISTEN/NOTIFY,5,2.607
LISTEN/NOTIFY,5,2.9
LISTEN/NOTIFY,5,2.593
LISTEN/NOTIFY,5,2.892
LISTEN/NOTIFY,5,3.099
LISTEN/NOTIFY,5,2.754
LISTEN/NOTIFY,5,3.181
LISTEN/NOTIFY,5,3.25
LISTEN/NOTIFY,5,3.134
LISTEN/NOTIFY,5,3.055
LISTEN/NOTIFY,5,3.035
LISTEN/NOTIFY,5,3.112
LISTEN/NOTIFY,5,2.936
LISTEN/NOTIFY,5,2.754
LISTEN/NOTIFY,5,2.748
LISTEN/NOTIFY,5,3.529
LISTEN/NOTIFY,5,2.804
LISTEN/NOTIFY,5,2.857
LISTEN/NOTIFY,5,2.746
LISTEN/NOTIFY,5,2.792
LISTEN/NOTIFY,5,2.793
LISTEN/NOTIFY,5,2.823
LISTEN/NOTIFY,5,2.761
LISTEN/NOTIFY,5,2.818
LISTEN/NOTIFY,5,2.784
LISTEN/NOTIFY,5,2.621
LISTEN/NOTIFY,5,2.875
LISTEN/NOTIFY,5,2.763
LISTEN/NOTIFY,5,2.604
LISTEN/NOTIFY,5,2.724
LISTEN/NOTIFY,5,3.086
LISTEN/NOTIFY,5,2.963
LISTEN/NOTIFY,5,2.874
LISTEN/NOTIFY,5,2.619
LISTEN/NOTIFY,5,2.723
LISTEN/NOTIFY,5,2.808
LISTEN/NOTIFY,5,2.877
LISTEN/NOTIFY,5,2.584
LISTEN/NOTIFY,5,2.817
LISTEN/NOTIFY,5,2.602
LISTEN/NOTIFY,5,3.527
LISTEN/NOTIFY,5,2.944
LISTEN/NOTIFY,5,2.716
LISTEN/NOTIFY,5,2.991
LISTEN/NOTIFY,5,2.314
LISTEN/NOTIFY,5,2.377
LISTEN/NOTIFY,5,2.777
LISTEN/NOTIFY,5,2.869
LISTEN/NOTIFY,5,2.572
LISTEN/NOTIFY,5,2.706
LISTEN/NOTIFY,5,2.761
LISTEN/NOTIFY,5,2.448
LISTEN/NOTIFY,5,2.843
LISTEN/NOTIFY,5,2.671
LISTEN/NOTIFY,5,2.615
LISTEN/NOTIFY,5,2.655
LISTEN/NOTIFY,5,2.387
LISTEN/NOTIFY,5,3.146
LISTEN/NOTIFY,5,2.993
LISTEN/NOTIFY,5,2.696
LISTEN/NOTIFY,5,2.999
LISTEN/NOTIFY,5,2.84
LISTEN/NOTIFY,5,2.971
LISTEN/NOTIFY,5,2.778
LISTEN/NOTIFY,5,2.735
LISTEN/NOTIFY,5,2.821
LISTEN/NOTIFY,5,2.872
LISTEN/NOTIFY,5,2.902
LISTEN/NOTIFY,5,2.848
LISTEN/NOTIFY,5,2.869
LISTEN/NOTIFY,5,2.751
LISTEN/NOTIFY,5,2.896
LISTEN/NOTIFY,5,2.786
LISTEN/NOTIFY,5,2.879
LISTEN/NOTIFY,5,2.75
LISTEN/NOTIFY,5,3.09
LISTEN/NOTIFY,5,2.953
LISTEN/NOTIFY,5,2.893
LISTEN/NOTIFY,5,18.027
LISTEN/NOTIFY,5,18.755
LISTEN/NOTIFY,5,13.724
LISTEN/NOTIFY,5,8.816
LISTEN/NOTIFY,5,3.477
LISTEN/NOTIFY,5,3.864
LISTEN/NOTIFY,5,3.065
LISTEN/NOTIFY,5,2.818
LISTEN/NOTIFY,5,3.121
LISTEN/NOTIFY,5,2.734
LISTEN/NOTIFY,5,2.879
LISTEN/NOTIFY,5,2.578
LISTEN/NOTIFY,5,2.624
LISTEN/NOTIFY,5,3.028
LISTEN/NOTIFY,5,2.796
LISTEN/NOTIFY,5,2.827
LISTEN/NOTIFY,5,2.719
LISTEN/NOTIFY,5,2.227
LISTEN/NOTIFY,5,2.756
LISTEN/NOTIFY,5,2.894
LISTEN/NOTIFY,5,2.8
LISTEN/NOTIFY,5,2.772
LISTEN/NOTIFY,5,2.819
LISTEN/NOTIFY,5,3.027
LISTEN/NOTIFY,5,2.83
LISTEN/NOTIFY,5,2.831
LISTEN/NOTIFY,5,2.673
LISTEN/NOTIFY,5,2.672
LISTEN/NOTIFY,5,2.876
LISTEN/NOTIFY,5,2.832
LISTEN/NOTIFY,5,2.924
LISTEN/NOTIFY,5,2.626
LISTEN/NOTIFY,5,2.995
LISTEN/NOTIFY,5,2.871
LISTEN/NOTIFY,5,2.935
LISTEN/NOTIFY,5,2.621
LISTEN/NOTIFY,5,2.76
LISTEN/NOTIFY,5,2.568
LISTEN/NOTIFY,5,2.775
LISTEN/NOTIFY,5,2.684
LISTEN/NOTIFY,5,2.682
LISTEN/NOTIFY,5,2.776
LISTEN/NOTIFY,5,2.853
LISTEN/NOTIFY,5,2.88
LISTEN/NOTIFY,5,2.805
LISTEN/NOTIFY,5,2.432
LISTEN/NOTIFY,5,2.61
LISTEN/NOTIFY,5,2.708
LISTEN/NOTIFY,5,2.597
LISTEN/NOTIFY,5,2.984
LISTEN/NOTIFY,5,2.915
LISTEN/NOTIFY,5,2.715
LISTEN/NOTIFY,5,2.837
LISTEN/NOTIFY,5,2.586
LISTEN/NOTIFY,5,2.855
LISTEN/NOTIFY,5,3.129
LISTEN/NOTIFY,5,2.899
LISTEN/NOTIFY,5,2.716
LISTEN/NOTIFY,5,2.938
LISTEN/NOTIFY,5,22.554
LISTEN/NOTIFY,5,22.393
LISTEN/NOTIFY,5,17.696
LISTEN/NOTIFY,5,12.564
LISTEN/NOTIFY,5,6.737
LISTEN/NOTIFY,5,7.359
LISTEN/NOTIFY,5,6.307
LISTEN/NOTIFY,5,6.115
LISTEN/NOTIFY,5,5.399
LISTEN/NOTIFY,5,4.408
LISTEN/NOTIFY,5,3.709
LISTEN/NOTIFY,5,3.403
LISTEN/NOTIFY,5,2.758
LISTEN/NOTIFY,5,2.759
LISTEN/NOTIFY,5,2.787
LISTEN/NOTIFY,5,2.787
LISTEN/NOTIFY,5,2.806
LISTEN/NOTIFY,5,2.746
LISTEN/NOTIFY,5,2.564
LISTEN/NOTIFY,5,2.734
LISTEN/NOTIFY,5,2.826
LISTEN/NOTIFY,5,2.754
LISTEN/NOTIFY,5,2.806
LISTEN/NOTIFY,5,2.831
LISTEN/NOTIFY,5,2.609
LISTEN/NOTIFY,5,2.82
LISTEN/NOTIFY,5,2.893
LISTEN/NOTIFY,5,2.898
LISTEN/NOTIFY,5,2.775
LISTEN/NOTIFY,5,2.634
LISTEN/NOTIFY,5,2.707
LISTEN/NOTIFY,5,2.835
LISTEN/NOTIFY,5,2.814
LISTEN/NOTIFY,5,2.778
LISTEN/NOTIFY,5,2.823
LISTEN/NOTIFY,5,3.021
LISTEN/NOTIFY,5,2.694
LISTEN/NOTIFY,5,2.9
LISTEN/NOTIFY,5,2.885
LISTEN/NOTIFY,5,2.933
LISTEN/NOTIFY,5,2.707
LISTEN/NOTIFY,5,2.941
LISTEN/NOTIFY,5,2.515
LISTEN/NOTIFY,5,2.913
LISTEN/NOTIFY,5,2.883
LISTEN/NOTIFY,5,2.835
LISTEN/NOTIFY,5,2.744
LISTEN/NOTIFY,5,2.694
LISTEN/NOTIFY,5,3.011
LISTEN/NOTIFY,5,2.738
LISTEN/NOTIFY,5,2.749
LISTEN/NOTIFY,5,2.852
LISTEN/NOTIFY,5,2.758
LISTEN/NOTIFY,5,2.833
LISTEN/NOTIFY,5,2.771
LISTEN/NOTIFY,5,2.774
LISTEN/NOTIFY,5,2.635
LISTEN/NOTIFY,5,2.939
LISTEN/NOTIFY,5,21.382
LISTEN/NOTIFY,5,20.751
LISTEN/NOTIFY,5,15.439
LISTEN/NOTIFY,5,10.453
LISTEN/NOTIFY,5,5.841
LISTEN/NOTIFY,5,5.011
LISTEN/NOTIFY,5,3.875
LISTEN/NOTIFY,5,3.104
LISTEN/NOTIFY,5,2.883
LISTEN/NOTIFY,5,2.847
LISTEN/NOTIFY,5,2.871
LISTEN/NOTIFY,5,2.91
LISTEN/NOTIFY,5,2.999
LISTEN/NOTIFY,5,2.805
LISTEN/NOTIFY,5,2.799
LISTEN/NOTIFY,5,2.686
LISTEN/NOTIFY,5,2.686
LISTEN/NOTIFY,5,2.759
LISTEN/NOTIFY,5,3.149
LISTEN/NOTIFY,5,2.885
LISTEN/NOTIFY,5,2.858
LISTEN/NOTIFY,5,2.903
LISTEN/NOTIFY,5,2.829
LISTEN/NOTIFY,5,2.741
LISTEN/NOTIFY,5,2.937
LISTEN/NOTIFY,5,3.095
LISTEN/NOTIFY,5,2.951
LISTEN/NOTIFY,5,2.895
LISTEN/NOTIFY,5,2.739
LISTEN/NOTIFY,5,3.005
LISTEN/NOTIFY,5,2.932
LISTEN/NOTIFY,5,2.805
LISTEN/NOTIFY,5,2.764
LISTEN/NOTIFY,5,2.966
LISTEN/NOTIFY,5,2.91
LISTEN/NOTIFY,5,2.768
LISTEN/NOTIFY,5,2.765
LISTEN/NOTIFY,5,2.666
LISTEN/NOTIFY,5,2.802
LISTEN/NOTIFY,5,2.841
LISTEN/NOTIFY,5,3.223
LISTEN/NOTIFY,5,2.979
LISTEN/NOTIFY,5,3.101
LISTEN/NOTIFY,5,2.877
LISTEN/NOTIFY,5,3.209
LISTEN/NOTIFY,5,3.38
LISTEN/NOTIFY,5,2.868
LISTEN/NOTIFY,5,2.855
LISTEN/NOTIFY,5,2.716
LISTEN/NOTIFY,5,2.895
LISTEN/NOTIFY,5,2.877
LISTEN/NOTIFY,5,2.653
LISTEN/NOTIFY,5,2.818
LISTEN/NOTIFY,5,2.477
LISTEN/NOTIFY,5,2.773
LISTEN/NOTIFY,5,2.792
LISTEN/NOTIFY,5,2.844
LISTEN/NOTIFY,5,2.987
LISTEN/NOTIFY,5,2.801
LISTEN/NOTIFY,5,2.786
LISTEN/NOTIFY,5,21.671
LISTEN/NOTIFY,5,20.99
LISTEN/NOTIFY,5,16.143
LISTEN/NOTIFY,5,11.114
LISTEN/NOTIFY,5,4.845
LISTEN/NOTIFY,5,5.525
LISTEN/NOTIFY,5,5.049
LISTEN/NOTIFY,5,3.919
LISTEN/NOTIFY,5,2.852
LISTEN/NOTIFY,5,2.904
LISTEN/NOTIFY,5,3.07
LISTEN/NOTIFY,5,3.129
LISTEN/NOTIFY,5,3.084
LISTEN/NOTIFY,5,2.976
LISTEN/NOTIFY,5,2.953
LISTEN/NOTIFY,5,2.904
LISTEN/NOTIFY,5,2.44
LISTEN/NOTIFY,5,2.893
LISTEN/NOTIFY,5,2.805
LISTEN/NOTIFY,5,2.696
LISTEN/NOTIFY,5,2.717
LISTEN/NOTIFY,5,2.867
LISTEN/NOTIFY,5,2.871
LISTEN/NOTIFY,5,2.824
LISTEN/NOTIFY,5,2.684
LISTEN/NOTIFY,5,2.722
LISTEN/NOTIFY,5,2.786
LISTEN/NOTIFY,5,2.736
LISTEN/NOTIFY,5,2.837
LISTEN/NOTIFY,5,2.708
LISTEN/NOTIFY,5,1.984
LISTEN/NOTIFY,5,2.61
LISTEN/NOTIFY,5,2.313
LISTEN/NOTIFY,5,2.781
LISTEN/NOTIFY,5,2.854
LISTEN/NOTIFY,5,2.786
LISTEN/NOTIFY,5,2.958
LISTEN/NOTIFY,5,2.766
LISTEN/NOTIFY,5,2.727
LISTEN/NOTIFY,5,2.737
LISTEN/NOTIFY,5,2.843
LISTEN/NOTIFY,5,2.704
LISTEN/NOTIFY,5,2.703
LISTEN/NOTIFY,5,2.843
LISTEN/NOTIFY,5,2.694
LISTEN/NOTIFY,5,2.612
LISTEN/NOTIFY,5,2.795
LISTEN/NOTIFY,5,2.728
LISTEN/NOTIFY,5,2.836
LISTEN/NOTIFY,5,2.758
LISTEN/NOTIFY,5,2.729
LISTEN/NOTIFY,5,2.818
LISTEN/NOTIFY,5,2.764
LISTEN/NOTIFY,5,3.027
LISTEN/NOTIFY,5,2.896
LISTEN/NOTIFY,5,2.791
LISTEN/NOTIFY,5,3.121
LISTEN/NOTIFY,5,2.848
LISTEN/NOTIFY,5,2.879
LISTEN/NOTIFY,5,2.763
LISTEN/NOTIFY,5,3.014
LISTEN/NOTIFY,5,3.467
LISTEN/NOTIFY,5,2.865
LISTEN/NOTIFY,5,2.808
LISTEN/NOTIFY,5,2.783
LISTEN/NOTIFY,5,2.55
LISTEN/NOTIFY,5,2.743
LISTEN/NOTIFY,5,2.735
LISTEN/NOTIFY,5,2.758
LISTEN/NOTIFY,5,2.889
LISTEN/NOTIFY,5,2.652
LISTEN/NOTIFY,5,2.98
LISTEN/NOTIFY,5,3.013
LISTEN/NOTIFY,5,3.052
LISTEN/NOTIFY,5,3.571
LISTEN/NOTIFY,5,3.785
LISTEN/NOTIFY,5,3.529
LISTEN/NOTIFY,5,2.779
LISTEN/NOTIFY,5,2.726
LISTEN/NOTIFY,5,2.782
LISTEN/NOTIFY,5,2.754
LISTEN/NOTIFY,5,2.862
LISTEN/NOTIFY,5,2.895
LISTEN/NOTIFY,5,2.816
LISTEN/NOTIFY,5,2.871
LISTEN/NOTIFY,5,3.306
LISTEN/NOTIFY,5,2.826
LISTEN/NOTIFY,5,2.638
LISTEN/NOTIFY,5,3.008
LISTEN/NOTIFY,5,2.99
LISTEN/NOTIFY,5,2.87
LISTEN/NOTIFY,5,3.024
LISTEN/NOTIFY,5,2.86
LISTEN/NOTIFY,5,2.841
LISTEN/NOTIFY,5,2.702
LISTEN/NOTIFY,5,2.865
LISTEN/NOTIFY,5,2.817
LISTEN/NOTIFY,5,3.072
LISTEN/NOTIFY,5,2.783
LISTEN/NOTIFY,5,2.746
LISTEN/NOTIFY,5,2.78
LISTEN/NOTIFY,5,2.752
LISTEN/NOTIFY,5,2.864
LISTEN/NOTIFY,5,2.716
LISTEN/NOTIFY,5,2.678
LISTEN/NOTIFY,5,2.813
LISTEN/NOTIFY,5,3.017
LISTEN/NOTIFY,5,2.914
LISTEN/NOTIFY,5,3.082
LISTEN/NOTIFY,5,2.89
LISTEN/NOTIFY,5,3.053
LISTEN/NOTIFY,5,2.912
LISTEN/NOTIFY,5,3.011
LISTEN/NOTIFY,5,3.067
LISTEN/NOTIFY,5,2.91
LISTEN/NOTIFY,5,2.94
LISTEN/NOTIFY,5,2.741
LISTEN/NOTIFY,5,2.54
LISTEN/NOTIFY,5,2.81
LISTEN/NOTIFY,5,2.822
LISTEN/NOTIFY,5,2.847
LISTEN/NOTIFY,5,2.833
LISTEN/NOTIFY,5,2.818
LISTEN/NOTIFY,5,2.656
LISTEN/NOTIFY,5,2.63
LISTEN/NOTIFY,5,2.893
LISTEN/NOTIFY,5,2.754
LISTEN/NOTIFY,5,2.835
LISTEN/NOTIFY,5,2.573
LISTEN/NOTIFY,5,2.693
LISTEN/NOTIFY,5,2.629
LISTEN/NOTIFY,5,2.774
LISTEN/NOTIFY,5,2.934
LISTEN/NOTIFY,5,2.842
LISTEN/NOTIFY,5,3.045
LISTEN/NOTIFY,5,2.753
LISTEN/NOTIFY,5,2.782
LISTEN/NOTIFY,5,2.79
LISTEN/NOTIFY,5,2.9
LISTEN/NOTIFY,5,2.808
LISTEN/NOTIFY,5,2.826
LISTEN/NOTIFY,5,2.74
LISTEN/NOTIFY,5,2.773
LISTEN/NOTIFY,5,2.793
LISTEN/NOTIFY,5,2.774
LISTEN/NOTIFY,5,2.77
LISTEN/NOTIFY,5,2.679
LISTEN/NOTIFY,5,2.877
LISTEN/NOTIFY,5,2.855
LISTEN/NOTIFY,5,2.378
LISTEN/NOTIFY,5,2.561
LISTEN/NOTIFY,5,2.982
LISTEN/NOTIFY,5,2.901
LISTEN/NOTIFY,5,2.674
LISTEN/NOTIFY,5,2.879
LISTEN/NOTIFY,5,2.932
LISTEN/NOTIFY,5,2.967
LISTEN/NOTIFY,5,2.996
LISTEN/NOTIFY,5,3.13
LISTEN/NOTIFY,5,2.898
LISTEN/NOTIFY,5,2.593
LISTEN/NOTIFY,5,2.814
LISTEN/NOTIFY,5,3.156
LISTEN/NOTIFY,5,3.097
LISTEN/NOTIFY,5,2.94
LISTEN/NOTIFY,5,2.849
LISTEN/NOTIFY,5,3.083
LISTEN/NOTIFY,5,2.809
LISTEN/NOTIFY,5,3.568
LISTEN/NOTIFY,5,3.089
LISTEN/NOTIFY,5,2.934
LISTEN/NOTIFY,5,2.908
LISTEN/NOTIFY,5,2.898
LISTEN/NOTIFY,5,21.592
LISTEN/NOTIFY,5,20.95
LISTEN/NOTIFY,5,16.025
LISTEN/NOTIFY,5,10.932
LISTEN/NOTIFY,5,10.259
LISTEN/NOTIFY,5,5.268
LISTEN/NOTIFY,5,4.606
LISTEN/NOTIFY,5,3.817
LISTEN/NOTIFY,5,3.208
LISTEN/NOTIFY,5,2.836
LISTEN/NOTIFY,5,2.828
LISTEN/NOTIFY,5,3.043
LISTEN/NOTIFY,5,3.614
LISTEN/NOTIFY,5,3.279
LISTEN/NOTIFY,5,2.959
LISTEN/NOTIFY,5,2.962
LISTEN/NOTIFY,5,2.815
LISTEN/NOTIFY,5,2.371
LISTEN/NOTIFY,5,2.878
LISTEN/NOTIFY,5,2.843
LISTEN/NOTIFY,5,2.366
LISTEN/NOTIFY,5,2.758
LISTEN/NOTIFY,5,2.91
LISTEN/NOTIFY,5,2.877
LISTEN/NOTIFY,5,3.023
LISTEN/NOTIFY,5,2.887
LISTEN/NOTIFY,5,2.915
LISTEN/NOTIFY,5,2.873
LISTEN/NOTIFY,5,2.775
LISTEN/NOTIFY,5,2.614
LISTEN/NOTIFY,5,2.721
LISTEN/NOTIFY,5,2.692
LISTEN/NOTIFY,5,3.114
LISTEN/NOTIFY,5,3.078
LISTEN/NOTIFY,5,2.934
LISTEN/NOTIFY,5,2.802
LISTEN/NOTIFY,5,2.841
LISTEN/NOTIFY,5,2.815
LISTEN/NOTIFY,5,2.735
LISTEN/NOTIFY,5,2.757
LISTEN/NOTIFY,5,2.754
LISTEN/NOTIFY,5,2.64
LISTEN/NOTIFY,5,2.856
LISTEN/NOTIFY,5,2.86
LISTEN/NOTIFY,5,3.273
LISTEN/NOTIFY,5,2.715
LISTEN/NOTIFY,5,2.782
LISTEN/NOTIFY,5,2.905
LISTEN/NOTIFY,5,3.049
LISTEN/NOTIFY,5,2.692
LISTEN/NOTIFY,5,2.839
LISTEN/NOTIFY,5,2.831
LISTEN/NOTIFY,5,2.615
LISTEN/NOTIFY,5,2.715
LISTEN/NOTIFY,5,2.775
LISTEN/NOTIFY,5,2.678
LISTEN/NOTIFY,5,2.788
LISTEN/NOTIFY,5,2.777
LISTEN/NOTIFY,5,2.749
LISTEN/NOTIFY,5,21.664
LISTEN/NOTIFY,5,20.742
LISTEN/NOTIFY,5,15.695
LISTEN/NOTIFY,5,10.983
LISTEN/NOTIFY,5,6.066
LISTEN/NOTIFY,5,4.944
LISTEN/NOTIFY,5,3.982
LISTEN/NOTIFY,5,2.963
LISTEN/NOTIFY,5,2.797
LISTEN/NOTIFY,5,2.855
LISTEN/NOTIFY,5,2.623
LISTEN/NOTIFY,5,2.794
LISTEN/NOTIFY,5,2.843
LISTEN/NOTIFY,5,2.883
LISTEN/NOTIFY,5,2.759
LISTEN/NOTIFY,5,2.861
LISTEN/NOTIFY,5,2.588
LISTEN/NOTIFY,5,2.824
LISTEN/NOTIFY,5,2.837
LISTEN/NOTIFY,5,2.642
LISTEN/NOTIFY,5,2.844
LISTEN/NOTIFY,5,2.885
LISTEN/NOTIFY,5,2.848
LISTEN/NOTIFY,5,2.753
LISTEN/NOTIFY,5,2.729
LISTEN/NOTIFY,5,2.714
LISTEN/NOTIFY,5,2.704
LISTEN/NOTIFY,5,2.858
LISTEN/NOTIFY,5,2.804
LISTEN/NOTIFY,5,2.926
LISTEN/NOTIFY,5,3.148
LISTEN/NOTIFY,5,2.739
LISTEN/NOTIFY,5,2.914
LISTEN/NOTIFY,5,2.925
LISTEN/NOTIFY,5,2.631
LISTEN/NOTIFY,5,2.814
LISTEN/NOTIFY,5,2.713
LISTEN/NOTIFY,5,2.829
LISTEN/NOTIFY,5,2.553
LISTEN/NOTIFY,5,2.857
LISTEN/NOTIFY,5,2.816
LISTEN/NOTIFY,5,2.73
LISTEN/NOTIFY,5,2.641
LISTEN/NOTIFY,5,2.747
LISTEN/NOTIFY,5,2.828
LISTEN/NOTIFY,5,2.844
LISTEN/NOTIFY,5,2.805
LISTEN/NOTIFY,5,2.816
LISTEN/NOTIFY,5,2.905
LISTEN/NOTIFY,5,2.713
LISTEN/NOTIFY,5,2.774
LISTEN/NOTIFY,5,2.856
LISTEN/NOTIFY,5,2.656
LISTEN/NOTIFY,5,2.725
LISTEN/NOTIFY,5,2.774
LISTEN/NOTIFY,5,2.802
LISTEN/NOTIFY,5,2.845
LISTEN/NOTIFY,5,2.925
LISTEN/NOTIFY,5,2.728
LISTEN/NOTIFY,5,2.853
LISTEN/NOTIFY,5,21.597
LISTEN/NOTIFY,5,20.768
LISTEN/NOTIFY,5,16.025
LISTEN/NOTIFY,5,10.99
LISTEN/NOTIFY,5,4.225
LISTEN/NOTIFY,5,4.952
LISTEN/NOTIFY,5,4.152
LISTEN/NOTIFY,5,3.623
LISTEN/NOTIFY,5,2.794
LISTEN/NOTIFY,5,2.423
LISTEN/NOTIFY,5,3.027
LISTEN/NOTIFY,5,3.132
LISTEN/NOTIFY,5,3.439
LISTEN/NOTIFY,5,2.845
LISTEN/NOTIFY,5,2.703
LISTEN/NOTIFY,5,2.822
LISTEN/NOTIFY,5,2.941
LISTEN/NOTIFY,5,2.806
LISTEN/NOTIFY,5,2.636
LISTEN/NOTIFY,5,2.881
LISTEN/NOTIFY,5,2.887
LISTEN/NOTIFY,5,2.823
LISTEN/NOTIFY,5,2.603
LISTEN/NOTIFY,5,2.954
LISTEN/NOTIFY,5,2.798
LISTEN/NOTIFY,5,2.887
LISTEN/NOTIFY,5,2.746
LISTEN/NOTIFY,5,2.875
LISTEN/NOTIFY,5,2.635
LISTEN/NOTIFY,5,2.976
LISTEN/NOTIFY,5,2.493
LISTEN/NOTIFY,5,2.033
LISTEN/NOTIFY,5,2.246
LISTEN/NOTIFY,5,2.415
LISTEN/NOTIFY,5,2.232
LISTEN/NOTIFY,5,2.652
LISTEN/NOTIFY,5,2.748
LISTEN/NOTIFY,5,2.585
LISTEN/NOTIFY,5,2.78
LISTEN/NOTIFY,5,2.739
LISTEN/NOTIFY,5,2.833
LISTEN/NOTIFY,5,2.828
LISTEN/NOTIFY,5,2.835
LISTEN/NOTIFY,5,2.769
LISTEN/NOTIFY,5,2.906
LISTEN/NOTIFY,5,2.723
LISTEN/NOTIFY,5,2.484
LISTEN/NOTIFY,5,2.737
LISTEN/NOTIFY,5,2.821
LISTEN/NOTIFY,5,2.644
LISTEN/NOTIFY,5,2.845
LISTEN/NOTIFY,5,2.71
LISTEN/NOTIFY,5,2.81
LISTEN/NOTIFY,5,2.455
LISTEN/NOTIFY,5,2.84
LISTEN/NOTIFY,5,2.809
LISTEN/NOTIFY,5,2.817
LISTEN/NOTIFY,5,2.727
LISTEN/NOTIFY,5,2.855
LISTEN/NOTIFY,5,2.998
LISTEN/NOTIFY,5,21.636
LISTEN/NOTIFY,5,20.891
LISTEN/NOTIFY,5,15.886
LISTEN/NOTIFY,5,10.887
LISTEN/NOTIFY,5,5.261
LISTEN/NOTIFY,5,4.632
LISTEN/NOTIFY,5,3.891
LISTEN/NOTIFY,5,3.513
LISTEN/NOTIFY,5,2.853
LISTEN/NOTIFY,5,2.752
LISTEN/NOTIFY,5,2.747
LISTEN/NOTIFY,5,2.885
LISTEN/NOTIFY,5,2.847
LISTEN/NOTIFY,5,2.774
LISTEN/NOTIFY,5,2.845
LISTEN/NOTIFY,5,2.511
LISTEN/NOTIFY,5,2.697
LISTEN/NOTIFY,5,2.724
LISTEN/NOTIFY,5,2.671
LISTEN/NOTIFY,5,2.649
LISTEN/NOTIFY,5,2.811
LISTEN/NOTIFY,5,2.619
LISTEN/NOTIFY,5,2.848
LISTEN/NOTIFY,5,2.667
LISTEN/NOTIFY,5,2.789
LISTEN/NOTIFY,5,2.921
LISTEN/NOTIFY,5,2.716
LISTEN/NOTIFY,5,2.806
LISTEN/NOTIFY,5,2.719
LISTEN/NOTIFY,5,2.578
LISTEN/NOTIFY,5,2.611
LISTEN/NOTIFY,5,2.6
LISTEN/NOTIFY,5,2.642
LISTEN/NOTIFY,5,3.336
LISTEN/NOTIFY,5,3.01
LISTEN/NOTIFY,5,2.846
LISTEN/NOTIFY,5,2.666
LISTEN/NOTIFY,5,2.777
LISTEN/NOTIFY,5,3.19
LISTEN/NOTIFY,5,3.164
LISTEN/NOTIFY,5,3.103
LISTEN/NOTIFY,5,3.068
LISTEN/NOTIFY,5,2.982
LISTEN/NOTIFY,5,2.913
LISTEN/NOTIFY,5,2.832
LISTEN/NOTIFY,5,2.783
LISTEN/NOTIFY,5,2.761
LISTEN/NOTIFY,5,2.463
LISTEN/NOTIFY,5,2.871
LISTEN/NOTIFY,5,2.945
LISTEN/NOTIFY,5,2.921
LISTEN/NOTIFY,5,2.835
LISTEN/NOTIFY,5,2.508
LISTEN/NOTIFY,5,3.095
LISTEN/NOTIFY,5,2.963
LISTEN/NOTIFY,5,2.956
LISTEN/NOTIFY,5,2.936
LISTEN/NOTIFY,5,2.905
LISTEN/NOTIFY,5,2.837
LISTEN/NOTIFY,5,22.018
LISTEN/NOTIFY,5,21.769
LISTEN/NOTIFY,5,16.847
LISTEN/NOTIFY,5,11.751
LISTEN/NOTIFY,5,6.18
LISTEN/NOTIFY,5,6.734
LISTEN/NOTIFY,5,5.996
LISTEN/NOTIFY,5,5.039
LISTEN/NOTIFY,5,4.631
LISTEN/NOTIFY,5,3.787
LISTEN/NOTIFY,5,3.298
LISTEN/NOTIFY,5,2.824
LISTEN/NOTIFY,5,2.784
LISTEN/NOTIFY,5,2.892
LISTEN/NOTIFY,5,2.497
LISTEN/NOTIFY,5,2.926
LISTEN/NOTIFY,5,3.026
LISTEN/NOTIFY,5,2.89
LISTEN/NOTIFY,5,2.963
LISTEN/NOTIFY,5,2.875
LISTEN/NOTIFY,5,3.027
LISTEN/NOTIFY,5,3.099
LISTEN/NOTIFY,5,2.995
LISTEN/NOTIFY,5,2.827
LISTEN/NOTIFY,5,2.661
LISTEN/NOTIFY,5,2.579
LISTEN/NOTIFY,5,2.678
LISTEN/NOTIFY,5,2.855
LISTEN/NOTIFY,5,2.766
LISTEN/NOTIFY,5,2.999
LISTEN/NOTIFY,5,2.798
LISTEN/NOTIFY,5,2.586
LISTEN/NOTIFY,5,2.796
LISTEN/NOTIFY,5,2.805
LISTEN/NOTIFY,5,2.875
LISTEN/NOTIFY,5,2.833
LISTEN/NOTIFY,5,2.894
LISTEN/NOTIFY,5,2.551
LISTEN/NOTIFY,5,2.791
LISTEN/NOTIFY,5,2.687
LISTEN/NOTIFY,5,2.715
LISTEN/NOTIFY,5,2.695
LISTEN/NOTIFY,5,2.597
LISTEN/NOTIFY,5,2.724
LISTEN/NOTIFY,5,2.897
LISTEN/NOTIFY,5,2.813
LISTEN/NOTIFY,5,2.865
LISTEN/NOTIFY,5,2.74
LISTEN/NOTIFY,5,2.866
LISTEN/NOTIFY,5,3.061
LISTEN/NOTIFY,5,2.789
LISTEN/NOTIFY,5,2.756
LISTEN/NOTIFY,5,2.764
LISTEN/NOTIFY,5,2.621
LISTEN/NOTIFY,5,2.87
LISTEN/NOTIFY,5,2.861
LISTEN/NOTIFY,5,2.843
LISTEN/NOTIFY,5,2.884
LISTEN/NOTIFY,5,2.774
LISTEN/NOTIFY,5,2.772
LISTEN/NOTIFY,5,20.846
LISTEN/NOTIFY,5,15.751
LISTEN/NOTIFY,5,16.24
LISTEN/NOTIFY,5,11.125
LISTEN/NOTIFY,5,4.915
LISTEN/NOTIFY,5,6.08
LISTEN/NOTIFY,5,4.97
LISTEN/NOTIFY,5,4.59
LISTEN/NOTIFY,5,3.171
LISTEN/NOTIFY,5,2.887
LISTEN/NOTIFY,5,2.797
LISTEN/NOTIFY,5,2.878
LISTEN/NOTIFY,5,2.839
LISTEN/NOTIFY,5,2.794
LISTEN/NOTIFY,5,2.864
LISTEN/NOTIFY,5,2.861
LISTEN/NOTIFY,5,2.775
LISTEN/NOTIFY,5,2.796
LISTEN/NOTIFY,5,2.316
LISTEN/NOTIFY,5,2.376
LISTEN/NOTIFY,5,2.684
LISTEN/NOTIFY,5,2.865
LISTEN/NOTIFY,5,2.848
LISTEN/NOTIFY,5,2.725
LISTEN/NOTIFY,5,2.874
LISTEN/NOTIFY,5,2.839
LISTEN/NOTIFY,5,2.755
LISTEN/NOTIFY,5,2.803
LISTEN/NOTIFY,5,2.817
LISTEN/NOTIFY,5,2.897
LISTEN/NOTIFY,5,2.828
LISTEN/NOTIFY,5,2.632
LISTEN/NOTIFY,5,2.798
LISTEN/NOTIFY,5,2.745
LISTEN/NOTIFY,5,2.842
LISTEN/NOTIFY,5,2.796
LISTEN/NOTIFY,5,2.816
LISTEN/NOTIFY,5,2.518
LISTEN/NOTIFY,5,2.929
LISTEN/NOTIFY,5,2.844
LISTEN/NOTIFY,5,2.968
LISTEN/NOTIFY,5,2.852
LISTEN/NOTIFY,5,2.839
LISTEN/NOTIFY,5,2.725
LISTEN/NOTIFY,5,2.757
LISTEN/NOTIFY,5,2.96
LISTEN/NOTIFY,5,2.905
LISTEN/NOTIFY,5,2.728
LISTEN/NOTIFY,5,2.541
LISTEN/NOTIFY,5,2.773
LISTEN/NOTIFY,5,2.832
LISTEN/NOTIFY,5,2.855
LISTEN/NOTIFY,5,2.882
LISTEN/NOTIFY,5,2.773
LISTEN/NOTIFY,5,3.088
LISTEN/NOTIFY,5,2.812
LISTEN/NOTIFY,5,2.821
LISTEN/NOTIFY,5,2.755
LISTEN/NOTIFY,5,2.726
LISTEN/NOTIFY,5,2.724
LISTEN/NOTIFY,5,21.681
LISTEN/NOTIFY,5,20.797
LISTEN/NOTIFY,5,16.198
LISTEN/NOTIFY,5,10.965
LISTEN/NOTIFY,5,4.23
LISTEN/NOTIFY,5,5.658
LISTEN/NOTIFY,5,4.605
LISTEN/NOTIFY,5,4.331
LISTEN/NOTIFY,5,3.565
LISTEN/NOTIFY,5,2.84
LISTEN/NOTIFY,5,2.795
LISTEN/NOTIFY,5,2.838
LISTEN/NOTIFY,5,2.901
LISTEN/NOTIFY,5,2.746
LISTEN/NOTIFY,5,2.777
LISTEN/NOTIFY,5,2.818
LISTEN/NOTIFY,5,2.676
LISTEN/NOTIFY,5,2.648
LISTEN/NOTIFY,5,2.868
LISTEN/NOTIFY,5,2.601
LISTEN/NOTIFY,5,2.978
LISTEN/NOTIFY,5,2.918
LISTEN/NOTIFY,5,2.818
LISTEN/NOTIFY,5,2.063
LISTEN/NOTIFY,5,2.761
LISTEN/NOTIFY,5,3.029
LISTEN/NOTIFY,5,2.889
LISTEN/NOTIFY,5,2.789
LISTEN/NOTIFY,5,2.522
LISTEN/NOTIFY,5,2.658
LISTEN/NOTIFY,5,2.801
LISTEN/NOTIFY,5,2.914
LISTEN/NOTIFY,5,2.779
LISTEN/NOTIFY,5,2.731
LISTEN/NOTIFY,5,2.96
LISTEN/NOTIFY,5,2.889
LISTEN/NOTIFY,5,2.761
LISTEN/NOTIFY,5,2.86
LISTEN/NOTIFY,5,2.884
LISTEN/NOTIFY,5,2.811
LISTEN/NOTIFY,5,2.873
LISTEN/NOTIFY,5,2.754
LISTEN/NOTIFY,5,2.868
LISTEN/NOTIFY,5,2.811
LISTEN/NOTIFY,5,2.881
LISTEN/NOTIFY,5,2.688
LISTEN/NOTIFY,5,2.82
LISTEN/NOTIFY,5,2.812
LISTEN/NOTIFY,5,2.646
LISTEN/NOTIFY,5,2.834
LISTEN/NOTIFY,5,2.94
LISTEN/NOTIFY,5,2.926
LISTEN/NOTIFY,5,2.83
LISTEN/NOTIFY,5,2.783
LISTEN/NOTIFY,5,2.835
LISTEN/NOTIFY,5,2.81
LISTEN/NOTIFY,5,2.892
LISTEN/NOTIFY,5,2.827
LISTEN/NOTIFY,5,2.729
LISTEN/NOTIFY,5,21.587
LISTEN/NOTIFY,5,21.025
LISTEN/NOTIFY,5,15.783
LISTEN/NOTIFY,5,10.652
LISTEN/NOTIFY,5,5.382
LISTEN/NOTIFY,5,5.355
LISTEN/NOTIFY,5,4.788
LISTEN/NOTIFY,5,4.305
LISTEN/NOTIFY,5,3.491
LISTEN/NOTIFY,5,2.819
LISTEN/NOTIFY,5,2.611
LISTEN/NOTIFY,5,2.399
LISTEN/NOTIFY,5,2.585
LISTEN/NOTIFY,5,2.996
LISTEN/NOTIFY,5,3.113
LISTEN/NOTIFY,5,3.079
LISTEN/NOTIFY,5,2.967
LISTEN/NOTIFY,5,2.887
LISTEN/NOTIFY,5,2.8
LISTEN/NOTIFY,5,2.763
LISTEN/NOTIFY,5,2.891
LISTEN/NOTIFY,5,2.868
LISTEN/NOTIFY,5,2.825
LISTEN/NOTIFY,5,2.862
LISTEN/NOTIFY,5,2.935
LISTEN/NOTIFY,5,2.924
LISTEN/NOTIFY,5,2.782
LISTEN/NOTIFY,5,2.641
LISTEN/NOTIFY,5,2.909
LISTEN/NOTIFY,5,2.803
LISTEN/NOTIFY,5,2.849
LISTEN/NOTIFY,5,2.573
LISTEN/NOTIFY,5,3.044
LISTEN/NOTIFY,5,2.947
LISTEN/NOTIFY,5,2.795
LISTEN/NOTIFY,5,2.96
LISTEN/NOTIFY,5,2.808
LISTEN/NOTIFY,5,2.768
LISTEN/NOTIFY,5,3.046
LISTEN/NOTIFY,5,2.826
LISTEN/NOTIFY,5,2.727
LISTEN/NOTIFY,5,2.862
LISTEN/NOTIFY,5,2.787
LISTEN/NOTIFY,5,2.78
LISTEN/NOTIFY,5,2.562
LISTEN/NOTIFY,5,2.861
LISTEN/NOTIFY,5,2.81
LISTEN/NOTIFY,5,2.888
LISTEN/NOTIFY,5,2.789
LISTEN/NOTIFY,5,2.69
LISTEN/NOTIFY,5,2.94
LISTEN/NOTIFY,5,3.048
LISTEN/NOTIFY,5,2.931
LISTEN/NOTIFY,5,2.898
LISTEN/NOTIFY,5,2.818
LISTEN/NOTIFY,5,2.603
LISTEN/NOTIFY,5,2.899
LISTEN/NOTIFY,5,2.847
LISTEN/NOTIFY,5,2.883
LISTEN/NOTIFY,5,2.959
LISTEN/NOTIFY,5,3.016
LISTEN/NOTIFY,5,21.775
LISTEN/NOTIFY,5,16.759
LISTEN/NOTIFY,5,16.88
LISTEN/NOTIFY,5,11.98
LISTEN/NOTIFY,5,5.796
LISTEN/NOTIFY,5,6.088
LISTEN/NOTIFY,5,4.997
LISTEN/NOTIFY,5,4.501
LISTEN/NOTIFY,5,3.34
LISTEN/NOTIFY,5,2.899
LISTEN/NOTIFY,5,3.048
LISTEN/NOTIFY,5,2.5
LISTEN/NOTIFY,5,3.148
LISTEN/NOTIFY,5,2.895
LISTEN/NOTIFY,5,2.923
LISTEN/NOTIFY,5,2.771
LISTEN/NOTIFY,5,2.868
LISTEN/NOTIFY,5,2.835
LISTEN/NOTIFY,5,2.921
LISTEN/NOTIFY,5,2.602
LISTEN/NOTIFY,5,2.819
LISTEN/NOTIFY,5,3.91
LISTEN/NOTIFY,5,2.864
LISTEN/NOTIFY,5,3.106
LISTEN/NOTIFY,5,3.022
LISTEN/NOTIFY,5,3.136
LISTEN/NOTIFY,5,2.917
LISTEN/NOTIFY,5,2.952
LISTEN/NOTIFY,5,2.567
LISTEN/NOTIFY,5,2.914
LISTEN/NOTIFY,5,2.683
LISTEN/NOTIFY,5,2.781
LISTEN/NOTIFY,5,2.86
LISTEN/NOTIFY,5,2.715
LISTEN/NOTIFY,5,3.591
LISTEN/NOTIFY,5,2.955
LISTEN/NOTIFY,5,2.951
LISTEN/NOTIFY,5,2.918
LISTEN/NOTIFY,5,2.981
LISTEN/NOTIFY,5,2.979
LISTEN/NOTIFY,5,2.969
LISTEN/NOTIFY,5,2.867
LISTEN/NOTIFY,5,2.8
LISTEN/NOTIFY,5,2.718
LISTEN/NOTIFY,5,2.811
LISTEN/NOTIFY,5,2.842
LISTEN/NOTIFY,5,2.877
LISTEN/NOTIFY,5,2.828
LISTEN/NOTIFY,5,2.789
LISTEN/NOTIFY,5,2.903
LISTEN/NOTIFY,5,2.808
LISTEN/NOTIFY,5,2.926
LISTEN/NOTIFY,5,2.658
LISTEN/NOTIFY,5,2.853
LISTEN/NOTIFY,5,2.882
LISTEN/NOTIFY,5,2.871
LISTEN/NOTIFY,5,2.861
LISTEN/NOTIFY,5,2.927
LISTEN/NOTIFY,5,21.625
LISTEN/NOTIFY,5,16.727
LISTEN/NOTIFY,5,16.131
LISTEN/NOTIFY,5,11.503
LISTEN/NOTIFY,5,4.363
LISTEN/NOTIFY,5,5.626
LISTEN/NOTIFY,5,4.905
LISTEN/NOTIFY,5,3.941
LISTEN/NOTIFY,5,2.968
LISTEN/NOTIFY,5,3.176
LISTEN/NOTIFY,5,2.869
LISTEN/NOTIFY,5,2.913
LISTEN/NOTIFY,5,2.755
LISTEN/NOTIFY,5,2.699
LISTEN/NOTIFY,5,2.64
LISTEN/NOTIFY,5,2.714
LISTEN/NOTIFY,5,2.948
LISTEN/NOTIFY,5,2.858
LISTEN/NOTIFY,5,2.695
LISTEN/NOTIFY,5,2.997
LISTEN/NOTIFY,5,2.707
LISTEN/NOTIFY,5,2.982
LISTEN/NOTIFY,5,2.861
LISTEN/NOTIFY,5,2.702
LISTEN/NOTIFY,5,2.904
LISTEN/NOTIFY,5,2.664
LISTEN/NOTIFY,5,2.808
LISTEN/NOTIFY,5,2.811
LISTEN/NOTIFY,5,3.041
LISTEN/NOTIFY,5,2.837
LISTEN/NOTIFY,5,2.851
LISTEN/NOTIFY,5,2.82
LISTEN/NOTIFY,5,2.785
LISTEN/NOTIFY,5,2.748
LISTEN/NOTIFY,5,2.853
LISTEN/NOTIFY,5,2.783
LISTEN/NOTIFY,5,3.026
LISTEN/NOTIFY,5,2.867
LISTEN/NOTIFY,5,2.826
LISTEN/NOTIFY,5,2.881
LISTEN/NOTIFY,5,2.876
LISTEN/NOTIFY,5,2.86
LISTEN/NOTIFY,5,2.759
LISTEN/NOTIFY,5,2.969
LISTEN/NOTIFY,5,2.917
LISTEN/NOTIFY,5,2.679
LISTEN/NOTIFY,5,4.172
LISTEN/NOTIFY,5,2.924
LISTEN/NOTIFY,5,2.861
LISTEN/NOTIFY,5,2.757
LISTEN/NOTIFY,5,2.527
LISTEN/NOTIFY,5,2.269
LISTEN/NOTIFY,5,2.661
LISTEN/NOTIFY,5,2.743
LISTEN/NOTIFY,5,2.541
LISTEN/NOTIFY,5,2.67
LISTEN/NOTIFY,5,2.819
LISTEN/NOTIFY,5,2.653
LISTEN/NOTIFY,5,2.993
LISTEN/NOTIFY,5,21.486
LISTEN/NOTIFY,5,20.972
LISTEN/NOTIFY,5,16.046
LISTEN/NOTIFY,5,11.462
LISTEN/NOTIFY,5,6.231
LISTEN/NOTIFY,5,5.993
LISTEN/NOTIFY,5,5.458
LISTEN/NOTIFY,5,4.568
LISTEN/NOTIFY,5,3.92
LISTEN/NOTIFY,5,3.314
LISTEN/NOTIFY,5,2.952
LISTEN/NOTIFY,5,2.893
LISTEN/NOTIFY,5,3.098
LISTEN/NOTIFY,5,2.983
LISTEN/NOTIFY,5,2.97
LISTEN/NOTIFY,5,3.008
LISTEN/NOTIFY,5,2.777
LISTEN/NOTIFY,5,3.473
LISTEN/NOTIFY,5,2.999
LISTEN/NOTIFY,5,2.746
LISTEN/NOTIFY,5,2.693
LISTEN/NOTIFY,5,2.837
LISTEN/NOTIFY,5,2.971
LISTEN/NOTIFY,5,2.833
LISTEN/NOTIFY,5,2.849
LISTEN/NOTIFY,5,2.832
LISTEN/NOTIFY,5,2.762
LISTEN/NOTIFY,5,2.696
LISTEN/NOTIFY,5,2.855
LISTEN/NOTIFY,5,2.905
LISTEN/NOTIFY,5,2.744
LISTEN/NOTIFY,5,2.786
LISTEN/NOTIFY,5,2.824
LISTEN/NOTIFY,5,2.802
LISTEN/NOTIFY,5,2.75
LISTEN/NOTIFY,5,2.657
LISTEN/NOTIFY,5,2.878
LISTEN/NOTIFY,5,2.94
LISTEN/NOTIFY,5,2.932
LISTEN/NOTIFY,5,2.785
LISTEN/NOTIFY,5,2.838
LISTEN/NOTIFY,5,2.915
LISTEN/NOTIFY,5,2.928
LISTEN/NOTIFY,5,2.726
LISTEN/NOTIFY,5,2.726
LISTEN/NOTIFY,5,2.805
LISTEN/NOTIFY,5,2.74
LISTEN/NOTIFY,5,2.863
LISTEN/NOTIFY,5,2.099
LISTEN/NOTIFY,5,2.898
LISTEN/NOTIFY,5,2.755
LISTEN/NOTIFY,5,2.726
LISTEN/NOTIFY,5,2.905
LISTEN/NOTIFY,5,2.843
LISTEN/NOTIFY,5,2.753
LISTEN/NOTIFY,5,2.847
LISTEN/NOTIFY,5,2.865
LISTEN/NOTIFY,5,2.941
LISTEN/NOTIFY,5,2.878
LISTEN/NOTIFY,5,21.357
LISTEN/NOTIFY,5,21.025
LISTEN/NOTIFY,5,15.847
LISTEN/NOTIFY,5,10.697
LISTEN/NOTIFY,5,8.774
LISTEN/NOTIFY,5,5.132
LISTEN/NOTIFY,5,4.883
LISTEN/NOTIFY,5,3.943
LISTEN/NOTIFY,5,3.348
LISTEN/NOTIFY,5,2.968
LISTEN/NOTIFY,5,2.726
LISTEN/NOTIFY,5,2.7
LISTEN/NOTIFY,5,2.676
LISTEN/NOTIFY,5,2.764
LISTEN/NOTIFY,5,2.684
LISTEN/NOTIFY,5,2.754
LISTEN/NOTIFY,5,2.543
LISTEN/NOTIFY,5,2.346
LISTEN/NOTIFY,5,2.294
LISTEN/NOTIFY,5,2.801
LISTEN/NOTIFY,5,2.994
LISTEN/NOTIFY,5,2.802
LISTEN/NOTIFY,5,2.965
LISTEN/NOTIFY,5,2.829
LISTEN/NOTIFY,5,2.814
LISTEN/NOTIFY,5,2.477
LISTEN/NOTIFY,5,2.572
LISTEN/NOTIFY,5,2.747
LISTEN/NOTIFY,5,2.624
LISTEN/NOTIFY,5,3.049
LISTEN/NOTIFY,5,2.96
LISTEN/NOTIFY,5,2.782
LISTEN/NOTIFY,5,2.791
LISTEN/NOTIFY,5,2.941
LISTEN/NOTIFY,5,3.337
