round,step,microseconds
1,route,1316.0
1,retrieve,716.1
1,tier1_check,116.3
1,judge,144.7
1,route,42.3
1,retrieve,902.4
1,tier1_check,174.0
1,judge,78.9
1,route,27.3
1,retrieve,1350.4
1,tier1_check,91.7
1,judge,2.8
1,route,35.1
1,retrieve,1680.2
1,tier1_check,186.9
1,judge,3.1
1,route,21.2
1,retrieve,783.3
1,tier1_check,137.3
1,judge,149.8
1,route,31.1
1,retrieve,1008.0
1,tier1_check,135.0
1,judge,114.9
1,route,31.5
1,retrieve,1580.6
1,tier1_check,132.0
1,judge,84.7
1,route,38.6
1,retrieve,2174.2
1,tier1_check,155.3
1,judge,103.1
1,route,27.9
1,retrieve,951.4
1,tier1_check,167.2
1,judge,76.6
1,route,27.3
1,retrieve,982.2
1,tier1_check,99.8
1,judge,65.0
1,route,28.7
1,retrieve,1155.5
1,tier1_check,90.7
1,judge,74.2
1,route,39.3
1,retrieve,1178.5
1,tier1_check,137.3
1,judge,81.9
1,route,25.3
1,retrieve,898.3
1,tier1_check,193.0
1,judge,89.2
1,route,26.6
1,retrieve,1101.2
1,tier1_check,112.1
1,judge,51.6
1,route,30.9
1,retrieve,1336.8
1,tier1_check,103.8
1,judge,83.8
1,route,23.9
1,retrieve,941.2
1,tier1_check,146.9
1,judge,124.5
1,route,40.3
1,retrieve,1307.0
1,tier1_check,101.3
1,judge,72.4
1,route,23.5
1,retrieve,1063.8
1,tier1_check,97.6
1,judge,45.6
1,route,27.9
1,retrieve,1274.3
1,tier1_check,88.1
1,judge,74.5
1,route,19.9
1,retrieve,745.0
1,tier1_check,103.2
1,judge,2.7
1,route,28.5
1,retrieve,1349.0
1,tier1_check,187.8
1,judge,2.8
1,route,21.1
1,retrieve,873.2
1,tier1_check,127.6
1,judge,106.2
1,route,36.5
1,retrieve,1602.9
1,tier1_check,190.3
1,judge,111.9
1,route,21.1
1,retrieve,939.7
1,tier1_check,172.1
1,judge,89.6
1,route,22.3
1,retrieve,952.4
1,tier1_check,156.9
1,judge,2.9
1,route,19.0
1,retrieve,742.0
1,tier1_check,158.6
1,judge,34.6
1,route,40.9
1,retrieve,1531.3
1,tier1_check,112.9
1,judge,31.2
1,route,25.1
1,retrieve,991.8
1,tier1_check,167.3
1,judge,74.2
1,route,22.3
1,retrieve,734.6
1,tier1_check,123.0
1,judge,105.0
1,route,74.8
1,retrieve,1089.6
1,tier1_check,170.8
1,judge,4.3
1,route,49.5
1,retrieve,1789.0
1,tier1_check,169.5
1,judge,76.4
1,route,26.4
1,retrieve,1268.4
1,tier1_check,101.6
1,judge,2.7
1,route,20.9
1,retrieve,754.0
1,tier1_check,187.4
1,judge,2.6
1,route,25.9
1,retrieve,1108.2
1,tier1_check,171.0
1,judge,148.3
1,route,54.3
1,retrieve,1861.3
1,tier1_check,113.9
1,judge,2.8
1,route,23.1
1,retrieve,738.7
1,tier1_check,195.3
1,judge,104.8
1,route,23.6
1,retrieve,995.0
1,tier1_check,126.5
1,judge,103.3
1,route,25.7
1,retrieve,827.1
1,tier1_check,122.6
1,judge,113.6
1,route,38.5
1,retrieve,1175.5
1,tier1_check,242.1
1,judge,134.2
1,route,24.3
1,retrieve,712.4
1,tier1_check,158.0
1,judge,137.8
1,route,34.6
1,retrieve,1030.0
1,tier1_check,101.4
1,judge,67.4
1,route,37.0
1,retrieve,743.5
1,tier1_check,72.7
1,judge,56.9
1,route,22.3
1,retrieve,745.3
1,tier1_check,128.0
1,judge,115.5
1,route,22.8
1,retrieve,694.6
1,tier1_check,317.7
1,judge,185.6
1,route,33.2
1,retrieve,726.3
1,tier1_check,150.4
1,judge,113.6
1,route,33.6
1,retrieve,1571.0
1,tier1_check,72.8
1,judge,58.1
1,route,24.1
1,retrieve,754.8
1,tier1_check,132.0
1,judge,109.0
1,route,21.7
1,retrieve,666.1
1,tier1_check,207.5
1,judge,111.3
1,route,19.6
1,retrieve,732.9
1,tier1_check,153.3
1,judge,113.8
1,route,31.8
1,retrieve,1203.9
1,tier1_check,206.7
1,judge,109.6
1,route,22.1
1,retrieve,696.5
1,tier1_check,203.5
1,judge,109.6
1,route,22.8
1,retrieve,633.3
1,tier1_check,126.8
1,judge,99.3
1,route,23.4
1,retrieve,684.0
1,tier1_check,109.0
1,judge,2.7
1,route,32.6
1,retrieve,1253.8
1,tier1_check,202.2
1,judge,166.9
1,route,25.8
1,retrieve,913.1
1,tier1_check,210.1
1,judge,110.8
1,route,23.4
1,retrieve,594.3
1,tier1_check,106.4
1,judge,82.5
1,route,22.1
1,retrieve,638.9
1,tier1_check,180.6
1,judge,97.9
1,route,28.5
1,retrieve,835.1
1,tier1_check,176.8
1,judge,95.6
1,route,23.8
1,retrieve,913.9
1,tier1_check,75.8
1,judge,65.1
1,route,24.9
1,retrieve,1094.1
1,tier1_check,111.8
1,judge,67.8
1,route,39.6
1,retrieve,1648.1
1,tier1_check,84.4
1,judge,2.6
1,route,36.4
1,retrieve,2052.6
1,tier1_check,141.6
1,judge,2.6
1,route,22.2
1,retrieve,869.7
1,tier1_check,63.2
1,judge,47.2
1,route,25.0
1,retrieve,1219.4
1,tier1_check,106.0
1,judge,3.2
1,route,27.6
1,retrieve,1151.7
1,tier1_check,63.4
1,judge,46.8
1,route,31.8
1,retrieve,1624.9
1,tier1_check,88.5
1,judge,76.7
1,route,33.1
1,retrieve,1266.1
1,tier1_check,179.9
1,judge,108.1
1,route,23.6
1,retrieve,985.2
1,tier1_check,130.8
1,judge,82.1
1,route,24.2
1,retrieve,946.8
1,tier1_check,63.5
1,judge,50.7
1,route,26.0
1,retrieve,868.5
1,tier1_check,180.2
1,judge,153.6
1,route,32.9
1,retrieve,756.4
1,tier1_check,278.7
1,judge,4.6
1,route,33.7
1,retrieve,1104.2
1,tier1_check,74.9
1,judge,2.7
1,route,36.3
1,retrieve,1459.6
1,tier1_check,146.2
1,judge,4.2
1,route,30.1
1,retrieve,918.9
1,tier1_check,188.6
1,judge,3.9
1,route,27.1
1,retrieve,812.9
1,tier1_check,285.9
1,judge,123.3
1,route,26.0
1,retrieve,895.8
1,tier1_check,259.8
1,judge,111.7
1,route,29.3
1,retrieve,1514.0
1,tier1_check,171.1
1,judge,5.2
1,route,39.0
1,retrieve,860.9
1,tier1_check,175.4
1,judge,81.3
1,route,25.8
1,retrieve,1131.9
1,tier1_check,129.0
1,judge,3.3
1,route,25.8
1,retrieve,779.6
1,tier1_check,176.5
1,judge,81.2
1,route,35.7
1,retrieve,1821.4
1,tier1_check,253.9
1,judge,6.4
1,route,38.4
1,retrieve,1457.6
1,tier1_check,105.3
1,judge,2.5
1,route,23.6
1,retrieve,718.5
1,tier1_check,83.2
1,judge,65.7
1,route,21.5
1,retrieve,732.4
1,tier1_check,99.3
1,judge,2.4
1,route,33.8
1,retrieve,1239.0
1,tier1_check,84.9
1,judge,2.9
1,route,26.7
1,retrieve,1044.9
1,tier1_check,248.8
1,judge,145.6
1,route,46.6
1,retrieve,807.2
1,tier1_check,189.4
1,judge,82.1
1,route,24.6
1,retrieve,828.9
1,tier1_check,134.5
1,judge,115.9
1,route,50.1
1,retrieve,1861.0
1,tier1_check,196.7
1,judge,4.1
1,route,38.2
1,retrieve,1032.1
1,tier1_check,139.7
1,judge,119.8
1,route,35.1
1,retrieve,848.9
1,tier1_check,270.2
1,judge,123.8
1,route,34.2
1,retrieve,767.5
1,tier1_check,243.1
1,judge,81.3
1,route,24.7
1,retrieve,863.3
1,tier1_check,223.7
1,judge,106.6
1,route,25.5
1,retrieve,726.2
1,tier1_check,116.0
1,judge,76.7
1,route,27.7
1,retrieve,1001.9
1,tier1_check,90.0
1,judge,73.0
1,route,36.6
1,retrieve,1704.8
1,tier1_check,91.6
1,judge,2.8
1,route,21.2
1,retrieve,702.7
1,tier1_check,68.2
1,judge,87.7
1,route,20.3
1,retrieve,647.6
1,tier1_check,131.7
1,judge,55.6
1,route,22.2
1,retrieve,894.9
1,tier1_check,130.8
1,judge,2.7
1,route,24.2
1,retrieve,998.4
1,tier1_check,196.1
1,judge,160.0
1,route,27.2
1,retrieve,1123.1
1,tier1_check,200.3
1,judge,2.8
1,route,23.8
1,retrieve,807.9
1,tier1_check,70.5
1,judge,2.8
1,route,30.7
1,retrieve,1077.8
1,tier1_check,220.6
1,judge,4.5
1,route,19.7
1,retrieve,534.0
1,tier1_check,192.7
1,judge,107.4
1,route,27.3
1,retrieve,1012.5
1,tier1_check,191.4
1,judge,115.0
1,route,22.9
1,retrieve,817.0
1,tier1_check,271.5
1,judge,160.5
1,route,49.2
1,retrieve,1227.5
1,tier1_check,275.5
1,judge,166.9
1,route,35.5
1,retrieve,1029.1
1,tier1_check,224.7
1,judge,124.2
1,route,24.3
1,retrieve,801.6
1,tier1_check,157.4
1,judge,136.1
1,route,25.1
1,retrieve,804.8
1,tier1_check,223.8
1,judge,124.5
1,route,48.0
1,retrieve,1313.5
1,tier1_check,142.8
1,judge,110.7
1,route,21.8
1,retrieve,713.6
1,tier1_check,195.4
1,judge,115.4
1,route,18.7
1,retrieve,608.9
1,tier1_check,139.5
1,judge,98.7
1,route,22.8
1,retrieve,894.8
1,tier1_check,132.4
1,judge,113.0
1,route,21.8
1,retrieve,612.8
1,tier1_check,138.9
1,judge,115.0
1,route,18.1
1,retrieve,582.3
1,tier1_check,146.7
1,judge,210.7
1,route,37.0
1,retrieve,690.4
1,tier1_check,138.9
1,judge,116.3
1,route,28.3
1,retrieve,1051.9
1,tier1_check,224.8
1,judge,2.5
1,route,18.1
1,retrieve,678.0
1,tier1_check,139.0
1,judge,2.7
1,route,23.5
1,retrieve,655.9
1,tier1_check,216.7
1,judge,123.2
1,route,20.6
1,retrieve,1013.1
1,tier1_check,136.9
1,judge,2.6
1,route,31.7
1,retrieve,1048.9
1,tier1_check,88.8
1,judge,2.6
1,route,21.2
1,retrieve,622.6
1,tier1_check,111.9
1,judge,93.0
1,route,22.7
1,retrieve,651.9
1,tier1_check,172.3
1,judge,97.8
1,route,22.6
1,retrieve,679.1
1,tier1_check,174.3
1,judge,113.1
1,route,31.4
1,retrieve,1083.6
1,tier1_check,183.5
1,judge,97.3
1,route,20.8
1,retrieve,673.5
1,tier1_check,131.8
1,judge,114.6
1,route,35.5
1,retrieve,668.2
1,tier1_check,179.8
1,judge,3.8
1,route,21.5
1,retrieve,707.2
1,tier1_check,220.7
1,judge,120.1
1,route,30.3
1,retrieve,1022.6
1,tier1_check,139.8
1,judge,105.0
1,route,22.6
1,retrieve,609.2
1,tier1_check,84.9
1,judge,68.3
1,route,28.4
1,retrieve,671.0
1,tier1_check,82.6
1,judge,66.6
1,route,22.5
1,retrieve,863.4
1,tier1_check,86.8
1,judge,2.5
1,route,18.0
1,retrieve,675.8
1,tier1_check,63.5
1,judge,48.5
1,route,22.4
1,retrieve,726.4
1,tier1_check,118.0
1,judge,51.4
1,route,18.9
1,retrieve,578.2
1,tier1_check,71.2
1,judge,32.3
1,route,28.3
1,retrieve,1347.9
1,tier1_check,105.1
1,judge,2.7
1,route,24.6
1,retrieve,985.0
1,tier1_check,95.3
1,judge,2.6
1,route,24.3
1,retrieve,1049.9
1,tier1_check,204.4
1,judge,144.5
1,route,48.0
1,retrieve,1306.3
1,tier1_check,112.0
1,judge,101.5
1,route,21.0
1,retrieve,575.1
1,tier1_check,141.4
1,judge,62.7
1,route,19.9
1,retrieve,581.4
1,tier1_check,140.8
1,judge,62.8
1,route,22.8
1,retrieve,768.0
1,tier1_check,110.1
1,judge,100.3
1,route,21.0
1,retrieve,654.2
1,tier1_check,112.6
1,judge,2.7
1,route,22.4
1,retrieve,726.2
1,tier1_check,108.0
1,judge,2.4
1,route,21.3
1,retrieve,728.7
1,tier1_check,177.3
1,judge,2.8
1,route,23.4
1,retrieve,691.8
1,tier1_check,143.5
1,judge,109.5
1,route,27.2
1,retrieve,1278.1
1,tier1_check,130.3
1,judge,102.6
1,route,28.4
1,retrieve,1278.4
1,tier1_check,110.0
1,judge,2.8
1,route,29.4
1,retrieve,1381.7
1,tier1_check,201.1
1,judge,252.4
1,route,43.8
1,retrieve,701.2
1,tier1_check,2.0
1,judge,2.3
1,route,29.0
1,retrieve,983.2
1,tier1_check,76.7
1,judge,2.9
1,route,22.3
1,retrieve,759.6
1,tier1_check,1.8
1,judge,1.8
1,route,20.0
1,retrieve,649.8
1,tier1_check,71.0
1,judge,2.6
1,route,25.0
1,retrieve,588.0
1,tier1_check,79.8
1,judge,2.5
1,route,20.7
1,retrieve,792.8
1,tier1_check,1.8
1,judge,1.4
1,route,21.1
1,retrieve,601.7
1,tier1_check,2.0
1,judge,1.7
1,route,20.2
1,retrieve,756.2
1,tier1_check,93.4
1,judge,3.1
1,route,21.8
1,retrieve,733.8
1,tier1_check,70.7
1,judge,2.8
1,route,18.3
1,retrieve,531.6
1,route,30.4
1,retrieve,525.4
1,route,23.0
1,retrieve,515.8
1,route,21.4
1,retrieve,756.2
1,tier1_check,1.9
1,judge,1.5
1,route,25.0
1,retrieve,888.3
1,tier1_check,1.8
1,judge,1.5
1,route,24.8
1,retrieve,613.4
1,route,21.7
1,retrieve,618.4
1,tier1_check,98.5
1,judge,2.5
1,route,21.3
1,retrieve,661.0
1,tier1_check,91.5
1,judge,2.7
1,route,20.4
1,retrieve,645.1
1,tier1_check,111.0
1,judge,2.7
1,route,18.4
1,retrieve,514.3
1,route,20.0
1,retrieve,550.4
1,route,26.5
1,retrieve,657.3
1,route,22.2
1,retrieve,680.9
1,tier1_check,114.9
1,judge,2.7
1,route,21.4
1,retrieve,697.9
1,tier1_check,82.8
1,judge,50.7
1,route,19.2
1,retrieve,550.1
1,tier1_check,1.5
1,judge,1.2
1,route,20.5
1,retrieve,778.0
1,route,37.2
1,retrieve,637.5
1,tier1_check,1.5
1,judge,1.3
1,route,22.3
1,retrieve,810.9
1,tier1_check,75.1
1,judge,47.8
1,route,19.8
1,retrieve,550.2
1,tier1_check,71.5
1,judge,2.5
1,route,21.0
1,retrieve,560.5
1,tier1_check,1.3
1,judge,1.2
1,route,21.6
1,retrieve,705.4
1,tier1_check,70.6
1,judge,2.6
1,route,18.8
1,retrieve,515.7
1,tier1_check,1.6
1,judge,1.4
1,route,23.1
1,retrieve,965.8
1,tier1_check,76.0
1,judge,2.7
1,route,23.9
1,retrieve,1125.0
1,tier1_check,61.2
1,judge,31.8
1,route,22.3
1,retrieve,735.2
1,tier1_check,88.4
1,judge,50.6
1,route,26.5
1,retrieve,689.3
1,tier1_check,1.8
1,judge,1.5
1,route,22.9
1,retrieve,622.3
1,tier1_check,84.4
1,judge,2.5
1,route,20.8
1,retrieve,611.8
1,route,24.5
1,retrieve,610.8
1,tier1_check,1.7
1,judge,1.5
1,route,22.1
1,retrieve,600.3
1,route,23.4
1,retrieve,570.8
1,tier1_check,1.3
1,judge,1.1
1,route,18.5
1,retrieve,652.0
1,tier1_check,2.5
1,judge,2.6
1,route,44.7
1,retrieve,565.2
1,route,23.9
1,retrieve,545.6
1,route,22.4
1,retrieve,686.0
1,tier1_check,89.6
1,judge,3.6
1,route,25.4
1,retrieve,763.1
1,tier1_check,85.1
1,judge,2.7
1,route,22.2
1,retrieve,674.6
1,tier1_check,1.6
1,judge,1.3
1,route,19.8
1,retrieve,535.8
1,tier1_check,81.3
1,judge,2.5
1,route,18.9
1,retrieve,504.1
1,tier1_check,1.4
1,judge,1.2
1,route,20.8
1,retrieve,576.0
1,route,25.1
1,retrieve,822.9
1,tier1_check,2.9
1,judge,2.4
1,route,34.7
1,retrieve,863.5
1,tier1_check,115.6
1,judge,2.9
1,route,23.3
1,retrieve,806.5
1,tier1_check,104.5
1,judge,2.9
1,route,27.5
1,retrieve,769.0
1,tier1_check,83.4
1,judge,2.6
1,route,22.8
1,retrieve,937.4
1,tier1_check,1.9
1,judge,1.5
1,route,26.0
1,retrieve,802.4
1,tier1_check,1.7
1,judge,1.5
1,route,25.3
1,retrieve,1164.9
1,tier1_check,191.0
1,judge,5.4
1,route,36.3
1,retrieve,749.7
1,tier1_check,116.3
1,judge,3.2
1,route,28.9
1,retrieve,783.4
1,tier1_check,1.7
1,judge,1.3
1,route,24.4
1,retrieve,807.6
1,tier1_check,90.5
1,judge,2.6
1,route,22.8
1,retrieve,919.9
1,tier1_check,96.7
1,judge,2.3
1,route,24.3
1,retrieve,947.9
1,tier1_check,1.6
1,judge,1.4
1,route,26.3
1,retrieve,1465.0
1,tier1_check,2.3
1,judge,2.2
1,route,38.6
1,retrieve,763.5
1,tier1_check,1.5
1,judge,1.3
1,route,27.5
1,retrieve,863.0
1,tier1_check,1.8
1,judge,1.4
1,route,19.9
1,retrieve,613.1
1,tier1_check,91.2
1,judge,2.8
1,route,21.8
1,retrieve,614.4
1,tier1_check,1.3
1,judge,1.2
1,route,21.9
1,retrieve,797.1
1,tier1_check,105.5
1,judge,2.9
1,route,26.0
1,retrieve,787.4
1,tier1_check,1.6
1,judge,1.2
1,route,27.8
1,retrieve,1146.0
1,tier1_check,2.3
1,judge,2.4
1,route,37.5
1,retrieve,872.1
1,tier1_check,121.3
1,judge,2.7
1,route,23.0
1,retrieve,643.3
1,tier1_check,106.3
1,judge,2.6
1,route,25.7
1,retrieve,792.8
1,tier1_check,1.6
1,judge,1.4
1,route,22.9
1,retrieve,823.3
1,tier1_check,1.9
1,judge,1.6
1,route,26.1
1,retrieve,1225.7
1,tier1_check,1.6
1,judge,1.4
1,route,26.5
1,retrieve,1036.3
1,tier1_check,1.8
1,judge,1.6
1,route,21.7
1,retrieve,743.6
1,tier1_check,1.9
1,judge,1.4
1,route,25.1
1,retrieve,1065.2
1,tier1_check,1.9
1,judge,1.6
1,route,24.4
1,retrieve,879.3
1,tier1_check,1.7
1,judge,1.2
1,route,26.6
1,retrieve,788.0
1,tier1_check,115.1
1,judge,2.4
1,route,27.1
1,retrieve,1179.0
1,tier1_check,108.9
1,judge,2.8
1,route,25.2
1,retrieve,1071.9
1,tier1_check,125.6
1,judge,4.9
1,route,26.3
1,retrieve,865.0
1,tier1_check,1.6
1,judge,1.4
1,route,22.7
1,retrieve,817.2
1,tier1_check,1.9
1,judge,1.5
1,route,23.4
1,retrieve,939.5
1,tier1_check,1.6
1,judge,1.3
1,route,22.6
1,retrieve,775.1
1,tier1_check,103.3
1,judge,2.8
1,route,24.4
1,retrieve,757.6
1,tier1_check,125.3
1,judge,3.6
1,route,29.5
1,retrieve,999.5
1,tier1_check,107.6
1,judge,3.5
1,route,35.1
1,retrieve,962.4
1,tier1_check,93.1
1,judge,2.8
1,route,25.6
1,retrieve,1017.0
1,tier1_check,110.4
1,judge,2.9
1,route,25.3
1,retrieve,905.6
1,tier1_check,1.8
1,judge,1.4
1,route,28.9
1,retrieve,1217.7
1,tier1_check,106.2
1,judge,2.8
1,route,25.2
1,retrieve,881.4
1,tier1_check,1.6
1,judge,1.4
1,route,26.7
1,retrieve,1354.4
1,tier1_check,118.1
1,judge,2.8
1,route,28.5
1,retrieve,939.8
1,tier1_check,1.7
1,judge,1.5
1,route,25.6
1,retrieve,914.0
1,tier1_check,101.5
1,judge,2.8
1,route,23.8
1,retrieve,741.3
1,tier1_check,105.6
1,judge,2.7
1,route,24.1
1,retrieve,818.8
1,tier1_check,87.4
1,judge,2.5
1,route,18.8
1,retrieve,547.2
1,tier1_check,103.8
1,judge,2.5
1,route,25.0
1,retrieve,872.3
1,tier1_check,175.5
1,judge,5.3
1,route,35.9
1,retrieve,770.4
1,tier1_check,2.0
1,judge,2.1
1,route,38.3
1,retrieve,1682.4
1,tier1_check,304.4
1,judge,126.7
1,route,31.8
1,retrieve,1200.0
1,tier1_check,303.8
1,judge,172.9
1,route,37.1
1,retrieve,1262.6
1,tier1_check,58.0
1,judge,59.0
1,route,47.8
1,retrieve,1112.6
1,tier1_check,94.0
1,judge,60.7
1,route,38.5
1,retrieve,1089.0
1,tier1_check,53.8
1,judge,59.7
1,route,27.4
1,retrieve,1277.1
1,tier1_check,214.1
1,judge,116.5
1,route,35.9
1,retrieve,1258.6
1,tier1_check,79.4
1,judge,46.7
1,route,34.1
1,retrieve,968.8
1,tier1_check,74.6
1,judge,76.2
1,route,29.7
1,retrieve,1067.1
1,tier1_check,78.3
1,judge,6.5
1,route,41.4
1,retrieve,906.7
1,tier1_check,50.7
1,judge,39.9
1,route,25.2
1,retrieve,892.0
1,tier1_check,42.3
1,judge,25.6
1,route,26.1
1,retrieve,1363.8
1,tier1_check,62.0
1,judge,39.1
1,route,27.7
1,retrieve,1246.3
1,tier1_check,132.9
1,judge,114.7
1,route,24.8
1,retrieve,1002.0
1,tier1_check,204.3
1,judge,110.4
1,route,23.2
1,retrieve,785.6
1,tier1_check,49.0
1,judge,49.2
1,route,33.0
1,retrieve,1303.9
1,tier1_check,82.5
1,judge,40.6
1,route,40.4
1,retrieve,1107.9
1,tier1_check,177.6
1,judge,78.5
1,route,45.2
1,retrieve,1165.3
1,tier1_check,61.3
1,judge,3.9
1,route,30.3
1,retrieve,1057.4
1,tier1_check,49.3
1,judge,3.0
1,route,28.4
1,retrieve,1042.0
1,tier1_check,87.7
1,judge,68.6
1,route,29.7
1,retrieve,924.0
1,tier1_check,155.0
1,judge,137.4
1,route,40.6
1,retrieve,877.3
1,tier1_check,96.9
1,judge,75.0
1,route,29.4
1,retrieve,1287.5
1,tier1_check,72.6
1,judge,55.0
1,route,30.0
1,retrieve,1175.1
1,tier1_check,58.6
1,judge,41.6
1,route,28.8
1,retrieve,1106.7
1,tier1_check,145.9
1,judge,123.4
1,route,26.2
1,retrieve,1230.8
1,tier1_check,56.4
1,judge,55.2
1,route,29.0
1,retrieve,1100.4
1,tier1_check,248.1
1,judge,129.3
1,route,26.4
1,retrieve,948.2
1,tier1_check,53.7
1,judge,36.1
1,route,26.6
1,retrieve,1029.5
1,tier1_check,111.9
1,judge,94.3
1,route,32.7
1,retrieve,1841.0
1,tier1_check,69.7
1,judge,47.5
1,route,49.0
1,retrieve,3058.4
1,tier1_check,67.6
1,judge,60.4
1,route,38.9
1,retrieve,2738.2
1,tier1_check,193.5
1,judge,87.6
1,route,44.3
1,retrieve,2870.7
1,tier1_check,182.6
1,judge,115.2
1,route,29.6
1,retrieve,1304.4
1,tier1_check,68.4
1,judge,54.9
1,route,46.7
1,retrieve,2017.8
1,tier1_check,75.5
1,judge,75.6
1,route,45.3
1,retrieve,1745.6
1,tier1_check,110.3
1,judge,40.1
1,route,60.4
1,retrieve,1873.4
1,tier1_check,217.6
1,judge,5.4
1,route,50.9
1,retrieve,1437.4
1,tier1_check,121.1
1,judge,3.0
1,route,39.7
1,retrieve,1199.5
1,tier1_check,87.7
1,judge,35.7
1,route,45.3
1,retrieve,2384.0
1,tier1_check,90.2
1,judge,66.1
1,route,49.3
1,retrieve,1084.6
1,tier1_check,101.5
1,judge,65.9
1,route,31.3
1,retrieve,1454.0
1,tier1_check,152.4
1,judge,188.0
1,route,51.0
1,retrieve,1751.0
1,tier1_check,54.2
1,judge,2.7
1,route,32.5
1,retrieve,1346.2
1,tier1_check,81.2
1,judge,56.3
1,route,43.5
1,retrieve,2087.7
1,tier1_check,126.7
1,judge,102.6
1,route,34.0
1,retrieve,1180.2
1,tier1_check,149.2
1,judge,124.2
1,route,32.1
1,retrieve,1059.1
1,tier1_check,224.9
1,judge,170.8
1,route,45.7
1,retrieve,1521.6
1,tier1_check,127.8
1,judge,4.9
1,route,47.2
1,retrieve,1493.7
1,tier1_check,92.3
1,judge,41.8
1,route,34.0
1,retrieve,1230.6
1,tier1_check,118.2
1,judge,3.2
2,route,22.0
2,retrieve,756.8
2,tier1_check,152.3
2,judge,65.9
2,route,43.4
2,retrieve,923.7
2,tier1_check,170.9
2,judge,79.1
2,route,28.2
2,retrieve,1395.6
2,tier1_check,94.1
2,judge,3.1
2,route,35.9
2,retrieve,1739.4
2,tier1_check,199.8
2,judge,3.3
2,route,28.6
2,retrieve,838.7
2,tier1_check,227.9
2,judge,196.7
2,route,39.8
2,retrieve,1055.0
2,tier1_check,139.1
2,judge,116.9
2,route,33.6
2,retrieve,1598.9
2,tier1_check,211.4
2,judge,122.1
2,route,40.2
2,retrieve,2103.7
2,tier1_check,138.0
2,judge,118.2
2,route,26.2
2,retrieve,952.1
2,tier1_check,92.1
2,judge,72.3
2,route,27.6
2,retrieve,956.4
2,tier1_check,111.1
2,judge,76.9
2,route,28.3
2,retrieve,1150.5
2,tier1_check,88.3
2,judge,47.9
2,route,33.0
2,retrieve,1231.3
2,tier1_check,90.0
2,judge,74.3
2,route,23.6
2,retrieve,883.8
2,tier1_check,114.1
2,judge,52.0
2,route,26.6
2,retrieve,1138.9
2,tier1_check,282.3
2,judge,145.6
2,route,43.8
2,retrieve,1440.3
2,tier1_check,93.0
2,judge,73.8
2,route,25.4
2,retrieve,1015.4
2,tier1_check,98.7
2,judge,45.4
2,route,28.5
2,retrieve,1298.2
2,tier1_check,90.8
2,judge,74.0
2,route,24.7
2,retrieve,1026.2
2,tier1_check,140.0
2,judge,116.2
2,route,39.9
2,retrieve,1164.3
2,tier1_check,97.6
2,judge,45.1
2,route,21.0
2,retrieve,791.6
2,tier1_check,131.2
2,judge,108.9
2,route,29.9
2,retrieve,1344.8
2,tier1_check,189.0
2,judge,3.1
2,route,21.5
2,retrieve,874.6
2,tier1_check,130.0
2,judge,126.1
2,route,43.1
2,retrieve,1952.7
2,tier1_check,129.2
2,judge,106.5
2,route,24.1
2,retrieve,1034.6
2,tier1_check,186.8
2,judge,87.4
2,route,23.8
2,retrieve,979.5
2,tier1_check,121.3
2,judge,3.9
2,route,28.4
2,retrieve,778.7
2,tier1_check,114.5
2,judge,31.4
2,route,29.4
2,retrieve,1561.0
2,tier1_check,167.2
2,judge,3.7
2,route,27.1
2,retrieve,1051.6
2,tier1_check,92.6
2,judge,75.0
2,route,23.9
2,retrieve,749.6
2,tier1_check,168.5
2,judge,76.4
2,route,26.7
2,retrieve,1171.3
2,tier1_check,95.8
2,judge,44.4
2,route,35.5
2,retrieve,1641.3
2,tier1_check,196.9
2,judge,101.5
2,route,28.7
2,retrieve,1317.7
2,tier1_check,105.0
2,judge,3.1
2,route,21.6
2,retrieve,793.1
2,tier1_check,189.6
2,judge,4.3
2,route,43.1
2,retrieve,1149.9
2,tier1_check,246.6
2,judge,128.8
2,route,45.2
2,retrieve,1912.6
2,tier1_check,114.2
2,judge,3.1
2,route,23.9
2,retrieve,772.0
2,tier1_check,130.7
2,judge,115.2
2,route,25.9
2,retrieve,805.2
2,tier1_check,96.7
2,judge,2.9
2,route,26.1
2,retrieve,816.2
2,tier1_check,140.1
2,judge,103.6
2,route,30.5
2,retrieve,1083.4
2,tier1_check,197.9
2,judge,104.9
2,route,21.7
2,retrieve,660.2
2,tier1_check,199.7
2,judge,96.4
2,route,24.4
2,retrieve,908.3
2,tier1_check,143.2
2,judge,113.0
2,route,24.6
2,retrieve,758.3
2,tier1_check,137.4
2,judge,59.3
2,route,21.7
2,retrieve,786.8
2,tier1_check,132.1
2,judge,2.6
2,route,22.0
2,retrieve,691.0
2,tier1_check,126.6
2,judge,105.2
2,route,21.6
2,retrieve,697.3
2,tier1_check,208.0
2,judge,109.8
2,route,32.1
2,retrieve,1608.9
2,tier1_check,334.8
2,judge,137.4
2,route,35.3
2,retrieve,846.0
2,tier1_check,295.9
2,judge,167.5
2,route,27.8
2,retrieve,682.4
2,tier1_check,285.5
2,judge,154.6
2,route,24.1
2,retrieve,694.9
2,tier1_check,190.7
2,judge,155.2
2,route,38.7
2,retrieve,1200.1
2,tier1_check,350.0
2,judge,150.6
2,route,38.9
2,retrieve,762.4
2,tier1_check,143.2
2,judge,110.9
2,route,24.9
2,retrieve,672.4
2,tier1_check,130.9
2,judge,112.4
2,route,33.5
2,retrieve,725.4
2,tier1_check,111.8
2,judge,2.8
2,route,33.9
2,retrieve,1285.3
2,tier1_check,135.0
2,judge,107.6
2,route,28.2
2,retrieve,808.2
2,tier1_check,164.2
2,judge,145.8
2,route,33.5
2,retrieve,622.7
2,tier1_check,125.9
2,judge,82.1
2,route,22.3
2,retrieve,634.7
2,tier1_check,182.6
2,judge,95.2
2,route,28.0
2,retrieve,876.5
2,tier1_check,103.4
2,judge,66.0
2,route,25.5
2,retrieve,1021.8
2,tier1_check,135.2
2,judge,66.3
2,route,25.2
2,retrieve,1064.0
2,tier1_check,144.1
2,judge,63.6
2,route,27.2
2,retrieve,1684.4
2,tier1_check,86.0
2,judge,2.9
2,route,36.4
2,retrieve,2088.3
2,tier1_check,112.5
2,judge,2.9
2,route,23.4
2,retrieve,891.5
2,tier1_check,63.4
2,judge,46.6
2,route,25.0
2,retrieve,1156.0
2,tier1_check,107.5
2,judge,3.8
2,route,28.2
2,retrieve,1156.0
2,tier1_check,65.0
2,judge,47.5
2,route,33.0
2,retrieve,1591.5
2,tier1_check,111.8
2,judge,49.6
2,route,26.0
2,retrieve,894.5
2,tier1_check,62.8
2,judge,46.2
2,route,23.0
2,retrieve,910.6
2,tier1_check,107.5
2,judge,79.9
2,route,23.0
2,retrieve,924.2
2,tier1_check,151.0
2,judge,118.8
2,route,27.9
2,retrieve,940.6
2,tier1_check,115.7
2,judge,99.4
2,route,33.5
2,retrieve,764.1
2,tier1_check,113.7
2,judge,5.1
2,route,24.8
2,retrieve,1045.8
2,tier1_check,184.1
2,judge,96.5
2,route,35.8
2,retrieve,1397.2
2,tier1_check,102.8
2,judge,2.8
2,route,26.9
2,retrieve,894.5
2,tier1_check,145.8
2,judge,6.1
2,route,32.3
2,retrieve,795.5
2,tier1_check,131.2
2,judge,2.8
2,route,22.2
2,retrieve,865.0
2,tier1_check,153.0
2,judge,113.1
2,route,30.0
2,retrieve,1397.4
2,tier1_check,96.3
2,judge,2.8
2,route,23.7
2,retrieve,796.7
2,tier1_check,105.4
2,judge,56.8
2,route,25.8
2,retrieve,1117.4
2,tier1_check,107.9
2,judge,2.9
2,route,26.8
2,retrieve,834.2
2,tier1_check,182.1
2,judge,82.4
2,route,36.0
2,retrieve,1929.8
2,tier1_check,179.4
2,judge,3.2
2,route,25.9
2,retrieve,1214.4
2,tier1_check,163.3
2,judge,73.7
2,route,24.4
2,retrieve,751.4
2,tier1_check,162.5
2,judge,68.1
2,route,21.5
2,retrieve,1010.5
2,tier1_check,116.7
2,judge,4.4
2,route,47.2
2,retrieve,1311.7
2,tier1_check,220.9
2,judge,4.2
2,route,36.0
2,retrieve,978.3
2,tier1_check,110.4
2,judge,81.4
2,route,27.8
2,retrieve,810.1
2,tier1_check,132.0
2,judge,2.8
2,route,26.3
2,retrieve,743.6
2,tier1_check,218.7
2,judge,90.3
2,route,37.7
2,retrieve,1804.7
2,tier1_check,259.6
2,judge,5.1
2,route,30.4
2,retrieve,1144.4
2,tier1_check,192.0
2,judge,80.9
2,route,26.3
2,retrieve,854.1
2,tier1_check,95.6
2,judge,83.3
2,route,25.9
2,retrieve,1016.3
2,tier1_check,104.9
2,judge,73.6
2,route,38.2
2,retrieve,907.4
2,tier1_check,162.4
2,judge,91.3
2,route,31.8
2,retrieve,754.1
2,tier1_check,214.1
2,judge,76.3
2,route,31.0
2,retrieve,1066.5
2,tier1_check,94.2
2,judge,73.7
2,route,42.9
2,retrieve,1693.0
2,tier1_check,162.9
2,judge,2.6
2,route,19.6
2,retrieve,762.0
2,tier1_check,139.1
2,judge,4.3
2,route,21.8
2,retrieve,710.7
2,tier1_check,77.9
2,judge,54.4
2,route,23.6
2,retrieve,963.3
2,tier1_check,257.0
2,judge,3.6
2,route,25.2
2,retrieve,979.9
2,tier1_check,206.8
2,judge,2.7
2,route,26.2
2,retrieve,1131.1
2,tier1_check,196.5
2,judge,2.7
2,route,24.1
2,retrieve,839.1
2,tier1_check,210.8
2,judge,3.0
2,route,29.4
2,retrieve,1101.5
2,tier1_check,165.9
2,judge,4.9
2,route,29.6
2,retrieve,563.5
2,tier1_check,133.8
2,judge,146.2
2,route,44.8
2,retrieve,1100.9
2,tier1_check,349.0
2,judge,112.5
2,route,24.9
2,retrieve,868.1
2,tier1_check,133.2
2,judge,95.4
2,route,37.4
2,retrieve,1155.6
2,tier1_check,198.3
2,judge,111.3
2,route,26.0
2,retrieve,1154.0
2,tier1_check,175.7
2,judge,133.2
2,route,29.3
2,retrieve,846.1
2,tier1_check,157.5
2,judge,125.2
2,route,30.3
2,retrieve,815.8
2,tier1_check,108.7
2,judge,3.6
2,route,37.8
2,retrieve,1069.1
2,tier1_check,68.1
2,judge,3.2
2,route,22.9
2,retrieve,707.7
2,tier1_check,209.7
2,judge,115.2
2,route,18.8
2,retrieve,703.8
2,tier1_check,492.5
2,judge,262.4
2,route,35.4
2,retrieve,985.8
2,tier1_check,201.3
2,judge,116.1
2,route,22.0
2,retrieve,623.8
2,tier1_check,221.2
2,judge,171.6
2,route,30.1
2,retrieve,600.1
2,tier1_check,141.7
2,judge,118.6
2,route,22.8
2,retrieve,655.7
2,tier1_check,141.1
2,judge,117.0
2,route,29.0
2,retrieve,1133.0
2,tier1_check,226.7
2,judge,5.4
2,route,30.1
2,retrieve,745.4
2,tier1_check,217.6
2,judge,3.1
2,route,23.9
2,retrieve,694.7
2,tier1_check,226.8
2,judge,124.5
2,route,21.4
2,retrieve,983.0
2,tier1_check,144.6
2,judge,3.1
2,route,33.1
2,retrieve,1057.7
2,tier1_check,94.8
2,judge,3.2
2,route,21.9
2,retrieve,615.2
2,tier1_check,88.2
2,judge,2.5
2,route,21.9
2,retrieve,674.9
2,tier1_check,165.7
2,judge,97.7
2,route,24.5
2,retrieve,730.7
2,tier1_check,111.6
2,judge,93.4
2,route,32.9
2,retrieve,1020.5
2,tier1_check,134.2
2,judge,2.7
2,route,21.6
2,retrieve,692.8
2,tier1_check,135.0
2,judge,115.8
2,route,21.9
2,retrieve,582.5
2,tier1_check,132.0
2,judge,113.0
2,route,20.8
2,retrieve,716.2
2,tier1_check,140.0
2,judge,116.8
2,route,30.6
2,retrieve,1077.5
2,tier1_check,92.4
2,judge,4.7
2,route,23.7
2,retrieve,664.2
2,tier1_check,86.0
2,judge,67.8
2,route,24.5
2,retrieve,735.2
2,tier1_check,86.0
2,judge,68.0
2,route,23.1
2,retrieve,909.3
2,tier1_check,160.0
2,judge,2.6
2,route,18.1
2,retrieve,675.0
2,tier1_check,64.7
2,judge,48.1
2,route,23.3
2,retrieve,739.2
2,tier1_check,64.2
2,judge,48.5
2,route,19.1
2,retrieve,562.3
2,tier1_check,147.0
2,judge,52.7
2,route,29.0
2,retrieve,1275.5
2,tier1_check,115.5
2,judge,90.1
2,route,24.6
2,retrieve,983.3
2,tier1_check,111.4
2,judge,92.9
2,route,23.9
2,retrieve,1004.7
2,tier1_check,110.0
2,judge,96.1
2,route,32.3
2,retrieve,1396.1
2,tier1_check,121.1
2,judge,123.8
2,route,25.6
2,retrieve,572.7
2,tier1_check,122.9
2,judge,57.4
2,route,29.2
2,retrieve,694.1
2,tier1_check,145.9
2,judge,62.9
2,route,22.9
2,retrieve,753.8
2,tier1_check,88.0
2,judge,38.5
2,route,21.0
2,retrieve,712.8
2,tier1_check,112.2
2,judge,2.6
2,route,21.6
2,retrieve,710.0
2,tier1_check,180.7
2,judge,2.8
2,route,21.8
2,retrieve,666.2
2,tier1_check,111.5
2,judge,2.8
2,route,20.4
2,retrieve,892.7
2,tier1_check,187.8
2,judge,150.9
2,route,39.0
2,retrieve,1340.0
2,tier1_check,306.9
2,judge,177.1
2,route,42.5
2,retrieve,1400.8
2,tier1_check,138.0
2,judge,2.9
2,route,31.3
2,retrieve,1321.3
2,tier1_check,190.3
2,judge,103.8
2,route,19.5
2,retrieve,642.7
2,tier1_check,1.8
2,judge,1.5
2,route,21.8
2,retrieve,995.2
2,tier1_check,108.0
2,judge,4.8
2,route,23.0
2,retrieve,737.2
2,tier1_check,83.8
2,judge,2.8
2,route,20.2
2,retrieve,579.4
2,tier1_check,1.3
2,judge,1.2
2,route,21.0
2,retrieve,571.2
2,tier1_check,1.9
2,judge,1.3
2,route,22.6
2,retrieve,741.4
2,tier1_check,1.8
2,judge,1.3
2,route,21.1
2,retrieve,545.4
2,tier1_check,1.5
2,judge,1.2
2,route,19.6
2,retrieve,671.9
2,tier1_check,1.7
2,judge,1.4
2,route,21.2
2,retrieve,762.1
2,tier1_check,1.9
2,judge,1.5
2,route,19.4
2,retrieve,531.8
2,route,28.4
2,retrieve,545.5
2,route,32.9
2,retrieve,566.2
2,route,31.6
2,retrieve,776.7
2,tier1_check,76.7
2,judge,3.0
2,route,28.4
2,retrieve,892.8
2,tier1_check,83.8
2,judge,3.4
2,route,27.2
2,retrieve,642.4
2,route,24.6
2,retrieve,576.4
2,tier1_check,72.8
2,judge,2.7
2,route,22.5
2,retrieve,613.5
2,tier1_check,1.7
2,judge,1.6
2,route,22.5
2,retrieve,630.4
2,tier1_check,87.5
2,judge,3.2
2,route,26.5
2,retrieve,674.0
2,route,28.6
2,retrieve,520.8
2,route,28.9
2,retrieve,699.3
2,route,22.4
2,retrieve,703.6
2,tier1_check,1.7
2,judge,1.7
2,route,24.1
2,retrieve,727.3
2,tier1_check,2.0
2,judge,1.7
2,route,20.7
2,retrieve,570.6
2,tier1_check,99.9
2,judge,3.0
2,route,21.6
2,retrieve,569.2
2,route,25.4
2,retrieve,599.7
2,tier1_check,1.5
2,judge,1.5
2,route,23.4
2,retrieve,834.4
2,tier1_check,3.0
2,judge,2.4
2,route,29.6
2,retrieve,608.6
2,tier1_check,115.8
2,judge,4.2
2,route,28.2
2,retrieve,589.9
2,tier1_check,77.9
2,judge,2.5
2,route,22.0
2,retrieve,734.4
2,tier1_check,1.9
2,judge,1.6
2,route,20.3
2,retrieve,547.1
2,tier1_check,1.6
2,judge,1.5
2,route,23.1
2,retrieve,1094.2
2,tier1_check,2.3
2,judge,1.8
2,route,25.1
2,retrieve,1179.1
2,tier1_check,2.6
2,judge,2.2
2,route,28.9
2,retrieve,890.0
2,tier1_check,3.2
2,judge,3.0
2,route,39.5
2,retrieve,819.6
2,tier1_check,85.4
2,judge,3.6
2,route,26.7
2,retrieve,878.9
2,tier1_check,1.8
2,judge,2.0
2,route,27.4
2,retrieve,642.9
2,route,28.8
2,retrieve,731.1
2,tier1_check,2.6
2,judge,1.9
2,route,28.7
2,retrieve,715.7
2,route,29.3
2,retrieve,628.5
2,tier1_check,1.8
2,judge,2.3
2,route,29.6
2,retrieve,536.7
2,tier1_check,112.5
2,judge,3.0
2,route,22.0
2,retrieve,589.1
2,route,43.5
2,retrieve,679.3
2,route,41.3
2,retrieve,641.3
2,tier1_check,76.2
2,judge,3.1
2,route,23.9
2,retrieve,699.5
2,tier1_check,2.0
2,judge,1.9
2,route,25.2
2,retrieve,689.5
2,tier1_check,1.5
2,judge,1.8
2,route,21.4
2,retrieve,587.2
2,tier1_check,1.5
2,judge,1.8
2,route,26.0
2,retrieve,556.1
2,tier1_check,74.2
2,judge,2.9
2,route,21.8
2,retrieve,576.3
2,route,26.9
2,retrieve,812.8
2,tier1_check,101.7
2,judge,4.0
2,route,24.8
2,retrieve,879.4
2,tier1_check,3.4
2,judge,3.2
2,route,60.1
2,retrieve,907.9
2,tier1_check,2.7
2,judge,2.2
2,route,32.7
2,retrieve,892.0
2,tier1_check,96.3
2,judge,3.5
2,route,27.4
2,retrieve,955.9
2,tier1_check,2.2
2,judge,1.8
2,route,30.0
2,retrieve,853.4
2,tier1_check,2.0
2,judge,1.7
2,route,27.9
2,retrieve,1168.4
2,tier1_check,2.1
2,judge,1.7
2,route,26.0
2,retrieve,771.3
2,tier1_check,2.3
2,judge,2.6
2,route,43.4
2,retrieve,1008.5
2,tier1_check,2.7
2,judge,2.8
2,route,42.9
2,retrieve,983.4
2,tier1_check,2.7
2,judge,2.8
2,route,37.6
2,retrieve,1040.4
2,tier1_check,147.8
2,judge,5.6
2,route,43.2
2,retrieve,1039.8
2,tier1_check,146.1
2,judge,3.9
2,route,33.5
2,retrieve,1553.2
2,tier1_check,2.3
2,judge,2.3
2,route,41.2
2,retrieve,813.9
2,tier1_check,2.0
2,judge,2.5
2,route,32.3
2,retrieve,901.6
2,tier1_check,121.1
2,judge,3.0
2,route,20.8
2,retrieve,662.8
2,tier1_check,1.9
2,judge,1.5
2,route,23.6
2,retrieve,638.0
2,tier1_check,134.3
2,judge,4.1
2,route,31.9
2,retrieve,906.6
2,tier1_check,2.4
2,judge,2.3
2,route,33.6
2,retrieve,866.1
2,tier1_check,123.3
2,judge,2.7
2,route,38.9
2,retrieve,1206.5
2,tier1_check,115.4
2,judge,3.7
2,route,24.6
2,retrieve,974.8
2,tier1_check,187.0
2,judge,4.0
2,route,32.5
2,retrieve,702.4
2,tier1_check,1.7
2,judge,2.2
2,route,35.9
2,retrieve,856.8
2,tier1_check,1.8
2,judge,1.4
2,route,24.2
2,retrieve,867.6
2,tier1_check,109.4
2,judge,3.0
2,route,26.6
2,retrieve,1313.3
2,tier1_check,171.1
2,judge,5.3
2,route,40.9
2,retrieve,1027.4
2,tier1_check,109.6
2,judge,2.7
2,route,21.4
2,retrieve,746.4
2,tier1_check,1.8
2,judge,1.7
2,route,25.9
2,retrieve,1135.1
2,tier1_check,1.9
2,judge,1.6
2,route,25.1
2,retrieve,897.2
2,tier1_check,94.4
2,judge,2.9
2,route,28.5
2,retrieve,808.1
2,tier1_check,1.5
2,judge,1.3
2,route,27.9
2,retrieve,1221.6
2,tier1_check,175.6
2,judge,4.7
2,route,26.8
2,retrieve,1137.3
2,tier1_check,99.7
2,judge,2.9
2,route,26.4
2,retrieve,855.0
2,tier1_check,112.3
2,judge,2.8
2,route,22.9
2,retrieve,812.8
2,tier1_check,1.8
2,judge,1.7
2,route,23.8
2,retrieve,971.0
2,tier1_check,108.8
2,judge,2.6
2,route,23.3
2,retrieve,828.0
2,tier1_check,1.8
2,judge,1.5
2,route,25.1
2,retrieve,812.1
2,tier1_check,2.2
2,judge,2.4
2,route,41.9
2,retrieve,1078.2
2,tier1_check,2.3
2,judge,2.3
2,route,35.4
2,retrieve,905.9
2,tier1_check,144.5
2,judge,4.7
2,route,35.3
2,retrieve,1045.9
2,tier1_check,1.9
2,judge,1.5
2,route,25.9
2,retrieve,856.1
2,tier1_check,2.3
2,judge,2.2
2,route,44.5
2,retrieve,1317.6
2,tier1_check,152.7
2,judge,4.1
2,route,28.5
2,retrieve,1012.0
2,tier1_check,1.7
2,judge,1.4
2,route,27.3
2,retrieve,1383.0
2,tier1_check,1.7
2,judge,1.5
2,route,27.1
2,retrieve,930.7
2,tier1_check,82.9
2,judge,2.8
2,route,25.9
2,retrieve,851.9
2,tier1_check,1.7
2,judge,1.3
2,route,23.0
2,retrieve,715.5
2,tier1_check,1.4
2,judge,1.2
2,route,23.4
2,retrieve,863.4
2,tier1_check,123.0
2,judge,4.2
2,route,23.5
2,retrieve,598.5
2,tier1_check,153.4
2,judge,4.6
2,route,39.2
2,retrieve,896.7
2,tier1_check,175.5
2,judge,3.8
2,route,26.0
2,retrieve,727.3
2,tier1_check,105.3
2,judge,2.7
2,route,33.5
2,retrieve,1543.0
2,tier1_check,66.2
2,judge,39.3
2,route,31.3
2,retrieve,1106.1
2,tier1_check,212.8
2,judge,188.8
2,route,39.9
2,retrieve,1340.1
2,tier1_check,92.1
2,judge,92.0
2,route,32.3
2,retrieve,1105.6
2,tier1_check,63.2
2,judge,37.1
2,route,25.3
2,retrieve,997.2
2,tier1_check,54.6
2,judge,54.7
2,route,27.9
2,retrieve,1297.7
2,tier1_check,225.7
2,judge,113.8
2,route,37.4
2,retrieve,1295.7
2,tier1_check,52.4
2,judge,31.3
2,route,25.3
2,retrieve,899.6
2,tier1_check,55.3
2,judge,56.0
2,route,24.2
2,retrieve,1004.3
2,tier1_check,44.4
2,judge,2.7
2,route,26.9
2,retrieve,913.2
2,tier1_check,50.2
2,judge,39.6
2,route,22.1
2,retrieve,858.0
2,tier1_check,59.0
2,judge,35.1
2,route,33.8
2,retrieve,1774.4
2,tier1_check,186.8
2,judge,151.5
2,route,39.3
2,retrieve,1548.0
2,tier1_check,93.4
2,judge,61.7
2,route,37.2
2,retrieve,1124.9
2,tier1_check,94.9
2,judge,59.6
2,route,34.9
2,retrieve,1188.5
2,tier1_check,55.1
2,judge,52.6
2,route,32.3
2,retrieve,1483.3
2,tier1_check,86.0
2,judge,49.2
2,route,46.6
2,retrieve,1484.6
2,tier1_check,83.1
2,judge,43.7
2,route,44.8
2,retrieve,1206.4
2,tier1_check,76.6
2,judge,6.6
2,route,37.0
2,retrieve,1130.0
2,tier1_check,71.4
2,judge,4.0
2,route,36.8
2,retrieve,1099.0
2,tier1_check,50.9
2,judge,30.6
2,route,29.6
2,retrieve,910.6
2,tier1_check,59.0
2,judge,62.2
2,route,25.6
2,retrieve,777.6
2,tier1_check,57.3
2,judge,30.4
2,route,28.5
2,retrieve,1265.1
2,tier1_check,78.5
2,judge,42.6
2,route,40.7
2,retrieve,1254.4
2,tier1_check,82.8
2,judge,63.3
2,route,39.7
2,retrieve,1156.7
2,tier1_check,72.2
2,judge,44.8
2,route,27.2
2,retrieve,958.9
2,tier1_check,68.2
2,judge,57.5
2,route,30.7
2,retrieve,1048.9
2,tier1_check,214.7
2,judge,187.6
2,route,40.4
2,retrieve,1209.8
2,tier1_check,76.8
2,judge,47.0
2,route,31.4
2,retrieve,1137.8
2,tier1_check,81.9
2,judge,56.6
2,route,44.3
2,retrieve,1909.6
2,tier1_check,98.1
2,judge,66.8
2,route,62.7
2,retrieve,3204.8
2,tier1_check,102.5
2,judge,94.6
2,route,53.9
2,retrieve,2677.6
2,tier1_check,95.3
2,judge,54.9
2,route,53.6
2,retrieve,3380.7
2,tier1_check,104.4
2,judge,87.7
2,route,48.4
2,retrieve,1285.8
2,tier1_check,124.7
2,judge,102.8
2,route,36.9
2,retrieve,1901.0
2,tier1_check,99.3
2,judge,96.0
2,route,53.6
2,retrieve,1748.8
2,tier1_check,83.4
2,judge,30.6
2,route,48.8
2,retrieve,1792.6
2,tier1_check,222.5
2,judge,2.9
2,route,31.9
2,retrieve,1432.6
2,tier1_check,120.8
2,judge,3.7
2,route,33.1
2,retrieve,1189.4
2,tier1_check,133.5
2,judge,110.1
2,route,45.7
2,retrieve,2402.4
2,tier1_check,125.1
2,judge,95.9
2,route,46.6
2,retrieve,1140.2
2,tier1_check,171.7
2,judge,111.0
2,route,51.2
2,retrieve,1435.2
2,tier1_check,223.8
2,judge,118.0
2,route,36.9
2,retrieve,1810.3
2,tier1_check,112.6
2,judge,49.2
2,route,31.3
2,retrieve,1322.0
2,tier1_check,56.0
2,judge,38.2
2,route,34.2
2,retrieve,1935.1
2,tier1_check,197.5
2,judge,102.3
2,route,31.8
2,retrieve,1202.4
2,tier1_check,146.8
2,judge,128.5
2,route,31.4
2,retrieve,1087.3
2,tier1_check,131.5
2,judge,108.3
2,route,32.4
2,retrieve,1497.3
2,tier1_check,146.7
2,judge,4.9
2,route,51.5
2,retrieve,1494.3
2,tier1_check,62.2
2,judge,33.5
2,route,32.5
2,retrieve,1431.0
2,tier1_check,177.2
2,judge,3.1
3,route,20.3
3,retrieve,676.0
3,tier1_check,91.1
3,judge,75.1
3,route,28.9
3,retrieve,877.2
3,tier1_check,103.4
3,judge,85.2
3,route,27.8
3,retrieve,1353.9
3,tier1_check,172.1
3,judge,3.0
3,route,35.2
3,retrieve,1699.1
3,tier1_check,106.4
3,judge,3.3
3,route,22.9
3,retrieve,842.6
3,tier1_check,208.9
3,judge,121.3
3,route,26.3
3,retrieve,1030.3
3,tier1_check,136.9
3,judge,154.0
3,route,34.2
3,retrieve,1573.7
3,tier1_check,136.6
3,judge,117.2
3,route,40.6
3,retrieve,2043.9
3,tier1_check,215.9
3,judge,119.1
3,route,24.5
3,retrieve,904.7
3,tier1_check,94.6
3,judge,74.7
3,route,26.7
3,retrieve,933.6
3,tier1_check,134.9
3,judge,110.9
3,route,39.7
3,retrieve,1154.8
3,tier1_check,89.3
3,judge,77.2
3,route,27.9
3,retrieve,1113.3
3,tier1_check,163.0
3,judge,75.0
3,route,22.4
3,retrieve,830.3
3,tier1_check,103.4
3,judge,85.4
3,route,26.9
3,retrieve,982.8
3,tier1_check,100.6
3,judge,84.0
3,route,30.2
3,retrieve,1319.6
3,tier1_check,333.9
3,judge,107.0
3,route,25.4
3,retrieve,944.6
3,tier1_check,89.8
3,judge,72.1
3,route,26.5
3,retrieve,1252.0
3,tier1_check,169.3
3,judge,77.4
3,route,21.9
3,retrieve,956.9
3,tier1_check,161.7
3,judge,75.5
3,route,26.6
3,retrieve,1101.3
3,tier1_check,88.9
3,judge,70.8
3,route,20.1
3,retrieve,747.1
3,tier1_check,139.2
3,judge,99.7
3,route,31.5
3,retrieve,1346.2
3,tier1_check,146.1
3,judge,2.9
3,route,22.0
3,retrieve,840.8
3,tier1_check,147.2
3,judge,105.9
3,route,37.1
3,retrieve,1977.8
3,tier1_check,158.8
3,judge,96.3
3,route,24.0
3,retrieve,948.5
3,tier1_check,131.3
3,judge,31.0
3,route,24.6
3,retrieve,980.1
3,tier1_check,101.4
3,judge,3.0
3,route,20.6
3,retrieve,743.4
3,tier1_check,100.1
3,judge,83.1
3,route,30.8
3,retrieve,1512.6
3,tier1_check,136.2
3,judge,3.0
3,route,25.8
3,retrieve,1017.3
3,tier1_check,168.0
3,judge,75.3
3,route,22.1
3,retrieve,771.3
3,tier1_check,170.9
3,judge,85.7
3,route,27.6
3,retrieve,1109.8
3,tier1_check,169.0
3,judge,74.6
3,route,33.5
3,retrieve,1619.2
3,tier1_check,257.5
3,judge,104.1
3,route,40.1
3,retrieve,1285.4
3,tier1_check,142.3
3,judge,3.7
3,route,27.0
3,retrieve,788.5
3,tier1_check,320.6
3,judge,6.3
3,route,40.8
3,retrieve,1160.5
3,tier1_check,141.6
3,judge,85.8
3,route,36.0
3,retrieve,1825.6
3,tier1_check,194.5
3,judge,3.3
3,route,21.9
3,retrieve,761.2
3,tier1_check,124.8
3,judge,102.8
3,route,24.7
3,retrieve,797.4
3,tier1_check,297.6
3,judge,182.2
3,route,39.1
3,retrieve,835.8
3,tier1_check,186.2
3,judge,104.2
3,route,30.2
3,retrieve,1065.9
3,tier1_check,298.8
3,judge,157.7
3,route,32.7
3,retrieve,694.5
3,tier1_check,73.3
3,judge,57.4
3,route,23.0
3,retrieve,843.6
3,tier1_check,135.2
3,judge,109.7
3,route,34.4
3,retrieve,753.8
3,tier1_check,114.1
3,judge,129.5
3,route,32.9
3,retrieve,767.2
3,tier1_check,109.9
3,judge,101.6
3,route,22.1
3,retrieve,694.1
3,tier1_check,196.6
3,judge,105.7
3,route,20.2
3,retrieve,858.0
3,tier1_check,201.7
3,judge,107.9
3,route,31.2
3,retrieve,1546.9
3,tier1_check,196.0
3,judge,105.8
3,route,22.6
3,retrieve,725.0
3,tier1_check,118.7
3,judge,95.0
3,route,32.2
3,retrieve,694.2
3,tier1_check,270.6
3,judge,113.9
3,route,24.7
3,retrieve,717.8
3,tier1_check,131.4
3,judge,110.1
3,route,31.2
3,retrieve,1180.8
3,tier1_check,306.0
3,judge,165.7
3,route,29.1
3,retrieve,696.0
3,tier1_check,177.2
3,judge,157.5
3,route,29.5
3,retrieve,637.9
3,tier1_check,275.5
3,judge,152.2
3,route,32.8
3,retrieve,693.0
3,tier1_check,276.7
3,judge,3.2
3,route,39.2
3,retrieve,1214.0
3,tier1_check,133.5
3,judge,141.4
3,route,29.9
3,retrieve,805.9
3,tier1_check,170.5
3,judge,92.7
3,route,21.1
3,retrieve,572.5
3,tier1_check,106.9
3,judge,90.0
3,route,21.3
3,retrieve,592.2
3,tier1_check,104.6
3,judge,89.4
3,route,27.6
3,retrieve,832.4
3,tier1_check,161.1
3,judge,144.9
3,route,25.7
3,retrieve,940.5
3,tier1_check,138.7
3,judge,61.2
3,route,24.6
3,retrieve,1049.5
3,tier1_check,77.3
3,judge,73.9
3,route,27.5
3,retrieve,1677.5
3,tier1_check,77.2
3,judge,2.9
3,route,35.7
3,retrieve,1976.7
3,tier1_check,143.1
3,judge,2.7
3,route,22.3
3,retrieve,892.8
3,tier1_check,68.5
3,judge,36.9
3,route,39.5
3,retrieve,1112.4
3,tier1_check,110.4
3,judge,2.5
3,route,25.6
3,retrieve,1205.6
3,tier1_check,101.8
3,judge,71.4
3,route,44.5
3,retrieve,1638.4
3,tier1_check,90.6
3,judge,72.2
3,route,33.0
3,retrieve,1055.4
3,tier1_check,179.0
3,judge,160.0
3,route,38.1
3,retrieve,1047.1
3,tier1_check,167.3
3,judge,126.4
3,route,37.5
3,retrieve,963.0
3,tier1_check,116.3
3,judge,88.5
3,route,26.1
3,retrieve,929.6
3,tier1_check,114.5
3,judge,93.0
3,route,21.4
3,retrieve,726.1
3,tier1_check,174.8
3,judge,5.8
3,route,42.7
3,retrieve,1074.4
3,tier1_check,118.6
3,judge,2.9
3,route,37.3
3,retrieve,1424.0
3,tier1_check,192.0
3,judge,3.0
3,route,22.6
3,retrieve,895.5
3,tier1_check,139.6
3,judge,2.6
3,route,21.1
3,retrieve,816.7
3,tier1_check,135.9
3,judge,105.6
3,route,22.0
3,retrieve,930.4
3,tier1_check,293.2
3,judge,179.8
3,route,31.5
3,retrieve,1516.6
3,tier1_check,143.1
3,judge,4.1
3,route,32.9
3,retrieve,895.9
3,tier1_check,116.4
3,judge,102.3
3,route,29.0
3,retrieve,1192.2
3,tier1_check,151.7
3,judge,2.7
3,route,25.5
3,retrieve,857.3
3,tier1_check,101.0
3,judge,80.5
3,route,37.1
3,retrieve,1930.5
3,tier1_check,97.2
3,judge,2.8
3,route,24.6
3,retrieve,1156.9
3,tier1_check,169.7
3,judge,69.3
3,route,23.1
3,retrieve,715.6
3,tier1_check,163.3
3,judge,67.1
3,route,20.8
3,retrieve,733.6
3,tier1_check,162.0
3,judge,2.5
3,route,33.0
3,retrieve,1273.1
3,tier1_check,92.7
3,judge,2.9
3,route,27.3
3,retrieve,998.5
3,tier1_check,178.6
3,judge,83.0
3,route,25.9
3,retrieve,857.3
3,tier1_check,95.4
3,judge,80.8
3,route,25.5
3,retrieve,860.7
3,tier1_check,180.1
3,judge,81.7
3,route,43.0
3,retrieve,1850.9
3,tier1_check,193.4
3,judge,6.3
3,route,31.4
3,retrieve,1112.8
3,tier1_check,182.5
3,judge,83.9
3,route,26.2
3,retrieve,804.4
3,tier1_check,179.6
3,judge,81.4
3,route,24.8
3,retrieve,724.6
3,tier1_check,101.1
3,judge,46.2
3,route,24.2
3,retrieve,804.2
3,tier1_check,106.0
3,judge,73.0
3,route,24.6
3,retrieve,760.3
3,tier1_check,96.0
3,judge,44.2
3,route,27.0
3,retrieve,1099.0
3,tier1_check,168.4
3,judge,75.2
3,route,36.3
3,retrieve,1708.0
3,tier1_check,107.8
3,judge,2.8
3,route,20.6
3,retrieve,731.8
3,tier1_check,84.0
3,judge,54.7
3,route,21.6
3,retrieve,673.6
3,tier1_check,131.4
3,judge,69.6
3,route,22.4
3,retrieve,898.0
3,tier1_check,144.8
3,judge,2.8
3,route,24.2
3,retrieve,1012.0
3,tier1_check,146.9
3,judge,5.1
3,route,28.4
3,retrieve,1181.6
3,tier1_check,108.9
3,judge,3.1
3,route,25.9
3,retrieve,839.7
3,tier1_check,105.5
3,judge,2.7
3,route,30.5
3,retrieve,1183.4
3,tier1_check,198.5
3,judge,2.7
3,route,18.6
3,retrieve,536.8
3,tier1_check,91.2
3,judge,2.5
3,route,27.7
3,retrieve,1067.5
3,tier1_check,216.5
3,judge,146.3
3,route,31.2
3,retrieve,888.5
3,tier1_check,195.0
3,judge,113.6
3,route,36.9
3,retrieve,1143.4
3,tier1_check,130.4
3,judge,107.4
3,route,26.5
3,retrieve,1068.5
3,tier1_check,144.2
3,judge,123.2
3,route,24.7
3,retrieve,731.5
3,tier1_check,63.3
3,judge,2.3
3,route,23.4
3,retrieve,764.0
3,tier1_check,174.9
3,judge,145.8
3,route,51.0
3,retrieve,1070.4
3,tier1_check,162.4
3,judge,151.9
3,route,22.8
3,retrieve,768.4
3,tier1_check,96.7
3,judge,2.6
3,route,19.4
3,retrieve,625.5
3,tier1_check,202.8
3,judge,117.6
3,route,22.0
3,retrieve,916.5
3,tier1_check,197.6
3,judge,115.2
3,route,21.3
3,retrieve,619.1
3,tier1_check,142.7
3,judge,113.0
3,route,18.6
3,retrieve,599.1
3,tier1_check,235.5
3,judge,155.3
3,route,23.4
3,retrieve,632.0
3,tier1_check,232.2
3,judge,119.3
3,route,27.7
3,retrieve,1042.1
3,tier1_check,138.4
3,judge,2.6
3,route,19.2
3,retrieve,723.1
3,tier1_check,151.6
3,judge,2.4
3,route,22.8
3,retrieve,744.6
3,tier1_check,210.0
3,judge,114.0
3,route,21.0
3,retrieve,1249.6
3,tier1_check,187.3
3,judge,5.8
3,route,50.4
3,retrieve,1090.6
3,tier1_check,201.4
3,judge,4.3
3,route,31.9
3,retrieve,614.4
3,tier1_check,98.7
3,judge,3.7
3,route,25.1
3,retrieve,652.6
3,tier1_check,122.4
3,judge,93.4
3,route,23.1
3,retrieve,717.0
3,tier1_check,108.4
3,judge,90.4
3,route,32.1
3,retrieve,1076.0
3,tier1_check,185.7
3,judge,97.8
3,route,20.6
3,retrieve,670.4
3,tier1_check,310.1
3,judge,187.3
3,route,33.6
3,retrieve,621.6
3,tier1_check,195.5
3,judge,3.8
3,route,31.7
3,retrieve,698.2
3,tier1_check,223.2
3,judge,129.6
3,route,31.9
3,retrieve,1042.2
3,tier1_check,154.4
3,judge,3.2
3,route,23.5
3,retrieve,636.1
3,tier1_check,148.5
3,judge,72.5
3,route,24.0
3,retrieve,690.9
3,tier1_check,151.5
3,judge,75.1
3,route,21.7
3,retrieve,900.0
3,tier1_check,108.4
3,judge,5.2
3,route,25.1
3,retrieve,646.0
3,tier1_check,73.2
3,judge,33.4
3,route,23.4
3,retrieve,721.0
3,tier1_check,78.2
3,judge,60.3
3,route,19.8
3,retrieve,560.1
3,tier1_check,63.9
3,judge,48.4
3,route,29.2
3,retrieve,1265.4
3,tier1_check,181.8
3,judge,95.7
3,route,23.5
3,retrieve,953.5
3,tier1_check,94.2
3,judge,2.5
3,route,23.6
3,retrieve,1077.6
3,tier1_check,187.8
3,judge,112.0
3,route,31.8
3,retrieve,1229.5
3,tier1_check,169.9
3,judge,153.6
3,route,31.5
3,retrieve,724.2
3,tier1_check,144.4
3,judge,98.6
3,route,30.4
3,retrieve,597.6
3,tier1_check,157.3
3,judge,86.1
3,route,30.3
3,retrieve,943.3
3,tier1_check,117.7
3,judge,61.8
3,route,22.5
3,retrieve,766.4
3,tier1_check,279.8
3,judge,4.6
3,route,23.5
3,retrieve,770.9
3,tier1_check,199.7
3,judge,3.1
3,route,22.3
3,retrieve,778.9
3,tier1_check,113.6
3,judge,2.8
3,route,20.2
3,retrieve,778.1
3,tier1_check,91.4
3,judge,2.6
3,route,28.0
3,retrieve,1364.9
3,tier1_check,195.5
3,judge,108.0
3,route,28.2
3,retrieve,1379.1
3,tier1_check,175.5
3,judge,145.3
3,route,42.3
3,retrieve,1371.6
3,tier1_check,146.5
3,judge,3.7
3,route,27.5
3,retrieve,823.9
3,tier1_check,1.8
3,judge,2.0
3,route,29.5
3,retrieve,1130.7
3,tier1_check,126.0
3,judge,6.0
3,route,37.3
3,retrieve,1295.4
3,tier1_check,173.8
3,judge,6.5
3,route,32.6
3,retrieve,750.3
3,tier1_check,108.3
3,judge,3.4
3,route,26.4
3,retrieve,674.2
3,tier1_check,1.8
3,judge,1.7
3,route,30.4
3,retrieve,784.3
3,tier1_check,118.3
3,judge,3.7
3,route,26.3
3,retrieve,580.5
3,tier1_check,1.6
3,judge,1.7
3,route,25.5
3,retrieve,657.1
3,tier1_check,150.4
3,judge,3.9
3,route,32.3
3,retrieve,790.9
3,tier1_check,1.9
3,judge,1.6
3,route,19.6
3,retrieve,529.0
3,route,28.6
3,retrieve,549.2
3,route,48.1
3,retrieve,578.2
3,route,38.4
3,retrieve,825.7
3,tier1_check,105.1
3,judge,3.7
3,route,27.3
3,retrieve,953.1
3,tier1_check,2.1
3,judge,1.8
3,route,27.4
3,retrieve,697.8
3,route,23.7
3,retrieve,614.4
3,tier1_check,76.2
3,judge,2.5
3,route,21.4
3,retrieve,680.4
3,tier1_check,77.1
3,judge,2.7
3,route,20.9
3,retrieve,651.5
3,tier1_check,1.7
3,judge,1.4
3,route,20.0
3,retrieve,512.1
3,route,20.9
3,retrieve,543.3
3,route,43.0
3,retrieve,780.7
3,route,26.8
3,retrieve,717.9
3,tier1_check,1.7
3,judge,1.5
3,route,24.0
3,retrieve,752.4
3,tier1_check,101.3
3,judge,43.9
3,route,19.9
3,retrieve,584.4
3,tier1_check,1.4
3,judge,1.2
3,route,21.1
3,retrieve,589.8
3,route,24.5
3,retrieve,613.4
3,tier1_check,1.5
3,judge,1.2
3,route,21.7
3,retrieve,817.4
3,tier1_check,1.8
3,judge,1.5
3,route,20.0
3,retrieve,604.2
3,tier1_check,2.7
3,judge,2.9
3,route,50.7
3,retrieve,640.8
3,tier1_check,1.3
3,judge,1.2
3,route,22.3
3,retrieve,744.7
3,tier1_check,76.6
3,judge,2.9
3,route,19.5
3,retrieve,549.8
3,tier1_check,1.6
3,judge,1.3
3,route,23.5
3,retrieve,1031.4
3,tier1_check,103.9
3,judge,2.6
3,route,24.0
3,retrieve,889.1
3,tier1_check,64.7
3,judge,34.2
3,route,21.9
3,retrieve,752.5
3,tier1_check,1.7
3,judge,1.4
3,route,20.5
3,retrieve,683.7
3,tier1_check,1.6
3,judge,1.4
3,route,21.8
3,retrieve,748.6
3,tier1_check,88.8
3,judge,2.7
3,route,20.9
3,retrieve,579.7
3,route,24.8
3,retrieve,661.9
3,tier1_check,80.0
3,judge,50.8
3,route,26.3
3,retrieve,645.0
3,route,36.8
3,retrieve,637.6
3,tier1_check,106.6
3,judge,3.4
3,route,26.1
3,retrieve,567.2
3,tier1_check,98.3
3,judge,2.7
3,route,20.3
3,retrieve,557.7
3,route,27.8
3,retrieve,592.5
3,route,23.9
3,retrieve,621.4
3,tier1_check,1.8
3,judge,2.0
3,route,32.9
3,retrieve,714.4
3,tier1_check,81.2
3,judge,2.9
3,route,22.9
3,retrieve,653.3
3,tier1_check,1.5
3,judge,1.2
3,route,19.6
3,retrieve,547.3
3,tier1_check,1.3
3,judge,1.1
3,route,18.9
3,retrieve,523.7
3,tier1_check,1.3
3,judge,1.2
3,route,20.2
3,retrieve,557.4
3,route,25.7
3,retrieve,846.2
3,tier1_check,107.6
3,judge,2.8
3,route,23.0
3,retrieve,846.9
3,tier1_check,1.6
3,judge,1.4
3,route,23.0
3,retrieve,831.3
3,tier1_check,129.8
3,judge,4.9
3,route,33.0
3,retrieve,833.6
3,tier1_check,84.4
3,judge,2.9
3,route,23.0
3,retrieve,903.4
3,tier1_check,87.5
3,judge,2.6
3,route,25.3
3,retrieve,778.2
3,tier1_check,129.5
3,judge,2.9
3,route,25.5
3,retrieve,1120.9
3,tier1_check,108.0
3,judge,3.7
3,route,32.2
3,retrieve,766.3
3,tier1_check,2.4
3,judge,2.2
3,route,44.4
3,retrieve,815.7
3,tier1_check,103.4
3,judge,2.6
3,route,24.7
3,retrieve,899.9
3,tier1_check,2.0
3,judge,2.1
3,route,32.9
3,retrieve,984.5
3,tier1_check,2.1
3,judge,1.5
3,route,40.9
3,retrieve,971.3
3,tier1_check,2.5
3,judge,2.3
3,route,43.8
3,retrieve,1462.3
3,tier1_check,112.8
3,judge,4.1
3,route,25.3
3,retrieve,816.6
3,tier1_check,1.7
3,judge,1.5
3,route,31.8
3,retrieve,889.7
3,tier1_check,2.8
3,judge,2.5
3,route,30.6
3,retrieve,660.3
3,tier1_check,1.8
3,judge,1.8
3,route,24.1
3,retrieve,662.6
3,tier1_check,1.4
3,judge,1.3
3,route,22.9
3,retrieve,830.6
3,tier1_check,1.7
3,judge,1.5
3,route,26.1
3,retrieve,781.4
3,tier1_check,1.6
3,judge,1.3
3,route,28.1
3,retrieve,1057.4
3,tier1_check,105.5
3,judge,2.7
3,route,22.9
3,retrieve,852.5
3,tier1_check,116.2
3,judge,2.7
3,route,22.2
3,retrieve,646.7
3,tier1_check,1.9
3,judge,1.8
3,route,36.4
3,retrieve,1047.0
3,tier1_check,101.1
3,judge,2.5
3,route,22.8
3,retrieve,817.4
3,tier1_check,1.8
3,judge,1.7
3,route,26.0
3,retrieve,1269.2
3,tier1_check,1.8
3,judge,1.4
3,route,27.3
3,retrieve,1000.3
3,tier1_check,1.8
3,judge,1.5
3,route,20.8
3,retrieve,746.3
3,tier1_check,1.7
3,judge,1.4
3,route,25.0
3,retrieve,1049.7
3,tier1_check,123.3
3,judge,3.1
3,route,23.7
3,retrieve,899.8
3,tier1_check,1.8
3,judge,1.5
3,route,27.5
3,retrieve,797.3
3,tier1_check,2.0
3,judge,1.6
3,route,40.4
3,retrieve,1272.8
3,tier1_check,109.3
3,judge,2.7
3,route,25.4
3,retrieve,1071.9
3,tier1_check,1.8
3,judge,1.6
3,route,25.5
3,retrieve,894.9
3,tier1_check,2.8
3,judge,2.5
3,route,48.5
3,retrieve,855.0
3,tier1_check,179.7
3,judge,4.5
3,route,24.5
3,retrieve,961.1
3,tier1_check,107.4
3,judge,2.7
3,route,22.7
3,retrieve,829.5
3,tier1_check,100.5
3,judge,2.6
3,route,23.9
3,retrieve,726.6
3,tier1_check,103.7
3,judge,2.6
3,route,26.0
3,retrieve,981.7
3,tier1_check,1.7
3,judge,1.5
3,route,23.8
3,retrieve,923.8
3,tier1_check,91.0
3,judge,2.5
3,route,24.5
3,retrieve,1026.5
3,tier1_check,2.1
3,judge,2.1
3,route,37.0
3,retrieve,887.1
3,tier1_check,1.8
3,judge,1.3
3,route,29.3
3,retrieve,1220.6
3,tier1_check,116.4
3,judge,2.9
3,route,24.4
3,retrieve,763.5
3,tier1_check,1.6
3,judge,1.3
3,route,25.9
3,retrieve,1263.0
3,tier1_check,1.6
3,judge,1.4
3,route,26.7
3,retrieve,978.6
3,tier1_check,1.7
3,judge,1.4
3,route,25.0
3,retrieve,924.6
3,tier1_check,1.7
3,judge,1.5
3,route,23.0
3,retrieve,701.9
3,tier1_check,104.4
3,judge,2.5
3,route,35.7
3,retrieve,805.9
3,tier1_check,1.7
3,judge,1.4
3,route,19.3
3,retrieve,512.3
3,tier1_check,1.3
3,judge,1.1
3,route,24.3
3,retrieve,838.0
3,tier1_check,1.7
3,judge,1.4
3,route,22.5
3,retrieve,691.8
3,tier1_check,1.5
3,judge,1.2
3,route,31.3
3,retrieve,1621.0
3,tier1_check,173.4
3,judge,79.3
3,route,47.5
3,retrieve,1745.4
3,tier1_check,60.5
3,judge,35.9
3,route,29.9
3,retrieve,1249.8
3,tier1_check,91.0
3,judge,74.4
3,route,28.6
3,retrieve,1040.0
3,tier1_check,62.1
3,judge,36.1
3,route,24.7
3,retrieve,1002.6
3,tier1_check,68.9
3,judge,60.9
3,route,27.4
3,retrieve,1377.7
3,tier1_check,155.2
3,judge,86.1
3,route,28.0
3,retrieve,1316.4
3,tier1_check,100.2
3,judge,82.1
3,route,25.0
3,retrieve,925.4
3,tier1_check,54.0
3,judge,54.5
3,route,23.3
3,retrieve,995.8
3,tier1_check,43.6
3,judge,2.5
3,route,26.5
3,retrieve,923.3
3,tier1_check,50.2
3,judge,39.6
3,route,21.8
3,retrieve,854.6
3,tier1_check,41.9
3,judge,24.6
3,route,25.0
3,retrieve,1316.0
3,tier1_check,61.9
3,judge,38.7
3,route,27.0
3,retrieve,1551.0
3,tier1_check,58.4
3,judge,39.6
3,route,24.2
3,retrieve,1082.9
3,tier1_check,307.9
3,judge,166.6
3,route,34.8
3,retrieve,895.4
3,tier1_check,80.5
3,judge,63.6
3,route,27.8
3,retrieve,1302.0
3,tier1_check,106.5
3,judge,89.8
3,route,27.1
3,retrieve,1107.9
3,tier1_check,114.1
3,judge,49.4
3,route,26.9
3,retrieve,1070.5
3,tier1_check,292.9
3,judge,101.0
3,route,23.4
3,retrieve,1022.7
3,tier1_check,149.6
3,judge,113.6
3,route,25.1
3,retrieve,1035.7
3,tier1_check,88.3
3,judge,67.3
3,route,29.1
3,retrieve,903.6
3,tier1_check,181.5
3,judge,95.1
3,route,24.7
3,retrieve,743.5
3,tier1_check,55.5
3,judge,29.8
3,route,28.1
3,retrieve,1414.1
3,tier1_check,72.7
3,judge,91.0
3,route,42.1
3,retrieve,1327.8
3,tier1_check,210.6
3,judge,114.0
3,route,28.9
3,retrieve,1112.5
3,tier1_check,88.5
3,judge,59.4
3,route,33.3
3,retrieve,892.7
3,tier1_check,134.2
3,judge,114.8
3,route,28.9
3,retrieve,980.7
3,tier1_check,108.3
3,judge,43.2
3,route,35.3
3,retrieve,1163.3
3,tier1_check,130.0
3,judge,52.8
3,route,26.1
3,retrieve,1121.2
3,tier1_check,55.3
3,judge,37.9
3,route,32.5
3,retrieve,1821.7
3,tier1_check,101.5
3,judge,69.3
3,route,70.6
3,retrieve,3075.4
3,tier1_check,164.9
3,judge,86.6
3,route,38.4
3,retrieve,2712.6
3,tier1_check,63.2
3,judge,36.8
3,route,47.1
3,retrieve,2926.2
3,tier1_check,82.1
3,judge,63.5
3,route,33.6
3,retrieve,1279.0
3,tier1_check,232.8
3,judge,105.7
3,route,43.3
3,retrieve,1869.7
3,tier1_check,54.0
3,judge,54.4
3,route,51.7
3,retrieve,1836.8
3,tier1_check,82.6
3,judge,30.4
3,route,48.3
3,retrieve,1748.3
3,tier1_check,54.8
3,judge,2.5
3,route,32.7
3,retrieve,1461.8
3,tier1_check,220.7
3,judge,5.5
3,route,44.7
3,retrieve,1198.7
3,tier1_check,90.8
3,judge,49.4
3,route,46.4
3,retrieve,2374.5
3,tier1_check,218.0
3,judge,70.4
3,route,33.5
3,retrieve,1085.3
3,tier1_check,243.0
3,judge,83.7
3,route,31.5
3,retrieve,1344.6
3,tier1_check,164.1
3,judge,118.4
3,route,34.6
3,retrieve,1733.8
3,tier1_check,61.8
3,judge,45.8
3,route,30.4
3,retrieve,1288.9
3,tier1_check,56.1
3,judge,38.0
3,route,34.1
3,retrieve,1984.4
3,tier1_check,105.8
3,judge,79.7
3,route,48.7
3,retrieve,1248.4
3,tier1_check,171.1
3,judge,88.4
3,route,44.6
3,retrieve,1281.0
3,tier1_check,87.7
3,judge,38.8
3,route,33.1
3,retrieve,1500.6
3,tier1_check,85.4
3,judge,2.6
3,route,33.1
3,retrieve,1445.6
3,tier1_check,153.5
3,judge,133.1
3,route,45.3
3,retrieve,1286.0
3,tier1_check,91.0
3,judge,3.0
4,route,21.2
4,retrieve,665.7
4,tier1_check,91.2
4,judge,87.9
4,route,28.7
4,retrieve,831.6
4,tier1_check,97.5
4,judge,73.4
4,route,27.3
4,retrieve,1307.0
4,tier1_check,181.2
4,judge,2.6
4,route,35.6
4,retrieve,1671.3
4,tier1_check,243.3
4,judge,5.4
4,route,26.7
4,retrieve,795.2
4,tier1_check,102.6
4,judge,84.3
4,route,26.4
4,retrieve,1025.1
4,tier1_check,303.2
4,judge,172.4
4,route,45.9
4,retrieve,1630.0
4,tier1_check,202.4
4,judge,210.7
4,route,59.8
4,retrieve,2013.3
4,tier1_check,204.6
4,judge,116.6
4,route,23.6
4,retrieve,936.9
4,tier1_check,165.8
4,judge,74.0
4,route,24.6
4,retrieve,931.4
4,tier1_check,169.0
4,judge,86.4
4,route,26.4
4,retrieve,1187.4
4,tier1_check,148.0
4,judge,129.8
4,route,47.7
4,retrieve,1095.7
4,tier1_check,88.8
4,judge,73.0
4,route,23.3
4,retrieve,866.9
4,tier1_check,96.2
4,judge,71.9
4,route,26.5
4,retrieve,1081.2
4,tier1_check,113.6
4,judge,52.8
4,route,31.1
4,retrieve,1311.8
4,tier1_check,134.2
4,judge,113.7
4,route,24.1
4,retrieve,946.4
4,tier1_check,92.7
4,judge,42.3
4,route,38.3
4,retrieve,1302.9
4,tier1_check,171.4
4,judge,74.5
4,route,23.0
4,retrieve,1011.4
4,tier1_check,95.5
4,judge,2.6
4,route,28.2
4,retrieve,1151.6
4,tier1_check,162.3
4,judge,88.3
4,route,18.4
4,retrieve,748.3
4,tier1_check,102.6
4,judge,2.7
4,route,28.1
4,retrieve,1324.1
4,tier1_check,221.4
4,judge,6.4
4,route,30.2
4,retrieve,890.5
4,tier1_check,193.8
4,judge,109.8
4,route,35.0
4,retrieve,1601.8
4,tier1_check,132.0
4,judge,103.2
4,route,21.4
4,retrieve,923.9
4,tier1_check,142.3
4,judge,83.0
4,route,22.3
4,retrieve,944.7
4,tier1_check,146.4
4,judge,2.9
4,route,19.0
4,retrieve,755.1
4,tier1_check,169.7
4,judge,85.2
4,route,29.1
4,retrieve,1513.5
4,tier1_check,125.8
4,judge,2.9
4,route,25.1
4,retrieve,1011.4
4,tier1_check,166.0
4,judge,74.3
4,route,23.6
4,retrieve,871.8
4,tier1_check,172.8
4,judge,138.2
4,route,32.3
4,retrieve,1123.4
4,tier1_check,161.6
4,judge,74.0
4,route,33.0
4,retrieve,1650.2
4,tier1_check,89.2
4,judge,72.0
4,route,26.7
4,retrieve,1260.8
4,tier1_check,186.2
4,judge,2.9
4,route,24.4
4,retrieve,745.7
4,tier1_check,109.2
4,judge,2.3
4,route,25.8
4,retrieve,1098.4
4,tier1_check,202.0
4,judge,86.1
4,route,34.1
4,retrieve,1842.3
4,tier1_check,182.4
4,judge,2.8
4,route,21.2
4,retrieve,743.4
4,tier1_check,195.2
4,judge,104.3
4,route,23.2
4,retrieve,778.6
4,tier1_check,121.7
4,judge,103.6
4,route,24.7
4,retrieve,1095.3
4,tier1_check,154.4
4,judge,182.0
4,route,44.7
4,retrieve,1100.8
4,tier1_check,208.6
4,judge,112.9
4,route,22.6
4,retrieve,694.3
4,tier1_check,135.0
4,judge,59.3
4,route,21.7
4,retrieve,759.5
4,tier1_check,78.0
4,judge,35.8
4,route,22.2
4,retrieve,694.5
4,tier1_check,70.2
4,judge,71.5
4,route,20.7
4,retrieve,781.3
4,tier1_check,199.8
4,judge,105.4
4,route,20.3
4,retrieve,722.4
4,tier1_check,193.6
4,judge,106.6
4,route,21.6
4,retrieve,694.0
4,tier1_check,140.2
4,judge,101.8
4,route,32.0
4,retrieve,1619.7
4,tier1_check,204.1
4,judge,104.2
4,route,22.7
4,retrieve,732.7
4,tier1_check,212.4
4,judge,109.0
4,route,20.0
4,retrieve,620.5
4,tier1_check,211.1
4,judge,109.4
4,route,19.1
4,retrieve,706.1
4,tier1_check,213.9
4,judge,140.4
4,route,37.9
4,retrieve,1243.9
4,tier1_check,134.6
4,judge,109.5
4,route,22.6
4,retrieve,715.2
4,tier1_check,130.4
4,judge,103.5
4,route,23.5
4,retrieve,723.1
4,tier1_check,183.6
4,judge,108.5
4,route,23.9
4,retrieve,718.3
4,tier1_check,129.2
4,judge,2.7
4,route,33.1
4,retrieve,1289.4
4,tier1_check,195.5
4,judge,3.8
4,route,24.3
4,retrieve,818.8
4,tier1_check,111.3
4,judge,86.2
4,route,21.6
4,retrieve,587.6
4,tier1_check,118.4
4,judge,90.3
4,route,21.5
4,retrieve,633.3
4,tier1_check,105.3
4,judge,89.8
4,route,28.0
4,retrieve,797.2
4,tier1_check,104.5
4,judge,89.8
4,route,37.0
4,retrieve,901.0
4,tier1_check,151.9
4,judge,72.0
4,route,30.2
4,retrieve,1190.7
4,tier1_check,246.1
4,judge,100.1
4,route,63.5
4,retrieve,1746.1
4,tier1_check,93.0
4,judge,4.1
4,route,46.2
4,retrieve,2015.7
4,tier1_check,78.1
4,judge,2.7
4,route,23.1
4,retrieve,867.9
4,tier1_check,110.0
4,judge,47.6
4,route,23.6
4,retrieve,1188.8
4,tier1_check,103.8
4,judge,2.8
4,route,25.8
4,retrieve,1143.2
4,tier1_check,61.1
4,judge,31.7
4,route,31.8
4,retrieve,1617.9
4,tier1_check,66.9
4,judge,47.3
4,route,21.9
4,retrieve,913.1
4,tier1_check,101.6
4,judge,85.4
4,route,22.1
4,retrieve,884.4
4,tier1_check,105.7
4,judge,84.0
4,route,22.5
4,retrieve,955.6
4,tier1_check,77.8
4,judge,59.8
4,route,25.7
4,retrieve,848.7
4,tier1_check,121.2
4,judge,91.8
4,route,19.9
4,retrieve,728.3
4,tier1_check,110.2
4,judge,2.6
4,route,24.3
4,retrieve,1046.8
4,tier1_check,111.1
4,judge,98.5
4,route,35.2
4,retrieve,1409.4
4,tier1_check,129.7
4,judge,6.1
4,route,33.1
4,retrieve,928.6
4,tier1_check,202.5
4,judge,2.7
4,route,20.1
4,retrieve,782.2
4,tier1_check,200.2
4,judge,124.4
4,route,25.1
4,retrieve,845.2
4,tier1_check,208.6
4,judge,7.4
4,route,48.7
4,retrieve,1459.9
4,tier1_check,146.8
4,judge,3.7
4,route,31.7
4,retrieve,818.2
4,tier1_check,116.4
4,judge,2.8
4,route,42.8
4,retrieve,1419.5
4,tier1_check,177.9
4,judge,2.9
4,route,24.7
4,retrieve,800.0
4,tier1_check,94.2
4,judge,79.1
4,route,36.4
4,retrieve,1844.1
4,tier1_check,104.9
4,judge,2.7
4,route,24.3
4,retrieve,1114.3
4,tier1_check,92.1
4,judge,49.8
4,route,23.2
4,retrieve,760.2
4,tier1_check,136.1
4,judge,54.6
4,route,22.3
4,retrieve,797.4
4,tier1_check,83.2
4,judge,2.7
4,route,34.4
4,retrieve,1243.8
4,tier1_check,81.3
4,judge,2.6
4,route,26.0
4,retrieve,1189.1
4,tier1_check,95.5
4,judge,79.1
4,route,25.5
4,retrieve,769.0
4,tier1_check,176.2
4,judge,83.1
4,route,24.0
4,retrieve,747.5
4,tier1_check,284.4
4,judge,159.2
4,route,69.2
4,retrieve,1799.9
4,tier1_check,179.1
4,judge,3.4
4,route,28.6
4,retrieve,1054.1
4,tier1_check,94.8
4,judge,79.2
4,route,26.0
4,retrieve,866.3
4,tier1_check,136.6
4,judge,2.6
4,route,24.7
4,retrieve,763.2
4,tier1_check,128.3
4,judge,2.4
4,route,23.8
4,retrieve,859.5
4,tier1_check,140.8
4,judge,73.6
4,route,25.1
4,retrieve,722.2
4,tier1_check,167.8
4,judge,74.8
4,route,26.2
4,retrieve,1008.4
4,tier1_check,161.1
4,judge,74.5
4,route,35.0
4,retrieve,1671.6
4,tier1_check,90.1
4,judge,2.5
4,route,20.2
4,retrieve,725.6
4,tier1_check,75.1
4,judge,40.0
4,route,20.1
4,retrieve,712.7
4,tier1_check,114.9
4,judge,49.8
4,route,33.7
4,retrieve,1107.1
4,tier1_check,127.4
4,judge,2.8
4,route,25.1
4,retrieve,1014.1
4,tier1_check,168.8
4,judge,4.9
4,route,35.0
4,retrieve,1148.4
4,tier1_check,106.0
4,judge,2.7
4,route,24.6
4,retrieve,880.8
4,tier1_check,119.1
4,judge,2.5
4,route,30.3
4,retrieve,1137.7
4,tier1_check,109.7
4,judge,2.8
4,route,19.9
4,retrieve,553.5
4,tier1_check,185.2
4,judge,107.4
4,route,27.2
4,retrieve,1058.1
4,tier1_check,198.5
4,judge,111.9
4,route,23.1
4,retrieve,849.8
4,tier1_check,136.5
4,judge,94.7
4,route,36.7
4,retrieve,1132.5
4,tier1_check,148.9
4,judge,109.3
4,route,26.1
4,retrieve,1061.5
4,tier1_check,163.7
4,judge,5.5
4,route,39.0
4,retrieve,795.0
4,tier1_check,230.7
4,judge,123.7
4,route,23.2
4,retrieve,750.0
4,tier1_check,145.5
4,judge,120.5
4,route,32.5
4,retrieve,1031.2
4,tier1_check,140.4
4,judge,120.7
4,route,21.9
4,retrieve,705.3
4,tier1_check,130.6
4,judge,110.9
4,route,31.1
4,retrieve,665.1
4,tier1_check,194.2
4,judge,137.5
4,route,22.9
4,retrieve,939.7
4,tier1_check,145.8
4,judge,103.0
4,route,22.3
4,retrieve,624.2
4,tier1_check,151.3
4,judge,115.7
4,route,18.1
4,retrieve,592.2
4,tier1_check,262.8
4,judge,119.8
4,route,22.8
4,retrieve,624.8
4,tier1_check,307.9
4,judge,120.9
4,route,28.2
4,retrieve,1056.4
4,tier1_check,156.9
4,judge,3.1
4,route,19.4
4,retrieve,697.9
4,tier1_check,120.3
4,judge,4.3
4,route,33.5
4,retrieve,694.9
4,tier1_check,139.4
4,judge,113.5
4,route,21.5
4,retrieve,967.3
4,tier1_check,271.5
4,judge,6.4
4,route,38.9
4,retrieve,1032.9
4,tier1_check,73.6
4,judge,2.7
4,route,21.0
4,retrieve,615.8
4,tier1_check,168.2
4,judge,98.5
4,route,21.5
4,retrieve,688.5
4,tier1_check,129.2
4,judge,2.5
4,route,23.3
4,retrieve,720.8
4,tier1_check,265.8
4,judge,99.8
4,route,32.0
4,retrieve,1074.4
4,tier1_check,176.9
4,judge,146.1
4,route,28.5
4,retrieve,704.3
4,tier1_check,212.2
4,judge,116.6
4,route,21.1
4,retrieve,619.3
4,tier1_check,206.9
4,judge,116.6
4,route,20.3
4,retrieve,690.1
4,tier1_check,149.3
4,judge,117.1
4,route,30.7
4,retrieve,1010.0
4,tier1_check,351.0
4,judge,143.2
4,route,23.7
4,retrieve,652.1
4,tier1_check,171.3
4,judge,72.4
4,route,23.6
4,retrieve,699.5
4,tier1_check,170.1
4,judge,70.8
4,route,21.5
4,retrieve,871.4
4,tier1_check,162.9
4,judge,2.7
4,route,18.5
4,retrieve,729.4
4,tier1_check,64.0
4,judge,49.4
4,route,23.1
4,retrieve,743.8
4,tier1_check,62.4
4,judge,60.3
4,route,18.8
4,retrieve,567.8
4,tier1_check,60.9
4,judge,47.7
4,route,27.7
4,retrieve,1246.6
4,tier1_check,114.2
4,judge,89.5
4,route,24.1
4,retrieve,1005.3
4,tier1_check,93.6
4,judge,2.6
4,route,23.4
4,retrieve,973.0
4,tier1_check,107.8
4,judge,104.4
4,route,31.5
4,retrieve,1117.1
4,tier1_check,177.3
4,judge,96.3
4,route,19.4
4,retrieve,584.0
4,tier1_check,76.7
4,judge,73.8
4,route,21.0
4,retrieve,615.2
4,tier1_check,143.6
4,judge,63.3
4,route,22.3
4,retrieve,780.7
4,tier1_check,85.1
4,judge,70.9
4,route,21.4
4,retrieve,649.7
4,tier1_check,113.0
4,judge,2.6
4,route,22.3
4,retrieve,714.2
4,tier1_check,180.0
4,judge,2.6
4,route,21.3
4,retrieve,660.5
4,tier1_check,181.1
4,judge,2.4
4,route,19.0
4,retrieve,667.6
4,tier1_check,144.2
4,judge,2.5
4,route,31.8
4,retrieve,1334.4
4,tier1_check,291.3
4,judge,175.0
4,route,43.6
4,retrieve,1331.8
4,tier1_check,101.4
4,judge,2.6
4,route,29.8
4,retrieve,1342.6
4,tier1_check,93.8
4,judge,2.3
4,route,19.1
4,retrieve,611.5
4,tier1_check,83.6
4,judge,47.3
4,route,19.7
4,retrieve,1025.0
4,tier1_check,157.2
4,judge,3.7
4,route,32.1
4,retrieve,794.1
4,tier1_check,82.2
4,judge,3.0
4,route,20.0
4,retrieve,643.5
4,tier1_check,68.1
4,judge,2.4
4,route,20.6
4,retrieve,584.2
4,tier1_check,80.7
4,judge,2.4
4,route,21.2
4,retrieve,783.4
4,tier1_check,108.9
4,judge,2.8
4,route,20.4
4,retrieve,570.7
4,tier1_check,1.7
4,judge,1.4
4,route,20.1
4,retrieve,653.7
4,tier1_check,70.7
4,judge,2.7
4,route,20.8
4,retrieve,741.9
4,tier1_check,1.7
4,judge,1.4
4,route,18.9
4,retrieve,499.9
4,route,21.3
4,retrieve,484.9
4,route,22.5
4,retrieve,573.5
4,route,35.0
4,retrieve,787.7
4,tier1_check,69.5
4,judge,2.6
4,route,24.0
4,retrieve,883.7
4,tier1_check,80.0
4,judge,2.6
4,route,24.4
4,retrieve,625.4
4,route,22.1
4,retrieve,565.8
4,tier1_check,94.3
4,judge,2.5
4,route,20.6
4,retrieve,654.3
4,tier1_check,1.7
4,judge,1.5
4,route,21.2
4,retrieve,622.4
4,tier1_check,110.9
4,judge,2.7
4,route,18.6
4,retrieve,493.0
4,route,20.2
4,retrieve,452.5
4,route,41.7
4,retrieve,854.1
4,route,20.9
4,retrieve,684.2
4,tier1_check,1.7
4,judge,1.5
4,route,36.6
4,retrieve,729.4
4,tier1_check,1.7
4,judge,1.4
4,route,19.5
4,retrieve,549.4
4,tier1_check,1.5
4,judge,1.3
4,route,20.5
4,retrieve,565.5
4,route,24.1
4,retrieve,747.4
4,tier1_check,90.7
4,judge,3.6
4,route,27.2
4,retrieve,847.7
4,tier1_check,1.9
4,judge,1.5
4,route,19.9
4,retrieve,567.3
4,tier1_check,1.4
4,judge,1.2
4,route,21.4
4,retrieve,623.5
4,tier1_check,1.9
4,judge,1.9
4,route,33.3
4,retrieve,740.0
4,tier1_check,79.2
4,judge,2.8
4,route,19.1
4,retrieve,520.4
4,tier1_check,84.1
4,judge,2.3
4,route,22.7
4,retrieve,936.6
4,tier1_check,73.6
4,judge,2.4
4,route,23.2
4,retrieve,835.5
4,tier1_check,1.7
4,judge,1.5
4,route,22.5
4,retrieve,729.0
4,tier1_check,1.8
4,judge,1.4
4,route,20.4
4,retrieve,690.6
4,tier1_check,74.7
4,judge,2.8
4,route,22.5
4,retrieve,662.6
4,tier1_check,111.9
4,judge,4.3
4,route,21.3
4,retrieve,687.2
4,route,24.5
4,retrieve,656.2
4,tier1_check,1.7
4,judge,1.5
4,route,22.4
4,retrieve,634.0
4,route,23.6
4,retrieve,587.1
4,tier1_check,1.2
4,judge,1.2
4,route,18.2
4,retrieve,513.1
4,tier1_check,68.3
4,judge,2.5
4,route,20.1
4,retrieve,565.5
4,route,29.8
4,retrieve,576.1
4,route,23.0
4,retrieve,598.4
4,tier1_check,1.6
4,judge,1.2
4,route,21.1
4,retrieve,683.6
4,tier1_check,1.7
4,judge,1.4
4,route,72.7
4,retrieve,836.7
4,tier1_check,1.7
4,judge,1.9
4,route,27.4
4,retrieve,545.2
4,tier1_check,1.5
4,judge,1.7
4,route,24.5
4,retrieve,530.1
4,tier1_check,1.2
4,judge,1.5
4,route,26.7
4,retrieve,536.6
4,route,31.5
4,retrieve,776.0
4,tier1_check,2.5
4,judge,1.7
4,route,23.9
4,retrieve,866.8
4,tier1_check,1.6
4,judge,1.4
4,route,22.5
4,retrieve,836.0
4,tier1_check,109.9
4,judge,2.9
4,route,23.8
4,retrieve,786.3
4,tier1_check,1.8
4,judge,1.5
4,route,23.1
4,retrieve,930.1
4,tier1_check,90.9
4,judge,2.6
4,route,25.8
4,retrieve,860.6
4,tier1_check,123.4
4,judge,2.7
4,route,24.9
4,retrieve,1122.0
4,tier1_check,113.5
4,judge,2.7
4,route,23.5
4,retrieve,717.3
4,tier1_check,1.5
4,judge,1.3
4,route,25.8
4,retrieve,758.3
4,tier1_check,111.9
4,judge,2.5
4,route,24.0
4,retrieve,801.0
4,tier1_check,101.2
4,judge,2.7
4,route,23.0
4,retrieve,970.6
4,tier1_check,2.5
4,judge,2.1
4,route,26.4
4,retrieve,946.5
4,tier1_check,1.8
4,judge,1.5
4,route,26.6
4,retrieve,1411.0
4,tier1_check,1.7
4,judge,1.5
4,route,24.0
4,retrieve,752.6
4,tier1_check,126.8
4,judge,3.1
4,route,34.3
4,retrieve,917.9
4,tier1_check,2.2
4,judge,1.9
4,route,26.6
4,retrieve,619.0
4,tier1_check,1.8
4,judge,1.7
4,route,27.0
4,retrieve,660.3
4,tier1_check,2.4
4,judge,2.7
4,route,52.7
4,retrieve,829.0
4,tier1_check,104.5
4,judge,2.7
4,route,26.1
4,retrieve,761.7
4,tier1_check,176.3
4,judge,4.8
4,route,42.3
4,retrieve,1074.3
4,tier1_check,1.9
4,judge,1.5
4,route,23.0
4,retrieve,841.4
4,tier1_check,1.7
4,judge,1.4
4,route,22.4
4,retrieve,630.8
4,tier1_check,1.4
4,judge,1.2
4,route,24.6
4,retrieve,790.3
4,tier1_check,1.4
4,judge,1.1
4,route,21.4
4,retrieve,843.3
4,tier1_check,101.7
4,judge,2.7
4,route,25.8
4,retrieve,1231.8
4,tier1_check,109.6
4,judge,2.7
4,route,27.5
4,retrieve,987.8
4,tier1_check,1.8
4,judge,1.4
4,route,20.8
4,retrieve,736.4
4,tier1_check,1.7
4,judge,1.4
4,route,24.9
4,retrieve,1060.9
4,tier1_check,1.7
4,judge,1.4
4,route,23.8
4,retrieve,926.3
4,tier1_check,132.6
4,judge,4.7
4,route,27.9
4,retrieve,826.7
4,tier1_check,1.5
4,judge,1.8
4,route,36.5
4,retrieve,1274.1
4,tier1_check,2.3
4,judge,1.9
4,route,33.4
4,retrieve,1055.4
4,tier1_check,2.0
4,judge,1.8
4,route,36.1
4,retrieve,827.0
4,tier1_check,154.9
4,judge,3.0
4,route,26.6
4,retrieve,794.1
4,tier1_check,146.7
4,judge,3.4
4,route,32.0
4,retrieve,974.2
4,tier1_check,143.4
4,judge,3.3
4,route,27.9
4,retrieve,821.0
4,tier1_check,2.0
4,judge,1.9
4,route,33.8
4,retrieve,726.8
4,tier1_check,101.4
4,judge,2.7
4,route,26.7
4,retrieve,978.1
4,tier1_check,1.9
4,judge,1.5
4,route,24.5
4,retrieve,891.9
4,tier1_check,1.7
4,judge,1.4
4,route,24.5
4,retrieve,982.5
4,tier1_check,111.9
4,judge,2.7
4,route,24.2
4,retrieve,866.6
4,tier1_check,104.7
4,judge,33.2
4,route,28.9
4,retrieve,1459.1
4,tier1_check,106.1
4,judge,2.9
4,route,24.9
4,retrieve,915.1
4,tier1_check,222.5
4,judge,6.3
4,route,54.1
4,retrieve,1331.6
4,tier1_check,2.2
4,judge,2.2
4,route,32.9
4,retrieve,942.6
4,tier1_check,88.3
4,judge,3.0
4,route,26.2
4,retrieve,908.4
4,tier1_check,109.6
4,judge,6.2
4,route,56.8
4,retrieve,750.3
4,tier1_check,107.0
4,judge,2.7
4,route,31.6
4,retrieve,842.6
4,tier1_check,90.9
4,judge,2.9
4,route,19.2
4,retrieve,542.1
4,tier1_check,1.3
4,judge,1.2
4,route,25.0
4,retrieve,840.1
4,tier1_check,1.8
4,judge,1.6
4,route,23.3
4,retrieve,715.6
4,tier1_check,1.6
4,judge,1.4
4,route,32.9
4,retrieve,1621.7
4,tier1_check,215.7
4,judge,180.6
4,route,47.0
4,retrieve,1149.5
4,tier1_check,60.7
4,judge,36.3
4,route,29.8
4,retrieve,1247.2
4,tier1_check,56.4
4,judge,71.2
4,route,28.3
4,retrieve,1043.8
4,tier1_check,62.6
4,judge,36.3
4,route,24.6
4,retrieve,1289.6
4,tier1_check,54.7
4,judge,54.8
4,route,27.1
4,retrieve,1307.1
4,tier1_check,156.0
4,judge,85.0
4,route,31.8
4,retrieve,1265.2
4,tier1_check,52.1
4,judge,31.1
4,route,25.3
4,retrieve,932.1
4,tier1_check,90.3
4,judge,73.0
4,route,35.0
4,retrieve,1030.5
4,tier1_check,191.2
4,judge,2.8
4,route,26.4
4,retrieve,942.7
4,tier1_check,124.3
4,judge,98.7
4,route,48.0
4,retrieve,889.2
4,tier1_check,42.4
4,judge,24.8
4,route,26.1
4,retrieve,1356.7
4,tier1_check,199.9
4,judge,105.9
4,route,26.4
4,retrieve,1195.4
4,tier1_check,57.8
4,judge,39.8
4,route,24.7
4,retrieve,966.1
4,tier1_check,148.3
4,judge,109.7
4,route,24.2
4,retrieve,789.1
4,tier1_check,55.8
4,judge,58.7
4,route,43.2
4,retrieve,1427.7
4,tier1_check,148.5
4,judge,67.9
4,route,25.4
4,retrieve,1080.6
4,tier1_check,118.4
4,judge,50.0
4,route,26.2
4,retrieve,1063.8
4,tier1_check,54.1
4,judge,2.6
4,route,22.5
4,retrieve,968.2
4,tier1_check,198.4
4,judge,198.7
4,route,37.9
4,retrieve,1022.5
4,tier1_check,49.4
4,judge,29.1
4,route,28.5
4,retrieve,919.6
4,tier1_check,62.2
4,judge,67.9
4,route,25.2
4,retrieve,748.3
4,tier1_check,55.2
4,judge,35.5
4,route,28.0
4,retrieve,1245.4
4,tier1_check,52.9
4,judge,28.2
4,route,28.4
4,retrieve,1182.9
4,tier1_check,231.1
4,judge,111.1
4,route,28.6
4,retrieve,1116.4
4,tier1_check,221.4
4,judge,122.4
4,route,24.8
4,retrieve,859.6
4,tier1_check,129.8
4,judge,112.9
4,route,27.9
4,retrieve,1046.7
4,tier1_check,78.1
4,judge,42.1
4,route,25.2
4,retrieve,867.9
4,tier1_check,52.5
4,judge,39.5
4,route,25.9
4,retrieve,1032.6
4,tier1_check,54.8
4,judge,37.0
4,route,32.4
4,retrieve,1805.8
4,tier1_check,66.9
4,judge,46.0
4,route,46.8
4,retrieve,3005.1
4,tier1_check,98.9
4,judge,166.1
4,route,58.1
4,retrieve,2609.3
4,tier1_check,102.8
4,judge,82.4
4,route,44.3
4,retrieve,2832.4
4,tier1_check,91.8
4,judge,61.6
4,route,43.1
4,retrieve,1253.5
4,tier1_check,86.6
4,judge,71.0
4,route,48.6
4,retrieve,1956.0
4,tier1_check,85.8
4,judge,59.9
4,route,37.9
4,retrieve,1738.2
4,tier1_check,81.1
4,judge,29.3
4,route,47.8
4,retrieve,1759.2
4,tier1_check,129.4
4,judge,3.1
4,route,32.6
4,retrieve,1426.8
4,tier1_check,90.3
4,judge,2.3
4,route,31.5
4,retrieve,1147.2
4,tier1_check,198.0
4,judge,115.1
4,route,43.2
4,retrieve,2288.4
4,tier1_check,64.4
4,judge,54.5
4,route,33.1
4,retrieve,1012.2
4,tier1_check,101.0
4,judge,65.0
4,route,66.8
4,retrieve,1329.0
4,tier1_check,117.9
4,judge,72.3
4,route,41.9
4,retrieve,1710.3
4,tier1_check,71.8
4,judge,2.8
4,route,38.0
4,retrieve,1325.6
4,tier1_check,74.0
4,judge,49.4
4,route,40.4
4,retrieve,1888.2
4,tier1_check,65.1
4,judge,44.8
4,route,31.5
4,retrieve,1145.7
4,tier1_check,112.1
4,judge,49.0
4,route,30.6
4,retrieve,1097.6
4,tier1_check,85.9
4,judge,40.1
4,route,36.2
4,retrieve,1436.8
4,tier1_check,98.6
4,judge,2.8
4,route,33.4
4,retrieve,1402.9
4,tier1_check,60.9
4,judge,32.5
4,route,31.0
4,retrieve,1225.3
4,tier1_check,180.6
4,judge,2.8
5,route,19.0
5,retrieve,708.1
5,tier1_check,189.5
5,judge,201.0
5,route,63.7
5,retrieve,893.1
5,tier1_check,89.9
5,judge,74.9
5,route,27.7
5,retrieve,1325.3
5,tier1_check,91.7
5,judge,2.4
5,route,33.7
5,retrieve,1623.3
5,tier1_check,178.5
5,judge,2.4
5,route,20.2
5,retrieve,763.7
5,tier1_check,222.5
5,judge,119.9
5,route,25.5
5,retrieve,971.2
5,tier1_check,132.3
5,judge,100.7
5,route,31.0
5,retrieve,1522.1
5,tier1_check,211.4
5,judge,119.0
5,route,38.5
5,retrieve,1964.4
5,tier1_check,133.9
5,judge,113.6
5,route,24.2
5,retrieve,996.5
5,tier1_check,232.1
5,judge,80.2
5,route,38.9
5,retrieve,985.6
5,tier1_check,167.0
5,judge,74.2
5,route,26.2
5,retrieve,1251.1
5,tier1_check,88.6
5,judge,71.7
5,route,27.5
5,retrieve,1090.9
5,tier1_check,89.3
5,judge,73.6
5,route,23.6
5,retrieve,849.6
5,tier1_check,186.7
5,judge,86.1
5,route,25.3
5,retrieve,1040.7
5,tier1_check,187.0
5,judge,85.9
5,route,30.0
5,retrieve,1328.7
5,tier1_check,100.9
5,judge,83.2
5,route,23.1
5,retrieve,897.2
5,tier1_check,88.9
5,judge,72.7
5,route,26.0
5,retrieve,1237.5
5,tier1_check,87.0
5,judge,70.0
5,route,22.5
5,retrieve,936.5
5,tier1_check,94.6
5,judge,43.0
5,route,26.9
5,retrieve,1148.3
5,tier1_check,86.9
5,judge,70.9
5,route,19.1
5,retrieve,715.7
5,tier1_check,100.6
5,judge,2.5
5,route,27.5
5,retrieve,1316.4
5,tier1_check,174.1
5,judge,4.4
5,route,31.0
5,retrieve,884.5
5,tier1_check,143.9
5,judge,103.4
5,route,35.5
5,retrieve,1663.1
5,tier1_check,205.3
5,judge,150.1
5,route,23.4
5,retrieve,937.0
5,tier1_check,146.3
5,judge,86.3
5,route,22.2
5,retrieve,940.1
5,tier1_check,154.7
5,judge,2.7
5,route,18.4
5,retrieve,750.7
5,tier1_check,274.0
5,judge,149.3
5,route,48.9
5,retrieve,1580.2
5,tier1_check,117.2
5,judge,31.5
5,route,28.1
5,retrieve,1202.3
5,tier1_check,100.3
5,judge,53.4
5,route,23.4
5,retrieve,753.7
5,tier1_check,90.8
5,judge,73.4
5,route,28.2
5,retrieve,1127.0
5,tier1_check,90.1
5,judge,84.4
5,route,35.1
5,retrieve,1598.3
5,tier1_check,128.1
5,judge,105.6
5,route,26.5
5,retrieve,1286.6
5,tier1_check,120.3
5,judge,3.2
5,route,21.5
5,retrieve,747.8
5,tier1_check,191.7
5,judge,2.8
5,route,26.8
5,retrieve,1098.4
5,tier1_check,229.2
5,judge,120.8
5,route,40.1
5,retrieve,1814.5
5,tier1_check,111.4
5,judge,2.6
5,route,22.4
5,retrieve,739.4
5,tier1_check,150.9
5,judge,199.8
5,route,37.7
5,retrieve,993.6
5,tier1_check,137.8
5,judge,118.1
5,route,25.2
5,retrieve,816.4
5,tier1_check,122.5
5,judge,103.3
5,route,31.1
5,retrieve,1102.4
5,tier1_check,200.2
5,judge,103.5
5,route,21.4
5,retrieve,664.4
5,tier1_check,106.4
5,judge,89.5
5,route,21.8
5,retrieve,748.3
5,tier1_check,130.3
5,judge,72.8
5,route,23.0
5,retrieve,781.6
5,tier1_check,200.3
5,judge,62.0
5,route,22.1
5,retrieve,744.8
5,tier1_check,203.6
5,judge,116.4
5,route,21.4
5,retrieve,749.2
5,tier1_check,127.0
5,judge,105.4
5,route,21.7
5,retrieve,717.1
5,tier1_check,159.3
5,judge,107.5
5,route,33.0
5,retrieve,1578.8
5,tier1_check,134.5
5,judge,2.8
5,route,23.7
5,retrieve,770.7
5,tier1_check,160.9
5,judge,3.2
5,route,21.9
5,retrieve,660.0
5,tier1_check,78.6
5,judge,2.8
5,route,20.4
5,retrieve,710.0
5,tier1_check,142.6
5,judge,108.7
5,route,35.7
5,retrieve,1202.3
5,tier1_check,131.3
5,judge,109.1
5,route,22.4
5,retrieve,693.8
5,tier1_check,129.9
5,judge,115.2
5,route,23.7
5,retrieve,626.4
5,tier1_check,127.7
5,judge,109.1
5,route,37.8
5,retrieve,722.0
5,tier1_check,283.9
5,judge,5.3
5,route,37.5
5,retrieve,1238.7
5,tier1_check,206.9
5,judge,109.3
5,route,23.5
5,retrieve,817.7
5,tier1_check,106.6
5,judge,89.5
5,route,21.1
5,retrieve,559.8
5,tier1_check,104.9
5,judge,81.9
5,route,36.1
5,retrieve,625.1
5,tier1_check,178.1
5,judge,94.3
5,route,27.1
5,retrieve,828.3
5,tier1_check,105.8
5,judge,89.5
5,route,35.0
5,retrieve,944.9
5,tier1_check,95.7
5,judge,38.4
5,route,24.4
5,retrieve,1056.9
5,tier1_check,77.9
5,judge,60.8
5,route,27.8
5,retrieve,1692.2
5,tier1_check,83.6
5,judge,2.7
5,route,35.5
5,retrieve,1993.8
5,tier1_check,106.0
5,judge,4.8
5,route,29.9
5,retrieve,1054.5
5,tier1_check,62.5
5,judge,47.1
5,route,24.4
5,retrieve,1130.0
5,tier1_check,194.6
5,judge,2.5
5,route,24.9
5,retrieve,1102.6
5,tier1_check,125.5
5,judge,48.5
5,route,31.5
5,retrieve,1589.8
5,tier1_check,62.7
5,judge,47.5
5,route,22.0
5,retrieve,951.7
5,tier1_check,114.2
5,judge,86.7
5,route,23.5
5,retrieve,981.8
5,tier1_check,102.7
5,judge,84.2
5,route,23.5
5,retrieve,877.9
5,tier1_check,163.9
5,judge,86.3
5,route,24.2
5,retrieve,822.3
5,tier1_check,113.8
5,judge,94.8
5,route,20.7
5,retrieve,779.4
5,tier1_check,158.3
5,judge,3.8
5,route,33.1
5,retrieve,1053.6
5,tier1_check,128.6
5,judge,122.5
5,route,54.1
5,retrieve,1440.4
5,tier1_check,102.6
5,judge,2.8
5,route,22.6
5,retrieve,896.6
5,tier1_check,131.9
5,judge,2.7
5,route,20.4
5,retrieve,777.2
5,tier1_check,207.0
5,judge,112.8
5,route,20.6
5,retrieve,837.5
5,tier1_check,224.7
5,judge,113.8
5,route,33.6
5,retrieve,1410.8
5,tier1_check,187.1
5,judge,3.1
5,route,23.0
5,retrieve,850.2
5,tier1_check,94.1
5,judge,78.3
5,route,26.3
5,retrieve,1133.0
5,tier1_check,94.3
5,judge,2.7
5,route,25.1
5,retrieve,816.3
5,tier1_check,172.1
5,judge,81.6
5,route,35.6
5,retrieve,1817.6
5,tier1_check,157.3
5,judge,6.3
5,route,38.5
5,retrieve,1225.0
5,tier1_check,162.9
5,judge,69.9
5,route,23.7
5,retrieve,739.1
5,tier1_check,98.2
5,judge,66.6
5,route,22.7
5,retrieve,766.6
5,tier1_check,154.0
5,judge,2.6
5,route,37.4
5,retrieve,1263.8
5,tier1_check,87.5
5,judge,3.3
5,route,33.1
5,retrieve,957.4
5,tier1_check,92.4
5,judge,85.1
5,route,41.4
5,retrieve,834.4
5,tier1_check,96.0
5,judge,78.1
5,route,25.3
5,retrieve,748.5
5,tier1_check,96.3
5,judge,78.6
5,route,37.2
5,retrieve,1733.3
5,tier1_check,131.7
5,judge,2.8
5,route,28.2
5,retrieve,1015.7
5,tier1_check,120.7
5,judge,51.5
5,route,26.2
5,retrieve,779.2
5,tier1_check,94.0
5,judge,106.5
5,route,38.4
5,retrieve,1004.1
5,tier1_check,92.8
5,judge,121.2
5,route,33.0
5,retrieve,841.6
5,tier1_check,91.8
5,judge,73.0
5,route,24.3
5,retrieve,701.8
5,tier1_check,130.6
5,judge,2.4
5,route,27.0
5,retrieve,1058.8
5,tier1_check,106.6
5,judge,56.4
5,route,37.2
5,retrieve,1699.2
5,tier1_check,92.9
5,judge,2.5
5,route,26.2
5,retrieve,929.8
5,tier1_check,71.3
5,judge,53.5
5,route,25.1
5,retrieve,687.6
5,tier1_check,132.4
5,judge,2.5
5,route,22.8
5,retrieve,944.9
5,tier1_check,133.3
5,judge,2.8
5,route,25.0
5,retrieve,953.5
5,tier1_check,204.2
5,judge,2.5
5,route,25.9
5,retrieve,1118.8
5,tier1_check,118.1
5,judge,4.6
5,route,25.2
5,retrieve,827.7
5,tier1_check,263.8
5,judge,6.4
5,route,39.4
5,retrieve,1085.1
5,tier1_check,104.1
5,judge,2.7
5,route,19.4
5,retrieve,549.9
5,tier1_check,128.0
5,judge,107.1
5,route,27.8
5,retrieve,1038.3
5,tier1_check,184.6
5,judge,112.3
5,route,23.4
5,retrieve,838.8
5,tier1_check,186.9
5,judge,107.1
5,route,35.2
5,retrieve,1194.8
5,tier1_check,242.7
5,judge,218.2
5,route,47.4
5,retrieve,1138.9
5,tier1_check,162.5
5,judge,155.9
5,route,30.8
5,retrieve,809.8
5,tier1_check,154.8
5,judge,129.2
5,route,25.6
5,retrieve,787.7
5,tier1_check,145.7
5,judge,125.1
5,route,33.6
5,retrieve,1063.8
5,tier1_check,229.7
5,judge,142.3
5,route,38.2
5,retrieve,970.9
5,tier1_check,142.1
5,judge,116.5
5,route,19.4
5,retrieve,653.6
5,tier1_check,137.1
5,judge,116.8
5,route,23.1
5,retrieve,911.8
5,tier1_check,148.1
5,judge,105.6
5,route,22.2
5,retrieve,604.8
5,tier1_check,142.5
5,judge,117.7
5,route,18.7
5,retrieve,592.8
5,tier1_check,81.3
5,judge,3.7
5,route,35.1
5,retrieve,659.4
5,tier1_check,230.3
5,judge,124.7
5,route,29.8
5,retrieve,1088.6
5,tier1_check,142.8
5,judge,2.6
5,route,19.2
5,retrieve,701.8
5,tier1_check,215.6
5,judge,2.5
5,route,22.9
5,retrieve,731.6
5,tier1_check,158.1
5,judge,114.5
5,route,22.4
5,retrieve,1056.5
5,tier1_check,140.8
5,judge,3.1
5,route,34.0
5,retrieve,1066.6
5,tier1_check,74.2
5,judge,2.5
5,route,22.0
5,retrieve,636.6
5,tier1_check,189.2
5,judge,137.7
5,route,25.1
5,retrieve,739.2
5,tier1_check,227.1
5,judge,117.9
5,route,25.3
5,retrieve,746.4
5,tier1_check,190.8
5,judge,117.5
5,route,34.5
5,retrieve,1071.4
5,tier1_check,147.2
5,judge,4.4
5,route,22.4
5,retrieve,705.7
5,tier1_check,208.1
5,judge,119.4
5,route,21.5
5,retrieve,607.5
5,tier1_check,134.0
5,judge,115.1
5,route,20.9
5,retrieve,701.7
5,tier1_check,141.9
5,judge,162.8
5,route,49.2
5,retrieve,1067.9
5,tier1_check,174.0
5,judge,117.7
5,route,23.7
5,retrieve,673.8
5,tier1_check,231.5
5,judge,115.8
5,route,33.7
5,retrieve,714.0
5,tier1_check,87.0
5,judge,69.5
5,route,23.1
5,retrieve,889.4
5,tier1_check,85.7
5,judge,5.0
5,route,19.6
5,retrieve,1082.2
5,tier1_check,120.5
5,judge,82.2
5,route,35.1
5,retrieve,792.4
5,tier1_check,124.2
5,judge,52.2
5,route,18.8
5,retrieve,578.4
5,tier1_check,65.3
5,judge,50.5
5,route,29.6
5,retrieve,1300.7
5,tier1_check,188.3
5,judge,99.5
5,route,24.1
5,retrieve,982.5
5,tier1_check,116.5
5,judge,97.0
5,route,23.6
5,retrieve,973.6
5,tier1_check,287.6
5,judge,112.0
5,route,33.2
5,retrieve,1254.0
5,tier1_check,122.2
5,judge,101.5
5,route,19.4
5,retrieve,569.8
5,tier1_check,147.1
5,judge,62.7
5,route,21.0
5,retrieve,578.2
5,tier1_check,133.4
5,judge,113.8
5,route,25.4
5,retrieve,791.6
5,tier1_check,113.9
5,judge,92.7
5,route,21.9
5,retrieve,680.6
5,tier1_check,115.1
5,judge,2.5
5,route,22.0
5,retrieve,717.5
5,tier1_check,185.5
5,judge,6.5
5,route,35.6
5,retrieve,697.6
5,tier1_check,176.4
5,judge,3.1
5,route,20.4
5,retrieve,687.8
5,tier1_check,95.1
5,judge,2.6
5,route,27.7
5,retrieve,1371.0
5,tier1_check,120.8
5,judge,103.8
5,route,29.5
5,retrieve,1387.0
5,tier1_check,250.9
5,judge,5.0
5,route,45.6
5,retrieve,1372.9
5,tier1_check,296.5
5,judge,108.3
5,route,20.5
5,retrieve,634.4
5,tier1_check,1.6
5,judge,1.4
5,route,21.5
5,retrieve,976.9
5,tier1_check,1.8
5,judge,1.5
5,route,22.4
5,retrieve,762.4
5,tier1_check,84.5
5,judge,2.6
5,route,19.6
5,retrieve,547.6
5,tier1_check,1.3
5,judge,1.2
5,route,21.0
5,retrieve,633.6
5,tier1_check,2.4
5,judge,3.1
5,route,34.0
5,retrieve,783.2
5,tier1_check,1.7
5,judge,1.4
5,route,29.8
5,retrieve,593.6
5,tier1_check,1.8
5,judge,39.0
5,route,26.4
5,retrieve,694.2
5,tier1_check,1.8
5,judge,1.8
5,route,26.7
5,retrieve,721.5
5,tier1_check,102.5
5,judge,3.3
5,route,22.4
5,retrieve,506.7
5,route,22.0
5,retrieve,505.4
5,route,22.9
5,retrieve,513.6
5,route,22.4
5,retrieve,790.2
5,tier1_check,92.8
5,judge,2.9
5,route,24.4
5,retrieve,877.5
5,tier1_check,1.8
5,judge,1.5
5,route,25.0
5,retrieve,781.4
5,route,29.5
5,retrieve,629.2
5,tier1_check,1.8
5,judge,1.9
5,route,29.6
5,retrieve,695.4
5,tier1_check,1.9
5,judge,1.9
5,route,29.6
5,retrieve,645.7
5,tier1_check,145.6
5,judge,6.4
5,route,28.2
5,retrieve,531.0
5,route,21.3
5,retrieve,507.1
5,route,39.8
5,retrieve,723.2
5,route,22.8
5,retrieve,734.2
5,tier1_check,1.7
5,judge,1.6
5,route,27.9
5,retrieve,750.2
5,tier1_check,1.9
5,judge,1.6
5,route,20.6
5,retrieve,641.6
5,tier1_check,1.6
5,judge,1.4
5,route,29.6
5,retrieve,627.0
5,route,36.7
5,retrieve,645.4
5,tier1_check,2.1
5,judge,2.1
5,route,48.3
5,retrieve,829.8
5,tier1_check,103.7
5,judge,38.1
5,route,19.7
5,retrieve,632.0
5,tier1_check,103.8
5,judge,2.3
5,route,21.0
5,retrieve,602.8
5,tier1_check,1.4
5,judge,1.3
5,route,22.3
5,retrieve,732.6
5,tier1_check,73.3
5,judge,2.5
5,route,18.7
5,retrieve,541.1
5,tier1_check,1.7
5,judge,1.4
5,route,23.6
5,retrieve,1031.1
5,tier1_check,3.3
5,judge,2.8
5,route,52.7
5,retrieve,915.1
5,tier1_check,2.1
5,judge,2.2
5,route,35.7
5,retrieve,762.5
5,tier1_check,106.6
5,judge,38.3
5,route,20.6
5,retrieve,781.0
5,tier1_check,77.0
5,judge,2.8
5,route,23.2
5,retrieve,643.7
5,tier1_check,135.3
5,judge,3.5
5,route,21.3
5,retrieve,551.7
5,route,25.2
5,retrieve,821.5
5,tier1_check,78.5
5,judge,50.5
5,route,21.7
5,retrieve,641.1
5,route,24.5
5,retrieve,617.2
5,tier1_check,1.6
5,judge,1.9
5,route,25.9
5,retrieve,536.3
5,tier1_check,1.4
5,judge,1.6
5,route,29.6
5,retrieve,590.8
5,route,42.3
5,retrieve,611.6
5,route,23.1
5,retrieve,611.1
5,tier1_check,74.6
5,judge,2.7
5,route,21.2
5,retrieve,693.1
5,tier1_check,81.4
5,judge,2.8
5,route,26.1
5,retrieve,681.4
5,tier1_check,126.6
5,judge,2.9
5,route,19.4
5,retrieve,551.1
5,tier1_check,82.7
5,judge,2.4
5,route,18.3
5,retrieve,534.2
5,tier1_check,1.3
5,judge,1.2
5,route,21.1
5,retrieve,581.1
5,route,25.3
5,retrieve,796.3
5,tier1_check,116.3
5,judge,5.9
5,route,26.6
5,retrieve,859.5
5,tier1_check,112.9
5,judge,2.6
5,route,22.7
5,retrieve,809.6
5,tier1_check,1.8
5,judge,1.5
5,route,23.5
5,retrieve,783.2
5,tier1_check,95.1
5,judge,2.8
5,route,22.7
5,retrieve,910.6
5,tier1_check,154.1
5,judge,7.3
5,route,46.8
5,retrieve,844.1
5,tier1_check,123.1
5,judge,2.8
5,route,28.7
5,retrieve,1128.0
5,tier1_check,2.1
5,judge,2.0
5,route,34.7
5,retrieve,714.6
5,tier1_check,1.5
5,judge,1.3
5,route,25.5
5,retrieve,780.4
5,tier1_check,106.8
5,judge,2.6
5,route,24.2
5,retrieve,856.2
5,tier1_check,90.7
5,judge,2.5
5,route,23.3
5,retrieve,934.8
5,tier1_check,96.3
5,judge,2.4
5,route,24.7
5,retrieve,926.6
5,tier1_check,3.2
5,judge,3.6
5,route,43.6
5,retrieve,1526.9
5,tier1_check,85.6
5,judge,2.9
5,route,25.5
5,retrieve,768.2
5,tier1_check,92.7
5,judge,2.5
5,route,27.2
5,retrieve,886.3
5,tier1_check,120.8
5,judge,2.7
5,route,19.6
5,retrieve,624.2
5,tier1_check,1.8
5,judge,1.5
5,route,22.6
5,retrieve,629.6
5,tier1_check,1.3
5,judge,1.1
5,route,21.9
5,retrieve,801.7
5,tier1_check,98.9
5,judge,2.6
5,route,25.0
5,retrieve,789.0
5,tier1_check,192.5
5,judge,6.1
5,route,45.5
5,retrieve,1098.9
5,tier1_check,2.3
5,judge,2.0
5,route,31.9
5,retrieve,909.8
5,tier1_check,1.6
5,judge,1.4
5,route,23.1
5,retrieve,675.7
5,tier1_check,1.5
5,judge,1.4
5,route,25.7
5,retrieve,799.2
5,tier1_check,102.6
5,judge,2.4
5,route,22.3
5,retrieve,819.4
5,tier1_check,108.3
5,judge,3.1
5,route,32.5
5,retrieve,1341.8
5,tier1_check,163.7
5,judge,4.4
5,route,38.6
5,retrieve,1043.5
5,tier1_check,1.9
5,judge,2.0
5,route,22.5
5,retrieve,737.8
5,tier1_check,152.9
5,judge,4.2
5,route,33.4
5,retrieve,1175.4
5,tier1_check,98.1
5,judge,2.9
5,route,24.1
5,retrieve,937.6
5,tier1_check,93.1
5,judge,2.7
5,route,28.5
5,retrieve,808.5
5,tier1_check,1.5
5,judge,1.5
5,route,48.6
5,retrieve,1226.8
5,tier1_check,181.9
5,judge,5.0
5,route,27.3
5,retrieve,1111.4
5,tier1_check,97.9
5,judge,2.6
5,route,26.4
5,retrieve,881.3
5,tier1_check,1.7
5,judge,1.5
5,route,22.5
5,retrieve,819.1
5,tier1_check,108.4
5,judge,2.8
5,route,24.1
5,retrieve,991.6
5,tier1_check,1.6
5,judge,1.3
5,route,23.0
5,retrieve,842.1
5,tier1_check,2.3
5,judge,2.1
5,route,38.1
5,retrieve,772.5
5,tier1_check,168.0
5,judge,5.6
5,route,35.9
5,retrieve,1038.9
5,tier1_check,1.9
5,judge,1.6
5,route,24.6
5,retrieve,879.9
5,tier1_check,93.8
5,judge,2.7
5,route,25.0
5,retrieve,1017.0
5,tier1_check,1.7
5,judge,1.4
5,route,25.2
5,retrieve,869.3
5,tier1_check,105.6
5,judge,34.9
5,route,29.5
5,retrieve,1275.2
5,tier1_check,2.3
5,judge,2.4
5,route,39.6
5,retrieve,828.3
5,tier1_check,99.3
5,judge,2.9
5,route,27.4
5,retrieve,1329.7
5,tier1_check,1.7
5,judge,1.6
5,route,27.2
5,retrieve,894.5
5,tier1_check,1.7
5,judge,1.4
5,route,36.4
5,retrieve,877.7
5,tier1_check,1.8
5,judge,1.5
5,route,23.6
5,retrieve,740.1
5,tier1_check,1.5
5,judge,1.2
5,route,23.2
5,retrieve,805.6
5,tier1_check,133.3
5,judge,4.9
5,route,30.2
5,retrieve,558.8
5,tier1_check,147.9
5,judge,3.2
5,route,25.9
5,retrieve,954.5
5,tier1_check,108.6
5,judge,3.0
5,route,23.3
5,retrieve,725.2
5,tier1_check,1.7
5,judge,1.4
5,route,33.1
5,retrieve,1616.9
5,tier1_check,217.6
5,judge,118.9
5,route,30.4
5,retrieve,1128.5
5,tier1_check,228.3
5,judge,213.8
5,route,47.3
5,retrieve,1250.6
5,tier1_check,56.5
5,judge,58.4
5,route,28.1
5,retrieve,1332.2
5,tier1_check,64.7
5,judge,37.7
5,route,25.0
5,retrieve,1041.0
5,tier1_check,163.2
5,judge,72.8
5,route,26.1
5,retrieve,1306.3
5,tier1_check,181.8
5,judge,87.8
5,route,29.6
5,retrieve,1247.9
5,tier1_check,77.7
5,judge,44.8
5,route,35.1
5,retrieve,954.1
5,tier1_check,66.2
5,judge,59.2
5,route,23.9
5,retrieve,1134.1
5,tier1_check,65.9
5,judge,4.1
5,route,39.8
5,retrieve,924.9
5,tier1_check,124.1
5,judge,103.9
5,route,22.6
5,retrieve,812.9
5,tier1_check,42.5
5,judge,24.8
5,route,25.8
5,retrieve,1350.6
5,tier1_check,196.7
5,judge,108.2
5,route,26.3
5,retrieve,1231.1
5,tier1_check,58.6
5,judge,39.3
5,route,24.5
5,retrieve,1048.3
5,tier1_check,129.2
5,judge,107.9
5,route,24.0
5,retrieve,773.4
5,tier1_check,54.0
5,judge,90.0
5,route,39.4
5,retrieve,1295.1
5,tier1_check,76.0
5,judge,59.8
5,route,25.1
5,retrieve,1056.3
5,tier1_check,116.2
5,judge,47.3
5,route,25.7
5,retrieve,1054.9
5,tier1_check,54.3
5,judge,2.4
5,route,21.6
5,retrieve,970.1
5,tier1_check,44.5
5,judge,2.5
5,route,23.9
5,retrieve,994.5
5,tier1_check,176.4
5,judge,123.1
5,route,38.6
5,retrieve,940.2
5,tier1_check,184.6
5,judge,82.2
5,route,24.8
5,retrieve,724.6
5,tier1_check,167.7
5,judge,74.0
5,route,27.1
5,retrieve,1298.2
5,tier1_check,123.8
5,judge,55.6
5,route,28.0
5,retrieve,1144.2
5,tier1_check,57.1
5,judge,41.2
5,route,28.4
5,retrieve,1069.2
5,tier1_check,94.4
5,judge,59.5
5,route,35.4
5,retrieve,1033.3
5,tier1_check,54.4
5,judge,55.2
5,route,29.0
5,retrieve,965.5
5,tier1_check,62.8
5,judge,41.7
5,route,25.4
5,retrieve,850.2
5,tier1_check,52.0
5,judge,34.9
5,route,25.3
5,retrieve,1031.6
5,tier1_check,109.3
5,judge,91.6
5,route,32.3
5,retrieve,1782.0
5,tier1_check,67.6
5,judge,45.8
5,route,63.0
5,retrieve,3083.2
5,tier1_check,101.3
5,judge,82.4
5,route,42.2
5,retrieve,2553.1
5,tier1_check,189.4
5,judge,85.9
5,route,43.0
5,retrieve,2878.2
5,tier1_check,73.0
5,judge,61.0
5,route,30.2
5,retrieve,1170.4
5,tier1_check,77.0
5,judge,39.8
5,route,36.1
5,retrieve,1857.1
5,tier1_check,53.7
5,judge,54.6
5,route,35.5
5,retrieve,1689.9
5,tier1_check,76.2
5,judge,58.6
5,route,46.9
5,retrieve,1792.5
5,tier1_check,73.3
5,judge,3.4
5,route,40.0
5,retrieve,1428.8
5,tier1_check,179.1
5,judge,3.8
5,route,44.0
5,retrieve,1169.7
5,tier1_check,213.7
5,judge,115.2
5,route,43.5
5,retrieve,2266.9
5,tier1_check,64.1
5,judge,53.8
5,route,33.1
5,retrieve,1079.3
5,tier1_check,170.8
5,judge,102.1
5,route,34.3
5,retrieve,1305.5
5,tier1_check,85.9
5,judge,52.6
5,route,33.9
5,retrieve,1672.8
5,tier1_check,52.5
5,judge,2.5
5,route,31.0
5,retrieve,1259.1
5,tier1_check,54.5
5,judge,69.6
5,route,55.4
5,retrieve,1983.0
5,tier1_check,240.3
5,judge,159.7
5,route,41.6
5,retrieve,1188.2
5,tier1_check,226.8
5,judge,124.7
5,route,30.2
5,retrieve,1092.9
5,tier1_check,114.3
5,judge,54.4
5,route,40.5
5,retrieve,1477.0
5,tier1_check,88.6
5,judge,2.6
5,route,34.1
5,retrieve,1493.5
5,tier1_check,189.0
5,judge,87.5
5,route,31.9
5,retrieve,1193.5
5,tier1_check,89.8
5,judge,2.5
6,route,19.9
6,retrieve,674.9
6,tier1_check,167.3
6,judge,76.1
6,route,27.2
6,retrieve,838.5
6,tier1_check,212.0
6,judge,79.3
6,route,27.1
6,retrieve,1355.1
6,tier1_check,104.2
6,judge,2.9
6,route,35.0
6,retrieve,1600.4
6,tier1_check,183.1
6,judge,2.7
6,route,20.1
6,retrieve,748.9
6,tier1_check,210.4
6,judge,115.1
6,route,26.1
6,retrieve,978.1
6,tier1_check,199.0
6,judge,159.9
6,route,40.5
6,retrieve,1568.6
6,tier1_check,135.3
6,judge,115.4
6,route,39.1
6,retrieve,1979.4
6,tier1_check,266.8
6,judge,178.5
6,route,34.8
6,retrieve,1006.9
6,tier1_check,95.6
6,judge,44.2
6,route,24.8
6,retrieve,952.2
6,tier1_check,151.3
6,judge,136.8
6,route,42.7
6,retrieve,1170.0
6,tier1_check,134.6
6,judge,115.5
6,route,27.4
6,retrieve,1091.7
6,tier1_check,98.6
6,judge,72.2
6,route,22.8
6,retrieve,889.3
6,tier1_check,101.8
6,judge,84.0
6,route,25.8
6,retrieve,1440.7
6,tier1_check,168.9
6,judge,119.6
6,route,42.5
6,retrieve,1932.5
6,tier1_check,282.6
6,judge,99.8
6,route,30.4
6,retrieve,1173.8
6,tier1_check,174.1
6,judge,76.7
6,route,27.8
6,retrieve,1366.7
6,tier1_check,171.9
6,judge,74.4
6,route,23.2
6,retrieve,1112.2
6,tier1_check,251.5
6,judge,131.8
6,route,38.2
6,retrieve,1344.0
6,tier1_check,144.7
6,judge,87.9
6,route,24.1
6,retrieve,901.0
6,tier1_check,103.3
6,judge,5.3
6,route,34.3
6,retrieve,1501.5
6,tier1_check,134.6
6,judge,3.6
6,route,25.4
6,retrieve,867.0
6,tier1_check,295.2
6,judge,145.0
6,route,38.4
6,retrieve,1681.8
6,tier1_check,201.9
6,judge,113.7
6,route,26.5
6,retrieve,988.6
6,tier1_check,103.3
6,judge,87.6
6,route,24.0
6,retrieve,958.9
6,tier1_check,114.2
6,judge,3.3
6,route,20.3
6,retrieve,734.7
6,tier1_check,113.9
6,judge,31.7
6,route,29.7
6,retrieve,1564.0
6,tier1_check,114.1
6,judge,31.3
6,route,24.9
6,retrieve,1011.6
6,tier1_check,166.8
6,judge,74.9
6,route,21.8
6,retrieve,817.5
6,tier1_check,122.7
6,judge,101.7
6,route,26.8
6,retrieve,1067.9
6,tier1_check,168.5
6,judge,75.0
6,route,33.2
6,retrieve,1655.2
6,tier1_check,90.1
6,judge,72.3
6,route,26.6
6,retrieve,1265.6
6,tier1_check,104.1
6,judge,2.8
6,route,24.8
6,retrieve,747.0
6,tier1_check,189.5
6,judge,2.7
6,route,29.2
6,retrieve,1103.9
6,tier1_check,184.1
6,judge,85.1
6,route,33.4
6,retrieve,2252.0
6,tier1_check,128.1
6,judge,3.5
6,route,23.3
6,retrieve,748.1
6,tier1_check,141.0
6,judge,105.4
6,route,23.7
6,retrieve,765.9
6,tier1_check,95.6
6,judge,2.6
6,route,25.0
6,retrieve,851.9
6,tier1_check,125.1
6,judge,125.3
6,route,31.0
6,retrieve,1088.4
6,tier1_check,209.2
6,judge,109.8
6,route,21.9
6,retrieve,733.3
6,tier1_check,168.6
6,judge,63.3
6,route,23.3
6,retrieve,861.8
6,tier1_check,73.5
6,judge,57.8
6,route,23.0
6,retrieve,730.9
6,tier1_check,72.5
6,judge,56.6
6,route,21.1
6,retrieve,743.5
6,tier1_check,202.0
6,judge,106.3
6,route,21.2
6,retrieve,703.4
6,tier1_check,131.3
6,judge,101.9
6,route,20.0
6,retrieve,685.6
6,tier1_check,122.7
6,judge,102.0
6,route,31.7
6,retrieve,1531.5
6,tier1_check,125.6
6,judge,104.2
6,route,23.2
6,retrieve,803.6
6,tier1_check,201.8
6,judge,111.7
6,route,20.4
6,retrieve,659.9
6,tier1_check,101.8
6,judge,2.6
6,route,19.9
6,retrieve,861.4
6,tier1_check,476.5
6,judge,252.5
6,route,44.3
6,retrieve,1245.4
6,tier1_check,330.4
6,judge,194.3
6,route,23.2
6,retrieve,715.6
6,tier1_check,330.4
6,judge,185.7
6,route,33.8
6,retrieve,660.4
6,tier1_check,237.4
6,judge,157.6
6,route,34.0
6,retrieve,748.9
6,tier1_check,211.6
6,judge,2.8
6,route,32.2
6,retrieve,1211.8
6,tier1_check,87.7
6,judge,2.4
6,route,23.1
6,retrieve,804.3
6,tier1_check,172.3
6,judge,161.5
6,route,38.2
6,retrieve,639.6
6,tier1_check,179.6
6,judge,171.3
6,route,35.5
6,retrieve,632.6
6,tier1_check,175.5
6,judge,106.1
6,route,27.8
6,retrieve,838.6
6,tier1_check,119.5
6,judge,91.9
6,route,23.9
6,retrieve,942.7
6,tier1_check,140.8
6,judge,61.3
6,route,23.7
6,retrieve,1033.4
6,tier1_check,142.1
6,judge,61.6
6,route,25.9
6,retrieve,1643.8
6,tier1_check,137.9
6,judge,2.9
6,route,34.9
6,retrieve,2012.5
6,tier1_check,77.7
6,judge,2.8
6,route,22.6
6,retrieve,874.3
6,tier1_check,116.6
6,judge,48.1
6,route,23.5
6,retrieve,1150.2
6,tier1_check,278.5
6,judge,6.2
6,route,36.7
6,retrieve,1316.4
6,tier1_check,117.0
6,judge,47.8
6,route,30.8
6,retrieve,1571.7
6,tier1_check,150.6
6,judge,129.1
6,route,26.2
6,retrieve,869.6
6,tier1_check,100.0
6,judge,83.8
6,route,22.0
6,retrieve,907.8
6,tier1_check,99.6
6,judge,83.5
6,route,22.0
6,retrieve,924.1
6,tier1_check,172.3
6,judge,89.7
6,route,25.3
6,retrieve,836.9
6,tier1_check,178.0
6,judge,113.5
6,route,19.7
6,retrieve,699.4
6,tier1_check,112.7
6,judge,2.8
6,route,24.7
6,retrieve,1211.5
6,tier1_check,114.5
6,judge,93.0
6,route,37.1
6,retrieve,1409.8
6,tier1_check,168.9
6,judge,4.4
6,route,24.7
6,retrieve,970.0
6,tier1_check,218.8
6,judge,3.6
6,route,23.9
6,retrieve,898.7
6,tier1_check,159.7
6,judge,116.2
6,route,23.8
6,retrieve,887.3
6,tier1_check,148.7
6,judge,3.1
6,route,30.9
6,retrieve,1441.3
6,tier1_check,103.3
6,judge,2.7
6,route,22.8
6,retrieve,800.5
6,tier1_check,144.7
6,judge,82.0
6,route,26.0
6,retrieve,1152.0
6,tier1_check,142.0
6,judge,3.2
6,route,26.9
6,retrieve,788.6
6,tier1_check,96.0
6,judge,91.4
6,route,36.9
6,retrieve,1819.0
6,tier1_check,106.9
6,judge,2.7
6,route,38.0
6,retrieve,1061.4
6,tier1_check,155.2
6,judge,68.1
6,route,22.1
6,retrieve,1245.6
6,tier1_check,153.9
6,judge,72.1
6,route,34.3
6,retrieve,840.4
6,tier1_check,157.9
6,judge,3.0
6,route,33.6
6,retrieve,1268.2
6,tier1_check,86.9
6,judge,2.8
6,route,26.2
6,retrieve,1074.3
6,tier1_check,97.1
6,judge,96.9
6,route,30.9
6,retrieve,819.9
6,tier1_check,179.2
6,judge,86.0
6,route,24.2
6,retrieve,737.1
6,tier1_check,124.1
6,judge,92.8
6,route,37.8
6,retrieve,1760.5
6,tier1_check,140.2
6,judge,4.3
6,route,41.1
6,retrieve,1073.2
6,tier1_check,173.9
6,judge,79.1
6,route,24.3
6,retrieve,909.6
6,tier1_check,128.7
6,judge,2.4
6,route,23.8
6,retrieve,761.0
6,tier1_check,81.7
6,judge,64.1
6,route,23.2
6,retrieve,822.0
6,tier1_check,155.5
6,judge,81.6
6,route,24.5
6,retrieve,719.7
6,tier1_check,91.4
6,judge,72.4
6,route,90.0
6,retrieve,1058.5
6,tier1_check,91.6
6,judge,73.6
6,route,36.4
6,retrieve,1645.4
6,tier1_check,95.2
6,judge,2.5
6,route,19.6
6,retrieve,721.9
6,tier1_check,70.2
6,judge,53.1
6,route,21.0
6,retrieve,731.2
6,tier1_check,78.3
6,judge,53.9
6,route,23.1
6,retrieve,943.5
6,tier1_check,104.4
6,judge,85.1
6,route,24.0
6,retrieve,935.8
6,tier1_check,93.9
6,judge,2.6
6,route,25.8
6,retrieve,1096.2
6,tier1_check,104.3
6,judge,2.5
6,route,23.7
6,retrieve,782.5
6,tier1_check,119.6
6,judge,2.6
6,route,29.5
6,retrieve,1046.5
6,tier1_check,110.1
6,judge,2.6
6,route,33.4
6,retrieve,702.3
6,tier1_check,200.8
6,judge,107.9
6,route,27.1
6,retrieve,1090.2
6,tier1_check,70.8
6,judge,53.1
6,route,23.9
6,retrieve,836.6
6,tier1_check,124.3
6,judge,104.4
6,route,36.1
6,retrieve,1091.6
6,tier1_check,219.9
6,judge,109.4
6,route,25.4
6,retrieve,1016.2
6,tier1_check,104.9
6,judge,87.4
6,route,24.1
6,retrieve,738.8
6,tier1_check,223.1
6,judge,122.0
6,route,23.1
6,retrieve,703.6
6,tier1_check,143.3
6,judge,136.4
6,route,32.3
6,retrieve,1065.0
6,tier1_check,121.7
6,judge,2.8
6,route,21.5
6,retrieve,683.2
6,tier1_check,133.2
6,judge,111.2
6,route,18.6
6,retrieve,610.3
6,tier1_check,142.7
6,judge,111.2
6,route,21.8
6,retrieve,867.7
6,tier1_check,220.7
6,judge,210.0
6,route,35.5
6,retrieve,636.0
6,tier1_check,137.3
6,judge,115.8
6,route,17.9
6,retrieve,576.6
6,tier1_check,146.3
6,judge,115.1
6,route,21.7
6,retrieve,622.8
6,tier1_check,218.5
6,judge,118.9
6,route,26.8
6,retrieve,1004.6
6,tier1_check,231.2
6,judge,3.1
6,route,18.5
6,retrieve,658.9
6,tier1_check,76.1
6,judge,2.6
6,route,22.3
6,retrieve,640.8
6,tier1_check,131.4
6,judge,154.1
6,route,32.0
6,retrieve,969.5
6,tier1_check,342.0
6,judge,5.6
6,route,42.8
6,retrieve,1046.9
6,tier1_check,139.0
6,judge,2.9
6,route,20.5
6,retrieve,609.3
6,tier1_check,193.4
6,judge,94.4
6,route,24.3
6,retrieve,657.7
6,tier1_check,133.2
6,judge,95.0
6,route,23.6
6,retrieve,755.4
6,tier1_check,109.3
6,judge,90.1
6,route,32.0
6,retrieve,1067.4
6,tier1_check,175.0
6,judge,101.3
6,route,20.1
6,retrieve,661.6
6,tier1_check,150.7
6,judge,128.3
6,route,21.2
6,retrieve,593.1
6,tier1_check,130.8
6,judge,110.8
6,route,20.4
6,retrieve,667.5
6,tier1_check,216.4
6,judge,121.4
6,route,29.3
6,retrieve,1020.1
6,tier1_check,205.9
6,judge,113.5
6,route,21.8
6,retrieve,621.6
6,tier1_check,159.4
6,judge,71.4
6,route,23.0
6,retrieve,675.3
6,tier1_check,144.5
6,judge,95.0
6,route,23.6
6,retrieve,882.7
6,tier1_check,94.0
6,judge,2.5
6,route,18.5
6,retrieve,633.6
6,tier1_check,126.9
6,judge,51.0
6,route,21.9
6,retrieve,700.4
6,tier1_check,118.3
6,judge,133.5
6,route,19.2
6,retrieve,639.7
6,tier1_check,137.9
6,judge,51.8
6,route,28.0
6,retrieve,1225.8
6,tier1_check,104.6
6,judge,2.6
6,route,23.9
6,retrieve,953.6
6,tier1_check,111.6
6,judge,91.0
6,route,24.1
6,retrieve,986.7
6,tier1_check,180.0
6,judge,96.5
6,route,38.4
6,retrieve,1085.2
6,tier1_check,186.7
6,judge,90.7
6,route,18.9
6,retrieve,536.8
6,tier1_check,75.5
6,judge,61.0
6,route,20.3
6,retrieve,530.2
6,tier1_check,74.5
6,judge,59.3
6,route,22.7
6,retrieve,723.3
6,tier1_check,154.7
6,judge,93.1
6,route,24.3
6,retrieve,854.8
6,tier1_check,114.7
6,judge,2.8
6,route,21.7
6,retrieve,683.6
6,tier1_check,188.9
6,judge,2.9
6,route,21.0
6,retrieve,623.7
6,tier1_check,109.4
6,judge,2.5
6,route,19.4
6,retrieve,664.0
6,tier1_check,129.5
6,judge,98.7
6,route,27.3
6,retrieve,1237.1
6,tier1_check,136.1
6,judge,98.5
6,route,27.7
6,retrieve,1297.5
6,tier1_check,245.7
6,judge,3.9
6,route,29.2
6,retrieve,1302.8
6,tier1_check,128.7
6,judge,94.8
6,route,18.7
6,retrieve,578.3
6,tier1_check,78.9
6,judge,54.0
6,route,19.8
6,retrieve,1001.2
6,tier1_check,3.1
6,judge,2.2
6,route,36.6
6,retrieve,717.9
6,tier1_check,1.7
6,judge,1.5
6,route,19.6
6,retrieve,547.8
6,tier1_check,1.5
6,judge,1.3
6,route,27.2
6,retrieve,586.9
6,tier1_check,1.4
6,judge,1.2
6,route,20.2
6,retrieve,707.9
6,tier1_check,80.8
6,judge,2.8
6,route,19.6
6,retrieve,568.7
6,tier1_check,97.9
6,judge,44.4
6,route,19.5
6,retrieve,666.4
6,tier1_check,1.7
6,judge,1.5
6,route,21.1
6,retrieve,724.2
6,tier1_check,1.8
6,judge,1.5
6,route,18.6
6,retrieve,465.4
6,route,20.7
6,retrieve,500.0
6,route,21.9
6,retrieve,475.0
6,route,21.0
6,retrieve,778.0
6,tier1_check,118.4
6,judge,3.0
6,route,25.3
6,retrieve,870.7
6,tier1_check,123.6
6,judge,4.4
6,route,31.8
6,retrieve,650.2
6,route,22.3
6,retrieve,578.3
6,tier1_check,1.5
6,judge,1.7
6,route,21.5
6,retrieve,636.3
6,tier1_check,1.7
6,judge,1.4
6,route,20.6
6,retrieve,607.6
6,tier1_check,117.2
6,judge,2.6
6,route,18.4
6,retrieve,518.6
6,route,20.0
6,retrieve,460.3
6,route,26.2
6,retrieve,651.2
6,route,20.8
6,retrieve,698.1
6,tier1_check,1.8
6,judge,1.5
6,route,22.8
6,retrieve,710.4
6,tier1_check,1.9
6,judge,1.5
6,route,19.2
6,retrieve,675.1
6,tier1_check,2.0
6,judge,1.8
6,route,26.2
6,retrieve,577.4
6,route,24.2
6,retrieve,595.0
6,tier1_check,1.5
6,judge,1.3
6,route,20.9
6,retrieve,799.1
6,tier1_check,1.8
6,judge,1.5
6,route,19.6
6,retrieve,538.4
6,tier1_check,1.3
6,judge,1.1
6,route,20.6
6,retrieve,553.2
6,tier1_check,1.2
6,judge,1.1
6,route,25.0
6,retrieve,664.0
6,tier1_check,79.1
6,judge,2.7
6,route,18.4
6,retrieve,508.0
6,tier1_check,1.6
6,judge,1.4
6,route,22.8
6,retrieve,964.8
6,tier1_check,2.4
6,judge,1.7
6,route,25.5
6,retrieve,956.2
6,tier1_check,85.7
6,judge,28.1
6,route,21.8
6,retrieve,706.9
6,tier1_check,1.8
6,judge,1.4
6,route,19.8
6,retrieve,652.1
6,tier1_check,1.6
6,judge,1.5
6,route,21.5
6,retrieve,615.3
6,tier1_check,1.4
6,judge,1.2
6,route,20.5
6,retrieve,514.7
6,route,23.7
6,retrieve,630.7
6,tier1_check,1.6
6,judge,1.3
6,route,21.1
6,retrieve,613.7
6,route,22.7
6,retrieve,632.7
6,tier1_check,1.4
6,judge,1.5
6,route,26.4
6,retrieve,505.9
6,tier1_check,99.6
6,judge,3.4
6,route,27.0
6,retrieve,545.3
6,route,30.3
6,retrieve,553.0
6,route,30.9
6,retrieve,609.0
6,tier1_check,1.8
6,judge,1.7
6,route,29.4
6,retrieve,777.9
6,tier1_check,84.0
6,judge,3.0
6,route,22.1
6,retrieve,642.1
6,tier1_check,1.6
6,judge,1.3
6,route,18.9
6,retrieve,522.1
6,tier1_check,1.4
6,judge,1.3
6,route,18.4
6,retrieve,575.8
6,tier1_check,98.6
6,judge,2.3
6,route,19.2
6,retrieve,520.0
6,route,24.2
6,retrieve,764.1
6,tier1_check,2.2
6,judge,2.3
6,route,33.3
6,retrieve,851.4
6,tier1_check,1.7
6,judge,1.5
6,route,22.2
6,retrieve,806.5
6,tier1_check,1.8
6,judge,1.5
6,route,23.0
6,retrieve,772.7
6,tier1_check,107.4
6,judge,3.5
6,route,30.3
6,retrieve,868.9
6,tier1_check,100.9
6,judge,2.7
6,route,25.3
6,retrieve,758.1
6,tier1_check,1.5
6,judge,1.4
6,route,23.6
6,retrieve,1069.6
6,tier1_check,107.7
6,judge,2.6
6,route,29.8
6,retrieve,712.8
6,tier1_check,111.1
6,judge,2.7
6,route,24.8
6,retrieve,777.7
6,tier1_check,1.7
6,judge,1.4
6,route,23.9
6,retrieve,820.6
6,tier1_check,2.0
6,judge,1.8
6,route,32.6
6,retrieve,968.7
6,tier1_check,100.1
6,judge,2.6
6,route,24.7
6,retrieve,919.8
6,tier1_check,1.8
6,judge,1.5
6,route,26.7
6,retrieve,1467.2
6,tier1_check,1.9
6,judge,1.5
6,route,27.9
6,retrieve,741.9
6,tier1_check,1.4
6,judge,1.3
6,route,47.0
6,retrieve,853.6
6,tier1_check,108.8
6,judge,2.9
6,route,19.7
6,retrieve,633.9
6,tier1_check,1.7
6,judge,1.6
6,route,22.1
6,retrieve,600.2
6,tier1_check,104.7
6,judge,2.2
6,route,21.0
6,retrieve,781.4
6,tier1_check,97.9
6,judge,2.4
6,route,24.7
6,retrieve,737.1
6,tier1_check,1.5
6,judge,1.3
6,route,36.5
6,retrieve,1019.4
6,tier1_check,98.1
6,judge,2.5
6,route,21.8
6,retrieve,815.1
6,tier1_check,139.0
6,judge,5.1
6,route,23.0
6,retrieve,638.7
6,tier1_check,104.1
6,judge,2.5
6,route,24.8
6,retrieve,781.9
6,tier1_check,1.5
6,judge,1.3
6,route,21.8
6,retrieve,829.6
6,tier1_check,100.5
6,judge,2.7
6,route,25.1
6,retrieve,1255.0
6,tier1_check,117.4
6,judge,2.8
6,route,26.4
6,retrieve,983.4
6,tier1_check,105.5
6,judge,2.5
6,route,20.0
6,retrieve,698.1
6,tier1_check,1.8
6,judge,1.3
6,route,24.5
6,retrieve,1086.7
6,tier1_check,1.9
6,judge,1.5
6,route,34.2
6,retrieve,846.1
6,tier1_check,91.2
6,judge,2.5
6,route,26.7
6,retrieve,756.1
6,tier1_check,1.3
6,judge,1.2
6,route,26.2
6,retrieve,1129.9
6,tier1_check,116.4
6,judge,2.5
6,route,24.2
6,retrieve,1011.8
6,tier1_check,106.2
6,judge,2.8
6,route,24.9
6,retrieve,850.1
6,tier1_check,186.3
6,judge,4.9
6,route,35.0
6,retrieve,844.0
6,tier1_check,1.8
6,judge,1.5
6,route,22.7
6,retrieve,938.8
6,tier1_check,105.1
6,judge,2.7
6,route,22.3
6,retrieve,797.3
6,tier1_check,101.3
6,judge,2.8
6,route,32.6
6,retrieve,698.3
6,tier1_check,108.4
6,judge,2.6
6,route,25.2
6,retrieve,983.8
6,tier1_check,100.0
6,judge,2.3
6,route,22.9
6,retrieve,915.1
6,tier1_check,215.0
6,judge,7.2
6,route,40.9
6,retrieve,1044.3
6,tier1_check,108.1
6,judge,2.7
6,route,40.0
6,retrieve,887.1
6,tier1_check,106.3
6,judge,38.8
6,route,28.8
6,retrieve,1286.7
6,tier1_check,1.8
6,judge,1.6
6,route,25.3
6,retrieve,777.3
6,tier1_check,1.7
6,judge,1.4
6,route,26.2
6,retrieve,1269.3
6,tier1_check,2.2
6,judge,2.2
6,route,38.4
6,retrieve,1022.8
6,tier1_check,1.8
6,judge,1.5
6,route,25.2
6,retrieve,853.5
6,tier1_check,1.7
6,judge,1.4
6,route,22.9
6,retrieve,690.6
6,tier1_check,1.4
6,judge,1.2
6,route,22.9
6,retrieve,763.8
6,tier1_check,98.8
6,judge,2.7
6,route,18.2
6,retrieve,496.0
6,tier1_check,1.2
6,judge,1.1
6,route,23.7
6,retrieve,797.6
6,tier1_check,104.9
6,judge,2.7
6,route,22.0
6,retrieve,681.3
6,tier1_check,97.2
6,judge,2.4
6,route,31.7
6,retrieve,1522.8
6,tier1_check,151.0
6,judge,114.4
6,route,30.8
6,retrieve,1104.9
6,tier1_check,59.0
6,judge,34.9
6,route,32.4
6,retrieve,1201.5
6,tier1_check,55.6
6,judge,57.7
6,route,26.9
6,retrieve,1108.9
6,tier1_check,189.7
6,judge,85.9
6,route,24.0
6,retrieve,1009.0
6,tier1_check,164.1
6,judge,75.2
6,route,26.5
6,retrieve,1262.3
6,tier1_check,53.7
6,judge,53.1
6,route,28.7
6,retrieve,1195.7
6,tier1_check,169.8
6,judge,84.2
6,route,23.8
6,retrieve,882.3
6,tier1_check,93.3
6,judge,71.2
6,route,23.1
6,retrieve,997.2
6,tier1_check,321.2
6,judge,7.0
6,route,42.1
6,retrieve,933.2
6,tier1_check,190.2
6,judge,103.4
6,route,21.3
6,retrieve,804.1
6,tier1_check,72.4
6,judge,56.6
6,route,25.7
6,retrieve,1262.7
6,tier1_check,61.2
6,judge,37.3
6,route,26.7
6,retrieve,1153.0
6,tier1_check,75.9
6,judge,54.4
6,route,33.0
6,retrieve,1007.1
6,tier1_check,60.6
6,judge,36.8
6,route,42.1
6,retrieve,804.2
6,tier1_check,49.1
6,judge,63.5
6,route,26.9
6,retrieve,1260.7
6,tier1_check,76.6
6,judge,58.9
6,route,24.4
6,retrieve,1067.9
6,tier1_check,50.8
6,judge,27.0
6,route,26.0
6,retrieve,1035.3
6,tier1_check,168.8
6,judge,102.6
6,route,21.0
6,retrieve,948.7
6,tier1_check,48.9
6,judge,2.6
6,route,24.2
6,retrieve,973.3
6,tier1_check,48.2
6,judge,28.8
6,route,28.0
6,retrieve,852.0
6,tier1_check,58.9
6,judge,70.9
6,route,24.2
6,retrieve,740.6
6,tier1_check,90.3
6,judge,71.6
6,route,26.8
6,retrieve,1260.0
6,tier1_check,71.3
6,judge,52.7
6,route,28.4
6,retrieve,1348.9
6,tier1_check,129.5
6,judge,105.6
6,route,32.1
6,retrieve,1092.5
6,tier1_check,219.9
6,judge,122.4
6,route,25.1
6,retrieve,847.6
6,tier1_check,131.5
6,judge,204.4
6,route,40.4
6,retrieve,988.0
6,tier1_check,63.7
6,judge,42.0
6,route,25.1
6,retrieve,856.5
6,tier1_check,119.5
6,judge,50.9
6,route,28.8
6,retrieve,993.2
6,tier1_check,55.4
6,judge,36.6
6,route,31.8
6,retrieve,1841.3
6,tier1_check,186.1
6,judge,100.3
6,route,46.2
6,retrieve,2977.2
6,tier1_check,129.0
6,judge,92.9
6,route,61.2
6,retrieve,2558.1
6,tier1_check,63.6
6,judge,35.6
6,route,43.0
6,retrieve,2725.1
6,tier1_check,176.2
6,judge,154.0
6,route,42.2
6,retrieve,1346.7
6,tier1_check,79.6
6,judge,62.5
6,route,52.3
6,retrieve,1904.6
6,tier1_check,78.7
6,judge,78.9
6,route,48.4
6,retrieve,1704.2
6,tier1_check,88.7
6,judge,30.6
6,route,47.9
6,retrieve,1831.4
6,tier1_check,59.3
6,judge,2.8
6,route,32.6
6,retrieve,1413.4
6,tier1_check,92.1
6,judge,2.7
6,route,32.0
6,retrieve,1115.2
6,tier1_check,88.3
6,judge,36.7
6,route,56.6
6,retrieve,2289.4
6,tier1_check,84.6
6,judge,66.6
6,route,33.1
6,retrieve,1028.8
6,tier1_check,102.7
6,judge,64.8
6,route,31.1
6,retrieve,1435.3
6,tier1_check,213.6
6,judge,130.6
6,route,33.2
6,retrieve,1712.6
6,tier1_check,110.8
6,judge,6.0
6,route,47.9
6,retrieve,1289.8
6,tier1_check,200.3
6,judge,97.1
6,route,33.1
6,retrieve,1876.5
6,tier1_check,64.8
6,judge,44.6
6,route,30.7
6,retrieve,1113.9
6,tier1_check,153.9
6,judge,120.6
6,route,29.7
6,retrieve,1053.3
6,tier1_check,134.1
6,judge,59.8
6,route,45.7
6,retrieve,1460.1
6,tier1_check,100.4
6,judge,2.8
6,route,33.3
6,retrieve,1390.1
6,tier1_check,184.5
6,judge,85.6
6,route,44.6
6,retrieve,1171.3
6,tier1_check,88.5
6,judge,2.4
7,route,19.8
7,retrieve,714.0
7,tier1_check,133.5
7,judge,135.4
7,route,46.5
7,retrieve,849.3
7,tier1_check,168.9
7,judge,80.4
7,route,39.2
7,retrieve,1279.7
7,tier1_check,170.2
7,judge,2.7
7,route,33.5
7,retrieve,1594.9
7,tier1_check,100.9
7,judge,2.9
7,route,21.6
7,retrieve,759.1
7,tier1_check,133.2
7,judge,113.9
7,route,25.5
7,retrieve,983.1
7,tier1_check,179.3
7,judge,115.2
7,route,32.3
7,retrieve,1521.3
7,tier1_check,135.3
7,judge,113.1
7,route,38.6
7,retrieve,1979.0
7,tier1_check,221.4
7,judge,120.4
7,route,23.0
7,retrieve,892.2
7,tier1_check,141.8
7,judge,122.7
7,route,37.9
7,retrieve,933.7
7,tier1_check,107.4
7,judge,45.3
7,route,26.2
7,retrieve,1179.4
7,tier1_check,88.7
7,judge,74.7
7,route,27.9
7,retrieve,1061.6
7,tier1_check,97.2
7,judge,73.2
7,route,23.3
7,retrieve,822.4
7,tier1_check,185.6
7,judge,99.4
7,route,25.6
7,retrieve,1353.8
7,tier1_check,130.4
7,judge,133.8
7,route,31.5
7,retrieve,1307.3
7,tier1_check,111.9
7,judge,52.2
7,route,23.7
7,retrieve,909.2
7,tier1_check,139.2
7,judge,113.8
7,route,31.2
7,retrieve,1229.2
7,tier1_check,219.8
7,judge,101.4
7,route,26.5
7,retrieve,924.8
7,tier1_check,212.3
7,judge,98.4
7,route,31.4
7,retrieve,1087.0
7,tier1_check,216.4
7,judge,100.9
7,route,22.7
7,retrieve,704.5
7,tier1_check,166.7
7,judge,145.6
7,route,33.2
7,retrieve,1250.0
7,tier1_check,190.3
7,judge,2.7
7,route,24.6
7,retrieve,812.5
7,tier1_check,242.3
7,judge,151.1
7,route,41.8
7,retrieve,1644.6
7,tier1_check,138.6
7,judge,105.1
7,route,22.6
7,retrieve,899.7
7,tier1_check,100.2
7,judge,82.5
7,route,23.5
7,retrieve,921.0
7,tier1_check,144.4
7,judge,2.6
7,route,18.5
7,retrieve,688.5
7,tier1_check,80.8
7,judge,2.8
7,route,29.5
7,retrieve,1447.2
7,tier1_check,122.6
7,judge,103.7
7,route,24.9
7,retrieve,963.9
7,tier1_check,169.8
7,judge,75.4
7,route,22.4
7,retrieve,715.4
7,tier1_check,165.9
7,judge,75.8
7,route,26.6
7,retrieve,1059.1
7,tier1_check,116.7
7,judge,76.2
7,route,34.8
7,retrieve,1565.2
7,tier1_check,164.2
7,judge,74.5
7,route,25.6
7,retrieve,1259.4
7,tier1_check,299.7
7,judge,6.7
7,route,32.6
7,retrieve,782.0
7,tier1_check,120.9
7,judge,2.6
7,route,26.9
7,retrieve,1094.9
7,tier1_check,194.2
7,judge,85.6
7,route,33.4
7,retrieve,1786.5
7,tier1_check,144.1
7,judge,2.9
7,route,30.6
7,retrieve,716.8
7,tier1_check,127.6
7,judge,3.1
7,route,30.6
7,retrieve,785.7
7,tier1_check,197.9
7,judge,106.0
7,route,25.0
7,retrieve,815.7
7,tier1_check,205.1
7,judge,154.3
7,route,42.4
7,retrieve,1069.2
7,tier1_check,94.6
7,judge,2.7
7,route,22.4
7,retrieve,656.4
7,tier1_check,143.8
7,judge,58.1
7,route,21.8
7,retrieve,732.0
7,tier1_check,78.5
7,judge,36.0
7,route,22.7
7,retrieve,694.8
7,tier1_check,71.1
7,judge,56.2
7,route,20.9
7,retrieve,955.1
7,tier1_check,128.8
7,judge,101.7
7,route,21.4
7,retrieve,678.4
7,tier1_check,200.1
7,judge,173.1
7,route,33.0
7,retrieve,693.3
7,tier1_check,197.2
7,judge,121.4
7,route,31.6
7,retrieve,1607.9
7,tier1_check,126.1
7,judge,134.1
7,route,24.6
7,retrieve,745.0
7,tier1_check,249.5
7,judge,202.7
7,route,34.6
7,retrieve,674.6
7,tier1_check,207.4
7,judge,111.1
7,route,20.0
7,retrieve,661.6
7,tier1_check,127.6
7,judge,110.6
7,route,31.3
7,retrieve,1174.2
7,tier1_check,138.3
7,judge,105.4
7,route,21.5
7,retrieve,665.7
7,tier1_check,204.1
7,judge,109.5
7,route,23.2
7,retrieve,619.8
7,tier1_check,195.5
7,judge,108.6
7,route,21.7
7,retrieve,682.6
7,tier1_check,143.6
7,judge,4.7
7,route,34.0
7,retrieve,1186.2
7,tier1_check,214.2
7,judge,110.8
7,route,23.0
7,retrieve,797.1
7,tier1_check,189.2
7,judge,94.5
7,route,19.7
7,retrieve,527.9
7,tier1_check,103.2
7,judge,80.5
7,route,20.4
7,retrieve,621.5
7,tier1_check,104.7
7,judge,90.8
7,route,27.5
7,retrieve,783.8
7,tier1_check,105.0
7,judge,89.9
7,route,24.1
7,retrieve,984.5
7,tier1_check,163.9
7,judge,3.7
7,route,25.8
7,retrieve,1032.5
7,tier1_check,120.6
7,judge,3.4
7,route,34.6
7,retrieve,1635.6
7,tier1_check,134.2
7,judge,2.7
7,route,43.1
7,retrieve,2030.2
7,tier1_check,140.7
7,judge,2.8
7,route,22.1
7,retrieve,888.3
7,tier1_check,62.9
7,judge,46.4
7,route,24.4
7,retrieve,1163.2
7,tier1_check,189.1
7,judge,2.8
7,route,25.6
7,retrieve,1114.4
7,tier1_check,116.8
7,judge,47.7
7,route,31.0
7,retrieve,1555.3
7,tier1_check,61.5
7,judge,45.2
7,route,21.5
7,retrieve,838.7
7,tier1_check,187.9
7,judge,6.1
7,route,35.6
7,retrieve,899.5
7,tier1_check,161.2
7,judge,86.9
7,route,21.9
7,retrieve,894.7
7,tier1_check,182.6
7,judge,87.3
7,route,24.4
7,retrieve,812.4
7,tier1_check,124.7
7,judge,94.5
7,route,20.5
7,retrieve,706.9
7,tier1_check,177.9
7,judge,2.6
7,route,23.6
7,retrieve,1141.6
7,tier1_check,120.3
7,judge,93.3
7,route,35.1
7,retrieve,1462.2
7,tier1_check,151.6
7,judge,4.0
7,route,32.4
7,retrieve,870.1
7,tier1_check,93.9
7,judge,2.5
7,route,20.4
7,retrieve,741.7
7,tier1_check,208.9
7,judge,112.6
7,route,21.2
7,retrieve,810.1
7,tier1_check,148.3
7,judge,126.5
7,route,38.5
7,retrieve,1375.0
7,tier1_check,320.0
7,judge,5.9
7,route,35.8
7,retrieve,858.2
7,tier1_check,134.6
7,judge,114.6
7,route,28.8
7,retrieve,1136.8
7,tier1_check,94.8
7,judge,2.9
7,route,25.3
7,retrieve,765.5
7,tier1_check,170.1
7,judge,81.1
7,route,39.1
7,retrieve,1868.6
7,tier1_check,93.4
7,judge,2.6
7,route,24.3
7,retrieve,1383.1
7,tier1_check,164.8
7,judge,67.9
7,route,22.9
7,retrieve,764.7
7,tier1_check,149.4
7,judge,67.1
7,route,21.5
7,retrieve,742.1
7,tier1_check,83.3
7,judge,2.5
7,route,34.2
7,retrieve,1213.7
7,tier1_check,159.2
7,judge,2.7
7,route,24.8
7,retrieve,964.1
7,tier1_check,172.4
7,judge,81.2
7,route,24.7
7,retrieve,770.6
7,tier1_check,197.9
7,judge,82.6
7,route,25.2
7,retrieve,698.5
7,tier1_check,177.7
7,judge,80.6
7,route,36.6
7,retrieve,1718.2
7,tier1_check,129.0
7,judge,2.5
7,route,27.5
7,retrieve,984.1
7,tier1_check,174.7
7,judge,79.8
7,route,24.4
7,retrieve,764.3
7,tier1_check,128.9
7,judge,2.6
7,route,24.5
7,retrieve,997.8
7,tier1_check,93.2
7,judge,76.9
7,route,53.2
7,retrieve,784.9
7,tier1_check,214.2
7,judge,79.6
7,route,24.9
7,retrieve,672.1
7,tier1_check,173.8
7,judge,74.1
7,route,26.6
7,retrieve,941.4
7,tier1_check,164.4
7,judge,74.1
7,route,35.0
7,retrieve,1975.0
7,tier1_check,167.4
7,judge,8.2
7,route,31.9
7,retrieve,801.2
7,tier1_check,73.1
7,judge,55.9
7,route,21.8
7,retrieve,677.6
7,tier1_check,72.5
7,judge,56.1
7,route,24.0
7,retrieve,937.0
7,tier1_check,218.8
7,judge,2.8
7,route,24.3
7,retrieve,979.4
7,tier1_check,114.5
7,judge,2.6
7,route,27.5
7,retrieve,1128.5
7,tier1_check,113.0
7,judge,2.6
7,route,24.6
7,retrieve,833.7
7,tier1_check,218.0
7,judge,3.2
7,route,30.7
7,retrieve,1124.0
7,tier1_check,201.1
7,judge,2.6
7,route,18.3
7,retrieve,536.1
7,tier1_check,128.9
7,judge,108.9
7,route,28.2
7,retrieve,1122.4
7,tier1_check,79.5
7,judge,2.9
7,route,36.3
7,retrieve,854.1
7,tier1_check,141.6
7,judge,111.5
7,route,38.0
7,retrieve,1176.4
7,tier1_check,231.3
7,judge,112.1
7,route,26.9
7,retrieve,1144.1
7,tier1_check,182.0
7,judge,127.4
7,route,27.5
7,retrieve,727.6
7,tier1_check,160.2
7,judge,126.5
7,route,32.7
7,retrieve,750.7
7,tier1_check,237.6
7,judge,127.0
7,route,32.8
7,retrieve,1030.6
7,tier1_check,237.2
7,judge,127.1
7,route,38.8
7,retrieve,951.5
7,tier1_check,135.9
7,judge,119.0
7,route,19.7
7,retrieve,622.1
7,tier1_check,134.9
7,judge,114.2
7,route,22.9
7,retrieve,915.1
7,tier1_check,137.5
7,judge,119.9
7,route,22.0
7,retrieve,598.5
7,tier1_check,224.5
7,judge,120.0
7,route,17.5
7,retrieve,564.3
7,tier1_check,222.5
7,judge,119.9
7,route,22.4
7,retrieve,650.2
7,tier1_check,139.4
7,judge,188.5
7,route,47.0
7,retrieve,1122.3
7,tier1_check,140.2
7,judge,2.7
7,route,19.4
7,retrieve,681.7
7,tier1_check,219.4
7,judge,2.7
7,route,23.0
7,retrieve,648.6
7,tier1_check,222.0
7,judge,118.4
7,route,20.9
7,retrieve,1046.9
7,tier1_check,136.6
7,judge,2.7
7,route,32.8
7,retrieve,1009.9
7,tier1_check,92.3
7,judge,2.6
7,route,21.5
7,retrieve,629.6
7,tier1_check,283.9
7,judge,117.0
7,route,22.4
7,retrieve,657.2
7,tier1_check,74.4
7,judge,2.7
7,route,24.0
7,retrieve,669.3
7,tier1_check,93.2
7,judge,3.6
7,route,33.4
7,retrieve,1031.8
7,tier1_check,131.9
7,judge,2.4
7,route,21.5
7,retrieve,668.4
7,tier1_check,138.9
7,judge,119.3
7,route,37.1
7,retrieve,608.9
7,tier1_check,203.6
7,judge,115.6
7,route,33.9
7,retrieve,697.4
7,tier1_check,209.9
7,judge,4.7
7,route,37.1
7,retrieve,1026.9
7,tier1_check,132.7
7,judge,113.3
7,route,22.9
7,retrieve,597.1
7,tier1_check,188.6
7,judge,73.1
7,route,23.4
7,retrieve,646.3
7,tier1_check,88.1
7,judge,92.2
7,route,24.0
7,retrieve,864.2
7,tier1_check,111.5
7,judge,2.7
7,route,18.5
7,retrieve,777.4
7,tier1_check,63.0
7,judge,48.9
7,route,22.2
7,retrieve,723.8
7,tier1_check,74.2
7,judge,89.3
7,route,21.3
7,retrieve,716.9
7,tier1_check,122.0
7,judge,50.3
7,route,28.9
7,retrieve,1289.6
7,tier1_check,187.0
7,judge,98.2
7,route,24.1
7,retrieve,1033.2
7,tier1_check,113.0
7,judge,92.1
7,route,23.9
7,retrieve,998.8
7,tier1_check,180.0
7,judge,97.2
7,route,31.4
7,retrieve,1082.5
7,tier1_check,171.1
7,judge,3.4
7,route,20.4
7,retrieve,598.1
7,tier1_check,192.3
7,judge,4.5
7,route,22.1
7,retrieve,558.0
7,tier1_check,77.4
7,judge,64.8
7,route,23.9
7,retrieve,775.9
7,tier1_check,133.4
7,judge,91.7
7,route,22.4
7,retrieve,718.7
7,tier1_check,188.9
7,judge,4.8
7,route,33.0
7,retrieve,742.3
7,tier1_check,187.2
7,judge,4.1
7,route,32.1
7,retrieve,713.1
7,tier1_check,308.7
7,judge,6.2
7,route,29.4
7,retrieve,730.4
7,tier1_check,189.3
7,judge,76.7
7,route,28.2
7,retrieve,1297.0
7,tier1_check,197.1
7,judge,103.4
7,route,28.4
7,retrieve,1349.5
7,tier1_check,205.2
7,judge,3.0
7,route,30.0
7,retrieve,1301.2
7,tier1_check,184.6
7,judge,157.8
7,route,30.8
7,retrieve,641.9
7,tier1_check,112.4
7,judge,71.3
7,route,25.8
7,retrieve,1020.8
7,tier1_check,2.2
7,judge,2.3
7,route,34.3
7,retrieve,750.3
7,tier1_check,120.2
7,judge,2.8
7,route,20.3
7,retrieve,561.8
7,tier1_check,1.4
7,judge,1.3
7,route,21.7
7,retrieve,626.7
7,tier1_check,1.5
7,judge,1.2
7,route,21.8
7,retrieve,749.5
7,tier1_check,87.8
7,judge,2.7
7,route,20.5
7,retrieve,574.7
7,tier1_check,1.6
7,judge,1.4
7,route,22.5
7,retrieve,658.4
7,tier1_check,72.3
7,judge,2.6
7,route,20.8
7,retrieve,744.2
7,tier1_check,1.8
7,judge,1.5
7,route,20.0
7,retrieve,534.5
7,route,33.0
7,retrieve,519.8
7,route,22.3
7,retrieve,543.3
7,route,42.4
7,retrieve,807.5
7,tier1_check,3.4
7,judge,3.4
7,route,44.8
7,retrieve,922.4
7,tier1_check,2.2
7,judge,2.0
7,route,37.2
7,retrieve,831.1
7,route,36.8
7,retrieve,636.5
7,tier1_check,133.4
7,judge,5.6
7,route,38.1
7,retrieve,805.1
7,tier1_check,2.4
7,judge,2.7
7,route,33.9
7,retrieve,728.1
7,tier1_check,2.1
7,judge,2.1
7,route,26.8
7,retrieve,505.0
7,route,23.7
7,retrieve,464.8
7,route,27.8
7,retrieve,685.1
7,route,27.1
7,retrieve,700.7
7,tier1_check,122.7
7,judge,3.5
7,route,26.0
7,retrieve,730.0
7,tier1_check,104.8
7,judge,74.3
7,route,24.2
7,retrieve,568.1
7,tier1_check,1.7
7,judge,1.6
7,route,26.7
7,retrieve,565.5
7,route,34.8
7,retrieve,631.3
7,tier1_check,1.6
7,judge,1.5
7,route,27.3
7,retrieve,858.9
7,tier1_check,3.4
7,judge,3.2
7,route,40.4
7,retrieve,596.3
7,tier1_check,133.2
7,judge,5.4
7,route,34.9
7,retrieve,614.9
7,tier1_check,1.8
7,judge,2.0
7,route,37.3
7,retrieve,834.4
7,tier1_check,2.5
7,judge,2.5
7,route,33.3
7,retrieve,557.9
7,tier1_check,1.7
7,judge,1.8
7,route,32.7
7,retrieve,1022.1
7,tier1_check,138.5
7,judge,5.2
7,route,38.3
7,retrieve,931.9
7,tier1_check,82.0
7,judge,34.3
7,route,25.9
7,retrieve,777.3
7,tier1_check,175.0
7,judge,66.2
7,route,37.4
7,retrieve,936.7
7,tier1_check,3.4
7,judge,3.1
7,route,37.8
7,retrieve,688.3
7,tier1_check,146.8
7,judge,4.1
7,route,30.5
7,retrieve,555.2
7,route,24.9
7,retrieve,625.0
7,tier1_check,88.9
7,judge,60.7
7,route,22.1
7,retrieve,660.8
7,route,23.8
7,retrieve,602.4
7,tier1_check,97.9
7,judge,2.8
7,route,18.5
7,retrieve,510.1
7,tier1_check,98.9
7,judge,2.6
7,route,23.2
7,retrieve,555.6
7,route,23.9
7,retrieve,576.2
7,route,48.8
7,retrieve,678.3
7,tier1_check,160.3
7,judge,4.9
7,route,33.1
7,retrieve,735.9
7,tier1_check,136.4
7,judge,4.5
7,route,35.1
7,retrieve,713.6
7,tier1_check,2.2
7,judge,2.4
7,route,32.5
7,retrieve,577.6
7,tier1_check,144.7
7,judge,5.3
7,route,30.3
7,retrieve,631.8
7,tier1_check,2.4
7,judge,3.0
7,route,38.6
7,retrieve,623.6
7,route,43.9
7,retrieve,851.3
7,tier1_check,2.7
7,judge,2.9
7,route,39.0
7,retrieve,891.8
7,tier1_check,210.8
7,judge,5.8
7,route,34.8
7,retrieve,852.5
7,tier1_check,2.4
7,judge,2.3
7,route,36.2
7,retrieve,800.6
7,tier1_check,122.2
7,judge,4.1
7,route,31.2
7,retrieve,1219.1
7,tier1_check,2.2
7,judge,1.9
7,route,40.9
7,retrieve,854.2
7,tier1_check,186.9
7,judge,4.1
7,route,37.0
7,retrieve,1203.8
7,tier1_check,2.2
7,judge,2.3
7,route,34.2
7,retrieve,741.7
7,tier1_check,182.9
7,judge,4.1
7,route,37.2
7,retrieve,820.0
7,tier1_check,162.2
7,judge,3.9
7,route,36.4
7,retrieve,867.2
7,tier1_check,2.2
7,judge,2.3
7,route,36.3
7,retrieve,1046.6
7,tier1_check,185.3
7,judge,6.9
7,route,50.3
7,retrieve,1027.7
7,tier1_check,106.5
7,judge,3.2
7,route,28.7
7,retrieve,1508.3
7,tier1_check,1.9
7,judge,1.8
7,route,26.0
7,retrieve,809.1
7,tier1_check,1.6
7,judge,1.3
7,route,27.8
7,retrieve,929.9
7,tier1_check,197.7
7,judge,5.3
7,route,35.0
7,retrieve,680.1
7,tier1_check,128.1
7,judge,4.2
7,route,34.7
7,retrieve,835.4
7,tier1_check,175.0
7,judge,3.8
7,route,33.1
7,retrieve,896.7
7,tier1_check,180.0
7,judge,4.3
7,route,40.9
7,retrieve,825.6
7,tier1_check,2.0
7,judge,2.1
7,route,49.2
7,retrieve,1131.5
7,tier1_check,3.6
7,judge,3.3
7,route,38.8
7,retrieve,892.2
7,tier1_check,3.1
7,judge,2.9
7,route,39.7
7,retrieve,691.5
7,tier1_check,187.7
7,judge,4.3
7,route,39.5
7,retrieve,858.0
7,tier1_check,171.6
7,judge,4.0
7,route,34.5
7,retrieve,866.7
7,tier1_check,2.5
7,judge,2.4
7,route,42.8
7,retrieve,1292.4
7,tier1_check,2.2
7,judge,2.3
7,route,42.8
7,retrieve,997.7
7,tier1_check,186.1
7,judge,4.5
7,route,40.2
7,retrieve,815.6
7,tier1_check,185.0
7,judge,7.6
7,route,42.9
7,retrieve,1134.8
7,tier1_check,2.7
7,judge,2.7
7,route,41.3
7,retrieve,923.0
7,tier1_check,2.4
7,judge,2.0
7,route,43.7
7,retrieve,834.8
7,tier1_check,1.7
7,judge,1.7
7,route,42.4
7,retrieve,1282.7
7,tier1_check,287.0
7,judge,8.3
7,route,39.3
7,retrieve,1256.3
7,tier1_check,4.4
7,judge,3.8
7,route,58.6
7,retrieve,1267.4
7,tier1_check,3.1
7,judge,3.1
7,route,45.7
7,retrieve,990.9
7,tier1_check,120.7
7,judge,3.1
7,route,25.0
7,retrieve,987.2
7,tier1_check,1.8
7,judge,1.4
7,route,23.8
7,retrieve,813.6
7,tier1_check,105.0
7,judge,2.7
7,route,24.9
7,retrieve,732.6
7,tier1_check,101.7
7,judge,2.4
7,route,26.1
7,retrieve,1022.0
7,tier1_check,1.7
7,judge,1.5
7,route,24.8
7,retrieve,957.7
7,tier1_check,2.4
7,judge,2.4
7,route,64.9
7,retrieve,1041.5
7,tier1_check,115.7
7,judge,2.8
7,route,28.6
7,retrieve,926.5
7,tier1_check,1.8
7,judge,1.5
7,route,34.5
7,retrieve,1258.9
7,tier1_check,122.0
7,judge,2.8
7,route,26.1
7,retrieve,830.2
7,tier1_check,1.7
7,judge,1.4
7,route,37.4
7,retrieve,1400.9
7,tier1_check,2.1
7,judge,2.4
7,route,30.9
7,retrieve,994.2
7,tier1_check,1.7
7,judge,1.5
7,route,26.3
7,retrieve,901.5
7,tier1_check,1.8
7,judge,1.5
7,route,23.9
7,retrieve,729.7
7,tier1_check,1.5
7,judge,1.3
7,route,23.9
7,retrieve,815.7
7,tier1_check,121.0
7,judge,3.5
7,route,19.7
7,retrieve,541.7
7,tier1_check,100.0
7,judge,2.3
7,route,24.9
7,retrieve,849.4
7,tier1_check,107.2
7,judge,2.5
7,route,22.4
7,retrieve,787.0
7,tier1_check,1.5
7,judge,1.2
7,route,32.1
7,retrieve,1594.0
7,tier1_check,138.4
7,judge,117.6
7,route,35.5
7,retrieve,1206.4
7,tier1_check,87.0
7,judge,41.7
7,route,33.6
7,retrieve,1244.6
7,tier1_check,57.0
7,judge,59.5
7,route,28.4
7,retrieve,1012.1
7,tier1_check,115.7
7,judge,85.9
7,route,25.3
7,retrieve,1006.7
7,tier1_check,169.9
7,judge,75.6
7,route,39.3
7,retrieve,1286.7
7,tier1_check,54.2
7,judge,54.5
7,route,29.4
7,retrieve,1277.5
7,tier1_check,53.0
7,judge,31.6
7,route,25.2
7,retrieve,1208.3
7,tier1_check,56.9
7,judge,71.7
7,route,24.7
7,retrieve,1045.9
7,tier1_check,45.2
7,judge,2.7
7,route,27.5
7,retrieve,902.3
7,tier1_check,123.8
7,judge,103.5
7,route,22.6
7,retrieve,815.5
7,tier1_check,41.4
7,judge,24.4
7,route,25.0
7,retrieve,1310.6
7,tier1_check,202.4
7,judge,106.7
7,route,27.2
7,retrieve,1243.6
7,tier1_check,60.2
7,judge,40.0
7,route,28.2
7,retrieve,985.2
7,tier1_check,60.6
7,judge,36.8
7,route,23.7
7,retrieve,791.9
7,tier1_check,174.1
7,judge,92.3
7,route,26.5
7,retrieve,1257.7
7,tier1_check,133.8
7,judge,64.4
7,route,23.9
7,retrieve,1053.1
7,tier1_check,66.7
7,judge,46.7
7,route,27.3
7,retrieve,1082.6
7,tier1_check,59.5
7,judge,3.7
7,route,26.4
7,retrieve,1023.0
7,tier1_check,135.0
7,judge,112.3
7,route,24.5
7,retrieve,1021.7
7,tier1_check,156.4
7,judge,67.9
7,route,27.6
7,retrieve,881.1
7,tier1_check,67.2
7,judge,59.5
7,route,24.4
7,retrieve,731.9
7,tier1_check,53.9
7,judge,29.3
7,route,27.2
7,retrieve,1257.7
7,tier1_check,135.5
7,judge,61.6
7,route,28.8
7,retrieve,1210.7
7,tier1_check,57.8
7,judge,40.8
7,route,27.9
7,retrieve,1076.2
7,tier1_check,68.0
7,judge,43.1
7,route,26.0
7,retrieve,894.7
7,tier1_check,196.7
7,judge,113.8
7,route,27.5
7,retrieve,968.0
7,tier1_check,106.6
7,judge,91.2
7,route,39.9
7,retrieve,947.4
7,tier1_check,65.3
7,judge,51.0
7,route,26.5
7,retrieve,1059.5
7,tier1_check,74.7
7,judge,50.1
7,route,40.2
7,retrieve,1803.0
7,tier1_check,267.6
7,judge,151.8
7,route,61.0
7,retrieve,3001.4
7,tier1_check,68.1
7,judge,60.4
7,route,38.4
7,retrieve,2582.7
7,tier1_check,60.3
7,judge,36.5
7,route,43.3
7,retrieve,2918.6
7,tier1_check,69.5
7,judge,62.8
7,route,30.6
7,retrieve,1186.0
7,tier1_check,122.0
7,judge,126.0
7,route,46.8
7,retrieve,1893.2
7,tier1_check,75.1
7,judge,79.3
7,route,48.3
7,retrieve,1967.8
7,tier1_check,82.8
7,judge,60.1
7,route,50.5
7,retrieve,1824.0
7,tier1_check,56.1
7,judge,3.0
7,route,42.9
7,retrieve,1453.7
7,tier1_check,128.0
7,judge,2.7
7,route,32.0
7,retrieve,1211.1
7,tier1_check,141.0
7,judge,54.0
7,route,68.1
7,retrieve,2298.5
7,tier1_check,84.6
7,judge,66.5
7,route,33.0
7,retrieve,1033.2
7,tier1_check,101.2
7,judge,64.2
7,route,30.5
7,retrieve,1327.7
7,tier1_check,379.9
7,judge,180.3
7,route,34.7
7,retrieve,1755.5
7,tier1_check,70.3
7,judge,3.7
7,route,32.1
7,retrieve,1295.4
7,tier1_check,187.4
7,judge,94.2
7,route,52.8
7,retrieve,1883.4
7,tier1_check,96.2
7,judge,47.9
7,route,41.3
7,retrieve,1282.5
7,tier1_check,175.0
7,judge,125.2
7,route,30.5
7,retrieve,1027.1
7,tier1_check,86.1
7,judge,38.3
7,route,31.4
7,retrieve,1574.3
7,tier1_check,147.4
7,judge,2.9
7,route,33.4
7,retrieve,1404.3
7,tier1_check,98.6
7,judge,54.0
7,route,40.3
7,retrieve,1210.4
7,tier1_check,89.6
7,judge,2.5
8,route,20.1
8,retrieve,745.2
8,tier1_check,248.8
8,judge,167.7
8,route,57.2
8,retrieve,899.7
8,tier1_check,167.1
8,judge,77.0
8,route,30.7
8,retrieve,1333.7
8,tier1_check,90.3
8,judge,2.8
8,route,34.7
8,retrieve,1635.0
8,tier1_check,111.8
8,judge,2.8
8,route,21.8
8,retrieve,820.0
8,tier1_check,148.1
8,judge,101.9
8,route,25.9
8,retrieve,969.2
8,tier1_check,132.2
8,judge,128.1
8,route,31.5
8,retrieve,1526.7
8,tier1_check,169.3
8,judge,153.2
8,route,40.3
8,retrieve,1969.2
8,tier1_check,220.3
8,judge,122.3
8,route,23.6
8,retrieve,912.7
8,tier1_check,138.1
8,judge,113.2
8,route,26.0
8,retrieve,925.3
8,tier1_check,182.6
8,judge,75.1
8,route,31.7
8,retrieve,1124.3
8,tier1_check,164.7
8,judge,88.4
8,route,26.6
8,retrieve,1144.1
8,tier1_check,96.7
8,judge,44.6
8,route,23.0
8,retrieve,840.4
8,tier1_check,88.2
8,judge,70.7
8,route,26.9
8,retrieve,1015.0
8,tier1_check,198.8
8,judge,85.4
8,route,30.1
8,retrieve,1290.9
8,tier1_check,179.2
8,judge,85.8
8,route,22.5
8,retrieve,919.7
8,tier1_check,89.2
8,judge,73.5
8,route,25.7
8,retrieve,1294.4
8,tier1_check,135.4
8,judge,120.8
8,route,31.7
8,retrieve,1069.3
8,tier1_check,92.4
8,judge,71.9
8,route,34.8
8,retrieve,1147.2
8,tier1_check,119.9
8,judge,80.7
8,route,20.1
8,retrieve,736.9
8,tier1_check,111.6
8,judge,2.8
8,route,27.6
8,retrieve,1382.9
8,tier1_check,210.7
8,judge,5.1
8,route,32.4
8,retrieve,877.7
8,tier1_check,140.2
8,judge,105.6
8,route,36.6
8,retrieve,1779.1
8,tier1_check,251.3
8,judge,116.5
8,route,22.6
8,retrieve,923.9
8,tier1_check,172.0
8,judge,94.1
8,route,29.6
8,retrieve,918.5
8,tier1_check,120.5
8,judge,6.1
8,route,25.0
8,retrieve,987.2
8,tier1_check,193.2
8,judge,53.2
8,route,42.7
8,retrieve,1540.2
8,tier1_check,155.4
8,judge,83.9
8,route,33.4
8,retrieve,1029.1
8,tier1_check,100.7
8,judge,82.3
8,route,22.8
8,retrieve,857.0
8,tier1_check,135.0
8,judge,68.5
8,route,28.2
8,retrieve,1100.7
8,tier1_check,283.0
8,judge,129.9
8,route,50.3
8,retrieve,1634.0
8,tier1_check,166.9
8,judge,74.2
8,route,25.8
8,retrieve,1255.6
8,tier1_check,186.6
8,judge,2.6
8,route,19.7
8,retrieve,817.8
8,tier1_check,180.6
8,judge,2.7
8,route,25.7
8,retrieve,1081.4
8,tier1_check,329.9
8,judge,151.0
8,route,52.4
8,retrieve,1912.0
8,tier1_check,143.3
8,judge,2.6
8,route,22.0
8,retrieve,727.0
8,tier1_check,195.6
8,judge,104.1
8,route,23.1
8,retrieve,988.1
8,tier1_check,137.1
8,judge,103.0
8,route,24.1
8,retrieve,825.7
8,tier1_check,179.1
8,judge,8.3
8,route,72.4
8,retrieve,1643.5
8,tier1_check,136.7
8,judge,3.0
8,route,23.1
8,retrieve,776.5
8,tier1_check,76.7
8,judge,58.6
8,route,27.0
8,retrieve,783.1
8,tier1_check,129.5
8,judge,113.7
8,route,23.0
8,retrieve,713.5
8,tier1_check,71.2
8,judge,56.7
8,route,21.0
8,retrieve,739.2
8,tier1_check,132.3
8,judge,114.0
8,route,21.6
8,retrieve,716.8
8,tier1_check,426.2
8,judge,171.7
8,route,38.0
8,retrieve,751.1
8,tier1_check,140.8
8,judge,141.2
8,route,35.9
8,retrieve,1624.6
8,tier1_check,145.1
8,judge,109.0
8,route,23.6
8,retrieve,793.1
8,tier1_check,195.3
8,judge,121.4
8,route,20.5
8,retrieve,718.1
8,tier1_check,198.0
8,judge,200.4
8,route,33.0
8,retrieve,723.2
8,tier1_check,177.6
8,judge,125.8
8,route,31.9
8,retrieve,1225.4
8,tier1_check,143.6
8,judge,107.8
8,route,22.2
8,retrieve,736.9
8,tier1_check,252.5
8,judge,153.6
8,route,23.6
8,retrieve,669.4
8,tier1_check,209.0
8,judge,109.5
8,route,23.2
8,retrieve,700.3
8,tier1_check,312.5
8,judge,6.2
8,route,42.9
8,retrieve,1245.8
8,tier1_check,207.2
8,judge,109.5
8,route,23.3
8,retrieve,826.7
8,tier1_check,109.2
8,judge,91.9
8,route,21.6
8,retrieve,577.8
8,tier1_check,102.2
8,judge,163.2
8,route,23.0
8,retrieve,684.2
8,tier1_check,198.6
8,judge,128.4
8,route,46.5
8,retrieve,832.9
8,tier1_check,73.6
8,judge,56.3
8,route,25.1
8,retrieve,955.1
8,tier1_check,80.2
8,judge,58.6
8,route,25.1
8,retrieve,1060.9
8,tier1_check,79.0
8,judge,59.9
8,route,27.7
8,retrieve,1639.7
8,tier1_check,145.2
8,judge,2.7
8,route,34.2
8,retrieve,2039.0
8,tier1_check,81.9
8,judge,2.6
8,route,26.8
8,retrieve,936.6
8,tier1_check,77.2
8,judge,42.5
8,route,25.0
8,retrieve,1153.9
8,tier1_check,189.2
8,judge,3.0
8,route,25.2
8,retrieve,1134.8
8,tier1_check,115.5
8,judge,48.6
8,route,31.2
8,retrieve,1608.9
8,tier1_check,100.7
8,judge,95.5
8,route,21.6
8,retrieve,981.7
8,tier1_check,132.3
8,judge,129.9
8,route,28.5
8,retrieve,938.4
8,tier1_check,241.1
8,judge,134.3
8,route,29.4
8,retrieve,913.6
8,tier1_check,102.8
8,judge,86.0
8,route,25.5
8,retrieve,853.4
8,tier1_check,108.0
8,judge,2.8
8,route,33.4
8,retrieve,744.9
8,tier1_check,136.0
8,judge,2.9
8,route,25.7
8,retrieve,1066.9
8,tier1_check,142.5
8,judge,146.1
8,route,53.0
8,retrieve,1480.5
8,tier1_check,100.8
8,judge,2.5
8,route,22.5
8,retrieve,954.9
8,tier1_check,102.3
8,judge,2.5
8,route,20.3
8,retrieve,822.5
8,tier1_check,133.9
8,judge,111.3
8,route,22.1
8,retrieve,880.2
8,tier1_check,133.6
8,judge,171.9
8,route,46.5
8,retrieve,1439.0
8,tier1_check,169.8
8,judge,4.4
8,route,35.0
8,retrieve,926.7
8,tier1_check,104.7
8,judge,56.4
8,route,26.4
8,retrieve,1236.9
8,tier1_check,109.8
8,judge,3.7
8,route,29.7
8,retrieve,804.5
8,tier1_check,240.0
8,judge,83.6
8,route,35.8
8,retrieve,1855.1
8,tier1_check,127.7
8,judge,4.7
8,route,25.4
8,retrieve,1156.7
8,tier1_check,89.2
8,judge,66.0
8,route,24.3
8,retrieve,762.5
8,tier1_check,159.7
8,judge,67.0
8,route,20.9
8,retrieve,767.7
8,tier1_check,123.1
8,judge,2.8
8,route,34.5
8,retrieve,1328.6
8,tier1_check,89.1
8,judge,2.7
8,route,26.4
8,retrieve,1015.8
8,tier1_check,125.0
8,judge,99.8
8,route,27.7
8,retrieve,804.0
8,tier1_check,96.6
8,judge,80.3
8,route,35.4
8,retrieve,726.6
8,tier1_check,123.1
8,judge,57.9
8,route,37.2
8,retrieve,1799.5
8,tier1_check,135.9
8,judge,2.7
8,route,28.1
8,retrieve,1083.9
8,tier1_check,118.6
8,judge,82.4
8,route,26.4
8,retrieve,1056.2
8,tier1_check,156.6
8,judge,87.5
8,route,39.6
8,retrieve,774.0
8,tier1_check,189.4
8,judge,144.2
8,route,39.2
8,retrieve,874.3
8,tier1_check,231.9
8,judge,76.8
8,route,24.3
8,retrieve,706.0
8,tier1_check,114.7
8,judge,72.5
8,route,27.0
8,retrieve,1001.7
8,tier1_check,162.9
8,judge,73.7
8,route,35.5
8,retrieve,1710.2
8,tier1_check,90.9
8,judge,2.9
8,route,32.9
8,retrieve,738.1
8,tier1_check,124.7
8,judge,2.6
8,route,20.9
8,retrieve,707.7
8,tier1_check,131.8
8,judge,39.6
8,route,23.5
8,retrieve,926.3
8,tier1_check,130.4
8,judge,2.6
8,route,24.2
8,retrieve,977.4
8,tier1_check,218.3
8,judge,3.1
8,route,35.3
8,retrieve,1128.0
8,tier1_check,210.6
8,judge,241.2
8,route,39.0
8,retrieve,845.9
8,tier1_check,230.6
8,judge,4.2
8,route,37.4
8,retrieve,1172.7
8,tier1_check,215.9
8,judge,3.1
8,route,19.0
8,retrieve,563.0
8,tier1_check,203.9
8,judge,111.9
8,route,27.3
8,retrieve,1034.7
8,tier1_check,243.8
8,judge,194.0
8,route,25.5
8,retrieve,895.0
8,tier1_check,141.2
8,judge,96.4
8,route,37.5
8,retrieve,1156.7
8,tier1_check,104.5
8,judge,86.5
8,route,26.0
8,retrieve,1179.6
8,tier1_check,245.3
8,judge,150.5
8,route,31.3
8,retrieve,781.7
8,tier1_check,225.2
8,judge,136.6
8,route,23.8
8,retrieve,740.7
8,tier1_check,375.5
8,judge,199.2
8,route,51.7
8,retrieve,1042.8
8,tier1_check,104.1
8,judge,4.7
8,route,34.3
8,retrieve,721.4
8,tier1_check,142.5
8,judge,5.4
8,route,29.7
8,retrieve,637.6
8,tier1_check,112.4
8,judge,2.9
8,route,22.8
8,retrieve,917.0
8,tier1_check,343.8
8,judge,173.2
8,route,24.6
8,retrieve,617.5
8,tier1_check,367.5
8,judge,123.3
8,route,18.9
8,retrieve,609.9
8,tier1_check,222.0
8,judge,120.3
8,route,22.4
8,retrieve,667.9
8,tier1_check,201.8
8,judge,117.7
8,route,29.2
8,retrieve,1112.5
8,tier1_check,138.8
8,judge,2.9
8,route,19.2
8,retrieve,678.6
8,tier1_check,86.5
8,judge,2.7
8,route,23.2
8,retrieve,683.2
8,tier1_check,133.7
8,judge,111.7
8,route,21.3
8,retrieve,954.9
8,tier1_check,295.6
8,judge,6.0
8,route,45.4
8,retrieve,1259.8
8,tier1_check,73.7
8,judge,2.9
8,route,21.5
8,retrieve,619.4
8,tier1_check,112.2
8,judge,92.2
8,route,46.1
8,retrieve,684.0
8,tier1_check,174.5
8,judge,96.1
8,route,34.5
8,retrieve,728.6
8,tier1_check,88.6
8,judge,2.4
8,route,32.0
8,retrieve,1037.5
8,tier1_check,174.0
8,judge,163.6
8,route,23.1
8,retrieve,891.5
8,tier1_check,287.5
8,judge,116.6
8,route,24.4
8,retrieve,649.0
8,tier1_check,134.8
8,judge,116.3
8,route,20.9
8,retrieve,706.6
8,tier1_check,221.9
8,judge,119.4
8,route,32.9
8,retrieve,1081.6
8,tier1_check,207.0
8,judge,212.9
8,route,35.9
8,retrieve,630.8
8,tier1_check,225.6
8,judge,131.3
8,route,32.0
8,retrieve,696.7
8,tier1_check,137.4
8,judge,129.1
8,route,38.0
8,retrieve,919.3
8,tier1_check,97.2
8,judge,3.3
8,route,19.3
8,retrieve,650.1
8,tier1_check,254.1
8,judge,92.0
8,route,27.8
8,retrieve,743.5
8,tier1_check,65.0
8,judge,49.2
8,route,19.7
8,retrieve,585.3
8,tier1_check,63.5
8,judge,49.2
8,route,28.9
8,retrieve,1273.4
8,tier1_check,179.9
8,judge,93.9
8,route,23.5
8,retrieve,985.0
8,tier1_check,110.4
8,judge,92.1
8,route,23.8
8,retrieve,978.9
8,tier1_check,146.6
8,judge,140.2
8,route,39.6
8,retrieve,1087.3
8,tier1_check,63.8
8,judge,48.7
8,route,20.0
8,retrieve,598.7
8,tier1_check,265.2
8,judge,85.0
8,route,79.3
8,retrieve,693.1
8,tier1_check,191.3
8,judge,82.7
8,route,27.1
8,retrieve,786.0
8,tier1_check,143.3
8,judge,5.9
8,route,31.2
8,retrieve,754.4
8,tier1_check,152.5
8,judge,2.8
8,route,26.8
8,retrieve,731.3
8,tier1_check,242.4
8,judge,2.9
8,route,25.6
8,retrieve,654.6
8,tier1_check,233.2
8,judge,2.7
8,route,22.4
8,retrieve,668.4
8,tier1_check,165.5
8,judge,135.1
8,route,32.1
8,retrieve,1313.3
8,tier1_check,268.2
8,judge,153.6
8,route,33.8
8,retrieve,1327.5
8,tier1_check,141.9
8,judge,3.2
8,route,36.5
8,retrieve,1294.8
8,tier1_check,173.2
8,judge,136.8
8,route,23.5
8,retrieve,606.8
8,tier1_check,96.2
8,judge,65.3
8,route,37.9
8,retrieve,1037.6
8,tier1_check,2.0
8,judge,2.2
8,route,34.2
8,retrieve,754.9
8,tier1_check,1.8
8,judge,1.5
8,route,20.3
8,retrieve,578.1
8,tier1_check,1.6
8,judge,1.7
8,route,30.5
8,retrieve,712.4
8,tier1_check,1.9
8,judge,1.9
8,route,34.2
8,retrieve,766.4
8,tier1_check,182.0
8,judge,5.6
8,route,31.2
8,retrieve,603.8
8,tier1_check,1.5
8,judge,1.4
8,route,19.2
8,retrieve,677.2
8,tier1_check,1.6
8,judge,1.3
8,route,20.6
8,retrieve,697.5
8,tier1_check,1.6
8,judge,1.3
8,route,18.3
8,retrieve,495.8
8,route,21.6
8,retrieve,488.9
8,route,22.0
8,retrieve,484.5
8,route,21.3
8,retrieve,746.8
8,tier1_check,2.0
8,judge,2.1
8,route,35.8
8,retrieve,963.1
8,tier1_check,1.8
8,judge,1.5
8,route,24.4
8,retrieve,639.6
8,route,22.8
8,retrieve,625.6
8,tier1_check,1.4
8,judge,1.5
8,route,21.1
8,retrieve,665.8
8,tier1_check,1.7
8,judge,1.4
8,route,20.9
8,retrieve,613.3
8,tier1_check,1.5
8,judge,1.2
8,route,18.8
8,retrieve,486.5
8,route,19.7
8,retrieve,454.9
8,route,28.7
8,retrieve,658.6
8,route,20.8
8,retrieve,752.3
8,tier1_check,3.4
8,judge,3.1
8,route,49.2
8,retrieve,751.1
8,tier1_check,96.3
8,judge,50.5
8,route,18.8
8,retrieve,566.5
8,tier1_check,77.2
8,judge,2.4
8,route,19.9
8,retrieve,653.1
8,route,24.6
8,retrieve,627.1
8,tier1_check,66.6
8,judge,2.4
8,route,20.7
8,retrieve,862.3
8,tier1_check,174.2
8,judge,128.1
8,route,43.5
8,retrieve,624.6
8,tier1_check,1.5
8,judge,1.7
8,route,28.2
8,retrieve,584.4
8,tier1_check,110.5
8,judge,3.2
8,route,25.1
8,retrieve,735.6
8,tier1_check,127.2
8,judge,5.1
8,route,31.6
8,retrieve,555.8
8,tier1_check,116.1
8,judge,4.3
8,route,29.2
8,retrieve,984.6
8,tier1_check,134.2
8,judge,6.0
8,route,37.8
8,retrieve,859.0
8,tier1_check,1.7
8,judge,1.5
8,route,22.5
8,retrieve,722.1
8,tier1_check,2.1
8,judge,1.5
8,route,21.0
8,retrieve,728.9
8,tier1_check,2.2
8,judge,2.1
8,route,26.2
8,retrieve,638.6
8,tier1_check,1.6
8,judge,1.7
8,route,33.5
8,retrieve,578.6
8,route,33.4
8,retrieve,646.4
8,tier1_check,2.3
8,judge,2.1
8,route,33.3
8,retrieve,638.4
8,route,23.8
8,retrieve,609.2
8,tier1_check,85.2
8,judge,2.6
8,route,18.1
8,retrieve,504.9
8,tier1_check,1.3
8,judge,1.1
8,route,20.1
8,retrieve,532.2
8,route,38.7
8,retrieve,605.3
8,route,23.3
8,retrieve,649.3
8,tier1_check,1.5
8,judge,1.3
8,route,24.0
8,retrieve,842.7
8,tier1_check,119.9
8,judge,4.2
8,route,22.9
8,retrieve,677.7
8,tier1_check,1.7
8,judge,1.7
8,route,26.9
8,retrieve,593.0
8,tier1_check,1.5
8,judge,1.2
8,route,19.1
8,retrieve,535.2
8,tier1_check,1.6
8,judge,1.7
8,route,31.5
8,retrieve,564.4
8,route,25.3
8,retrieve,775.1
8,tier1_check,87.4
8,judge,2.5
8,route,22.2
8,retrieve,829.3
8,tier1_check,1.7
8,judge,1.5
8,route,22.6
8,retrieve,807.9
8,tier1_check,1.8
8,judge,1.5
8,route,23.5
8,retrieve,803.8
8,tier1_check,2.4
8,judge,2.2
8,route,35.8
8,retrieve,962.4
8,tier1_check,2.2
8,judge,2.1
8,route,33.8
8,retrieve,809.4
8,tier1_check,2.2
8,judge,2.1
8,route,39.6
8,retrieve,1129.3
8,tier1_check,1.6
8,judge,1.3
8,route,23.1
8,retrieve,733.0
8,tier1_check,1.9
8,judge,1.8
8,route,40.6
8,retrieve,820.6
8,tier1_check,114.6
8,judge,3.8
8,route,36.7
8,retrieve,935.3
8,tier1_check,1.6
8,judge,1.4
8,route,50.0
8,retrieve,900.0
8,tier1_check,2.4
8,judge,2.4
8,route,38.3
8,retrieve,953.2
8,tier1_check,2.2
8,judge,2.1
8,route,51.1
8,retrieve,1422.0
8,tier1_check,1.8
8,judge,1.4
8,route,24.8
8,retrieve,857.9
8,tier1_check,1.7
8,judge,1.3
8,route,27.6
8,retrieve,950.5
8,tier1_check,2.0
8,judge,1.5
8,route,20.9
8,retrieve,645.1
8,tier1_check,1.8
8,judge,1.5
8,route,22.3
8,retrieve,643.8
8,tier1_check,114.1
8,judge,2.7
8,route,22.7
8,retrieve,817.4
8,tier1_check,1.7
8,judge,1.5
8,route,32.7
8,retrieve,780.3
8,tier1_check,1.6
8,judge,1.3
8,route,28.6
8,retrieve,1093.7
8,tier1_check,102.6
8,judge,2.8
8,route,26.1
8,retrieve,855.0
8,tier1_check,1.7
8,judge,1.4
8,route,23.1
8,retrieve,654.1
8,tier1_check,1.9
8,judge,2.0
8,route,26.8
8,retrieve,794.8
8,tier1_check,2.0
8,judge,2.2
8,route,36.9
8,retrieve,801.3
8,tier1_check,112.0
8,judge,4.1
8,route,41.3
8,retrieve,1279.8
8,tier1_check,1.7
8,judge,1.5
8,route,27.5
8,retrieve,977.3
8,tier1_check,107.0
8,judge,2.6
8,route,20.0
8,retrieve,702.6
8,tier1_check,124.8
8,judge,3.7
8,route,25.7
8,retrieve,1037.7
8,tier1_check,1.8
8,judge,1.8
8,route,24.4
8,retrieve,827.3
8,tier1_check,90.8
8,judge,2.6
8,route,27.5
8,retrieve,1001.7
8,tier1_check,140.0
8,judge,3.8
8,route,40.7
8,retrieve,1187.4
8,tier1_check,107.9
8,judge,2.5
8,route,25.1
8,retrieve,1032.9
8,tier1_check,104.3
8,judge,2.7
8,route,54.7
8,retrieve,838.1
8,tier1_check,1.6
8,judge,1.4
8,route,22.2
8,retrieve,878.7
8,tier1_check,1.8
8,judge,1.4
8,route,23.8
8,retrieve,948.4
8,tier1_check,1.6
8,judge,1.3
8,route,22.6
8,retrieve,793.0
8,tier1_check,122.9
8,judge,5.7
8,route,25.6
8,retrieve,697.1
8,tier1_check,1.6
8,judge,1.3
8,route,25.5
8,retrieve,951.6
8,tier1_check,125.3
8,judge,5.1
8,route,24.2
8,retrieve,858.5
8,tier1_check,98.3
8,judge,2.6
8,route,24.0
8,retrieve,991.2
8,tier1_check,1.8
8,judge,1.5
8,route,25.5
8,retrieve,842.3
8,tier1_check,1.7
8,judge,1.4
8,route,28.9
8,retrieve,1267.2
8,tier1_check,157.4
8,judge,5.0
8,route,26.1
8,retrieve,811.4
8,tier1_check,1.7
8,judge,1.4
8,route,27.2
8,retrieve,1334.2
8,tier1_check,1.6
8,judge,1.4
8,route,26.5
8,retrieve,976.7
8,tier1_check,2.4
8,judge,2.2
8,route,40.7
8,retrieve,863.3
8,tier1_check,166.6
8,judge,5.2
8,route,37.0
8,retrieve,697.0
8,tier1_check,1.5
8,judge,1.2
8,route,23.6
8,retrieve,817.9
8,tier1_check,2.3
8,judge,2.2
8,route,29.4
8,retrieve,530.8
8,tier1_check,1.4
8,judge,1.2
8,route,24.5
8,retrieve,902.8
8,tier1_check,2.3
8,judge,2.4
8,route,37.4
8,retrieve,695.8
8,tier1_check,1.8
8,judge,1.7
8,route,46.1
8,retrieve,1543.5
8,tier1_check,66.4
8,judge,39.9
8,route,30.8
8,retrieve,1134.3
8,tier1_check,91.2
8,judge,37.5
8,route,29.4
8,retrieve,1219.3
8,tier1_check,88.6
8,judge,73.4
8,route,28.1
8,retrieve,987.5
8,tier1_check,72.8
8,judge,47.2
8,route,24.6
8,retrieve,977.2
8,tier1_check,79.7
8,judge,55.8
8,route,27.6
8,retrieve,1258.1
8,tier1_check,99.2
8,judge,82.0
8,route,28.3
8,retrieve,1279.0
8,tier1_check,87.2
8,judge,52.2
8,route,26.4
8,retrieve,905.3
8,tier1_check,89.5
8,judge,72.9
8,route,23.8
8,retrieve,1022.6
8,tier1_check,202.8
8,judge,3.0
8,route,26.5
8,retrieve,964.7
8,tier1_check,50.1
8,judge,39.8
8,route,22.1
8,retrieve,820.5
8,tier1_check,41.9
8,judge,24.6
8,route,26.5
8,retrieve,1308.7
8,tier1_check,207.6
8,judge,122.6
8,route,26.9
8,retrieve,1158.7
8,tier1_check,246.4
8,judge,205.6
8,route,35.6
8,retrieve,941.8
8,tier1_check,59.1
8,judge,35.8
8,route,23.3
8,retrieve,775.3
8,tier1_check,193.8
8,judge,109.1
8,route,29.5
8,retrieve,1252.6
8,tier1_check,103.7
8,judge,106.1
8,route,39.6
8,retrieve,1083.3
8,tier1_check,52.6
8,judge,27.7
8,route,26.6
8,retrieve,1110.2
8,tier1_check,54.6
8,judge,2.5
8,route,22.6
8,retrieve,965.2
8,tier1_check,130.8
8,judge,116.0
8,route,23.8
8,retrieve,987.8
8,tier1_check,65.2
8,judge,56.5
8,route,43.2
8,retrieve,979.8
8,tier1_check,85.5
8,judge,88.0
8,route,37.3
8,retrieve,940.2
8,tier1_check,93.2
8,judge,72.7
8,route,28.8
8,retrieve,1250.2
8,tier1_check,97.6
8,judge,54.4
8,route,44.7
8,retrieve,1207.5
8,tier1_check,56.9
8,judge,41.5
8,route,28.5
8,retrieve,1077.0
8,tier1_check,216.3
8,judge,173.9
8,route,40.1
8,retrieve,1006.9
8,tier1_check,62.1
8,judge,54.7
8,route,29.1
8,retrieve,1015.0
8,tier1_check,63.3
8,judge,43.6
8,route,26.8
8,retrieve,834.5
8,tier1_check,63.0
8,judge,52.0
8,route,25.5
8,retrieve,1022.3
8,tier1_check,54.6
8,judge,36.7
8,route,31.9
8,retrieve,2325.1
8,tier1_check,94.7
8,judge,63.9
8,route,81.4
8,retrieve,3261.1
8,tier1_check,267.1
8,judge,242.8
8,route,67.0
8,retrieve,2701.6
8,tier1_check,70.5
8,judge,38.0
8,route,47.2
8,retrieve,2968.6
8,tier1_check,71.5
8,judge,64.3
8,route,33.8
8,retrieve,1203.2
8,tier1_check,74.5
8,judge,61.6
8,route,55.8
8,retrieve,1960.3
8,tier1_check,303.7
8,judge,168.2
8,route,48.2
8,retrieve,1860.4
8,tier1_check,80.2
8,judge,61.0
8,route,57.5
8,retrieve,1772.0
8,tier1_check,76.2
8,judge,3.6
8,route,34.2
8,retrieve,1425.9
8,tier1_check,201.9
8,judge,2.9
8,route,32.2
8,retrieve,1155.6
8,tier1_check,88.2
8,judge,37.0
8,route,45.1
8,retrieve,2282.3
8,tier1_check,158.1
8,judge,67.0
8,route,33.2
8,retrieve,1043.0
8,tier1_check,119.4
8,judge,65.3
8,route,32.1
8,retrieve,1315.2
8,tier1_check,239.1
8,judge,122.9
8,route,35.3
8,retrieve,2087.1
8,tier1_check,78.0
8,judge,72.1
8,route,47.1
8,retrieve,1335.6
8,tier1_check,92.9
8,judge,57.9
8,route,53.8
8,retrieve,1875.8
8,tier1_check,65.3
8,judge,44.8
8,route,32.5
8,retrieve,1187.9
8,tier1_check,99.9
8,judge,48.8
8,route,29.7
8,retrieve,1164.0
8,tier1_check,84.3
8,judge,38.2
8,route,31.1
8,retrieve,1416.4
8,tier1_check,203.4
8,judge,4.2
8,route,34.4
8,retrieve,1405.4
8,tier1_check,190.7
8,judge,87.6
8,route,31.5
8,retrieve,1156.3
8,tier1_check,155.3
8,judge,5.3
9,route,31.5
9,retrieve,692.6
9,tier1_check,337.2
9,judge,155.5
9,route,29.6
9,retrieve,847.5
9,tier1_check,102.0
9,judge,2.8
9,route,28.2
9,retrieve,1353.0
9,tier1_check,90.5
9,judge,2.6
9,route,34.7
9,retrieve,1812.4
9,tier1_check,242.8
9,judge,6.7
9,route,34.0
9,retrieve,766.6
9,tier1_check,88.8
9,judge,101.9
9,route,39.0
9,retrieve,1000.4
9,tier1_check,239.3
9,judge,125.6
9,route,32.3
9,retrieve,1563.2
9,tier1_check,144.6
9,judge,118.7
9,route,39.1
9,retrieve,1934.3
9,tier1_check,138.5
9,judge,103.2
9,route,24.5
9,retrieve,925.4
9,tier1_check,189.2
9,judge,76.5
9,route,25.9
9,retrieve,947.9
9,tier1_check,165.9
9,judge,76.1
9,route,35.0
9,retrieve,1245.9
9,tier1_check,169.4
9,judge,78.2
9,route,27.7
9,retrieve,1082.2
9,tier1_check,165.2
9,judge,100.9
9,route,24.5
9,retrieve,867.6
9,tier1_check,122.0
9,judge,90.3
9,route,26.8
9,retrieve,1272.9
9,tier1_check,104.3
9,judge,85.1
9,route,31.2
9,retrieve,1325.9
9,tier1_check,195.5
9,judge,88.0
9,route,23.3
9,retrieve,936.6
9,tier1_check,87.8
9,judge,70.8
9,route,25.8
9,retrieve,1215.0
9,tier1_check,273.6
9,judge,101.6
9,route,23.4
9,retrieve,1003.4
9,tier1_check,224.3
9,judge,116.9
9,route,32.6
9,retrieve,1290.7
9,tier1_check,147.6
9,judge,116.7
9,route,20.7
9,retrieve,743.1
9,tier1_check,299.2
9,judge,177.3
9,route,35.5
9,retrieve,1325.3
9,tier1_check,246.9
9,judge,5.0
9,route,22.6
9,retrieve,843.9
9,tier1_check,236.4
9,judge,113.3
9,route,36.1
9,retrieve,1682.1
9,tier1_check,443.5
9,judge,112.4
9,route,22.4
9,retrieve,983.0
9,tier1_check,100.0
9,judge,92.7
9,route,23.4
9,retrieve,915.5
9,tier1_check,104.8
9,judge,2.8
9,route,25.5
9,retrieve,709.3
9,tier1_check,187.8
9,judge,147.0
9,route,43.5
9,retrieve,1579.6
9,tier1_check,98.7
9,judge,82.8
9,route,25.0
9,retrieve,1010.4
9,tier1_check,88.2
9,judge,131.9
9,route,36.4
9,retrieve,718.5
9,tier1_check,88.4
9,judge,138.5
9,route,43.3
9,retrieve,1146.6
9,tier1_check,165.5
9,judge,74.5
9,route,33.4
9,retrieve,1594.2
9,tier1_check,177.2
9,judge,104.6
9,route,27.0
9,retrieve,1251.3
9,tier1_check,115.5
9,judge,2.8
9,route,21.2
9,retrieve,732.6
9,tier1_check,106.3
9,judge,2.7
9,route,27.2
9,retrieve,1104.0
9,tier1_check,98.7
9,judge,83.1
9,route,33.9
9,retrieve,1843.1
9,tier1_check,94.6
9,judge,2.7
9,route,21.8
9,retrieve,724.5
9,tier1_check,193.8
9,judge,104.0
9,route,22.9
9,retrieve,734.0
9,tier1_check,136.9
9,judge,102.9
9,route,45.1
9,retrieve,811.7
9,tier1_check,121.1
9,judge,150.2
9,route,46.8
9,retrieve,1085.4
9,tier1_check,201.4
9,judge,118.2
9,route,21.8
9,retrieve,722.3
9,tier1_check,267.6
9,judge,149.2
9,route,28.5
9,retrieve,782.4
9,tier1_check,81.4
9,judge,37.0
9,route,23.6
9,retrieve,739.6
9,tier1_check,73.3
9,judge,57.4
9,route,21.8
9,retrieve,726.5
9,tier1_check,199.4
9,judge,109.9
9,route,20.7
9,retrieve,703.5
9,tier1_check,220.4
9,judge,120.6
9,route,29.8
9,retrieve,715.9
9,tier1_check,202.4
9,judge,107.2
9,route,32.4
9,retrieve,1631.1
9,tier1_check,115.6
9,judge,4.1
9,route,34.2
9,retrieve,843.8
9,tier1_check,185.9
9,judge,5.6
9,route,31.1
9,retrieve,701.7
9,tier1_check,210.6
9,judge,112.0
9,route,20.1
9,retrieve,678.9
9,tier1_check,134.4
9,judge,98.2
9,route,30.8
9,retrieve,1191.3
9,tier1_check,130.0
9,judge,129.9
9,route,34.9
9,retrieve,932.8
9,tier1_check,228.1
9,judge,119.8
9,route,24.4
9,retrieve,692.7
9,tier1_check,179.0
9,judge,142.3
9,route,30.2
9,retrieve,719.1
9,tier1_check,131.1
9,judge,2.8
9,route,34.0
9,retrieve,1223.6
9,tier1_check,128.8
9,judge,108.5
9,route,24.0
9,retrieve,811.6
9,tier1_check,180.4
9,judge,95.1
9,route,29.9
9,retrieve,609.1
9,tier1_check,289.2
9,judge,192.3
9,route,36.1
9,retrieve,916.7
9,tier1_check,251.4
9,judge,5.4
9,route,30.0
9,retrieve,839.2
9,tier1_check,162.4
9,judge,94.7
9,route,25.3
9,retrieve,949.9
9,tier1_check,163.0
9,judge,62.7
9,route,25.1
9,retrieve,1168.8
9,tier1_check,82.8
9,judge,43.7
9,route,55.3
9,retrieve,1743.5
9,tier1_check,172.9
9,judge,3.6
9,route,38.6
9,retrieve,2088.7
9,tier1_check,130.7
9,judge,5.6
9,route,36.8
9,retrieve,930.4
9,tier1_check,104.2
9,judge,50.8
9,route,25.9
9,retrieve,1178.3
9,tier1_check,319.6
9,judge,6.5
9,route,40.5
9,retrieve,1166.6
9,tier1_check,86.0
9,judge,49.9
9,route,32.6
9,retrieve,1599.0
9,tier1_check,61.9
9,judge,45.8
9,route,22.6
9,retrieve,907.6
9,tier1_check,153.0
9,judge,114.8
9,route,28.4
9,retrieve,934.4
9,tier1_check,108.8
9,judge,80.7
9,route,23.4
9,retrieve,858.3
9,tier1_check,165.8
9,judge,160.0
9,route,35.9
9,retrieve,911.0
9,tier1_check,146.6
9,judge,116.4
9,route,32.2
9,retrieve,751.4
9,tier1_check,105.6
9,judge,3.0
9,route,25.7
9,retrieve,1054.8
9,tier1_check,102.6
9,judge,2.6
9,route,36.2
9,retrieve,1392.3
9,tier1_check,205.3
9,judge,2.9
9,route,27.5
9,retrieve,887.8
9,tier1_check,149.4
9,judge,2.7
9,route,20.6
9,retrieve,764.4
9,tier1_check,149.1
9,judge,4.5
9,route,31.3
9,retrieve,883.2
9,tier1_check,217.8
9,judge,141.5
9,route,30.9
9,retrieve,1420.6
9,tier1_check,108.0
9,judge,2.6
9,route,23.8
9,retrieve,826.0
9,tier1_check,178.7
9,judge,81.9
9,route,25.8
9,retrieve,1182.8
9,tier1_check,304.8
9,judge,6.2
9,route,38.0
9,retrieve,794.3
9,tier1_check,96.4
9,judge,118.5
9,route,57.2
9,retrieve,2159.9
9,tier1_check,95.2
9,judge,2.7
9,route,24.9
9,retrieve,1093.8
9,tier1_check,156.6
9,judge,68.2
9,route,22.8
9,retrieve,739.7
9,tier1_check,145.3
9,judge,70.8
9,route,33.8
9,retrieve,806.9
9,tier1_check,90.8
9,judge,2.5
9,route,34.4
9,retrieve,1219.0
9,tier1_check,92.4
9,judge,5.5
9,route,33.2
9,retrieve,1011.3
9,tier1_check,262.3
9,judge,84.4
9,route,26.7
9,retrieve,774.5
9,tier1_check,104.0
9,judge,48.4
9,route,25.5
9,retrieve,749.1
9,tier1_check,292.9
9,judge,84.3
9,route,38.0
9,retrieve,1832.1
9,tier1_check,204.4
9,judge,2.9
9,route,27.9
9,retrieve,1010.3
9,tier1_check,95.3
9,judge,78.9
9,route,25.9
9,retrieve,813.2
9,tier1_check,136.6
9,judge,2.9
9,route,25.5
9,retrieve,744.8
9,tier1_check,98.5
9,judge,79.2
9,route,24.4
9,retrieve,808.2
9,tier1_check,108.9
9,judge,78.4
9,route,31.4
9,retrieve,738.9
9,tier1_check,95.2
9,judge,72.9
9,route,27.9
9,retrieve,996.8
9,tier1_check,160.9
9,judge,108.3
9,route,57.5
9,retrieve,1666.7
9,tier1_check,215.2
9,judge,225.8
9,route,32.5
9,retrieve,740.8
9,tier1_check,210.4
9,judge,5.5
9,route,33.3
9,retrieve,711.1
9,tier1_check,117.8
9,judge,99.5
9,route,36.7
9,retrieve,973.2
9,tier1_check,178.2
9,judge,3.4
9,route,25.4
9,retrieve,945.7
9,tier1_check,194.6
9,judge,2.7
9,route,26.5
9,retrieve,1085.7
9,tier1_check,196.6
9,judge,2.5
9,route,23.1
9,retrieve,801.9
9,tier1_check,185.3
9,judge,2.5
9,route,28.7
9,retrieve,1166.0
9,tier1_check,132.7
9,judge,133.2
9,route,30.0
9,retrieve,544.7
9,tier1_check,152.5
9,judge,108.0
9,route,29.5
9,retrieve,1109.4
9,tier1_check,127.7
9,judge,107.0
9,route,24.6
9,retrieve,830.0
9,tier1_check,128.3
9,judge,105.5
9,route,37.4
9,retrieve,1101.8
9,tier1_check,103.9
9,judge,85.9
9,route,38.3
9,retrieve,1035.3
9,tier1_check,332.2
9,judge,185.1
9,route,26.4
9,retrieve,754.8
9,tier1_check,170.0
9,judge,228.8
9,route,27.2
9,retrieve,721.4
9,tier1_check,144.2
9,judge,111.1
9,route,32.4
9,retrieve,1020.2
9,tier1_check,179.2
9,judge,206.6
9,route,22.5
9,retrieve,694.6
9,tier1_check,150.8
9,judge,110.5
9,route,18.9
9,retrieve,612.3
9,tier1_check,316.3
9,judge,191.9
9,route,33.3
9,retrieve,918.5
9,tier1_check,142.0
9,judge,100.1
9,route,21.7
9,retrieve,583.9
9,tier1_check,284.3
9,judge,124.1
9,route,21.9
9,retrieve,666.2
9,tier1_check,198.0
9,judge,123.3
9,route,23.3
9,retrieve,633.1
9,tier1_check,136.3
9,judge,115.4
9,route,28.3
9,retrieve,1062.0
9,tier1_check,226.9
9,judge,5.9
9,route,30.1
9,retrieve,876.5
9,tier1_check,155.3
9,judge,3.1
9,route,30.4
9,retrieve,686.9
9,tier1_check,134.8
9,judge,105.5
9,route,47.5
9,retrieve,1011.4
9,tier1_check,204.2
9,judge,4.4
9,route,48.0
9,retrieve,1035.4
9,tier1_check,99.1
9,judge,5.7
9,route,25.6
9,retrieve,597.9
9,tier1_check,189.5
9,judge,98.4
9,route,23.1
9,retrieve,701.5
9,tier1_check,313.4
9,judge,183.0
9,route,37.0
9,retrieve,721.7
9,tier1_check,188.8
9,judge,96.7
9,route,32.1
9,retrieve,1032.0
9,tier1_check,177.7
9,judge,169.9
9,route,33.4
9,retrieve,683.1
9,tier1_check,131.9
9,judge,208.0
9,route,34.4
9,retrieve,613.9
9,tier1_check,242.0
9,judge,209.7
9,route,37.2
9,retrieve,720.4
9,tier1_check,329.3
9,judge,121.2
9,route,35.8
9,retrieve,1096.7
9,tier1_check,204.2
9,judge,115.8
9,route,34.4
9,retrieve,631.2
9,tier1_check,155.0
9,judge,72.2
9,route,23.5
9,retrieve,688.0
9,tier1_check,83.9
9,judge,68.5
9,route,22.4
9,retrieve,859.0
9,tier1_check,132.8
9,judge,2.8
9,route,18.3
9,retrieve,633.9
9,tier1_check,122.6
9,judge,90.9
9,route,22.8
9,retrieve,738.9
9,tier1_check,107.5
9,judge,87.2
9,route,29.9
9,retrieve,588.8
9,tier1_check,119.9
9,judge,51.2
9,route,27.8
9,retrieve,1281.1
9,tier1_check,93.8
9,judge,2.6
9,route,24.1
9,retrieve,959.5
9,tier1_check,196.0
9,judge,168.5
9,route,36.8
9,retrieve,993.4
9,tier1_check,172.6
9,judge,93.3
9,route,31.3
9,retrieve,1124.6
9,tier1_check,123.2
9,judge,91.8
9,route,20.5
9,retrieve,557.1
9,tier1_check,139.3
9,judge,2.7
9,route,21.1
9,retrieve,637.9
9,tier1_check,107.9
9,judge,61.7
9,route,23.6
9,retrieve,751.4
9,tier1_check,149.1
9,judge,93.3
9,route,22.7
9,retrieve,648.5
9,tier1_check,245.0
9,judge,4.3
9,route,21.9
9,retrieve,699.4
9,tier1_check,184.2
9,judge,2.8
9,route,21.2
9,retrieve,651.5
9,tier1_check,107.3
9,judge,5.5
9,route,31.7
9,retrieve,690.7
9,tier1_check,122.1
9,judge,159.5
9,route,44.3
9,retrieve,1310.7
9,tier1_check,129.7
9,judge,98.9
9,route,29.0
9,retrieve,1311.6
9,tier1_check,290.6
9,judge,4.4
9,route,30.0
9,retrieve,1454.9
9,tier1_check,111.2
9,judge,119.1
9,route,31.1
9,retrieve,750.2
9,tier1_check,93.6
9,judge,63.1
9,route,34.9
9,retrieve,939.1
9,tier1_check,128.2
9,judge,5.0
9,route,33.4
9,retrieve,747.2
9,tier1_check,111.3
9,judge,5.6
9,route,31.6
9,retrieve,564.9
9,tier1_check,66.5
9,judge,2.3
9,route,20.6
9,retrieve,547.1
9,tier1_check,1.5
9,judge,1.3
9,route,21.8
9,retrieve,897.7
9,tier1_check,198.4
9,judge,7.4
9,route,47.0
9,retrieve,635.3
9,tier1_check,111.0
9,judge,53.3
9,route,34.3
9,retrieve,689.2
9,tier1_check,173.2
9,judge,5.6
9,route,33.6
9,retrieve,711.1
9,tier1_check,1.8
9,judge,1.5
9,route,19.0
9,retrieve,501.7
9,route,21.7
9,retrieve,447.3
9,route,21.8
9,retrieve,460.1
9,route,21.8
9,retrieve,748.4
9,tier1_check,2.3
9,judge,2.4
9,route,39.0
9,retrieve,870.2
9,tier1_check,2.2
9,judge,2.1
9,route,38.9
9,retrieve,620.5
9,route,21.7
9,retrieve,549.9
9,tier1_check,1.4
9,judge,1.2
9,route,20.7
9,retrieve,690.0
9,tier1_check,90.3
9,judge,2.5
9,route,20.1
9,retrieve,609.6
9,tier1_check,110.8
9,judge,2.5
9,route,18.4
9,retrieve,489.5
9,route,20.3
9,retrieve,427.9
9,route,26.6
9,retrieve,667.5
9,route,20.6
9,retrieve,684.2
9,tier1_check,1.7
9,judge,1.4
9,route,22.4
9,retrieve,705.9
9,tier1_check,147.0
9,judge,96.3
9,route,26.3
9,retrieve,532.2
9,tier1_check,1.6
9,judge,8.4
9,route,20.6
9,retrieve,526.1
9,route,24.2
9,retrieve,633.1
9,tier1_check,1.5
9,judge,1.3
9,route,22.8
9,retrieve,864.7
9,tier1_check,186.1
9,judge,87.5
9,route,25.9
9,retrieve,576.1
9,tier1_check,1.6
9,judge,1.7
9,route,30.4
9,retrieve,549.7
9,tier1_check,103.0
9,judge,2.5
9,route,25.6
9,retrieve,744.1
9,tier1_check,1.9
9,judge,2.0
9,route,24.8
9,retrieve,531.1
9,tier1_check,82.3
9,judge,2.5
9,route,23.2
9,retrieve,956.4
9,tier1_check,74.7
9,judge,2.5
9,route,23.7
9,retrieve,895.8
9,tier1_check,93.2
9,judge,47.6
9,route,32.8
9,retrieve,893.4
9,tier1_check,119.1
9,judge,42.0
9,route,20.6
9,retrieve,688.2
9,tier1_check,1.8
9,judge,1.4
9,route,22.4
9,retrieve,629.1
9,tier1_check,1.3
9,judge,1.2
9,route,20.5
9,retrieve,549.8
9,route,36.6
9,retrieve,617.3
9,tier1_check,1.8
9,judge,1.4
9,route,22.2
9,retrieve,618.3
9,route,24.1
9,retrieve,581.3
9,tier1_check,1.4
9,judge,1.3
9,route,31.7
9,retrieve,516.6
9,tier1_check,1.2
9,judge,1.1
9,route,20.1
9,retrieve,521.5
9,route,23.5
9,retrieve,558.5
9,route,22.3
9,retrieve,598.6
9,tier1_check,96.7
9,judge,2.8
9,route,21.5
9,retrieve,690.7
9,tier1_check,85.3
9,judge,2.7
9,route,22.0
9,retrieve,656.0
9,tier1_check,1.6
9,judge,1.4
9,route,19.9
9,retrieve,507.6
9,tier1_check,1.6
9,judge,1.3
9,route,19.7
9,retrieve,489.3
9,tier1_check,143.6
9,judge,6.4
9,route,33.0
9,retrieve,669.4
9,route,25.1
9,retrieve,784.5
9,tier1_check,78.3
9,judge,2.7
9,route,22.3
9,retrieve,826.0
9,tier1_check,2.0
9,judge,2.3
9,route,27.7
9,retrieve,775.4
9,tier1_check,1.8
9,judge,1.6
9,route,24.0
9,retrieve,774.2
9,tier1_check,2.3
9,judge,2.2
9,route,35.6
9,retrieve,885.1
9,tier1_check,142.1
9,judge,5.0
9,route,39.8
9,retrieve,799.3
9,tier1_check,2.1
9,judge,2.3
9,route,39.5
9,retrieve,1086.3
9,tier1_check,142.3
9,judge,4.8
9,route,23.0
9,retrieve,858.4
9,tier1_check,1.5
9,judge,1.5
9,route,25.1
9,retrieve,802.4
9,tier1_check,2.2
9,judge,2.1
9,route,39.2
9,retrieve,824.5
9,tier1_check,1.7
9,judge,1.4
9,route,23.7
9,retrieve,928.5
9,tier1_check,125.9
9,judge,6.1
9,route,39.7
9,retrieve,910.5
9,tier1_check,170.5
9,judge,5.6
9,route,41.3
9,retrieve,1446.7
9,tier1_check,80.1
9,judge,2.6
9,route,23.8
9,retrieve,728.2
9,tier1_check,162.1
9,judge,4.7
9,route,42.6
9,retrieve,870.9
9,tier1_check,1.8
9,judge,1.4
9,route,20.3
9,retrieve,642.2
9,tier1_check,2.0
9,judge,2.0
9,route,34.7
9,retrieve,642.9
9,tier1_check,1.3
9,judge,1.1
9,route,22.1
9,retrieve,805.6
9,tier1_check,98.9
9,judge,2.4
9,route,25.8
9,retrieve,778.6
9,tier1_check,111.3
9,judge,2.3
9,route,28.2
9,retrieve,1041.8
9,tier1_check,1.7
9,judge,1.4
9,route,23.1
9,retrieve,1059.0
9,tier1_check,1.7
9,judge,1.5
9,route,23.2
9,retrieve,684.5
9,tier1_check,1.5
9,judge,1.3
9,route,25.1
9,retrieve,796.0
9,tier1_check,100.5
9,judge,2.6
9,route,22.5
9,retrieve,817.2
9,tier1_check,1.7
9,judge,1.5
9,route,25.3
9,retrieve,1234.8
9,tier1_check,1.6
9,judge,1.4
9,route,26.4
9,retrieve,949.5
9,tier1_check,104.2
9,judge,2.6
9,route,20.3
9,retrieve,753.3
9,tier1_check,2.4
9,judge,2.3
9,route,41.2
9,retrieve,1038.9
9,tier1_check,99.6
9,judge,2.7
9,route,24.0
9,retrieve,896.2
9,tier1_check,91.6
9,judge,2.7
9,route,27.4
9,retrieve,841.2
9,tier1_check,2.4
9,judge,2.5
9,route,47.3
9,retrieve,1214.3
9,tier1_check,155.9
9,judge,7.0
9,route,44.1
9,retrieve,1044.0
9,tier1_check,114.8
9,judge,3.5
9,route,26.4
9,retrieve,891.3
9,tier1_check,119.9
9,judge,2.7
9,route,22.6
9,retrieve,813.3
9,tier1_check,105.2
9,judge,2.7
9,route,27.8
9,retrieve,965.9
9,tier1_check,104.1
9,judge,2.4
9,route,22.5
9,retrieve,779.7
9,tier1_check,2.3
9,judge,2.2
9,route,27.9
9,retrieve,710.1
9,tier1_check,175.5
9,judge,5.5
9,route,39.8
9,retrieve,984.8
9,tier1_check,122.0
9,judge,3.2
9,route,24.4
9,retrieve,883.9
9,tier1_check,95.5
9,judge,2.6
9,route,24.8
9,retrieve,979.3
9,tier1_check,1.6
9,judge,1.5
9,route,25.2
9,retrieve,854.2
9,tier1_check,1.7
9,judge,1.3
9,route,29.0
9,retrieve,1214.6
9,tier1_check,10.7
9,judge,1.4
9,route,24.5
9,retrieve,807.3
9,tier1_check,95.1
9,judge,2.7
9,route,26.2
9,retrieve,1331.1
9,tier1_check,256.0
9,judge,8.0
9,route,60.8
9,retrieve,969.0
9,tier1_check,2.3
9,judge,2.4
9,route,44.0
9,retrieve,913.4
9,tier1_check,153.3
9,judge,5.0
9,route,38.2
9,retrieve,705.8
9,tier1_check,1.6
9,judge,1.4
9,route,23.7
9,retrieve,1024.6
9,tier1_check,104.6
9,judge,2.9
9,route,18.8
9,retrieve,524.1
9,tier1_check,97.8
9,judge,2.3
9,route,24.9
9,retrieve,844.6
9,tier1_check,139.9
9,judge,5.6
9,route,31.1
9,retrieve,722.5
9,tier1_check,3.0
9,judge,3.0
9,route,50.8
9,retrieve,1596.0
9,tier1_check,66.7
9,judge,39.5
9,route,31.1
9,retrieve,1086.0
9,tier1_check,58.3
9,judge,34.5
9,route,28.6
9,retrieve,1184.8
9,tier1_check,96.2
9,judge,95.7
9,route,28.5
9,retrieve,1033.5
9,tier1_check,66.5
9,judge,37.5
9,route,25.2
9,retrieve,971.2
9,tier1_check,170.2
9,judge,75.3
9,route,25.8
9,retrieve,1272.3
9,tier1_check,100.8
9,judge,81.5
9,route,29.0
9,retrieve,1247.4
9,tier1_check,50.2
9,judge,30.2
9,route,24.4
9,retrieve,1077.5
9,tier1_check,86.6
9,judge,70.6
9,route,24.1
9,retrieve,1013.7
9,tier1_check,43.8
9,judge,2.6
9,route,26.9
9,retrieve,882.5
9,tier1_check,121.3
9,judge,102.7
9,route,22.2
9,retrieve,762.1
9,tier1_check,41.2
9,judge,24.1
9,route,25.0
9,retrieve,1295.1
9,tier1_check,67.2
9,judge,66.3
9,route,41.4
9,retrieve,1192.4
9,tier1_check,103.1
9,judge,71.2
9,route,37.5
9,retrieve,950.3
9,tier1_check,59.1
9,judge,36.7
9,route,23.6
9,retrieve,757.7
9,tier1_check,175.7
9,judge,96.9
9,route,25.7
9,retrieve,1249.1
9,tier1_check,48.8
9,judge,29.2
9,route,24.9
9,retrieve,1019.1
9,tier1_check,245.8
9,judge,70.9
9,route,34.5
9,retrieve,1094.3
9,tier1_check,54.5
9,judge,2.6
9,route,43.1
9,retrieve,994.4
9,tier1_check,226.4
9,judge,143.0
9,route,24.8
9,retrieve,1018.8
9,tier1_check,49.3
9,judge,29.1
9,route,28.3
9,retrieve,865.3
9,tier1_check,57.4
9,judge,60.6
9,route,24.6
9,retrieve,748.8
9,tier1_check,54.4
9,judge,29.0
9,route,27.3
9,retrieve,1290.3
9,tier1_check,172.2
9,judge,56.4
9,route,30.0
9,retrieve,1155.9
9,tier1_check,200.4
9,judge,112.1
9,route,28.2
9,retrieve,1061.5
9,tier1_check,98.8
9,judge,80.8
9,route,39.2
9,retrieve,913.3
9,tier1_check,58.2
9,judge,54.4
9,route,28.4
9,retrieve,1053.8
9,tier1_check,101.0
9,judge,73.0
9,route,36.7
9,retrieve,914.2
9,tier1_check,51.7
9,judge,35.6
9,route,26.0
9,retrieve,1201.7
9,tier1_check,76.4
9,judge,51.0
9,route,40.9
9,retrieve,1851.6
9,tier1_check,75.3
9,judge,55.4
9,route,66.7
9,retrieve,3021.6
9,tier1_check,88.9
9,judge,72.2
9,route,38.1
9,retrieve,2543.3
9,tier1_check,69.5
9,judge,35.3
9,route,43.2
9,retrieve,2841.6
9,tier1_check,190.5
9,judge,109.5
9,route,30.3
9,retrieve,1164.5
9,tier1_check,87.1
9,judge,68.1
9,route,55.4
9,retrieve,1976.1
9,tier1_check,208.5
9,judge,132.2
9,route,62.8
9,retrieve,1738.2
9,tier1_check,141.0
9,judge,73.1
9,route,47.0
9,retrieve,1773.5
9,tier1_check,54.9
9,judge,2.6
9,route,32.3
9,retrieve,1378.3
9,tier1_check,157.7
9,judge,5.0
9,route,46.3
9,retrieve,1198.9
9,tier1_check,208.4
9,judge,110.8
9,route,44.2
9,retrieve,2217.8
9,tier1_check,88.0
9,judge,59.5
9,route,33.4
9,retrieve,1075.5
9,tier1_check,173.1
9,judge,80.8
9,route,29.6
9,retrieve,1299.5
9,tier1_check,326.2
9,judge,122.6
9,route,34.2
9,retrieve,1699.9
9,tier1_check,54.1
9,judge,2.6
9,route,31.2
9,retrieve,1305.4
9,tier1_check,59.2
9,judge,37.7
9,route,34.0
9,retrieve,1830.1
9,tier1_check,112.8
9,judge,82.2
9,route,48.2
9,retrieve,1157.9
9,tier1_check,222.8
9,judge,124.4
9,route,29.7
9,retrieve,1023.5
9,tier1_check,197.9
9,judge,126.6
9,route,30.9
9,retrieve,1450.4
9,tier1_check,84.5
9,judge,2.3
9,route,32.6
9,retrieve,1471.6
9,tier1_check,61.5
9,judge,33.5
9,route,31.6
9,retrieve,1190.6
9,tier1_check,182.3
9,judge,3.0
10,route,19.2
10,retrieve,652.8
10,tier1_check,101.4
10,judge,83.3
10,route,28.4
10,retrieve,857.0
10,tier1_check,131.4
10,judge,46.6
10,route,27.4
10,retrieve,1362.0
10,tier1_check,116.9
10,judge,3.8
10,route,34.6
10,retrieve,1619.3
10,tier1_check,203.6
10,judge,2.9
10,route,21.6
10,retrieve,752.7
10,tier1_check,218.3
10,judge,179.0
10,route,27.3
10,retrieve,983.9
10,tier1_check,101.6
10,judge,2.7
10,route,31.8
10,retrieve,1598.8
10,tier1_check,386.4
10,judge,151.0
10,route,38.5
10,retrieve,1938.8
10,tier1_check,135.5
10,judge,103.3
10,route,24.4
10,retrieve,899.4
10,tier1_check,272.3
10,judge,123.6
10,route,27.0
10,retrieve,957.8
10,tier1_check,131.7
10,judge,129.1
10,route,27.2
10,retrieve,1127.9
10,tier1_check,162.8
10,judge,74.7
10,route,26.4
10,retrieve,1092.3
10,tier1_check,285.0
10,judge,78.6
10,route,24.1
10,retrieve,844.0
10,tier1_check,113.4
10,judge,89.3
10,route,26.4
10,retrieve,1000.0
10,tier1_check,112.1
10,judge,83.4
10,route,30.9
10,retrieve,1337.0
10,tier1_check,171.0
10,judge,122.0
10,route,25.1
10,retrieve,932.4
10,tier1_check,123.9
10,judge,112.1
10,route,40.3
10,retrieve,1552.1
10,tier1_check,150.2
10,judge,100.9
10,route,36.2
10,retrieve,987.5
10,tier1_check,86.5
10,judge,70.8
10,route,28.0
10,retrieve,1116.5
10,tier1_check,161.6
10,judge,74.8
10,route,18.5
10,retrieve,741.1
10,tier1_check,191.0
10,judge,130.4
10,route,84.0
10,retrieve,1329.6
10,tier1_check,124.3
10,judge,2.9
10,route,22.5
10,retrieve,845.2
10,tier1_check,161.3
10,judge,105.1
10,route,36.6
10,retrieve,1768.2
10,tier1_check,229.2
10,judge,111.8
10,route,22.7
10,retrieve,922.2
10,tier1_check,112.9
10,judge,30.2
10,route,23.0
10,retrieve,932.9
10,tier1_check,232.8
10,judge,4.3
10,route,27.0
10,retrieve,764.0
10,tier1_check,196.5
10,judge,56.7
10,route,45.4
10,retrieve,1512.6
10,tier1_check,156.1
10,judge,123.6
10,route,34.1
10,retrieve,995.0
10,tier1_check,212.9
10,judge,74.5
10,route,22.5
10,retrieve,776.3
10,tier1_check,94.7
10,judge,44.1
10,route,27.8
10,retrieve,1083.2
10,tier1_check,139.0
10,judge,3.1
10,route,35.0
10,retrieve,1703.5
10,tier1_check,168.5
10,judge,75.5
10,route,25.4
10,retrieve,1282.9
10,tier1_check,140.0
10,judge,5.6
10,route,32.8
10,retrieve,763.1
10,tier1_check,258.4
10,judge,5.1
10,route,39.1
10,retrieve,1065.3
10,tier1_check,316.7
10,judge,142.6
10,route,49.5
10,retrieve,1817.5
10,tier1_check,102.6
10,judge,3.6
10,route,24.7
10,retrieve,723.8
10,tier1_check,194.6
10,judge,107.5
10,route,23.5
10,retrieve,758.8
10,tier1_check,93.4
10,judge,2.7
10,route,29.3
10,retrieve,790.2
10,tier1_check,121.4
10,judge,105.3
10,route,30.5
10,retrieve,1103.6
10,tier1_check,166.5
10,judge,112.7
10,route,22.5
10,retrieve,678.0
10,tier1_check,131.9
10,judge,112.4
10,route,36.2
10,retrieve,770.9
10,tier1_check,72.1
10,judge,96.2
10,route,36.6
10,retrieve,714.3
10,tier1_check,133.2
10,judge,97.0
10,route,33.5
10,retrieve,801.8
10,tier1_check,322.7
10,judge,111.5
10,route,22.1
10,retrieve,715.5
10,tier1_check,198.6
10,judge,205.5
10,route,33.0
10,retrieve,722.2
10,tier1_check,200.7
10,judge,107.6
10,route,31.5
10,retrieve,1552.4
10,tier1_check,199.3
10,judge,110.0
10,route,23.0
10,retrieve,765.1
10,tier1_check,133.9
10,judge,108.2
10,route,21.7
10,retrieve,663.4
10,tier1_check,244.5
10,judge,110.7
10,route,20.8
10,retrieve,686.1
10,tier1_check,191.9
10,judge,137.5
10,route,42.0
10,retrieve,1217.3
10,tier1_check,125.6
10,judge,182.6
10,route,34.8
10,retrieve,927.6
10,tier1_check,199.9
10,judge,112.1
10,route,24.3
10,retrieve,632.1
10,tier1_check,245.5
10,judge,155.2
10,route,46.7
10,retrieve,684.5
10,tier1_check,129.5
10,judge,2.8
10,route,33.6
10,retrieve,1251.0
10,tier1_check,333.4
10,judge,131.9
10,route,31.5
10,retrieve,875.3
10,tier1_check,160.2
10,judge,144.6
10,route,30.9
10,retrieve,607.0
10,tier1_check,174.2
10,judge,107.9
10,route,21.8
10,retrieve,642.9
10,tier1_check,173.1
10,judge,5.5
10,route,43.3
10,retrieve,814.3
10,tier1_check,288.0
10,judge,163.4
10,route,55.9
10,retrieve,958.4
10,tier1_check,90.6
10,judge,40.6
10,route,25.4
10,retrieve,1091.9
10,tier1_check,236.2
10,judge,121.2
10,route,42.9
10,retrieve,1636.5
10,tier1_check,77.1
10,judge,2.8
10,route,35.9
10,retrieve,2039.8
10,tier1_check,88.5
10,judge,5.9
10,route,29.5
10,retrieve,1095.8
10,tier1_check,122.2
10,judge,48.8
10,route,24.6
10,retrieve,1108.7
10,tier1_check,106.7
10,judge,2.8
10,route,26.7
10,retrieve,1135.0
10,tier1_check,62.4
10,judge,46.1
10,route,31.7
10,retrieve,1544.1
10,tier1_check,60.6
10,judge,44.6
10,route,20.8
10,retrieve,831.4
10,tier1_check,157.8
10,judge,156.0
10,route,36.1
10,retrieve,927.8
10,tier1_check,101.4
10,judge,83.8
10,route,23.1
10,retrieve,969.1
10,tier1_check,102.2
10,judge,82.9
10,route,25.5
10,retrieve,836.4
10,tier1_check,115.6
10,judge,120.3
10,route,26.3
10,retrieve,744.0
10,tier1_check,113.9
10,judge,2.8
10,route,24.9
10,retrieve,1004.8
10,tier1_check,166.6
10,judge,167.0
10,route,37.0
10,retrieve,1374.3
10,tier1_check,188.0
10,judge,2.8
10,route,21.9
10,retrieve,868.1
10,tier1_check,129.9
10,judge,2.7
10,route,20.8
10,retrieve,746.2
10,tier1_check,206.0
10,judge,176.4
10,route,33.1
10,retrieve,831.5
10,tier1_check,245.5
10,judge,141.9
10,route,29.7
10,retrieve,1428.9
10,tier1_check,157.8
10,judge,5.7
10,route,31.0
10,retrieve,841.7
10,tier1_check,93.9
10,judge,101.0
10,route,28.4
10,retrieve,1152.8
10,tier1_check,98.2
10,judge,2.7
10,route,25.4
10,retrieve,973.4
10,tier1_check,187.5
10,judge,80.9
10,route,35.0
10,retrieve,2019.2
10,tier1_check,234.3
10,judge,5.0
10,route,25.5
10,retrieve,1091.7
10,tier1_check,183.2
10,judge,72.7
10,route,31.5
10,retrieve,760.9
10,tier1_check,160.5
10,judge,102.1
10,route,23.3
10,retrieve,786.3
10,tier1_check,137.5
10,judge,5.6
10,route,36.5
10,retrieve,1282.0
10,tier1_check,149.2
10,judge,2.7
10,route,26.0
10,retrieve,960.8
10,tier1_check,298.1
10,judge,150.5
10,route,40.4
10,retrieve,783.2
10,tier1_check,227.8
10,judge,87.2
10,route,25.8
10,retrieve,743.1
10,tier1_check,120.3
10,judge,80.6
10,route,37.9
10,retrieve,1784.5
10,tier1_check,115.4
10,judge,3.1
10,route,28.3
10,retrieve,1030.3
10,tier1_check,98.9
10,judge,77.1
10,route,26.0
10,retrieve,827.7
10,tier1_check,264.2
10,judge,115.9
10,route,25.9
10,retrieve,762.1
10,tier1_check,128.1
10,judge,109.3
10,route,35.2
10,retrieve,852.0
10,tier1_check,154.5
10,judge,3.0
10,route,30.2
10,retrieve,694.4
10,tier1_check,122.0
10,judge,102.0
10,route,33.0
10,retrieve,987.2
10,tier1_check,233.5
10,judge,106.6
10,route,45.2
10,retrieve,1652.4
10,tier1_check,271.7
10,judge,5.6
10,route,32.4
10,retrieve,737.2
10,tier1_check,135.6
10,judge,62.4
10,route,20.8
10,retrieve,687.0
10,tier1_check,103.1
10,judge,100.1
10,route,36.5
10,retrieve,933.1
10,tier1_check,239.7
10,judge,4.0
10,route,24.6
10,retrieve,907.2
10,tier1_check,105.1
10,judge,2.8
10,route,26.9
10,retrieve,1157.2
10,tier1_check,155.4
10,judge,4.1
10,route,32.5
10,retrieve,904.6
10,tier1_check,244.8
10,judge,6.6
10,route,41.9
10,retrieve,1091.5
10,tier1_check,120.4
10,judge,3.3
10,route,19.8
10,retrieve,608.2
10,tier1_check,141.6
10,judge,191.0
10,route,43.7
10,retrieve,1025.4
10,tier1_check,127.6
10,judge,108.1
10,route,28.8
10,retrieve,852.4
10,tier1_check,282.5
10,judge,171.1
10,route,52.5
10,retrieve,1348.2
10,tier1_check,124.3
10,judge,88.0
10,route,26.8
10,retrieve,1117.4
10,tier1_check,219.8
10,judge,155.1
10,route,29.1
10,retrieve,728.3
10,tier1_check,291.4
10,judge,184.3
10,route,25.0
10,retrieve,734.0
10,tier1_check,105.0
10,judge,4.9
10,route,50.3
10,retrieve,1082.5
10,tier1_check,260.4
10,judge,164.6
10,route,23.5
10,retrieve,692.6
10,tier1_check,193.8
10,judge,116.5
10,route,18.5
10,retrieve,728.5
10,tier1_check,191.9
10,judge,115.5
10,route,21.8
10,retrieve,913.0
10,tier1_check,278.2
10,judge,179.1
10,route,23.2
10,retrieve,647.8
10,tier1_check,221.6
10,judge,119.0
10,route,17.1
10,retrieve,866.9
10,tier1_check,201.7
10,judge,177.4
10,route,23.9
10,retrieve,706.2
10,tier1_check,251.6
10,judge,126.9
10,route,28.1
10,retrieve,1107.2
10,tier1_check,153.3
10,judge,4.1
10,route,30.2
10,retrieve,861.1
10,tier1_check,214.8
10,judge,5.3
10,route,35.1
10,retrieve,699.0
10,tier1_check,179.7
10,judge,197.8
10,route,22.0
10,retrieve,982.9
10,tier1_check,137.4
10,judge,2.7
10,route,32.0
10,retrieve,1020.1
10,tier1_check,93.4
10,judge,2.5
10,route,21.1
10,retrieve,639.8
10,tier1_check,101.6
10,judge,2.5
10,route,21.8
10,retrieve,666.7
10,tier1_check,263.2
10,judge,98.1
10,route,23.2
10,retrieve,823.8
10,tier1_check,107.9
10,judge,89.8
10,route,43.6
10,retrieve,1011.4
10,tier1_check,111.4
10,judge,130.5
10,route,31.9
10,retrieve,902.4
10,tier1_check,193.9
10,judge,2.8
10,route,21.8
10,retrieve,639.4
10,tier1_check,131.7
10,judge,112.4
10,route,20.8
10,retrieve,723.9
10,tier1_check,220.4
10,judge,124.8
10,route,30.1
10,retrieve,1031.9
10,tier1_check,318.4
10,judge,117.6
10,route,23.1
10,retrieve,649.3
10,tier1_check,118.5
10,judge,4.9
10,route,38.0
10,retrieve,697.5
10,tier1_check,352.2
10,judge,145.4
10,route,41.3
10,retrieve,968.1
10,tier1_check,161.2
10,judge,2.8
10,route,18.7
10,retrieve,671.9
10,tier1_check,63.6
10,judge,48.6
10,route,22.9
10,retrieve,764.5
10,tier1_check,129.8
10,judge,51.6
10,route,18.6
10,retrieve,576.8
10,tier1_check,134.4
10,judge,50.9
10,route,28.2
10,retrieve,1318.0
10,tier1_check,209.1
10,judge,172.5
10,route,34.0
10,retrieve,1024.3
10,tier1_check,122.6
10,judge,88.7
10,route,23.4
10,retrieve,985.1
10,tier1_check,109.7
10,judge,95.1
10,route,31.8
10,retrieve,1176.4
10,tier1_check,140.9
10,judge,2.7
10,route,41.5
10,retrieve,584.0
10,tier1_check,137.0
10,judge,61.4
10,route,19.9
10,retrieve,563.1
10,tier1_check,188.0
10,judge,65.6
10,route,23.5
10,retrieve,778.2
10,tier1_check,152.0
10,judge,110.2
10,route,24.2
10,retrieve,672.4
10,tier1_check,224.9
10,judge,3.7
10,route,28.2
10,retrieve,752.9
10,tier1_check,172.5
10,judge,2.8
10,route,20.6
10,retrieve,679.3
10,tier1_check,109.5
10,judge,2.7
10,route,19.7
10,retrieve,720.4
10,tier1_check,184.6
10,judge,100.2
10,route,26.3
10,retrieve,1366.8
10,tier1_check,313.2
10,judge,199.2
10,route,63.2
10,retrieve,1327.5
10,tier1_check,216.7
10,judge,5.1
10,route,46.7
10,retrieve,1433.4
10,tier1_check,120.3
10,judge,99.0
10,route,19.3
10,retrieve,613.2
10,tier1_check,1.5
10,judge,1.4
10,route,21.0
10,retrieve,967.7
10,tier1_check,1.6
10,judge,1.3
10,route,21.0
10,retrieve,779.9
10,tier1_check,2.2
10,judge,2.3
10,route,32.3
10,retrieve,620.5
10,tier1_check,2.6
10,judge,2.8
10,route,49.2
10,retrieve,610.8
10,tier1_check,1.5
10,judge,1.3
10,route,21.5
10,retrieve,753.0
10,tier1_check,1.7
10,judge,1.4
10,route,20.7
10,retrieve,842.3
10,tier1_check,96.7
10,judge,36.1
10,route,19.5
10,retrieve,716.2
10,tier1_check,99.1
10,judge,3.3
10,route,26.7
10,retrieve,730.4
10,tier1_check,106.1
10,judge,3.8
10,route,23.8
10,retrieve,523.4
10,route,24.7
10,retrieve,518.6
10,route,31.2
10,retrieve,589.6
10,route,41.0
10,retrieve,849.2
10,tier1_check,2.1
10,judge,1.7
10,route,28.8
10,retrieve,970.2
10,tier1_check,1.8
10,judge,1.6
10,route,26.3
10,retrieve,679.9
10,route,22.8
10,retrieve,591.5
10,tier1_check,1.5
10,judge,1.3
10,route,21.5
10,retrieve,734.2
10,tier1_check,1.6
10,judge,1.3
10,route,20.7
10,retrieve,659.1
10,tier1_check,1.4
10,judge,1.3
10,route,18.6
10,retrieve,484.8
10,route,20.8
10,retrieve,484.0
10,route,47.5
10,retrieve,697.5
10,route,21.4
10,retrieve,724.7
10,tier1_check,85.1
10,judge,2.7
10,route,22.0
10,retrieve,771.6
10,tier1_check,82.1
10,judge,51.0
10,route,18.7
10,retrieve,583.2
10,tier1_check,1.5
10,judge,1.3
10,route,20.8
10,retrieve,568.1
10,route,36.4
10,retrieve,636.9
10,tier1_check,78.4
10,judge,2.6
10,route,21.1
10,retrieve,1164.2
10,tier1_check,3.3
10,judge,3.3
10,route,45.1
10,retrieve,598.1
10,tier1_check,1.7
10,judge,1.8
10,route,46.6
10,retrieve,645.6
10,tier1_check,129.2
10,judge,4.5
10,route,36.2
10,retrieve,790.4
10,tier1_check,73.8
10,judge,2.6
10,route,19.1
10,retrieve,563.8
10,tier1_check,149.3
10,judge,6.0
10,route,41.1
10,retrieve,1079.8
10,tier1_check,81.1
10,judge,2.7
10,route,24.2
10,retrieve,877.5
10,tier1_check,1.8
10,judge,1.6
10,route,23.0
10,retrieve,769.1
10,tier1_check,2.3
10,judge,2.1
10,route,32.6
10,retrieve,801.3
10,tier1_check,273.0
10,judge,8.6
10,route,55.3
10,retrieve,693.7
10,tier1_check,142.2
10,judge,5.8
10,route,33.4
10,retrieve,603.2
10,route,24.3
10,retrieve,659.1
10,tier1_check,112.5
10,judge,41.4
10,route,21.9
10,retrieve,648.0
10,route,23.7
10,retrieve,617.9
10,tier1_check,1.4
10,judge,1.3
10,route,19.1
10,retrieve,540.0
10,tier1_check,66.8
10,judge,2.5
10,route,19.9
10,retrieve,557.9
10,route,36.6
10,retrieve,623.8
10,route,33.5
10,retrieve,644.5
10,tier1_check,79.0
10,judge,2.6
10,route,21.6
10,retrieve,691.0
10,tier1_check,81.3
10,judge,2.6
10,route,22.2
10,retrieve,730.9
10,tier1_check,2.1
10,judge,2.1
10,route,28.5
10,retrieve,598.1
10,tier1_check,1.5
10,judge,1.4
10,route,19.4
10,retrieve,554.0
10,tier1_check,1.3
10,judge,1.1
10,route,20.8
10,retrieve,558.2
10,route,25.0
10,retrieve,810.1
10,tier1_check,1.6
10,judge,1.4
10,route,22.4
10,retrieve,933.4
10,tier1_check,162.5
10,judge,6.0
10,route,34.4
10,retrieve,875.5
10,tier1_check,1.7
10,judge,1.4
10,route,23.1
10,retrieve,798.1
10,tier1_check,85.3
10,judge,2.7
10,route,22.9
10,retrieve,939.6
10,tier1_check,1.6
10,judge,1.4
10,route,25.6
10,retrieve,810.6
10,tier1_check,113.6
10,judge,2.4
10,route,24.2
10,retrieve,1099.0
10,tier1_check,1.6
10,judge,1.3
10,route,22.8
10,retrieve,719.9
10,tier1_check,110.6
10,judge,2.5
10,route,24.7
10,retrieve,878.5
10,tier1_check,223.5
10,judge,5.9
10,route,37.1
10,retrieve,929.7
10,tier1_check,1.7
10,judge,1.4
10,route,24.0
10,retrieve,941.4
10,tier1_check,98.6
10,judge,2.7
10,route,24.9
10,retrieve,1025.8
10,tier1_check,101.6
10,judge,2.6
10,route,27.0
10,retrieve,1582.4
10,tier1_check,2.9
10,judge,3.0
10,route,39.0
10,retrieve,867.1
10,tier1_check,133.6
10,judge,3.8
10,route,39.1
10,retrieve,945.7
10,tier1_check,2.0
10,judge,2.0
10,route,26.2
10,retrieve,642.5
10,tier1_check,81.7
10,judge,3.0
10,route,22.7
10,retrieve,616.2
10,tier1_check,1.2
10,judge,1.4
10,route,27.5
10,retrieve,884.2
10,tier1_check,1.7
10,judge,1.4
10,route,26.3
10,retrieve,793.7
10,tier1_check,115.2
10,judge,2.4
10,route,28.1
10,retrieve,1194.6
10,tier1_check,167.2
10,judge,5.3
10,route,39.5
10,retrieve,910.7
10,tier1_check,129.1
10,judge,3.0
10,route,23.1
10,retrieve,693.9
10,tier1_check,2.0
10,judge,2.0
10,route,40.9
10,retrieve,821.4
10,tier1_check,1.6
10,judge,1.3
10,route,22.6
10,retrieve,851.2
10,tier1_check,1.7
10,judge,1.5
10,route,25.5
10,retrieve,1221.6
10,tier1_check,186.5
10,judge,5.1
10,route,26.7
10,retrieve,1079.9
10,tier1_check,2.1
10,judge,4.5
10,route,35.0
10,retrieve,848.1
10,tier1_check,160.0
10,judge,4.3
10,route,25.8
10,retrieve,1062.9
10,tier1_check,1.9
10,judge,1.5
10,route,28.2
10,retrieve,871.0
10,tier1_check,1.6
10,judge,1.4
10,route,26.9
10,retrieve,798.3
10,tier1_check,1.7
10,judge,1.8
10,route,26.9
10,retrieve,1324.8
10,tier1_check,1.8
10,judge,1.5
10,route,25.0
10,retrieve,1101.8
10,tier1_check,95.4
10,judge,2.7
10,route,25.5
10,retrieve,913.1
10,tier1_check,110.5
10,judge,2.7
10,route,22.5
10,retrieve,872.5
10,tier1_check,1.7
10,judge,1.4
10,route,23.3
10,retrieve,1006.8
10,tier1_check,1.6
10,judge,1.3
10,route,22.5
10,retrieve,779.4
10,tier1_check,100.1
10,judge,2.8
10,route,24.0
10,retrieve,693.4
10,tier1_check,1.6
10,judge,1.4
10,route,25.6
10,retrieve,1059.9
10,tier1_check,160.8
10,judge,4.6
10,route,35.3
10,retrieve,915.5
10,tier1_check,1.6
10,judge,1.5
10,route,24.4
10,retrieve,1077.4
10,tier1_check,108.5
10,judge,2.7
10,route,24.6
10,retrieve,883.6
10,tier1_check,104.1
10,judge,32.4
10,route,28.8
10,retrieve,1531.7
10,tier1_check,106.8
10,judge,2.6
10,route,35.9
10,retrieve,881.8
10,tier1_check,3.4
10,judge,2.4
10,route,40.8
10,retrieve,1406.7
10,tier1_check,128.1
10,judge,4.1
10,route,43.2
10,retrieve,948.3
10,tier1_check,2.3
10,judge,3.7
10,route,42.8
10,retrieve,969.1
10,tier1_check,159.8
10,judge,5.4
10,route,36.6
10,retrieve,793.0
10,tier1_check,174.6
10,judge,5.3
10,route,38.8
10,retrieve,1045.2
10,tier1_check,87.1
10,judge,2.7
10,route,18.5
10,retrieve,562.8
10,tier1_check,1.9
10,judge,2.0
10,route,41.6
10,retrieve,895.9
10,tier1_check,1.8
10,judge,1.5
10,route,23.3
10,retrieve,745.9
10,tier1_check,101.5
10,judge,2.5
10,route,32.6
10,retrieve,1589.3
10,tier1_check,65.8
10,judge,38.8
10,route,30.9
10,retrieve,1108.2
10,tier1_check,64.5
10,judge,62.3
10,route,45.1
10,retrieve,1297.5
10,tier1_check,58.4
10,judge,59.7
10,route,28.4
10,retrieve,1113.2
10,tier1_check,63.1
10,judge,37.1
10,route,24.9
10,retrieve,1072.7
10,tier1_check,54.1
10,judge,54.4
10,route,27.0
10,retrieve,1309.4
10,tier1_check,56.8
10,judge,54.0
10,route,28.7
10,retrieve,1267.9
10,tier1_check,82.7
10,judge,56.8
10,route,31.7
10,retrieve,1004.5
10,tier1_check,54.2
10,judge,55.7
10,route,23.6
10,retrieve,1091.2
10,tier1_check,43.4
10,judge,2.6
10,route,26.8
10,retrieve,1060.2
10,tier1_check,305.2
10,judge,106.3
10,route,22.5
10,retrieve,855.5
10,tier1_check,42.2
10,judge,24.5
10,route,25.0
10,retrieve,1395.6
10,tier1_check,276.8
10,judge,147.6
10,route,33.3
10,retrieve,1200.8
10,tier1_check,171.8
10,judge,149.3
10,route,29.3
10,retrieve,1160.1
10,tier1_check,216.4
10,judge,166.3
10,route,25.5
10,retrieve,838.8
10,tier1_check,51.3
10,judge,49.3
10,route,28.3
10,retrieve,1366.9
10,tier1_check,56.4
10,judge,31.3
10,route,28.7
10,retrieve,1182.1
10,tier1_check,120.5
10,judge,49.2
10,route,42.5
10,retrieve,1293.2
10,tier1_check,274.3
10,judge,151.7
10,route,39.4
10,retrieve,1302.5
10,tier1_check,221.1
10,judge,179.9
10,route,45.2
10,retrieve,1256.8
10,tier1_check,126.0
10,judge,74.7
10,route,36.3
10,retrieve,1089.9
10,tier1_check,60.5
10,judge,75.8
10,route,45.0
10,retrieve,935.5
10,tier1_check,98.4
10,judge,37.5
10,route,33.3
10,retrieve,1324.5
10,tier1_check,55.4
10,judge,29.8
10,route,31.0
10,retrieve,1616.6
10,tier1_check,60.3
10,judge,44.1
10,route,33.0
10,retrieve,1319.0
10,tier1_check,266.3
10,judge,134.3
10,route,30.2
10,retrieve,1030.9
10,tier1_check,58.2
10,judge,58.3
10,route,32.3
10,retrieve,1158.4
10,tier1_check,232.8
10,judge,164.6
10,route,32.4
10,retrieve,1070.1
10,tier1_check,59.3
10,judge,38.6
10,route,30.6
10,retrieve,1231.6
10,tier1_check,99.9
10,judge,69.7
10,route,42.5
10,retrieve,1917.0
10,tier1_check,160.4
10,judge,104.0
10,route,52.5
10,retrieve,3133.8
10,tier1_check,74.9
10,judge,63.9
10,route,44.2
10,retrieve,2948.0
10,tier1_check,245.8
10,judge,160.0
10,route,63.9
10,retrieve,3210.4
10,tier1_check,74.7
10,judge,65.3
10,route,36.9
10,retrieve,1369.5
10,tier1_check,54.0
10,judge,41.6
10,route,39.0
10,retrieve,2045.3
10,tier1_check,156.9
10,judge,119.1
10,route,41.7
10,retrieve,1878.8
10,tier1_check,85.1
10,judge,32.3
10,route,51.9
10,retrieve,1831.0
10,tier1_check,57.3
10,judge,3.3
10,route,35.7
10,retrieve,1634.7
10,tier1_check,99.5
10,judge,3.4
10,route,36.7
10,retrieve,1255.6
10,tier1_check,125.5
10,judge,47.9
10,route,47.7
10,retrieve,2489.8
10,tier1_check,119.0
10,judge,101.0
10,route,53.0
10,retrieve,1138.0
10,tier1_check,103.5
10,judge,66.3
10,route,32.6
10,retrieve,1458.9
10,tier1_check,261.7
10,judge,122.1
10,route,34.6
10,retrieve,1828.0
10,tier1_check,53.0
10,judge,2.5
10,route,30.7
10,retrieve,1372.3
10,tier1_check,57.4
10,judge,38.4
10,route,33.7
10,retrieve,2143.0
10,tier1_check,221.6
10,judge,104.6
10,route,32.7
10,retrieve,1286.4
10,tier1_check,159.2
10,judge,51.6
10,route,31.7
10,retrieve,1105.2
10,tier1_check,85.4
10,judge,39.1
10,route,44.4
10,retrieve,1562.3
10,tier1_check,89.8
10,judge,3.2
10,route,36.0
10,retrieve,1491.7
10,tier1_check,265.2
10,judge,90.3
10,route,38.7
10,retrieve,1280.9
10,tier1_check,89.4
10,judge,2.6
11,route,39.8
11,retrieve,743.9
11,tier1_check,138.7
11,judge,104.3
11,route,35.9
11,retrieve,928.5
11,tier1_check,105.6
11,judge,86.9
11,route,29.9
11,retrieve,1403.5
11,tier1_check,137.0
11,judge,5.5
11,route,49.5
11,retrieve,1861.4
11,tier1_check,273.4
11,judge,4.6
11,route,34.4
11,retrieve,890.7
11,tier1_check,318.2
11,judge,135.1
11,route,31.5
11,retrieve,1127.0
11,tier1_check,162.7
11,judge,175.1
11,route,35.6
11,retrieve,1719.1
11,tier1_check,203.3
11,judge,117.9
11,route,39.5
11,retrieve,2231.7
11,tier1_check,309.1
11,judge,163.7
11,route,37.3
11,retrieve,1397.7
11,tier1_check,143.4
11,judge,114.8
11,route,27.5
11,retrieve,1065.5
11,tier1_check,92.5
11,judge,75.1
11,route,28.0
11,retrieve,1142.0
11,tier1_check,88.9
11,judge,75.1
11,route,27.9
11,retrieve,1163.6
11,tier1_check,146.8
11,judge,98.2
11,route,26.4
11,retrieve,1044.4
11,tier1_check,203.6
11,judge,117.7
11,route,28.4
11,retrieve,1060.3
11,tier1_check,272.8
11,judge,146.5
11,route,32.0
11,retrieve,1362.9
11,tier1_check,112.8
11,judge,85.1
11,route,28.0
11,retrieve,1073.7
11,tier1_check,238.2
11,judge,205.4
11,route,30.3
11,retrieve,1418.2
11,tier1_check,227.4
11,judge,81.2
11,route,24.7
11,retrieve,1071.4
11,tier1_check,88.4
11,judge,72.7
11,route,28.3
11,retrieve,1188.3
11,tier1_check,172.0
11,judge,78.2
11,route,18.6
11,retrieve,781.4
11,tier1_check,135.4
11,judge,108.0
11,route,28.5
11,retrieve,1406.6
11,tier1_check,137.0
11,judge,6.2
11,route,33.4
11,retrieve,939.3
11,tier1_check,149.4
11,judge,115.6
11,route,37.3
11,retrieve,1794.9
11,tier1_check,136.1
11,judge,108.6
11,route,23.3
11,retrieve,1008.4
11,tier1_check,177.9
11,judge,152.8
11,route,37.0
11,retrieve,1261.8
11,tier1_check,99.4
11,judge,4.5
11,route,28.7
11,retrieve,847.8
11,tier1_check,153.2
11,judge,85.7
11,route,30.5
11,retrieve,1649.9
11,tier1_check,141.7
11,judge,108.8
11,route,26.1
11,retrieve,1034.3
11,tier1_check,161.7
11,judge,74.0
11,route,21.8
11,retrieve,819.0
11,tier1_check,151.5
11,judge,4.0
11,route,38.5
11,retrieve,1192.0
11,tier1_check,208.7
11,judge,129.3
11,route,43.2
11,retrieve,1831.6
11,tier1_check,172.6
11,judge,76.2
11,route,28.3
11,retrieve,1295.5
11,tier1_check,147.5
11,judge,7.0
11,route,33.4
11,retrieve,914.3
11,tier1_check,283.9
11,judge,5.6
11,route,30.3
11,retrieve,1175.7
11,tier1_check,306.2
11,judge,145.9
11,route,54.0
11,retrieve,1856.4
11,tier1_check,166.2
11,judge,6.0
11,route,35.6
11,retrieve,744.7
11,tier1_check,133.8
11,judge,122.9
11,route,24.7
11,retrieve,892.6
11,tier1_check,332.2
11,judge,167.9
11,route,27.7
11,retrieve,940.4
11,tier1_check,139.8
11,judge,104.3
11,route,30.8
11,retrieve,1100.7
11,tier1_check,328.9
11,judge,105.9
11,route,22.9
11,retrieve,726.2
11,tier1_check,107.3
11,judge,58.7
11,route,23.5
11,retrieve,789.8
11,tier1_check,166.6
11,judge,59.6
11,route,23.5
11,retrieve,780.4
11,tier1_check,115.1
11,judge,97.2
11,route,32.3
11,retrieve,872.7
11,tier1_check,203.4
11,judge,109.2
11,route,21.1
11,retrieve,721.1
11,tier1_check,171.2
11,judge,160.9
11,route,27.6
11,retrieve,734.2
11,tier1_check,171.8
11,judge,147.8
11,route,41.4
11,retrieve,1575.5
11,tier1_check,89.7
11,judge,2.7
11,route,34.2
11,retrieve,819.3
11,tier1_check,229.9
11,judge,173.3
11,route,31.3
11,retrieve,703.4
11,tier1_check,132.0
11,judge,108.6
11,route,21.1
11,retrieve,747.4
11,tier1_check,204.3
11,judge,109.5
11,route,30.5
11,retrieve,1220.0
11,tier1_check,200.1
11,judge,109.4
11,route,22.4
11,retrieve,738.7
11,tier1_check,224.3
11,judge,108.1
11,route,23.1
11,retrieve,680.3
11,tier1_check,216.3
11,judge,197.3
11,route,36.0
11,retrieve,739.9
11,tier1_check,97.4
11,judge,2.6
11,route,33.3
11,retrieve,1324.7
11,tier1_check,201.6
11,judge,178.7
11,route,24.1
11,retrieve,832.3
11,tier1_check,162.7
11,judge,103.5
11,route,21.7
11,retrieve,628.8
11,tier1_check,246.5
11,judge,177.6
11,route,29.1
11,retrieve,677.3
11,tier1_check,286.8
11,judge,162.0
11,route,36.5
11,retrieve,901.9
11,tier1_check,256.7
11,judge,124.5
11,route,30.8
11,retrieve,1006.3
11,tier1_check,137.6
11,judge,67.9
11,route,35.4
11,retrieve,1078.1
11,tier1_check,77.1
11,judge,59.4
11,route,27.6
11,retrieve,1623.0
11,tier1_check,237.2
11,judge,6.2
11,route,50.6
11,retrieve,2284.7
11,tier1_check,79.4
11,judge,2.7
11,route,23.6
11,retrieve,965.3
11,tier1_check,119.8
11,judge,48.9
11,route,25.6
11,retrieve,1190.0
11,tier1_check,251.1
11,judge,6.7
11,route,39.3
11,retrieve,1213.2
11,tier1_check,119.7
11,judge,49.6
11,route,31.0
11,retrieve,1678.2
11,tier1_check,63.8
11,judge,33.7
11,route,21.9
11,retrieve,916.5
11,tier1_check,160.7
11,judge,87.7
11,route,22.0
11,retrieve,877.8
11,tier1_check,165.1
11,judge,121.4
11,route,36.2
11,retrieve,964.8
11,tier1_check,298.5
11,judge,148.3
11,route,34.6
11,retrieve,903.6
11,tier1_check,122.3
11,judge,92.4
11,route,20.7
11,retrieve,759.7
11,tier1_check,143.0
11,judge,3.0
11,route,25.5
11,retrieve,1036.0
11,tier1_check,88.2
11,judge,4.4
11,route,36.6
11,retrieve,1524.9
11,tier1_check,89.6
11,judge,2.7
11,route,22.9
11,retrieve,949.5
11,tier1_check,142.9
11,judge,4.0
11,route,29.1
11,retrieve,948.5
11,tier1_check,134.7
11,judge,103.8
11,route,21.5
11,retrieve,964.4
11,tier1_check,130.2
11,judge,111.5
11,route,50.0
11,retrieve,1534.3
11,tier1_check,100.4
11,judge,2.8
11,route,26.7
11,retrieve,902.3
11,tier1_check,98.1
11,judge,80.6
11,route,26.9
11,retrieve,1242.2
11,tier1_check,142.8
11,judge,4.5
11,route,39.2
11,retrieve,829.0
11,tier1_check,290.6
11,judge,85.5
11,route,37.2
11,retrieve,1839.5
11,tier1_check,170.8
11,judge,2.8
11,route,38.6
11,retrieve,1145.3
11,tier1_check,155.5
11,judge,68.6
11,route,32.2
11,retrieve,800.4
11,tier1_check,370.6
11,judge,102.7
11,route,33.2
11,retrieve,867.6
11,tier1_check,130.2
11,judge,4.4
11,route,35.4
11,retrieve,1356.8
11,tier1_check,70.4
11,judge,53.2
11,route,26.7
11,retrieve,968.2
11,tier1_check,104.8
11,judge,2.5
11,route,26.5
11,retrieve,829.4
11,tier1_check,181.0
11,judge,134.9
11,route,39.9
11,retrieve,795.7
11,tier1_check,133.5
11,judge,106.9
11,route,39.0
11,retrieve,1762.6
11,tier1_check,141.1
11,judge,4.0
11,route,43.5
11,retrieve,1201.1
11,tier1_check,176.2
11,judge,81.0
11,route,25.2
11,retrieve,872.5
11,tier1_check,107.4
11,judge,49.4
11,route,24.7
11,retrieve,799.2
11,tier1_check,174.5
11,judge,122.9
11,route,35.7
11,retrieve,903.3
11,tier1_check,94.0
11,judge,72.0
11,route,25.3
11,retrieve,744.8
11,tier1_check,123.9
11,judge,2.7
11,route,27.6
11,retrieve,1048.4
11,tier1_check,90.2
11,judge,71.9
11,route,70.5
11,retrieve,1685.9
11,tier1_check,88.9
11,judge,2.5
11,route,20.3
11,retrieve,742.5
11,tier1_check,132.3
11,judge,166.1
11,route,31.3
11,retrieve,845.6
11,tier1_check,72.7
11,judge,53.2
11,route,27.7
11,retrieve,1038.9
11,tier1_check,260.8
11,judge,6.8
11,route,39.1
11,retrieve,1035.1
11,tier1_check,105.2
11,judge,2.8
11,route,27.0
11,retrieve,1167.9
11,tier1_check,143.5
11,judge,2.8
11,route,24.9
11,retrieve,856.9
11,tier1_check,134.3
11,judge,123.7
11,route,49.1
11,retrieve,1204.2
11,tier1_check,268.0
11,judge,4.6
11,route,20.7
11,retrieve,573.3
11,tier1_check,199.6
11,judge,109.8
11,route,27.8
11,retrieve,1092.9
11,tier1_check,127.5
11,judge,107.5
11,route,24.6
11,retrieve,914.0
11,tier1_check,122.7
11,judge,102.8
11,route,36.4
11,retrieve,1325.6
11,tier1_check,215.1
11,judge,162.1
11,route,27.4
11,retrieve,1155.2
11,tier1_check,229.9
11,judge,224.4
11,route,39.6
11,retrieve,765.9
11,tier1_check,231.8
11,judge,118.9
11,route,23.3
11,retrieve,774.5
11,tier1_check,144.8
11,judge,128.7
11,route,33.2
11,retrieve,1028.8
11,tier1_check,63.8
11,judge,2.6
11,route,21.9
11,retrieve,821.4
11,tier1_check,157.2
11,judge,112.8
11,route,20.0
11,retrieve,777.5
11,tier1_check,200.4
11,judge,116.3
11,route,22.8
11,retrieve,913.4
11,tier1_check,133.9
11,judge,127.8
11,route,35.0
11,retrieve,650.1
11,tier1_check,222.9
11,judge,184.9
11,route,28.6
11,retrieve,636.3
11,tier1_check,140.3
11,judge,178.4
11,route,34.9
11,retrieve,692.3
11,tier1_check,133.5
11,judge,157.7
11,route,36.7
11,retrieve,1425.1
11,tier1_check,235.7
11,judge,3.4
11,route,19.7
11,retrieve,744.8
11,tier1_check,153.2
11,judge,2.6
11,route,23.3
11,retrieve,746.0
11,tier1_check,132.6
11,judge,104.7
11,route,20.9
11,retrieve,985.6
11,tier1_check,133.4
11,judge,2.7
11,route,40.2
11,retrieve,1086.1
11,tier1_check,118.1
11,judge,4.9
11,route,32.8
11,retrieve,855.0
11,tier1_check,251.3
11,judge,74.3
11,route,26.8
11,retrieve,775.1
11,tier1_check,126.7
11,judge,96.8
11,route,28.8
11,retrieve,748.7
11,tier1_check,174.8
11,judge,96.1
11,route,32.8
11,retrieve,1181.7
11,tier1_check,127.1
11,judge,2.9
11,route,21.6
11,retrieve,775.3
11,tier1_check,156.8
11,judge,130.8
11,route,33.2
11,retrieve,675.7
11,tier1_check,138.4
11,judge,134.6
11,route,31.9
11,retrieve,762.1
11,tier1_check,149.5
11,judge,183.8
11,route,49.1
11,retrieve,1141.3
11,tier1_check,136.6
11,judge,116.4
11,route,23.8
11,retrieve,751.0
11,tier1_check,85.8
11,judge,68.7
11,route,24.3
11,retrieve,743.6
11,tier1_check,155.1
11,judge,77.2
11,route,22.4
11,retrieve,956.1
11,tier1_check,110.0
11,judge,3.4
11,route,19.9
11,retrieve,848.2
11,tier1_check,87.3
11,judge,52.7
11,route,25.5
11,retrieve,860.9
11,tier1_check,89.4
11,judge,59.0
11,route,22.4
11,retrieve,648.2
11,tier1_check,66.4
11,judge,50.7
11,route,30.0
11,retrieve,1356.4
11,tier1_check,216.3
11,judge,99.8
11,route,24.8
11,retrieve,1109.6
11,tier1_check,115.3
11,judge,127.8
11,route,43.5
11,retrieve,1408.6
11,tier1_check,183.8
11,judge,167.6
11,route,36.2
11,retrieve,1254.5
11,tier1_check,191.0
11,judge,100.3
11,route,21.5
11,retrieve,639.4
11,tier1_check,150.7
11,judge,65.0
11,route,21.7
11,retrieve,627.6
11,tier1_check,151.6
11,judge,65.0
11,route,31.0
11,retrieve,847.2
11,tier1_check,193.9
11,judge,99.0
11,route,32.7
11,retrieve,734.2
11,tier1_check,118.1
11,judge,3.1
11,route,23.8
11,retrieve,769.8
11,tier1_check,183.2
11,judge,2.8
11,route,21.3
11,retrieve,694.0
11,tier1_check,113.1
11,judge,3.0
11,route,20.4
11,retrieve,719.1
11,tier1_check,207.0
11,judge,105.9
11,route,28.1
11,retrieve,1380.6
11,tier1_check,185.6
11,judge,105.8
11,route,28.8
11,retrieve,1340.5
11,tier1_check,105.0
11,judge,3.0
11,route,30.9
11,retrieve,1429.9
11,tier1_check,128.9
11,judge,128.3
11,route,20.2
11,retrieve,710.0
11,tier1_check,1.6
11,judge,1.4
11,route,21.4
11,retrieve,1057.1
11,tier1_check,1.7
11,judge,1.5
11,route,22.1
11,retrieve,801.7
11,tier1_check,123.5
11,judge,4.3
11,route,20.9
11,retrieve,614.8
11,tier1_check,100.7
11,judge,4.1
11,route,32.3
11,retrieve,634.7
11,tier1_check,79.5
11,judge,2.5
11,route,21.4
11,retrieve,795.3
11,tier1_check,81.9
11,judge,2.9
11,route,20.5
11,retrieve,597.4
11,tier1_check,71.2
11,judge,70.5
11,route,19.7
11,retrieve,673.5
11,tier1_check,101.2
11,judge,2.5
11,route,20.5
11,retrieve,717.0
11,tier1_check,1.7
11,judge,1.4
11,route,18.9
11,retrieve,467.5
11,route,21.3
11,retrieve,459.4
11,route,33.4
11,retrieve,545.0
11,route,22.4
11,retrieve,786.6
11,tier1_check,2.2
11,judge,2.3
11,route,38.0
11,retrieve,908.3
11,tier1_check,1.8
11,judge,1.6
11,route,24.9
11,retrieve,625.6
11,route,34.9
11,retrieve,631.4
11,tier1_check,1.4
11,judge,1.2
11,route,21.1
11,retrieve,670.3
11,tier1_check,84.9
11,judge,2.8
11,route,20.5
11,retrieve,684.1
11,tier1_check,2.1
11,judge,2.0
11,route,30.0
11,retrieve,527.5
11,route,20.5
11,retrieve,1004.8
11,route,34.9
11,retrieve,727.5
11,route,32.9
11,retrieve,785.8
11,tier1_check,2.6
11,judge,2.3
11,route,33.7
11,retrieve,768.3
11,tier1_check,169.1
11,judge,55.5
11,route,19.8
11,retrieve,587.8
11,tier1_check,1.7
11,judge,1.3
11,route,21.3
11,retrieve,562.2
11,route,24.7
11,retrieve,645.6
11,tier1_check,2.1
11,judge,1.8
11,route,26.9
11,retrieve,834.8
11,tier1_check,2.4
11,judge,2.4
11,route,31.4
11,retrieve,594.5
11,tier1_check,1.4
11,judge,1.2
11,route,21.2
11,retrieve,609.5
11,tier1_check,78.1
11,judge,2.5
11,route,21.7
11,retrieve,749.6
11,tier1_check,2.3
11,judge,2.3
11,route,20.5
11,retrieve,566.0
11,tier1_check,84.2
11,judge,2.6
11,route,32.4
11,retrieve,1060.6
11,tier1_check,2.4
11,judge,2.4
11,route,39.1
11,retrieve,862.4
11,tier1_check,111.6
11,judge,59.7
11,route,35.0
11,retrieve,766.6
11,tier1_check,2.1
11,judge,2.4
11,route,31.0
11,retrieve,717.2
11,tier1_check,1.7
11,judge,1.3
11,route,21.7
11,retrieve,653.1
11,tier1_check,1.5
11,judge,1.7
11,route,30.0
11,retrieve,570.4
11,route,24.9
11,retrieve,634.2
11,tier1_check,89.7
11,judge,59.9
11,route,21.9
11,retrieve,788.3
11,route,33.7
11,retrieve,687.4
11,tier1_check,1.3
11,judge,1.3
11,route,19.1
11,retrieve,531.9
11,tier1_check,104.8
11,judge,5.0
11,route,32.7
11,retrieve,575.2
11,route,23.8
11,retrieve,587.4
11,route,23.5
11,retrieve,620.6
11,tier1_check,91.9
11,judge,2.7
11,route,44.1
11,retrieve,704.5
11,tier1_check,1.8
11,judge,1.4
11,route,21.9
11,retrieve,666.7
11,tier1_check,164.4
11,judge,4.0
11,route,26.4
11,retrieve,585.5
11,tier1_check,2.0
11,judge,2.1
11,route,28.6
11,retrieve,538.4
11,tier1_check,66.0
11,judge,2.3
11,route,20.3
11,retrieve,561.9
11,route,58.3
11,retrieve,787.6
11,tier1_check,81.8
11,judge,2.7
11,route,22.3
11,retrieve,874.4
11,tier1_check,122.7
11,judge,2.9
11,route,23.1
11,retrieve,874.0
11,tier1_check,1.9
11,judge,1.5
11,route,23.6
11,retrieve,826.2
11,tier1_check,137.4
11,judge,5.6
11,route,35.0
11,retrieve,952.4
11,tier1_check,89.0
11,judge,2.7
11,route,26.0
11,retrieve,785.6
11,tier1_check,1.7
11,judge,1.4
11,route,24.9
11,retrieve,1122.1
11,tier1_check,107.6
11,judge,2.5
11,route,22.9
11,retrieve,842.3
11,tier1_check,110.7
11,judge,2.6
11,route,25.2
11,retrieve,843.1
11,tier1_check,113.4
11,judge,3.4
11,route,44.8
11,retrieve,854.5
11,tier1_check,92.1
11,judge,2.8
11,route,24.2
11,retrieve,951.0
11,tier1_check,1.9
11,judge,1.6
11,route,26.3
11,retrieve,987.1
11,tier1_check,114.7
11,judge,2.9
11,route,27.6
11,retrieve,1507.2
11,tier1_check,2.3
11,judge,2.3
11,route,39.2
11,retrieve,751.6
11,tier1_check,1.5
11,judge,1.2
11,route,27.0
11,retrieve,897.4
11,tier1_check,170.0
11,judge,4.4
11,route,29.5
11,retrieve,660.0
11,tier1_check,1.8
11,judge,1.5
11,route,22.9
11,retrieve,639.3
11,tier1_check,106.3
11,judge,2.4
11,route,22.1
11,retrieve,810.4
11,tier1_check,1.7
11,judge,1.5
11,route,25.3
11,retrieve,827.6
11,tier1_check,2.2
11,judge,2.1
11,route,44.5
11,retrieve,1148.3
11,tier1_check,98.9
11,judge,2.6
11,route,34.7
11,retrieve,832.9
11,tier1_check,1.5
11,judge,1.4
11,route,22.7
11,retrieve,695.8
11,tier1_check,2.2
11,judge,2.1
11,route,40.6
11,retrieve,857.3
11,tier1_check,1.5
11,judge,1.1
11,route,27.3
11,retrieve,907.3
11,tier1_check,103.6
11,judge,3.8
11,route,44.2
11,retrieve,1308.4
11,tier1_check,108.6
11,judge,2.5
11,route,27.1
11,retrieve,1003.9
11,tier1_check,104.2
11,judge,2.5
11,route,20.2
11,retrieve,754.4
11,tier1_check,1.8
11,judge,1.5
11,route,24.6
11,retrieve,1082.4
11,tier1_check,107.2
11,judge,2.9
11,route,27.8
11,retrieve,874.5
11,tier1_check,1.8
11,judge,1.5
11,route,27.3
11,retrieve,813.5
11,tier1_check,111.5
11,judge,2.2
11,route,27.0
11,retrieve,1171.3
11,tier1_check,107.1
11,judge,2.8
11,route,25.6
11,retrieve,1071.9
11,tier1_check,95.8
11,judge,2.7
11,route,26.0
11,retrieve,897.5
11,tier1_check,155.5
11,judge,4.9
11,route,43.1
11,retrieve,889.9
11,tier1_check,136.1
11,judge,4.5
11,route,24.4
11,retrieve,1005.3
11,tier1_check,2.3
11,judge,2.1
11,route,36.1
11,retrieve,866.4
11,tier1_check,2.5
11,judge,2.0
11,route,37.0
11,retrieve,749.9
11,tier1_check,3.2
11,judge,3.2
11,route,56.7
11,retrieve,1010.7
11,tier1_check,162.9
11,judge,4.7
11,route,35.7
11,retrieve,953.9
11,tier1_check,146.9
11,judge,5.8
11,route,38.6
11,retrieve,1039.2
11,tier1_check,1.8
11,judge,1.7
11,route,26.4
11,retrieve,909.8
11,tier1_check,1.8
11,judge,1.5
11,route,37.1
11,retrieve,1235.1
11,tier1_check,2.3
11,judge,2.1
11,route,40.5
11,retrieve,878.2
11,tier1_check,2.3
11,judge,2.3
11,route,41.6
11,retrieve,1407.9
11,tier1_check,162.2
11,judge,3.7
11,route,37.2
11,retrieve,959.4
11,tier1_check,2.1
11,judge,2.2
11,route,39.5
11,retrieve,941.4
11,tier1_check,165.3
11,judge,5.9
11,route,25.5
11,retrieve,720.4
11,tier1_check,2.1
11,judge,2.2
11,route,39.5
11,retrieve,843.1
11,tier1_check,123.6
11,judge,5.5
11,route,30.3
11,retrieve,634.0
11,tier1_check,98.4
11,judge,2.3
11,route,25.1
11,retrieve,873.0
11,tier1_check,106.8
11,judge,2.8
11,route,22.8
11,retrieve,1095.8
11,tier1_check,151.3
11,judge,3.6
11,route,42.4
11,retrieve,1758.4
11,tier1_check,81.6
11,judge,58.7
11,route,42.8
11,retrieve,1144.1
11,tier1_check,72.7
11,judge,36.1
11,route,30.2
11,retrieve,1247.8
11,tier1_check,96.7
11,judge,91.3
11,route,46.3
11,retrieve,1082.6
11,tier1_check,63.3
11,judge,37.2
11,route,25.0
11,retrieve,985.6
11,tier1_check,54.7
11,judge,54.6
11,route,26.9
11,retrieve,1255.0
11,tier1_check,96.3
11,judge,116.1
11,route,45.7
11,retrieve,1299.3
11,tier1_check,158.2
11,judge,89.3
11,route,23.8
11,retrieve,1008.2
11,tier1_check,61.8
11,judge,108.6
11,route,37.7
11,retrieve,1043.3
11,tier1_check,191.5
11,judge,2.9
11,route,26.6
11,retrieve,1011.9
11,tier1_check,50.0
11,judge,44.0
11,route,22.5
11,retrieve,819.8
11,tier1_check,42.2
11,judge,25.2
11,route,25.8
11,retrieve,1415.7
11,tier1_check,61.2
11,judge,38.1
11,route,28.1
11,retrieve,1468.0
11,tier1_check,58.2
11,judge,39.5
11,route,31.4
11,retrieve,1045.0
11,tier1_check,285.6
11,judge,126.4
11,route,33.8
11,retrieve,823.8
11,tier1_check,52.6
11,judge,48.5
11,route,26.7
11,retrieve,1369.9
11,tier1_check,226.2
11,judge,100.5
11,route,26.4
11,retrieve,1112.2
11,tier1_check,50.7
11,judge,27.6
11,route,27.2
11,retrieve,1102.1
11,tier1_check,54.4
11,judge,2.6
11,route,22.7
11,retrieve,994.7
11,tier1_check,74.5
11,judge,4.8
11,route,37.3
11,retrieve,1064.9
11,tier1_check,54.0
11,judge,29.0
11,route,28.2
11,retrieve,1247.7
11,tier1_check,88.8
11,judge,91.4
11,route,45.2
11,retrieve,966.1
11,tier1_check,270.0
11,judge,77.1
11,route,29.2
11,retrieve,1256.9
11,tier1_check,54.7
11,judge,28.9
11,route,35.6
11,retrieve,1225.2
11,tier1_check,58.8
11,judge,41.2
11,route,29.0
11,retrieve,1116.7
11,tier1_check,69.2
11,judge,76.9
11,route,27.5
11,retrieve,902.1
11,tier1_check,54.1
11,judge,54.0
11,route,28.6
11,retrieve,1008.4
11,tier1_check,109.4
11,judge,70.6
11,route,26.5
11,retrieve,945.7
11,tier1_check,52.6
11,judge,35.8
11,route,25.9
11,retrieve,1109.5
11,tier1_check,54.6
11,judge,36.9
11,route,31.9
11,retrieve,1846.5
11,tier1_check,74.3
11,judge,50.7
11,route,47.4
11,retrieve,3309.1
11,tier1_check,74.8
11,judge,59.5
11,route,38.3
11,retrieve,2567.5
11,tier1_check,89.4
11,judge,37.7
11,route,44.6
11,retrieve,2997.3
11,tier1_check,69.4
11,judge,61.8
11,route,30.3
11,retrieve,1247.9
11,tier1_check,47.7
11,judge,64.7
11,route,56.7
11,retrieve,2069.0
11,tier1_check,232.5
11,judge,124.8
11,route,35.8
11,retrieve,1736.2
11,tier1_check,81.5
11,judge,52.0
11,route,71.3
11,retrieve,2016.2
11,tier1_check,195.6
11,judge,3.3
11,route,33.0
11,retrieve,1434.9
11,tier1_check,215.6
11,judge,3.0
11,route,31.8
11,retrieve,1172.6
11,tier1_check,87.1
11,judge,37.2
11,route,45.0
11,retrieve,2475.3
11,tier1_check,100.7
11,judge,83.9
11,route,34.0
11,retrieve,1149.6
11,tier1_check,179.2
11,judge,74.2
11,route,31.6
11,retrieve,1341.8
11,tier1_check,218.7
11,judge,198.3
11,route,52.3
11,retrieve,1853.8
11,tier1_check,86.1
11,judge,3.7
11,route,31.4
11,retrieve,1721.8
11,tier1_check,287.1
11,judge,98.9
11,route,34.0
11,retrieve,2093.3
11,tier1_check,64.3
11,judge,44.9
11,route,32.1
11,retrieve,1214.9
11,tier1_check,215.0
11,judge,125.7
11,route,29.8
11,retrieve,1146.9
11,tier1_check,127.8
11,judge,107.6
11,route,31.9
11,retrieve,1529.7
11,tier1_check,144.3
11,judge,5.4
11,route,51.2
11,retrieve,1457.8
11,tier1_check,102.5
11,judge,82.2
11,route,31.2
11,retrieve,1161.2
11,tier1_check,112.9
11,judge,3.8
12,route,34.0
12,retrieve,718.8
12,tier1_check,166.7
12,judge,53.2
12,route,29.6
12,retrieve,899.4
12,tier1_check,154.0
12,judge,54.3
12,route,40.4
12,retrieve,1371.4
12,tier1_check,111.2
12,judge,3.2
12,route,44.8
12,retrieve,1983.3
12,tier1_check,232.7
12,judge,5.7
12,route,33.4
12,retrieve,805.6
12,tier1_check,217.0
12,judge,181.8
12,route,37.0
12,retrieve,1040.9
12,tier1_check,91.7
12,judge,103.4
12,route,50.9
12,retrieve,1522.2
12,tier1_check,211.7
12,judge,120.5
12,route,38.6
12,retrieve,1971.4
12,tier1_check,139.0
12,judge,105.2
12,route,25.4
12,retrieve,966.2
12,tier1_check,141.1
12,judge,75.2
12,route,27.0
12,retrieve,1038.8
12,tier1_check,90.2
12,judge,73.2
12,route,27.7
12,retrieve,1126.0
12,tier1_check,87.1
12,judge,74.2
12,route,27.1
12,retrieve,1142.4
12,tier1_check,100.2
12,judge,71.3
12,route,23.0
12,retrieve,871.1
12,tier1_check,318.7
12,judge,145.6
12,route,39.4
12,retrieve,1312.6
12,tier1_check,115.9
12,judge,53.0
12,route,33.6
12,retrieve,1371.4
12,tier1_check,108.7
12,judge,87.1
12,route,27.9
12,retrieve,969.0
12,tier1_check,89.2
12,judge,71.2
12,route,26.4
12,retrieve,1395.5
12,tier1_check,131.8
12,judge,117.3
12,route,31.8
12,retrieve,1043.9
12,tier1_check,97.3
12,judge,2.6
12,route,28.5
12,retrieve,1158.4
12,tier1_check,169.5
12,judge,73.9
12,route,19.5
12,retrieve,746.8
12,tier1_check,102.3
12,judge,2.7
12,route,28.1
12,retrieve,1413.5
12,tier1_check,213.8
12,judge,4.1
12,route,22.1
12,retrieve,884.4
12,tier1_check,153.1
12,judge,4.2
12,route,47.9
12,retrieve,1786.6
12,tier1_check,140.2
12,judge,120.0
12,route,23.1
12,retrieve,989.0
12,tier1_check,227.8
12,judge,120.4
12,route,31.2
12,retrieve,1004.5
12,tier1_check,165.2
12,judge,3.6
12,route,25.4
12,retrieve,795.6
12,tier1_check,332.8
12,judge,195.4
12,route,63.4
12,retrieve,1649.8
12,tier1_check,104.3
12,judge,83.0
12,route,27.4
12,retrieve,1083.3
12,tier1_check,94.4
12,judge,72.1
12,route,24.9
12,retrieve,965.9
12,tier1_check,91.1
12,judge,80.3
12,route,33.5
12,retrieve,1175.0
12,tier1_check,136.0
12,judge,133.7
12,route,55.0
12,retrieve,1690.6
12,tier1_check,283.6
12,judge,100.3
12,route,32.0
12,retrieve,1347.1
12,tier1_check,103.1
12,judge,2.9
12,route,21.7
12,retrieve,850.7
12,tier1_check,147.1
12,judge,4.6
12,route,34.0
12,retrieve,1108.8
12,tier1_check,162.6
12,judge,155.6
12,route,53.9
12,retrieve,1915.8
12,tier1_check,127.1
12,judge,3.1
12,route,24.0
12,retrieve,792.6
12,tier1_check,198.5
12,judge,105.3
12,route,23.7
12,retrieve,817.2
12,tier1_check,148.8
12,judge,109.5
12,route,25.9
12,retrieve,880.4
12,tier1_check,150.8
12,judge,101.9
12,route,30.6
12,retrieve,1281.3
12,tier1_check,225.8
12,judge,109.7
12,route,26.5
12,retrieve,798.6
12,tier1_check,142.1
12,judge,61.0
12,route,27.4
12,retrieve,827.0
12,tier1_check,139.7
12,judge,60.4
12,route,22.9
12,retrieve,773.0
12,tier1_check,71.2
12,judge,56.4
12,route,21.5
12,retrieve,760.5
12,tier1_check,125.7
12,judge,118.5
12,route,22.6
12,retrieve,735.3
12,tier1_check,140.8
12,judge,104.7
12,route,21.6
12,retrieve,744.8
12,tier1_check,202.5
12,judge,167.3
12,route,46.4
12,retrieve,1629.5
12,tier1_check,236.2
12,judge,178.6
12,route,32.2
12,retrieve,811.9
12,tier1_check,201.5
12,judge,112.8
12,route,20.4
12,retrieve,679.5
12,tier1_check,209.8
12,judge,112.7
12,route,20.2
12,retrieve,755.1
12,tier1_check,314.6
12,judge,176.8
12,route,33.5
12,retrieve,1245.5
12,tier1_check,130.3
12,judge,109.9
12,route,22.3
12,retrieve,728.5
12,tier1_check,207.7
12,judge,110.2
12,route,23.2
12,retrieve,784.9
12,tier1_check,316.7
12,judge,164.5
12,route,34.5
12,retrieve,830.0
12,tier1_check,360.0
12,judge,6.0
12,route,45.0
12,retrieve,1267.0
12,tier1_check,146.8
12,judge,113.0
12,route,34.6
12,retrieve,961.8
12,tier1_check,268.9
12,judge,93.8
12,route,25.2
12,retrieve,657.0
12,tier1_check,174.8
12,judge,97.4
12,route,22.1
12,retrieve,712.4
12,tier1_check,174.7
12,judge,91.8
12,route,29.7
12,retrieve,883.2
12,tier1_check,299.6
12,judge,138.7
12,route,29.4
12,retrieve,1015.6
12,tier1_check,86.8
12,judge,39.7
12,route,26.0
12,retrieve,1164.8
12,tier1_check,148.2
12,judge,73.6
12,route,33.5
12,retrieve,1659.6
12,tier1_check,142.8
12,judge,4.0
12,route,36.3
12,retrieve,2040.3
12,tier1_check,146.0
12,judge,3.2
12,route,23.2
12,retrieve,932.4
12,tier1_check,128.3
12,judge,50.1
12,route,24.8
12,retrieve,1279.2
12,tier1_check,260.3
12,judge,6.4
12,route,39.5
12,retrieve,1191.0
12,tier1_check,113.9
12,judge,54.7
12,route,32.0
12,retrieve,1630.6
12,tier1_check,97.7
12,judge,56.8
12,route,31.9
12,retrieve,908.6
12,tier1_check,75.7
12,judge,57.9
12,route,34.0
12,retrieve,1005.4
12,tier1_check,104.4
12,judge,86.0
12,route,23.6
12,retrieve,940.0
12,tier1_check,162.1
12,judge,93.1
12,route,24.4
12,retrieve,883.7
12,tier1_check,103.7
12,judge,2.9
12,route,21.1
12,retrieve,960.2
12,tier1_check,171.0
12,judge,5.1
12,route,35.0
12,retrieve,1102.0
12,tier1_check,232.7
12,judge,94.8
12,route,36.2
12,retrieve,1431.5
12,tier1_check,314.2
12,judge,4.7
12,route,23.8
12,retrieve,930.8
12,tier1_check,133.0
12,judge,2.6
12,route,20.9
12,retrieve,886.7
12,tier1_check,144.7
12,judge,153.0
12,route,46.7
12,retrieve,1038.0
12,tier1_check,147.4
12,judge,115.6
12,route,35.1
12,retrieve,1593.3
12,tier1_check,199.8
12,judge,3.4
12,route,26.1
12,retrieve,863.1
12,tier1_check,109.2
12,judge,59.5
12,route,28.9
12,retrieve,1248.6
12,tier1_check,181.9
12,judge,92.9
12,route,28.2
12,retrieve,861.6
12,tier1_check,134.1
12,judge,133.4
12,route,55.3
12,retrieve,2057.2
12,tier1_check,133.6
12,judge,4.1
12,route,30.9
12,retrieve,1152.5
12,tier1_check,115.4
12,judge,121.6
12,route,39.9
12,retrieve,869.4
12,tier1_check,101.3
12,judge,81.8
12,route,23.8
12,retrieve,855.2
12,tier1_check,237.1
12,judge,4.6
12,route,48.1
12,retrieve,1397.8
12,tier1_check,86.7
12,judge,2.9
12,route,27.9
12,retrieve,1053.6
12,tier1_check,162.0
12,judge,141.5
12,route,28.3
12,retrieve,831.6
12,tier1_check,197.4
12,judge,4.3
12,route,25.9
12,retrieve,750.9
12,tier1_check,190.6
12,judge,60.4
12,route,37.7
12,retrieve,1872.9
12,tier1_check,135.3
12,judge,2.9
12,route,29.0
12,retrieve,1043.1
12,tier1_check,115.6
12,judge,80.4
12,route,26.7
12,retrieve,790.3
12,tier1_check,94.9
12,judge,77.9
12,route,25.2
12,retrieve,713.4
12,tier1_check,168.8
12,judge,80.1
12,route,23.6
12,retrieve,810.5
12,tier1_check,184.2
12,judge,76.2
12,route,26.2
12,retrieve,761.2
12,tier1_check,198.1
12,judge,80.7
12,route,27.4
12,retrieve,1006.1
12,tier1_check,136.6
12,judge,133.7
12,route,56.9
12,retrieve,1735.7
12,tier1_check,165.4
12,judge,5.5
12,route,32.5
12,retrieve,710.2
12,tier1_check,220.7
12,judge,102.9
12,route,22.5
12,retrieve,651.1
12,tier1_check,219.1
12,judge,80.8
12,route,23.9
12,retrieve,936.8
12,tier1_check,157.6
12,judge,3.4
12,route,25.3
12,retrieve,926.7
12,tier1_check,206.2
12,judge,3.0
12,route,27.0
12,retrieve,1100.7
12,tier1_check,197.9
12,judge,2.5
12,route,23.7
12,retrieve,862.7
12,tier1_check,104.6
12,judge,2.7
12,route,29.8
12,retrieve,1072.9
12,tier1_check,180.5
12,judge,5.4
12,route,30.5
12,retrieve,617.8
12,tier1_check,135.4
12,judge,204.0
12,route,43.4
12,retrieve,1061.5
12,tier1_check,203.4
12,judge,116.3
12,route,23.8
12,retrieve,880.2
12,tier1_check,183.3
12,judge,107.8
12,route,36.2
12,retrieve,1158.8
12,tier1_check,295.9
12,judge,123.9
12,route,26.7
12,retrieve,1091.6
12,tier1_check,226.4
12,judge,124.0
12,route,33.8
12,retrieve,779.0
12,tier1_check,116.6
12,judge,2.8
12,route,24.7
12,retrieve,735.7
12,tier1_check,216.7
12,judge,248.4
12,route,75.2
12,retrieve,1084.3
12,tier1_check,206.4
12,judge,120.7
12,route,23.0
12,retrieve,704.2
12,tier1_check,148.8
12,judge,123.5
12,route,19.8
12,retrieve,590.0
12,tier1_check,321.3
12,judge,151.3
12,route,23.8
12,retrieve,937.6
12,tier1_check,148.5
12,judge,102.4
12,route,22.5
12,retrieve,616.7
12,tier1_check,309.4
12,judge,176.6
12,route,24.9
12,retrieve,569.1
12,tier1_check,357.7
12,judge,191.1
12,route,31.8
12,retrieve,831.7
12,tier1_check,134.5
12,judge,113.2
12,route,28.8
12,retrieve,1057.1
12,tier1_check,201.1
12,judge,5.5
12,route,20.8
12,retrieve,696.6
12,tier1_check,214.5
12,judge,2.8
12,route,22.7
12,retrieve,701.0
12,tier1_check,159.5
12,judge,114.8
12,route,22.1
12,retrieve,962.7
12,tier1_check,139.5
12,judge,2.7
12,route,32.2
12,retrieve,1046.3
12,tier1_check,124.5
12,judge,5.6
12,route,33.6
12,retrieve,646.6
12,tier1_check,114.4
12,judge,93.3
12,route,38.0
12,retrieve,831.1
12,tier1_check,187.5
12,judge,109.7
12,route,25.6
12,retrieve,699.6
12,tier1_check,268.9
12,judge,138.6
12,route,33.2
12,retrieve,1040.1
12,tier1_check,227.0
12,judge,130.8
12,route,27.8
12,retrieve,724.8
12,tier1_check,135.9
12,judge,2.7
12,route,21.6
12,retrieve,600.6
12,tier1_check,134.8
12,judge,113.1
12,route,21.4
12,retrieve,741.7
12,tier1_check,236.0
12,judge,210.6
12,route,46.4
12,retrieve,1124.7
12,tier1_check,170.3
12,judge,207.3
12,route,28.7
12,retrieve,704.1
12,tier1_check,140.4
12,judge,124.4
12,route,46.2
12,retrieve,728.1
12,tier1_check,144.1
12,judge,96.6
12,route,24.0
12,retrieve,908.2
12,tier1_check,110.6
12,judge,2.7
12,route,19.3
12,retrieve,666.3
12,tier1_check,104.0
12,judge,88.3
12,route,31.9
12,retrieve,721.7
12,tier1_check,106.5
12,judge,87.1
12,route,27.1
12,retrieve,645.4
12,tier1_check,64.1
12,judge,55.5
12,route,47.7
12,retrieve,1329.9
12,tier1_check,124.7
12,judge,96.1
12,route,25.3
12,retrieve,1059.1
12,tier1_check,112.2
12,judge,93.9
12,route,24.4
12,retrieve,995.0
12,tier1_check,175.4
12,judge,185.5
12,route,50.6
12,retrieve,1172.7
12,tier1_check,185.5
12,judge,143.6
12,route,22.3
12,retrieve,583.5
12,tier1_check,76.9
12,judge,60.2
12,route,21.0
12,retrieve,561.3
12,tier1_check,129.2
12,judge,76.7
12,route,24.7
12,retrieve,728.8
12,tier1_check,115.7
12,judge,91.9
12,route,22.4
12,retrieve,646.7
12,tier1_check,197.6
12,judge,5.6
12,route,35.0
12,retrieve,714.4
12,tier1_check,164.5
12,judge,5.4
12,route,33.4
12,retrieve,666.0
12,tier1_check,149.1
12,judge,5.3
12,route,28.0
12,retrieve,793.3
12,tier1_check,172.9
12,judge,149.1
12,route,35.1
12,retrieve,1284.7
12,tier1_check,329.4
12,judge,186.4
12,route,44.8
12,retrieve,1360.5
12,tier1_check,193.0
12,judge,6.6
12,route,45.1
12,retrieve,1294.5
12,tier1_check,142.5
12,judge,5.8
12,route,27.2
12,retrieve,625.1
12,tier1_check,94.3
12,judge,47.7
12,route,21.1
12,retrieve,1013.9
12,tier1_check,208.6
12,judge,5.4
12,route,30.1
12,retrieve,746.6
12,tier1_check,81.0
12,judge,2.8
12,route,19.6
12,retrieve,553.7
12,tier1_check,92.4
12,judge,6.1
12,route,34.0
12,retrieve,608.1
12,tier1_check,1.8
12,judge,1.8
12,route,25.7
12,retrieve,760.1
12,tier1_check,128.2
12,judge,4.3
12,route,21.2
12,retrieve,558.8
12,tier1_check,1.6
12,judge,1.4
12,route,20.1
12,retrieve,668.5
12,tier1_check,2.1
12,judge,2.1
12,route,27.2
12,retrieve,753.6
12,tier1_check,72.2
12,judge,2.5
12,route,18.1
12,retrieve,492.4
12,route,22.0
12,retrieve,511.0
12,route,22.2
12,retrieve,509.7
12,route,21.6
12,retrieve,717.7
12,tier1_check,1.7
12,judge,1.5
12,route,24.1
12,retrieve,871.8
12,tier1_check,129.3
12,judge,5.4
12,route,39.0
12,retrieve,629.5
12,route,22.9
12,retrieve,575.8
12,tier1_check,109.5
12,judge,3.5
12,route,30.0
12,retrieve,723.8
12,tier1_check,91.1
12,judge,2.7
12,route,20.3
12,retrieve,652.8
12,tier1_check,2.1
12,judge,1.9
12,route,29.8
12,retrieve,539.5
12,route,21.3
12,retrieve,464.1
12,route,28.3
12,retrieve,684.6
12,route,39.9
12,retrieve,751.0
12,tier1_check,2.7
12,judge,2.7
12,route,32.6
12,retrieve,759.3
12,tier1_check,2.4
12,judge,2.0
12,route,25.0
12,retrieve,602.1
12,tier1_check,1.6
12,judge,1.5
12,route,21.7
12,retrieve,566.4
12,route,37.1
12,retrieve,620.5
12,tier1_check,117.6
12,judge,5.3
12,route,32.1
12,retrieve,832.2
12,tier1_check,112.3
12,judge,74.4
12,route,27.0
12,retrieve,561.4
12,tier1_check,160.0
12,judge,3.3
12,route,31.3
12,retrieve,582.7
12,tier1_check,1.3
12,judge,1.2
12,route,21.8
12,retrieve,706.4
12,tier1_check,93.8
12,judge,3.0
12,route,18.8
12,retrieve,516.3
12,tier1_check,84.1
12,judge,2.7
12,route,23.5
12,retrieve,1078.5
12,tier1_check,1.8
12,judge,1.5
12,route,24.1
12,retrieve,839.7
12,tier1_check,85.6
12,judge,28.2
12,route,22.3
12,retrieve,728.7
12,tier1_check,1.8
12,judge,1.4
12,route,20.9
12,retrieve,692.2
12,tier1_check,82.9
12,judge,2.9
12,route,22.5
12,retrieve,664.2
12,tier1_check,1.7
12,judge,1.8
12,route,32.6
12,retrieve,568.9
12,route,24.5
12,retrieve,615.5
12,tier1_check,1.7
12,judge,1.4
12,route,21.7
12,retrieve,605.7
12,route,44.0
12,retrieve,716.4
12,tier1_check,79.8
12,judge,2.4
12,route,18.3
12,retrieve,515.9
12,tier1_check,104.4
12,judge,4.9
12,route,32.5
12,retrieve,559.0
12,route,37.3
12,retrieve,581.0
12,route,22.8
12,retrieve,649.1
12,tier1_check,1.6
12,judge,1.4
12,route,22.2
12,retrieve,657.8
12,tier1_check,135.9
12,judge,3.3
12,route,22.5
12,retrieve,663.2
12,tier1_check,113.4
12,judge,2.6
12,route,19.3
12,retrieve,529.3
12,tier1_check,1.4
12,judge,1.4
12,route,19.2
12,retrieve,489.6
12,tier1_check,106.2
12,judge,4.4
12,route,32.1
12,retrieve,547.2
12,route,25.0
12,retrieve,774.0
12,tier1_check,2.1
12,judge,2.2
12,route,33.1
12,retrieve,883.0
12,tier1_check,175.4
12,judge,5.3
12,route,31.2
12,retrieve,817.9
12,tier1_check,170.7
12,judge,5.3
12,route,37.1
12,retrieve,802.5
12,tier1_check,123.0
12,judge,3.4
12,route,31.6
12,retrieve,903.7
12,tier1_check,100.4
12,judge,3.0
12,route,26.1
12,retrieve,822.6
12,tier1_check,112.1
12,judge,2.7
12,route,25.0
12,retrieve,1169.2
12,tier1_check,152.7
12,judge,6.7
12,route,38.9
12,retrieve,729.7
12,tier1_check,1.7
12,judge,1.5
12,route,25.7
12,retrieve,779.4
12,tier1_check,1.6
12,judge,1.4
12,route,24.1
12,retrieve,821.9
12,tier1_check,92.9
12,judge,2.6
12,route,23.4
12,retrieve,932.7
12,tier1_check,1.9
12,judge,1.6
12,route,25.5
12,retrieve,1010.8
12,tier1_check,3.2
12,judge,3.1
12,route,53.7
12,retrieve,1521.1
12,tier1_check,2.5
12,judge,2.1
12,route,29.8
12,retrieve,788.7
12,tier1_check,157.0
12,judge,5.2
12,route,43.2
12,retrieve,914.3
12,tier1_check,2.4
12,judge,2.6
12,route,33.6
12,retrieve,675.8
12,tier1_check,84.1
12,judge,2.8
12,route,22.5
12,retrieve,772.8
12,tier1_check,1.8
12,judge,1.7
12,route,28.2
12,retrieve,858.5
12,tier1_check,113.3
12,judge,3.4
12,route,30.9
12,retrieve,777.1
12,tier1_check,1.7
12,judge,1.4
12,route,29.7
12,retrieve,1151.1
12,tier1_check,1.9
12,judge,1.7
12,route,24.8
12,retrieve,881.6
12,tier1_check,1.7
12,judge,1.5
12,route,23.9
12,retrieve,669.3
12,tier1_check,177.2
12,judge,3.5
12,route,37.4
12,retrieve,819.2
12,tier1_check,161.8
12,judge,3.5
12,route,32.0
12,retrieve,841.7
12,tier1_check,2.3
12,judge,2.4
12,route,40.0
12,retrieve,1261.4
12,tier1_check,2.1
12,judge,2.2
12,route,40.4
12,retrieve,998.4
12,tier1_check,173.2
12,judge,3.8
12,route,30.4
12,retrieve,948.7
12,tier1_check,165.9
12,judge,3.7
12,route,36.2
12,retrieve,1167.6
12,tier1_check,1.9
12,judge,1.6
12,route,24.9
12,retrieve,902.1
12,tier1_check,1.8
12,judge,1.5
12,route,27.9
12,retrieve,791.3
12,tier1_check,1.7
12,judge,1.9
12,route,44.1
12,retrieve,1216.0
12,tier1_check,2.4
12,judge,2.2
12,route,41.9
12,retrieve,1107.7
12,tier1_check,2.3
12,judge,2.4
12,route,28.3
12,retrieve,861.7
12,tier1_check,1.6
12,judge,1.4
12,route,22.9
12,retrieve,815.0
12,tier1_check,1.7
12,judge,1.3
12,route,23.3
12,retrieve,1034.4
12,tier1_check,110.5
12,judge,2.6
12,route,22.7
12,retrieve,783.8
12,tier1_check,1.9
12,judge,1.7
12,route,25.1
12,retrieve,697.8
12,tier1_check,2.0
12,judge,1.9
12,route,38.1
12,retrieve,1030.4
12,tier1_check,174.3
12,judge,5.5
12,route,33.1
12,retrieve,880.6
12,tier1_check,112.5
12,judge,3.7
12,route,25.2
12,retrieve,1065.1
12,tier1_check,1.7
12,judge,1.5
12,route,25.3
12,retrieve,926.8
12,tier1_check,126.8
12,judge,37.3
12,route,30.3
12,retrieve,1238.5
12,tier1_check,2.1
12,judge,2.0
12,route,33.9
12,retrieve,805.5
12,tier1_check,1.7
12,judge,1.5
12,route,27.7
12,retrieve,1298.2
12,tier1_check,2.2
12,judge,2.0
12,route,41.3
12,retrieve,913.1
12,tier1_check,2.0
12,judge,1.6
12,route,26.0
12,retrieve,967.2
12,tier1_check,108.8
12,judge,2.7
12,route,33.8
12,retrieve,718.5
12,tier1_check,104.9
12,judge,2.5
12,route,24.2
12,retrieve,775.6
12,tier1_check,88.4
12,judge,2.5
12,route,18.7
12,retrieve,531.2
12,tier1_check,1.5
12,judge,1.6
12,route,37.1
12,retrieve,861.2
12,tier1_check,1.9
12,judge,1.6
12,route,23.5
12,retrieve,746.5
12,tier1_check,2.0
12,judge,2.1
12,route,52.8
12,retrieve,1582.6
12,tier1_check,137.8
12,judge,119.5
12,route,30.9
12,retrieve,1120.3
12,tier1_check,76.6
12,judge,36.4
12,route,29.6
12,retrieve,1266.6
12,tier1_check,57.6
12,judge,59.3
12,route,28.4
12,retrieve,1132.2
12,tier1_check,116.2
12,judge,47.9
12,route,26.1
12,retrieve,1039.5
12,tier1_check,55.0
12,judge,54.8
12,route,27.5
12,retrieve,1260.9
12,tier1_check,93.5
12,judge,82.8
12,route,30.2
12,retrieve,1338.5
12,tier1_check,78.4
12,judge,33.3
12,route,25.7
12,retrieve,929.2
12,tier1_check,70.2
12,judge,100.3
12,route,37.1
12,retrieve,1027.6
12,tier1_check,45.6
12,judge,2.7
12,route,27.2
12,retrieve,910.0
12,tier1_check,50.8
12,judge,64.3
12,route,23.9
12,retrieve,886.8
12,tier1_check,50.2
12,judge,24.9
12,route,26.0
12,retrieve,1330.8
12,tier1_check,96.1
12,judge,41.2
12,route,28.6
12,retrieve,1192.9
12,tier1_check,203.1
12,judge,109.9
12,route,24.9
12,retrieve,973.1
12,tier1_check,77.2
12,judge,60.1
12,route,31.7
12,retrieve,844.0
12,tier1_check,264.2
12,judge,147.5
12,route,28.5
12,retrieve,1359.1
12,tier1_check,95.3
12,judge,44.5
12,route,37.9
12,retrieve,1126.5
12,tier1_check,53.4
12,judge,27.9
12,route,27.7
12,retrieve,1100.7
12,tier1_check,264.9
12,judge,141.2
12,route,30.9
12,retrieve,984.3
12,tier1_check,229.3
12,judge,114.1
12,route,23.6
12,retrieve,1067.9
12,tier1_check,67.5
12,judge,39.5
12,route,35.7
12,retrieve,951.1
12,tier1_check,80.0
12,judge,85.7
12,route,33.0
12,retrieve,762.0
12,tier1_check,79.5
12,judge,41.3
12,route,34.7
12,retrieve,1247.8
12,tier1_check,81.7
12,judge,43.1
12,route,40.3
12,retrieve,1225.8
12,tier1_check,91.3
12,judge,64.0
12,route,41.8
12,retrieve,1155.2
12,tier1_check,108.8
12,judge,60.3
12,route,27.6
12,retrieve,917.7
12,tier1_check,79.1
12,judge,82.9
12,route,42.1
12,retrieve,1047.0
12,tier1_check,299.2
12,judge,118.2
12,route,25.4
12,retrieve,885.9
12,tier1_check,65.6
12,judge,48.8
12,route,26.6
12,retrieve,1051.4
12,tier1_check,234.5
12,judge,152.3
12,route,50.5
12,retrieve,1932.0
12,tier1_check,75.2
12,judge,50.5
12,route,53.3
12,retrieve,3198.6
12,tier1_check,72.6
12,judge,62.5
12,route,48.1
12,retrieve,2765.4
12,tier1_check,145.9
12,judge,87.9
12,route,49.7
12,retrieve,3046.2
12,tier1_check,105.7
12,judge,96.8
12,route,115.9
12,retrieve,1451.8
12,tier1_check,55.8
12,judge,43.3
12,route,44.8
12,retrieve,2099.8
12,tier1_check,63.5
12,judge,57.4
12,route,40.2
12,retrieve,1873.4
12,tier1_check,144.4
12,judge,52.7
12,route,83.3
12,retrieve,2011.1
12,tier1_check,145.8
12,judge,4.3
12,route,40.4
12,retrieve,1858.6
12,tier1_check,96.7
12,judge,3.5
12,route,38.2
12,retrieve,1364.1
12,tier1_check,152.8
12,judge,63.6
12,route,75.2
12,retrieve,2520.6
12,tier1_check,143.9
12,judge,118.9
12,route,38.0
12,retrieve,1247.1
12,tier1_check,100.4
12,judge,81.3
12,route,32.5
12,retrieve,1437.7
12,tier1_check,108.8
12,judge,98.8
12,route,202.8
12,retrieve,1792.3
12,tier1_check,55.3
12,judge,2.6
12,route,32.6
12,retrieve,1386.8
12,tier1_check,88.2
12,judge,57.6
12,route,35.5
12,retrieve,2032.5
12,tier1_check,229.0
12,judge,175.9
12,route,56.0
12,retrieve,1311.2
12,tier1_check,164.0
12,judge,77.1
12,route,62.7
12,retrieve,1222.1
12,tier1_check,92.5
12,judge,41.3
12,route,38.9
12,retrieve,1692.1
12,tier1_check,138.6
12,judge,6.8
12,route,50.6
12,retrieve,1609.9
12,tier1_check,245.7
12,judge,102.1
12,route,35.9
12,retrieve,1400.8
12,tier1_check,134.7
12,judge,4.8
13,route,23.1
13,retrieve,702.0
13,tier1_check,111.2
13,judge,78.7
13,route,31.6
13,retrieve,887.8
13,tier1_check,273.9
13,judge,134.7
13,route,45.5
13,retrieve,1481.1
13,tier1_check,181.2
13,judge,3.8
13,route,35.7
13,retrieve,1752.0
13,tier1_check,119.8
13,judge,2.9
13,route,22.1
13,retrieve,758.5
13,tier1_check,141.8
13,judge,102.9
13,route,26.6
13,retrieve,1315.5
13,tier1_check,135.3
13,judge,96.4
13,route,33.1
13,retrieve,1586.5
13,tier1_check,230.5
13,judge,201.8
13,route,60.4
13,retrieve,2007.2
13,tier1_check,357.8
13,judge,205.1
13,route,33.8
13,retrieve,978.7
13,tier1_check,155.8
13,judge,136.1
13,route,42.0
13,retrieve,952.1
13,tier1_check,140.4
13,judge,122.7
13,route,39.8
13,retrieve,1122.4
13,tier1_check,134.9
13,judge,114.5
13,route,27.8
13,retrieve,1064.5
13,tier1_check,259.2
13,judge,114.8
13,route,35.2
13,retrieve,868.9
13,tier1_check,147.1
13,judge,127.5
13,route,38.6
13,retrieve,1034.2
13,tier1_check,116.9
13,judge,84.6
13,route,31.5
13,retrieve,1396.4
13,tier1_check,218.4
13,judge,147.8
13,route,61.7
13,retrieve,1033.2
13,tier1_check,141.9
13,judge,122.5
13,route,41.1
13,retrieve,1290.9
13,tier1_check,264.1
13,judge,120.4
13,route,30.1
13,retrieve,1305.1
13,tier1_check,108.6
13,judge,47.5
13,route,32.2
13,retrieve,1280.3
13,tier1_check,106.8
13,judge,77.7
13,route,25.8
13,retrieve,790.9
13,tier1_check,137.2
13,judge,109.7
13,route,33.9
13,retrieve,1403.0
13,tier1_check,291.8
13,judge,6.3
13,route,35.2
13,retrieve,899.2
13,tier1_check,282.0
13,judge,149.3
13,route,41.5
13,retrieve,1769.9
13,tier1_check,180.4
13,judge,148.0
13,route,29.7
13,retrieve,941.7
13,tier1_check,152.9
13,judge,141.1
13,route,51.9
13,retrieve,1038.6
13,tier1_check,164.0
13,judge,3.8
13,route,28.4
13,retrieve,722.8
13,tier1_check,164.0
13,judge,52.4
13,route,40.6
13,retrieve,1586.4
13,tier1_check,160.2
13,judge,134.7
13,route,37.6
13,retrieve,1112.3
13,tier1_check,143.6
13,judge,2.9
13,route,24.5
13,retrieve,887.2
13,tier1_check,95.7
13,judge,74.6
13,route,41.2
13,retrieve,1237.1
13,tier1_check,266.3
13,judge,128.2
13,route,49.1
13,retrieve,1683.4
13,tier1_check,142.7
13,judge,123.7
13,route,39.2
13,retrieve,1264.5
13,tier1_check,159.0
13,judge,3.8
13,route,29.6
13,retrieve,718.3
13,tier1_check,178.7
13,judge,3.4
13,route,37.9
13,retrieve,1035.2
13,tier1_check,185.0
13,judge,3.4
13,route,49.1
13,retrieve,1861.0
13,tier1_check,131.1
13,judge,3.3
13,route,27.9
13,retrieve,752.4
13,tier1_check,265.8
13,judge,149.0
13,route,29.0
13,retrieve,781.2
13,tier1_check,174.4
13,judge,148.7
13,route,32.1
13,retrieve,851.5
13,tier1_check,289.6
13,judge,149.7
13,route,38.1
13,retrieve,1124.8
13,tier1_check,282.9
13,judge,213.6
13,route,27.9
13,retrieve,679.5
13,tier1_check,202.1
13,judge,83.8
13,route,27.7
13,retrieve,772.4
13,tier1_check,178.2
13,judge,78.8
13,route,26.8
13,retrieve,710.4
13,tier1_check,91.1
13,judge,77.5
13,route,26.3
13,retrieve,732.3
13,tier1_check,327.9
13,judge,177.2
13,route,30.0
13,retrieve,729.4
13,tier1_check,225.4
13,judge,189.1
13,route,34.2
13,retrieve,720.2
13,tier1_check,162.2
13,judge,108.4
13,route,32.6
13,retrieve,1656.4
13,tier1_check,74.5
13,judge,58.5
13,route,24.4
13,retrieve,802.1
13,tier1_check,322.4
13,judge,184.3
13,route,29.3
13,retrieve,701.2
13,tier1_check,131.5
13,judge,102.7
13,route,21.0
13,retrieve,702.5
13,tier1_check,182.6
13,judge,123.6
13,route,43.9
13,retrieve,1259.6
13,tier1_check,331.7
13,judge,181.6
13,route,31.0
13,retrieve,696.1
13,tier1_check,135.3
13,judge,107.9
13,route,24.7
13,retrieve,654.3
13,tier1_check,204.8
13,judge,163.7
13,route,36.5
13,retrieve,711.3
13,tier1_check,205.2
13,judge,2.8
13,route,32.8
13,retrieve,1225.7
13,tier1_check,89.4
13,judge,2.7
13,route,24.3
13,retrieve,820.5
13,tier1_check,108.5
13,judge,91.6
13,route,21.5
13,retrieve,556.3
13,tier1_check,179.9
13,judge,95.3
13,route,20.6
13,retrieve,609.5
13,tier1_check,108.2
13,judge,85.9
13,route,27.7
13,retrieve,792.2
13,tier1_check,105.1
13,judge,90.3
13,route,24.0
13,retrieve,905.5
13,tier1_check,93.7
13,judge,2.5
13,route,24.6
13,retrieve,1024.4
13,tier1_check,209.8
13,judge,5.3
13,route,39.6
13,retrieve,1746.6
13,tier1_check,147.9
13,judge,2.7
13,route,35.2
13,retrieve,2017.0
13,tier1_check,131.6
13,judge,2.7
13,route,38.7
13,retrieve,1139.2
13,tier1_check,82.9
13,judge,76.7
13,route,32.1
13,retrieve,1178.1
13,tier1_check,110.9
13,judge,2.9
13,route,25.9
13,retrieve,1120.2
13,tier1_check,115.0
13,judge,67.4
13,route,50.6
13,retrieve,1529.4
13,tier1_check,61.4
13,judge,46.1
13,route,22.1
13,retrieve,849.6
13,tier1_check,99.9
13,judge,93.9
13,route,22.5
13,retrieve,856.1
13,tier1_check,110.2
13,judge,94.2
13,route,23.3
13,retrieve,1053.7
13,tier1_check,61.7
13,judge,73.9
13,route,39.8
13,retrieve,836.1
13,tier1_check,293.9
13,judge,101.9
13,route,21.1
13,retrieve,812.5
13,tier1_check,177.5
13,judge,5.1
13,route,43.9
13,retrieve,1078.9
13,tier1_check,124.0
13,judge,95.2
13,route,40.0
13,retrieve,1476.2
13,tier1_check,333.6
13,judge,6.1
13,route,37.1
13,retrieve,972.4
13,tier1_check,145.9
13,judge,3.4
13,route,24.4
13,retrieve,787.4
13,tier1_check,215.0
13,judge,114.0
13,route,21.4
13,retrieve,842.6
13,tier1_check,131.0
13,judge,144.3
13,route,47.9
13,retrieve,1374.8
13,tier1_check,281.0
13,judge,7.0
13,route,37.4
13,retrieve,928.2
13,tier1_check,177.6
13,judge,108.8
13,route,43.5
13,retrieve,1165.1
13,tier1_check,99.0
13,judge,2.6
13,route,25.3
13,retrieve,855.5
13,tier1_check,172.4
13,judge,80.5
13,route,35.7
13,retrieve,1867.2
13,tier1_check,260.9
13,judge,5.8
13,route,62.5
13,retrieve,1254.0
13,tier1_check,136.0
13,judge,124.3
13,route,38.1
13,retrieve,764.2
13,tier1_check,233.4
13,judge,69.1
13,route,22.2
13,retrieve,768.1
13,tier1_check,109.6
13,judge,3.5
13,route,35.1
13,retrieve,1347.1
13,tier1_check,153.5
13,judge,2.8
13,route,25.3
13,retrieve,949.7
13,tier1_check,279.4
13,judge,95.7
13,route,29.8
13,retrieve,821.0
13,tier1_check,163.8
13,judge,84.4
13,route,28.2
13,retrieve,720.2
13,tier1_check,162.6
13,judge,84.9
13,route,38.0
13,retrieve,1819.0
13,tier1_check,140.1
13,judge,3.9
13,route,28.5
13,retrieve,1041.3
13,tier1_check,177.2
13,judge,79.2
13,route,25.2
13,retrieve,806.0
13,tier1_check,146.6
13,judge,81.3
13,route,26.0
13,retrieve,718.7
13,tier1_check,176.7
13,judge,80.0
13,route,23.8
13,retrieve,777.1
13,tier1_check,159.7
13,judge,73.9
13,route,22.8
13,retrieve,822.8
13,tier1_check,95.4
13,judge,48.0
13,route,27.2
13,retrieve,1044.7
13,tier1_check,102.3
13,judge,99.3
13,route,55.4
13,retrieve,1660.6
13,tier1_check,160.2
13,judge,2.7
13,route,48.8
13,retrieve,738.8
13,tier1_check,135.9
13,judge,60.0
13,route,27.0
13,retrieve,674.0
13,tier1_check,130.8
13,judge,55.7
13,route,21.8
13,retrieve,934.9
13,tier1_check,258.7
13,judge,5.0
13,route,29.9
13,retrieve,931.5
13,tier1_check,172.2
13,judge,4.3
13,route,27.1
13,retrieve,1119.0
13,tier1_check,139.9
13,judge,103.4
13,route,25.2
13,retrieve,842.9
13,tier1_check,107.0
13,judge,2.6
13,route,30.2
13,retrieve,1104.5
13,tier1_check,104.8
13,judge,2.7
13,route,19.2
13,retrieve,539.5
13,tier1_check,73.6
13,judge,52.7
13,route,27.3
13,retrieve,1041.9
13,tier1_check,152.3
13,judge,108.7
13,route,24.1
13,retrieve,833.7
13,tier1_check,125.3
13,judge,147.9
13,route,52.6
13,retrieve,1204.5
13,tier1_check,173.2
13,judge,124.4
13,route,35.6
13,retrieve,1074.9
13,tier1_check,147.2
13,judge,123.1
13,route,25.2
13,retrieve,841.6
13,tier1_check,248.3
13,judge,222.4
13,route,41.3
13,retrieve,743.0
13,tier1_check,232.2
13,judge,113.2
13,route,32.1
13,retrieve,1099.9
13,tier1_check,272.2
13,judge,218.2
13,route,53.8
13,retrieve,732.5
13,tier1_check,144.8
13,judge,183.9
13,route,29.8
13,retrieve,617.3
13,tier1_check,233.9
13,judge,122.8
13,route,23.4
13,retrieve,933.2
13,tier1_check,149.8
13,judge,101.4
13,route,22.2
13,retrieve,628.8
13,tier1_check,259.3
13,judge,120.8
13,route,18.3
13,retrieve,602.6
13,tier1_check,480.6
13,judge,186.0
13,route,35.1
13,retrieve,651.9
13,tier1_check,332.3
13,judge,198.5
13,route,34.0
13,retrieve,1084.5
13,tier1_check,139.1
13,judge,2.8
13,route,19.7
13,retrieve,700.2
13,tier1_check,144.6
13,judge,3.1
13,route,23.9
13,retrieve,690.1
13,tier1_check,233.5
13,judge,132.1
13,route,21.7
13,retrieve,1046.9
13,tier1_check,347.5
13,judge,5.4
13,route,42.0
13,retrieve,1053.7
13,tier1_check,91.5
13,judge,6.3
13,route,34.4
13,retrieve,603.0
13,tier1_check,184.3
13,judge,111.6
13,route,33.4
13,retrieve,639.1
13,tier1_check,111.9
13,judge,96.3
13,route,23.7
13,retrieve,721.1
13,tier1_check,167.2
13,judge,102.5
13,route,31.5
13,retrieve,1022.6
13,tier1_check,278.4
13,judge,97.9
13,route,21.8
13,retrieve,717.8
13,tier1_check,139.2
13,judge,2.7
13,route,21.7
13,retrieve,589.1
13,tier1_check,160.1
13,judge,207.7
13,route,24.4
13,retrieve,681.9
13,tier1_check,228.1
13,judge,151.1
13,route,31.7
13,retrieve,1022.1
13,tier1_check,144.6
13,judge,114.4
13,route,23.0
13,retrieve,593.2
13,tier1_check,151.7
13,judge,76.5
13,route,33.3
13,retrieve,776.2
13,tier1_check,153.7
13,judge,70.0
13,route,21.8
13,retrieve,936.4
13,tier1_check,139.4
13,judge,3.4
13,route,24.5
13,retrieve,681.5
13,tier1_check,85.0
13,judge,66.3
13,route,29.3
13,retrieve,709.5
13,tier1_check,65.3
13,judge,49.5
13,route,19.8
13,retrieve,564.8
13,tier1_check,82.8
13,judge,69.7
13,route,34.8
13,retrieve,1243.5
13,tier1_check,152.6
13,judge,122.6
13,route,29.3
13,retrieve,963.6
13,tier1_check,200.1
13,judge,139.1
13,route,36.6
13,retrieve,1051.5
13,tier1_check,188.7
13,judge,94.3
13,route,31.8
13,retrieve,1173.6
13,tier1_check,85.2
13,judge,52.7
13,route,20.8
13,retrieve,559.7
13,tier1_check,81.3
13,judge,37.7
13,route,20.3
13,retrieve,564.1
13,tier1_check,75.7
13,judge,59.1
13,route,22.8
13,retrieve,736.5
13,tier1_check,62.1
13,judge,47.9
13,route,20.8
13,retrieve,674.6
13,tier1_check,247.9
13,judge,4.9
13,route,22.8
13,retrieve,763.6
13,tier1_check,191.2
13,judge,3.1
13,route,22.1
13,retrieve,708.9
13,tier1_check,228.0
13,judge,2.9
13,route,19.7
13,retrieve,734.8
13,tier1_check,189.4
13,judge,103.8
13,route,27.3
13,retrieve,1373.8
13,tier1_check,123.1
13,judge,134.5
13,route,45.7
13,retrieve,1357.8
13,tier1_check,153.4
13,judge,4.6
13,route,59.4
13,retrieve,1363.7
13,tier1_check,279.4
13,judge,81.3
13,route,19.6
13,retrieve,598.6
13,tier1_check,157.7
13,judge,64.2
13,route,21.4
13,retrieve,956.2
13,tier1_check,76.6
13,judge,2.8
13,route,21.9
13,retrieve,776.9
13,tier1_check,2.2
13,judge,2.3
13,route,32.5
13,retrieve,552.7
13,tier1_check,65.6
13,judge,2.3
13,route,20.6
13,retrieve,572.9
13,tier1_check,108.9
13,judge,3.1
13,route,21.8
13,retrieve,743.8
13,tier1_check,79.2
13,judge,2.6
13,route,20.1
13,retrieve,606.0
13,tier1_check,2.1
13,judge,2.1
13,route,32.1
13,retrieve,685.5
13,tier1_check,103.1
13,judge,2.7
13,route,21.0
13,retrieve,847.8
13,tier1_check,72.3
13,judge,2.8
13,route,18.8
13,retrieve,510.1
13,route,21.8
13,retrieve,480.8
13,route,22.3
13,retrieve,657.9
13,route,27.4
13,retrieve,789.6
13,tier1_check,2.3
13,judge,2.0
13,route,25.7
13,retrieve,985.5
13,tier1_check,1.8
13,judge,1.7
13,route,25.0
13,retrieve,628.2
13,route,29.6
13,retrieve,585.1
13,tier1_check,99.7
13,judge,3.3
13,route,27.1
13,retrieve,615.3
13,tier1_check,1.7
13,judge,1.4
13,route,21.5
13,retrieve,624.5
13,tier1_check,114.9
13,judge,4.0
13,route,25.4
13,retrieve,520.4
13,route,20.5
13,retrieve,471.0
13,route,41.1
13,retrieve,691.1
13,route,22.6
13,retrieve,696.4
13,tier1_check,2.0
13,judge,2.2
13,route,30.6
13,retrieve,771.7
13,tier1_check,2.0
13,judge,1.7
13,route,23.5
13,retrieve,553.7
13,tier1_check,1.7
13,judge,1.3
13,route,36.9
13,retrieve,579.0
13,route,24.6
13,retrieve,616.9
13,tier1_check,76.7
13,judge,2.6
13,route,21.0
13,retrieve,807.0
13,tier1_check,2.4
13,judge,2.4
13,route,31.5
13,retrieve,574.4
13,tier1_check,1.3
13,judge,1.2
13,route,21.1
13,retrieve,549.0
13,tier1_check,74.5
13,judge,2.4
13,route,21.3
13,retrieve,686.5
13,tier1_check,71.0
13,judge,2.5
13,route,18.5
13,retrieve,553.8
13,tier1_check,1.9
13,judge,2.1
13,route,33.3
13,retrieve,1033.4
13,tier1_check,121.5
13,judge,4.2
13,route,36.6
13,retrieve,860.3
13,tier1_check,86.9
13,judge,64.4
13,route,34.2
13,retrieve,786.8
13,tier1_check,105.7
13,judge,90.2
13,route,31.1
13,retrieve,676.2
13,tier1_check,1.6
13,judge,1.4
13,route,22.3
13,retrieve,617.9
13,tier1_check,1.3
13,judge,1.1
13,route,21.1
13,retrieve,541.4
13,route,37.1
13,retrieve,634.4
13,tier1_check,117.5
13,judge,68.3
13,route,32.7
13,retrieve,660.0
13,route,23.8
13,retrieve,598.1
13,tier1_check,1.3
13,judge,1.2
13,route,18.6
13,retrieve,512.7
13,tier1_check,1.2
13,judge,1.2
13,route,19.8
13,retrieve,505.5
13,route,23.3
13,retrieve,660.8
13,route,34.8
13,retrieve,607.8
13,tier1_check,1.4
13,judge,1.2
13,route,24.7
13,retrieve,672.9
13,tier1_check,84.2
13,judge,2.6
13,route,22.0
13,retrieve,628.2
13,tier1_check,2.0
13,judge,1.9
13,route,30.8
13,retrieve,550.0
13,tier1_check,80.5
13,judge,2.6
13,route,18.2
13,retrieve,538.2
13,tier1_check,145.6
13,judge,4.8
13,route,31.1
13,retrieve,566.3
13,route,38.0
13,retrieve,824.7
13,tier1_check,2.2
13,judge,2.2
13,route,36.0
13,retrieve,832.1
13,tier1_check,156.6
13,judge,5.1
13,route,29.2
13,retrieve,825.9
13,tier1_check,2.6
13,judge,2.1
13,route,42.3
13,retrieve,804.7
13,tier1_check,1.9
13,judge,1.6
13,route,23.3
13,retrieve,914.5
13,tier1_check,114.6
13,judge,3.4
13,route,26.3
13,retrieve,825.8
13,tier1_check,2.0
13,judge,1.9
13,route,37.2
13,retrieve,1123.4
13,tier1_check,2.2
13,judge,2.0
13,route,35.4
13,retrieve,736.9
13,tier1_check,2.1
13,judge,2.1
13,route,41.8
13,retrieve,790.4
13,tier1_check,147.9
13,judge,3.8
13,route,33.2
13,retrieve,844.1
13,tier1_check,133.7
13,judge,3.9
13,route,33.0
13,retrieve,938.1
13,tier1_check,129.9
13,judge,4.6
13,route,35.6
13,retrieve,1004.3
13,tier1_check,2.8
13,judge,2.9
13,route,33.7
13,retrieve,1490.5
13,tier1_check,1.9
13,judge,2.1
13,route,27.7
13,retrieve,761.6
13,tier1_check,2.0
13,judge,2.5
13,route,39.9
13,retrieve,921.6
13,tier1_check,112.8
13,judge,2.9
13,route,20.3
13,retrieve,647.0
13,tier1_check,81.0
13,judge,2.8
13,route,22.6
13,retrieve,631.9
13,tier1_check,110.3
13,judge,2.8
13,route,32.0
13,retrieve,964.8
13,tier1_check,2.2
13,judge,2.2
13,route,39.8
13,retrieve,826.0
13,tier1_check,173.8
13,judge,11.3
13,route,42.8
13,retrieve,1150.0
13,tier1_check,2.3
13,judge,2.3
13,route,28.3
13,retrieve,878.3
13,tier1_check,129.0
13,judge,2.9
13,route,36.0
13,retrieve,714.4
13,tier1_check,2.0
13,judge,2.1
13,route,41.7
13,retrieve,794.9
13,tier1_check,1.6
13,judge,1.4
13,route,22.9
13,retrieve,851.6
13,tier1_check,3.4
13,judge,3.0
13,route,57.3
13,retrieve,1349.0
13,tier1_check,129.1
13,judge,3.0
13,route,28.3
13,retrieve,976.0
13,tier1_check,143.0
13,judge,4.1
13,route,21.3
13,retrieve,725.5
13,tier1_check,105.6
13,judge,2.9
13,route,25.5
13,retrieve,1041.7
13,tier1_check,1.7
13,judge,1.5
13,route,35.7
13,retrieve,872.4
13,tier1_check,1.7
13,judge,1.4
13,route,27.0
13,retrieve,759.8
13,tier1_check,1.3
13,judge,1.2
13,route,43.0
13,retrieve,1194.9
13,tier1_check,177.1
13,judge,6.3
13,route,39.7
13,retrieve,1098.0
13,tier1_check,1.8
13,judge,1.4
13,route,26.2
13,retrieve,962.5
13,tier1_check,113.0
13,judge,2.7
13,route,22.6
13,retrieve,820.5
13,tier1_check,102.7
13,judge,2.5
13,route,23.1
13,retrieve,1007.2
13,tier1_check,165.7
13,judge,5.8
13,route,34.2
13,retrieve,865.9
13,tier1_check,107.0
13,judge,2.6
13,route,24.6
13,retrieve,740.0
13,tier1_check,1.7
13,judge,1.5
13,route,25.9
13,retrieve,994.9
13,tier1_check,2.3
13,judge,2.1
13,route,34.3
13,retrieve,891.8
13,tier1_check,2.1
13,judge,1.8
13,route,33.2
13,retrieve,1044.8
13,tier1_check,2.1
13,judge,1.9
13,route,35.3
13,retrieve,871.8
13,tier1_check,2.0
13,judge,1.9
13,route,41.1
13,retrieve,1249.9
13,tier1_check,2.7
13,judge,2.5
13,route,40.5
13,retrieve,831.7
13,tier1_check,1.9
13,judge,2.1
13,route,32.6
13,retrieve,1307.3
13,tier1_check,135.1
13,judge,6.2
13,route,44.6
13,retrieve,931.0
13,tier1_check,130.8
13,judge,5.2
13,route,39.2
13,retrieve,839.5
13,tier1_check,2.1
13,judge,2.2
13,route,39.5
13,retrieve,911.8
13,tier1_check,2.1
13,judge,2.2
13,route,34.2
13,retrieve,932.5
13,tier1_check,2.2
13,judge,1.8
13,route,25.6
13,retrieve,561.1
13,tier1_check,105.9
13,judge,2.4
13,route,25.6
13,retrieve,846.0
13,tier1_check,1.8
13,judge,1.5
13,route,27.5
13,retrieve,777.0
13,tier1_check,1.6
13,judge,1.4
13,route,32.9
13,retrieve,1732.5
13,tier1_check,72.1
13,judge,40.3
13,route,32.6
13,retrieve,1200.0
13,tier1_check,81.6
13,judge,37.4
13,route,30.9
13,retrieve,1269.0
13,tier1_check,57.7
13,judge,60.3
13,route,36.1
13,retrieve,1055.7
13,tier1_check,187.7
13,judge,87.5
13,route,24.6
13,retrieve,1012.0
13,tier1_check,89.1
13,judge,108.9
13,route,29.3
13,retrieve,1340.5
13,tier1_check,77.5
13,judge,77.2
13,route,38.5
13,retrieve,1323.4
13,tier1_check,73.1
13,judge,42.7
13,route,33.1
13,retrieve,969.8
13,tier1_check,56.5
13,judge,55.9
13,route,24.6
13,retrieve,1127.7
13,tier1_check,44.2
13,judge,2.8
13,route,27.5
13,retrieve,935.3
13,tier1_check,285.2
13,judge,139.6
13,route,24.0
13,retrieve,931.1
13,tier1_check,165.8
13,judge,113.2
13,route,41.6
13,retrieve,1489.1
13,tier1_check,63.0
13,judge,39.4
13,route,28.5
13,retrieve,1210.0
13,tier1_check,210.0
13,judge,111.8
13,route,24.2
13,retrieve,992.6
13,tier1_check,94.6
13,judge,59.3
13,route,41.1
13,retrieve,860.8
13,tier1_check,52.6
13,judge,56.0
13,route,39.1
13,retrieve,1370.2
13,tier1_check,181.8
13,judge,63.9
13,route,25.7
13,retrieve,1154.4
13,tier1_check,52.8
13,judge,27.9
13,route,28.0
13,retrieve,1253.4
13,tier1_check,58.8
13,judge,2.6
13,route,23.5
13,retrieve,1050.3
13,tier1_check,75.8
13,judge,4.5
13,route,37.5
13,retrieve,1067.4
13,tier1_check,54.9
13,judge,30.2
13,route,29.6
13,retrieve,965.0
13,tier1_check,57.5
13,judge,60.1
13,route,25.3
13,retrieve,772.3
13,tier1_check,55.5
13,judge,29.9
13,route,28.0
13,retrieve,1338.4
13,tier1_check,89.0
13,judge,102.7
13,route,44.8
13,retrieve,1364.1
13,tier1_check,59.4
13,judge,41.7
13,route,29.5
13,retrieve,1136.4
13,tier1_check,70.7
13,judge,44.0
13,route,31.2
13,retrieve,969.9
13,tier1_check,56.6
13,judge,54.4
13,route,29.8
13,retrieve,978.5
13,tier1_check,133.7
13,judge,109.2
13,route,26.1
13,retrieve,870.6
13,tier1_check,72.0
13,judge,57.0
13,route,37.3
13,retrieve,1077.1
13,tier1_check,98.0
13,judge,65.7
13,route,49.8
13,retrieve,1848.8
13,tier1_check,273.4
13,judge,109.5
13,route,47.9
13,retrieve,2934.7
13,tier1_check,67.3
13,judge,60.3
13,route,38.9
13,retrieve,2593.3
13,tier1_check,61.5
13,judge,36.1
13,route,44.5
13,retrieve,2836.7
13,tier1_check,69.7
13,judge,61.9
13,route,31.4
13,retrieve,1252.6
13,tier1_check,71.8
13,judge,62.9
13,route,49.6
13,retrieve,2072.9
13,tier1_check,141.7
13,judge,113.1
13,route,37.9
13,retrieve,1871.8
13,tier1_check,155.0
13,judge,44.8
13,route,50.1
13,retrieve,1920.9
13,tier1_check,58.0
13,judge,4.6
13,route,55.9
13,retrieve,1864.5
13,tier1_check,312.6
13,judge,6.4
13,route,51.7
13,retrieve,1328.2
13,tier1_check,89.2
13,judge,37.7
13,route,47.5
13,retrieve,2917.6
13,tier1_check,67.9
13,judge,56.7
13,route,48.1
13,retrieve,1261.7
13,tier1_check,108.3
13,judge,68.6
13,route,35.6
13,retrieve,1893.2
13,tier1_check,94.3
13,judge,56.0
13,route,41.1
13,retrieve,1861.7
13,tier1_check,57.7
13,judge,4.3
13,route,44.3
13,retrieve,1553.4
13,tier1_check,121.5
13,judge,97.2
13,route,38.2
13,retrieve,2344.6
13,tier1_check,153.0
13,judge,138.0
13,route,36.7
13,retrieve,1370.9
13,tier1_check,394.8
13,judge,224.2
13,route,44.4
13,retrieve,1384.6
13,tier1_check,134.6
13,judge,77.5
13,route,56.4
13,retrieve,1655.8
13,tier1_check,135.1
13,judge,4.7
13,route,54.0
13,retrieve,1643.1
13,tier1_check,117.0
13,judge,91.1
13,route,38.5
13,retrieve,1272.0
13,tier1_check,126.3
13,judge,4.0
14,route,25.0
14,retrieve,793.0
14,tier1_check,225.4
14,judge,200.4
14,route,72.1
14,retrieve,998.9
14,tier1_check,107.7
14,judge,83.6
14,route,29.9
14,retrieve,1389.0
14,tier1_check,150.6
14,judge,6.1
14,route,51.5
14,retrieve,1718.4
14,tier1_check,107.4
14,judge,2.9
14,route,22.8
14,retrieve,844.1
14,tier1_check,186.9
14,judge,107.8
14,route,28.3
14,retrieve,1115.2
14,tier1_check,300.3
14,judge,177.0
14,route,43.4
14,retrieve,1662.0
14,tier1_check,211.7
14,judge,119.3
14,route,42.0
14,retrieve,2361.6
14,tier1_check,104.5
14,judge,123.7
14,route,41.9
14,retrieve,1168.0
14,tier1_check,129.5
14,judge,116.9
14,route,42.1
14,retrieve,1163.2
14,tier1_check,104.2
14,judge,79.9
14,route,32.0
14,retrieve,1346.9
14,tier1_check,145.4
14,judge,53.9
14,route,38.9
14,retrieve,1498.5
14,tier1_check,153.0
14,judge,71.7
14,route,40.1
14,retrieve,1073.2
14,tier1_check,167.6
14,judge,147.5
14,route,45.7
14,retrieve,1322.8
14,tier1_check,293.0
14,judge,92.4
14,route,34.7
14,retrieve,1558.2
14,tier1_check,439.9
14,judge,151.2
14,route,39.3
14,retrieve,1208.0
14,tier1_check,146.8
14,judge,78.3
14,route,37.6
14,retrieve,1629.7
14,tier1_check,101.6
14,judge,77.4
14,route,39.7
14,retrieve,1289.8
14,tier1_check,183.3
14,judge,79.5
14,route,31.7
14,retrieve,1368.7
14,tier1_check,130.3
14,judge,82.8
14,route,21.4
14,retrieve,936.7
14,tier1_check,203.5
14,judge,181.6
14,route,51.8
14,retrieve,1527.5
14,tier1_check,214.1
14,judge,3.9
14,route,25.3
14,retrieve,943.1
14,tier1_check,202.2
14,judge,116.9
14,route,43.5
14,retrieve,1927.4
14,tier1_check,195.7
14,judge,180.3
14,route,36.6
14,retrieve,1242.8
14,tier1_check,66.6
14,judge,3.0
14,route,24.8
14,retrieve,1177.4
14,tier1_check,122.4
14,judge,4.1
14,route,30.6
14,retrieve,956.9
14,tier1_check,192.0
14,judge,49.5
14,route,47.9
14,retrieve,1838.9
14,tier1_check,185.4
14,judge,152.5
14,route,49.9
14,retrieve,1343.9
14,tier1_check,176.1
14,judge,78.6
14,route,44.9
14,retrieve,901.9
14,tier1_check,128.8
14,judge,116.5
14,route,33.2
14,retrieve,1275.3
14,tier1_check,173.8
14,judge,78.2
14,route,36.9
14,retrieve,2063.6
14,tier1_check,229.9
14,judge,84.9
14,route,31.7
14,retrieve,1625.9
14,tier1_check,191.2
14,judge,8.0
14,route,41.5
14,retrieve,984.7
14,tier1_check,175.7
14,judge,6.2
14,route,47.2
14,retrieve,1435.2
14,tier1_check,119.1
14,judge,96.7
14,route,47.5
14,retrieve,2255.5
14,tier1_check,152.4
14,judge,6.0
14,route,33.4
14,retrieve,914.3
14,tier1_check,150.3
14,judge,109.5
14,route,30.1
14,retrieve,933.3
14,tier1_check,104.7
14,judge,3.8
14,route,30.6
14,retrieve,987.5
14,tier1_check,145.8
14,judge,427.8
14,route,57.5
14,retrieve,1312.5
14,tier1_check,137.4
14,judge,108.5
14,route,24.2
14,retrieve,878.5
14,tier1_check,97.8
14,judge,61.4
14,route,49.1
14,retrieve,918.5
14,tier1_check,175.6
14,judge,62.9
14,route,27.9
14,retrieve,855.9
14,tier1_check,129.7
14,judge,105.0
14,route,36.1
14,retrieve,861.8
14,tier1_check,193.1
14,judge,111.2
14,route,27.3
14,retrieve,817.1
14,tier1_check,215.9
14,judge,170.0
14,route,33.3
14,retrieve,809.1
14,tier1_check,330.0
14,judge,178.4
14,route,51.9
14,retrieve,1691.7
14,tier1_check,287.6
14,judge,179.7
14,route,42.7
14,retrieve,1051.5
14,tier1_check,150.1
14,judge,106.9
14,route,28.6
14,retrieve,867.0
14,tier1_check,137.1
14,judge,5.0
14,route,27.6
14,retrieve,941.5
14,tier1_check,261.5
14,judge,223.5
14,route,37.6
14,retrieve,1442.6
14,tier1_check,281.2
14,judge,196.3
14,route,48.0
14,retrieve,981.9
14,tier1_check,228.5
14,judge,118.4
14,route,30.1
14,retrieve,861.4
14,tier1_check,218.4
14,judge,117.0
14,route,35.0
14,retrieve,897.9
14,tier1_check,353.9
14,judge,5.0
14,route,53.2
14,retrieve,1431.3
14,tier1_check,138.5
14,judge,181.4
14,route,44.2
14,retrieve,1161.3
14,tier1_check,310.8
14,judge,131.5
14,route,27.2
14,retrieve,708.9
14,tier1_check,178.6
14,judge,96.9
14,route,22.7
14,retrieve,688.7
14,tier1_check,176.7
14,judge,97.2
14,route,29.5
14,retrieve,922.6
14,tier1_check,108.3
14,judge,92.0
14,route,25.6
14,retrieve,1255.0
14,tier1_check,84.3
14,judge,62.0
14,route,27.8
14,retrieve,1199.6
14,tier1_check,235.5
14,judge,71.4
14,route,31.7
14,retrieve,2028.1
14,tier1_check,153.5
14,judge,6.7
14,route,52.5
14,retrieve,2444.2
14,tier1_check,184.9
14,judge,5.8
14,route,41.5
14,retrieve,1198.4
14,tier1_check,73.7
14,judge,49.1
14,route,30.5
14,retrieve,1440.9
14,tier1_check,186.1
14,judge,7.7
14,route,32.8
14,retrieve,1364.5
14,tier1_check,127.9
14,judge,83.6
14,route,54.0
14,retrieve,1786.8
14,tier1_check,111.5
14,judge,76.6
14,route,39.2
14,retrieve,1087.3
14,tier1_check,147.5
14,judge,97.5
14,route,37.1
14,retrieve,1056.8
14,tier1_check,184.7
14,judge,94.1
14,route,27.7
14,retrieve,1006.7
14,tier1_check,176.4
14,judge,160.7
14,route,39.6
14,retrieve,982.7
14,tier1_check,150.6
14,judge,159.3
14,route,34.3
14,retrieve,819.8
14,tier1_check,204.3
14,judge,4.0
14,route,27.7
14,retrieve,1114.8
14,tier1_check,276.6
14,judge,133.4
14,route,37.1
14,retrieve,1529.5
14,tier1_check,304.8
14,judge,6.1
14,route,37.1
14,retrieve,950.5
14,tier1_check,205.3
14,judge,2.7
14,route,20.9
14,retrieve,939.2
14,tier1_check,214.0
14,judge,111.9
14,route,22.7
14,retrieve,950.7
14,tier1_check,154.1
14,judge,4.9
14,route,39.0
14,retrieve,1430.9
14,tier1_check,196.8
14,judge,3.0
14,route,23.5
14,retrieve,834.3
14,tier1_check,111.9
14,judge,55.8
14,route,27.3
14,retrieve,1222.9
14,tier1_check,166.9
14,judge,4.8
14,route,39.2
14,retrieve,969.3
14,tier1_check,159.9
14,judge,120.0
14,route,38.3
14,retrieve,1906.2
14,tier1_check,106.2
14,judge,2.8
14,route,25.1
14,retrieve,1142.4
14,tier1_check,85.3
14,judge,66.6
14,route,24.3
14,retrieve,735.3
14,tier1_check,82.3
14,judge,65.3
14,route,22.1
14,retrieve,886.2
14,tier1_check,105.8
14,judge,4.1
14,route,49.8
14,retrieve,1364.5
14,tier1_check,227.7
14,judge,4.3
14,route,27.3
14,retrieve,1082.4
14,tier1_check,186.6
14,judge,90.0
14,route,26.0
14,retrieve,836.8
14,tier1_check,138.0
14,judge,50.4
14,route,25.7
14,retrieve,743.6
14,tier1_check,95.2
14,judge,78.9
14,route,37.4
14,retrieve,1868.2
14,tier1_check,197.2
14,judge,4.1
14,route,38.5
14,retrieve,1057.5
14,tier1_check,123.8
14,judge,4.0
14,route,39.5
14,retrieve,848.1
14,tier1_check,134.0
14,judge,151.5
14,route,40.5
14,retrieve,807.0
14,tier1_check,177.6
14,judge,58.9
14,route,25.5
14,retrieve,889.8
14,tier1_check,105.5
14,judge,75.8
14,route,25.2
14,retrieve,739.6
14,tier1_check,173.6
14,judge,81.5
14,route,29.7
14,retrieve,1077.4
14,tier1_check,158.8
14,judge,73.3
14,route,35.3
14,retrieve,1665.4
14,tier1_check,97.2
14,judge,2.6
14,route,21.3
14,retrieve,761.0
14,tier1_check,72.4
14,judge,69.1
14,route,21.6
14,retrieve,694.5
14,tier1_check,180.5
14,judge,102.2
14,route,35.5
14,retrieve,1032.6
14,tier1_check,108.4
14,judge,88.6
14,route,25.2
14,retrieve,973.2
14,tier1_check,265.1
14,judge,5.9
14,route,41.7
14,retrieve,1124.6
14,tier1_check,97.8
14,judge,2.5
14,route,24.5
14,retrieve,884.9
14,tier1_check,118.9
14,judge,2.7
14,route,30.2
14,retrieve,1146.6
14,tier1_check,105.2
14,judge,2.8
14,route,19.7
14,retrieve,579.3
14,tier1_check,229.5
14,judge,121.6
14,route,28.4
14,retrieve,1059.8
14,tier1_check,127.0
14,judge,107.2
14,route,45.9
14,retrieve,887.0
14,tier1_check,295.4
14,judge,135.2
14,route,37.7
14,retrieve,1206.1
14,tier1_check,193.6
14,judge,106.8
14,route,24.9
14,retrieve,1141.4
14,tier1_check,228.9
14,judge,124.4
14,route,25.2
14,retrieve,815.6
14,tier1_check,175.0
14,judge,125.1
14,route,24.2
14,retrieve,801.9
14,tier1_check,194.1
14,judge,126.3
14,route,40.8
14,retrieve,1416.2
14,tier1_check,155.4
14,judge,144.8
14,route,22.4
14,retrieve,749.1
14,tier1_check,130.7
14,judge,6.7
14,route,32.8
14,retrieve,665.4
14,tier1_check,169.2
14,judge,115.8
14,route,24.0
14,retrieve,915.9
14,tier1_check,141.9
14,judge,124.6
14,route,22.6
14,retrieve,614.3
14,tier1_check,233.3
14,judge,129.9
14,route,18.3
14,retrieve,597.1
14,tier1_check,157.1
14,judge,118.5
14,route,29.9
14,retrieve,634.1
14,tier1_check,174.4
14,judge,117.5
14,route,29.1
14,retrieve,1113.2
14,tier1_check,224.9
14,judge,4.5
14,route,28.0
14,retrieve,713.3
14,tier1_check,136.2
14,judge,2.7
14,route,23.7
14,retrieve,751.5
14,tier1_check,164.0
14,judge,115.0
14,route,22.1
14,retrieve,987.5
14,tier1_check,132.7
14,judge,2.7
14,route,32.7
14,retrieve,1086.1
14,tier1_check,97.9
14,judge,4.4
14,route,21.3
14,retrieve,812.6
14,tier1_check,310.9
14,judge,99.4
14,route,22.8
14,retrieve,693.0
14,tier1_check,157.5
14,judge,131.9
14,route,31.3
14,retrieve,718.0
14,tier1_check,105.1
14,judge,3.4
14,route,44.8
14,retrieve,1068.1
14,tier1_check,269.0
14,judge,108.9
14,route,29.3
14,retrieve,702.6
14,tier1_check,223.8
14,judge,117.1
14,route,21.3
14,retrieve,658.3
14,tier1_check,137.3
14,judge,103.8
14,route,20.8
14,retrieve,710.5
14,tier1_check,351.5
14,judge,191.9
14,route,46.1
14,retrieve,1059.5
14,tier1_check,202.3
14,judge,127.8
14,route,22.6
14,retrieve,630.6
14,tier1_check,73.1
14,judge,2.4
14,route,24.5
14,retrieve,697.7
14,tier1_check,249.6
14,judge,74.4
14,route,23.4
14,retrieve,899.3
14,tier1_check,170.1
14,judge,2.9
14,route,18.7
14,retrieve,696.8
14,tier1_check,110.8
14,judge,90.1
14,route,22.7
14,retrieve,778.3
14,tier1_check,67.5
14,judge,49.4
14,route,19.6
14,retrieve,868.9
14,tier1_check,123.9
14,judge,99.3
14,route,29.3
14,retrieve,1334.4
14,tier1_check,111.2
14,judge,91.8
14,route,36.1
14,retrieve,1039.7
14,tier1_check,189.7
14,judge,100.9
14,route,24.7
14,retrieve,1002.0
14,tier1_check,126.7
14,judge,96.0
14,route,32.4
14,retrieve,1226.6
14,tier1_check,236.8
14,judge,178.5
14,route,21.9
14,retrieve,589.7
14,tier1_check,77.6
14,judge,112.3
14,route,33.8
14,retrieve,586.5
14,tier1_check,77.4
14,judge,59.4
14,route,23.7
14,retrieve,757.1
14,tier1_check,75.9
14,judge,60.1
14,route,21.4
14,retrieve,635.3
14,tier1_check,198.8
14,judge,2.9
14,route,21.3
14,retrieve,720.6
14,tier1_check,116.4
14,judge,2.8
14,route,22.1
14,retrieve,692.3
14,tier1_check,191.5
14,judge,5.3
14,route,36.3
14,retrieve,705.6
14,tier1_check,156.2
14,judge,117.3
14,route,39.5
14,retrieve,1377.5
14,tier1_check,181.3
14,judge,172.5
14,route,31.3
14,retrieve,1497.9
14,tier1_check,202.2
14,judge,2.9
14,route,29.9
14,retrieve,1424.4
14,tier1_check,202.4
14,judge,105.5
14,route,19.0
14,retrieve,631.9
14,tier1_check,74.8
14,judge,58.8
14,route,20.8
14,retrieve,949.2
14,tier1_check,105.2
14,judge,2.6
14,route,21.1
14,retrieve,739.2
14,tier1_check,1.8
14,judge,1.5
14,route,20.3
14,retrieve,557.1
14,tier1_check,1.6
14,judge,1.9
14,route,32.8
14,retrieve,718.1
14,tier1_check,81.4
14,judge,2.4
14,route,20.6
14,retrieve,744.4
14,tier1_check,107.7
14,judge,2.6
14,route,19.7
14,retrieve,585.0
14,tier1_check,2.2
14,judge,2.1
14,route,32.0
14,retrieve,715.7
14,tier1_check,119.8
14,judge,5.1
14,route,33.7
14,retrieve,710.9
14,tier1_check,122.1
14,judge,6.1
14,route,28.9
14,retrieve,517.4
14,route,21.4
14,retrieve,525.0
14,route,32.2
14,retrieve,513.8
14,route,21.6
14,retrieve,781.0
14,tier1_check,89.8
14,judge,2.8
14,route,24.3
14,retrieve,887.0
14,tier1_check,76.1
14,judge,2.7
14,route,24.9
14,retrieve,725.6
14,route,50.0
14,retrieve,803.3
14,tier1_check,96.1
14,judge,2.6
14,route,21.3
14,retrieve,703.3
14,tier1_check,128.1
14,judge,3.6
14,route,26.7
14,retrieve,635.0
14,tier1_check,126.6
14,judge,3.8
14,route,32.2
14,retrieve,517.5
14,route,41.7
14,retrieve,494.2
14,route,42.1
14,retrieve,692.0
14,route,22.1
14,retrieve,703.9
14,tier1_check,1.8
14,judge,1.4
14,route,23.1
14,retrieve,770.9
14,tier1_check,2.2
14,judge,2.1
14,route,28.3
14,retrieve,608.1
14,tier1_check,121.3
14,judge,6.7
14,route,33.2
14,retrieve,574.3
14,route,24.7
14,retrieve,627.0
14,tier1_check,69.6
14,judge,2.5
14,route,20.6
14,retrieve,852.1
14,tier1_check,72.3
14,judge,47.1
14,route,18.7
14,retrieve,568.9
14,tier1_check,123.2
14,judge,5.1
14,route,33.4
14,retrieve,582.9
14,tier1_check,1.4
14,judge,1.3
14,route,21.1
14,retrieve,728.6
14,tier1_check,141.9
14,judge,2.9
14,route,19.0
14,retrieve,569.0
14,tier1_check,107.1
14,judge,5.2
14,route,29.7
14,retrieve,1054.4
14,tier1_check,1.8
14,judge,1.5
14,route,23.7
14,retrieve,861.0
14,tier1_check,83.0
14,judge,26.8
14,route,22.0
14,retrieve,817.6
14,tier1_check,104.1
14,judge,38.4
14,route,19.8
14,retrieve,715.2
14,tier1_check,123.1
14,judge,5.5
14,route,36.0
14,retrieve,655.1
14,tier1_check,1.3
14,judge,1.2
14,route,21.1
14,retrieve,547.8
14,route,24.4
14,retrieve,627.1
14,tier1_check,2.3
14,judge,2.0
14,route,35.8
14,retrieve,754.8
14,route,34.3
14,retrieve,603.0
14,tier1_check,105.5
14,judge,3.0
14,route,23.4
14,retrieve,547.8
14,tier1_check,1.6
14,judge,1.5
14,route,20.9
14,retrieve,549.9
14,route,32.2
14,retrieve,578.0
14,route,32.5
14,retrieve,653.2
14,tier1_check,1.9
14,judge,1.8
14,route,34.0
14,retrieve,688.7
14,tier1_check,80.4
14,judge,2.7
14,route,36.9
14,retrieve,648.7
14,tier1_check,1.7
14,judge,1.4
14,route,19.5
14,retrieve,557.9
14,tier1_check,80.5
14,judge,2.5
14,route,18.3
14,retrieve,523.1
14,tier1_check,1.4
14,judge,1.6
14,route,29.8
14,retrieve,599.1
14,route,33.1
14,retrieve,813.8
14,tier1_check,76.3
14,judge,2.6
14,route,22.3
14,retrieve,861.3
14,tier1_check,111.4
14,judge,2.7
14,route,22.4
14,retrieve,839.5
14,tier1_check,1.8
14,judge,1.5
14,route,23.1
14,retrieve,781.3
14,tier1_check,136.4
14,judge,5.2
14,route,26.4
14,retrieve,1014.3
14,tier1_check,88.4
14,judge,2.6
14,route,25.6
14,retrieve,824.9
14,tier1_check,147.6
14,judge,3.8
14,route,25.0
14,retrieve,1170.6
14,tier1_check,1.8
14,judge,1.4
14,route,23.7
14,retrieve,719.1
14,tier1_check,110.6
14,judge,2.6
14,route,25.1
14,retrieve,803.7
14,tier1_check,103.1
14,judge,2.3
14,route,23.4
14,retrieve,833.4
14,tier1_check,1.7
14,judge,1.5
14,route,23.4
14,retrieve,1000.0
14,tier1_check,1.8
14,judge,1.4
14,route,24.5
14,retrieve,984.7
14,tier1_check,100.7
14,judge,2.6
14,route,26.7
14,retrieve,1533.6
14,tier1_check,95.1
14,judge,4.0
14,route,37.8
14,retrieve,760.3
14,tier1_check,1.4
14,judge,1.3
14,route,26.7
14,retrieve,887.6
14,tier1_check,113.1
14,judge,2.8
14,route,23.6
14,retrieve,651.0
14,tier1_check,1.7
14,judge,1.4
14,route,22.1
14,retrieve,643.9
14,tier1_check,112.4
14,judge,2.5
14,route,22.2
14,retrieve,864.2
14,tier1_check,2.6
14,judge,2.2
14,route,39.0
14,retrieve,780.6
14,tier1_check,1.6
14,judge,1.3
14,route,28.2
14,retrieve,1091.0
14,tier1_check,3.3
14,judge,2.8
14,route,52.8
14,retrieve,920.3
14,tier1_check,185.2
14,judge,4.4
14,route,23.5
14,retrieve,689.6
14,tier1_check,184.8
14,judge,5.9
14,route,34.5
14,retrieve,798.4
14,tier1_check,169.2
14,judge,5.6
14,route,24.7
14,retrieve,911.3
14,tier1_check,1.9
14,judge,1.6
14,route,26.2
14,retrieve,1322.2
14,tier1_check,2.1
14,judge,2.1
14,route,30.6
14,retrieve,991.8
14,tier1_check,107.3
14,judge,2.7
14,route,20.5
14,retrieve,719.5
14,tier1_check,104.2
14,judge,2.7
14,route,25.2
14,retrieve,1090.0
14,tier1_check,97.2
14,judge,2.5
14,route,23.6
14,retrieve,888.5
14,tier1_check,1.8
14,judge,1.4
14,route,27.1
14,retrieve,839.8
14,tier1_check,189.3
14,judge,5.5
14,route,28.7
14,retrieve,1199.9
14,tier1_check,175.1
14,judge,5.3
14,route,38.7
14,retrieve,1169.6
14,tier1_check,1.9
14,judge,1.5
14,route,25.7
14,retrieve,851.5
14,tier1_check,112.5
14,judge,2.7
14,route,26.4
14,retrieve,1152.2
14,tier1_check,1.8
14,judge,1.6
14,route,24.1
14,retrieve,1013.6
14,tier1_check,129.6
14,judge,3.5
14,route,23.7
14,retrieve,813.1
14,tier1_check,104.7
14,judge,2.6
14,route,24.6
14,retrieve,755.7
14,tier1_check,1.6
14,judge,1.3
14,route,26.0
14,retrieve,1018.2
14,tier1_check,1.8
14,judge,1.4
14,route,24.3
14,retrieve,859.3
14,tier1_check,1.8
14,judge,1.3
14,route,24.2
14,retrieve,996.3
14,tier1_check,1.5
14,judge,1.4
14,route,24.7
14,retrieve,945.1
14,tier1_check,254.9
14,judge,66.1
14,route,44.2
14,retrieve,1314.2
14,tier1_check,110.0
14,judge,2.8
14,route,24.8
14,retrieve,794.4
14,tier1_check,7.1
14,judge,2.1
14,route,39.5
14,retrieve,1389.2
14,tier1_check,1.6
14,judge,1.4
14,route,26.9
14,retrieve,959.0
14,tier1_check,79.2
14,judge,2.7
14,route,25.2
14,retrieve,923.0
14,tier1_check,104.1
14,judge,2.7
14,route,23.1
14,retrieve,744.8
14,tier1_check,1.4
14,judge,1.3
14,route,23.6
14,retrieve,860.0
14,tier1_check,2.4
14,judge,2.2
14,route,20.6
14,retrieve,546.4
14,tier1_check,1.2
14,judge,1.1
14,route,24.6
14,retrieve,879.3
14,tier1_check,1.8
14,judge,1.5
14,route,23.1
14,retrieve,740.0
14,tier1_check,102.3
14,judge,2.5
14,route,32.2
14,retrieve,1709.2
14,tier1_check,119.5
14,judge,67.5
14,route,45.2
14,retrieve,1110.4
14,tier1_check,347.4
14,judge,121.4
14,route,29.3
14,retrieve,1299.3
14,tier1_check,171.4
14,judge,74.9
14,route,49.5
14,retrieve,1056.3
14,tier1_check,64.0
14,judge,37.4
14,route,25.3
14,retrieve,1089.4
14,tier1_check,259.4
14,judge,108.6
14,route,35.8
14,retrieve,1349.1
14,tier1_check,99.7
14,judge,81.0
14,route,29.3
14,retrieve,1290.4
14,tier1_check,118.8
14,judge,83.1
14,route,24.8
14,retrieve,965.4
14,tier1_check,91.1
14,judge,97.2
14,route,37.4
14,retrieve,1076.2
14,tier1_check,269.4
14,judge,5.5
14,route,36.8
14,retrieve,968.7
14,tier1_check,123.8
14,judge,105.6
14,route,22.7
14,retrieve,827.3
14,tier1_check,137.8
14,judge,59.8
14,route,25.4
14,retrieve,1381.0
14,tier1_check,212.7
14,judge,107.1
14,route,26.8
14,retrieve,1162.3
14,tier1_check,221.9
14,judge,200.3
14,route,38.1
14,retrieve,1016.7
14,tier1_check,63.3
14,judge,36.1
14,route,39.4
14,retrieve,895.6
14,tier1_check,49.1
14,judge,49.3
14,route,27.0
14,retrieve,1330.1
14,tier1_check,83.7
14,judge,52.4
14,route,26.8
14,retrieve,1359.0
14,tier1_check,51.9
14,judge,27.9
14,route,26.4
14,retrieve,1115.0
14,tier1_check,83.5
14,judge,4.0
14,route,30.9
14,retrieve,1063.3
14,tier1_check,44.9
14,judge,2.5
14,route,24.1
14,retrieve,1005.7
14,tier1_check,48.1
14,judge,29.3
14,route,27.6
14,retrieve,904.5
14,tier1_check,97.5
14,judge,79.6
14,route,25.2
14,retrieve,752.7
14,tier1_check,55.5
14,judge,29.5
14,route,28.0
14,retrieve,1399.1
14,tier1_check,67.3
14,judge,30.5
14,route,30.9
14,retrieve,1265.4
14,tier1_check,201.8
14,judge,108.9
14,route,32.7
14,retrieve,1111.2
14,tier1_check,272.1
14,judge,159.7
14,route,26.6
14,retrieve,932.1
14,tier1_check,54.8
14,judge,54.7
14,route,28.8
14,retrieve,986.6
14,tier1_check,78.7
14,judge,59.0
14,route,43.0
14,retrieve,1286.9
14,tier1_check,127.2
14,judge,51.6
14,route,27.4
14,retrieve,1221.9
14,tier1_check,231.7
14,judge,179.7
14,route,45.1
14,retrieve,2050.1
14,tier1_check,70.9
14,judge,48.1
14,route,51.3
14,retrieve,3197.3
14,tier1_check,72.0
14,judge,62.2
14,route,57.0
14,retrieve,2785.7
14,tier1_check,64.0
14,judge,37.7
14,route,78.5
14,retrieve,3242.6
14,tier1_check,82.5
14,judge,84.7
14,route,38.8
14,retrieve,1318.7
14,tier1_check,89.6
14,judge,72.8
14,route,53.9
14,retrieve,2061.7
14,tier1_check,58.4
14,judge,73.3
14,route,49.9
14,retrieve,1836.0
14,tier1_check,85.8
14,judge,32.0
14,route,53.5
14,retrieve,1838.7
14,tier1_check,201.4
14,judge,3.9
14,route,34.7
14,retrieve,1553.9
14,tier1_check,133.3
14,judge,3.3
14,route,35.3
14,retrieve,1230.1
14,tier1_check,90.7
14,judge,38.3
14,route,63.8
14,retrieve,2347.7
14,tier1_check,161.7
14,judge,69.6
14,route,34.6
14,retrieve,1131.8
14,tier1_check,142.2
14,judge,121.8
14,route,51.8
14,retrieve,1472.0
14,tier1_check,90.8
14,judge,54.9
14,route,44.8
14,retrieve,1901.7
14,tier1_check,67.0
14,judge,5.2
14,route,54.1
14,retrieve,1584.6
14,tier1_check,97.2
14,judge,67.2
14,route,57.1
14,retrieve,2139.9
14,tier1_check,208.5
14,judge,110.5
14,route,35.7
14,retrieve,1286.7
14,tier1_check,190.8
14,judge,93.9
14,route,44.4
14,retrieve,1211.2
14,tier1_check,132.2
14,judge,45.2
14,route,36.0
14,retrieve,1630.9
14,tier1_check,92.9
14,judge,2.9
14,route,36.1
14,retrieve,1569.0
14,tier1_check,89.7
14,judge,35.3
14,route,34.4
14,retrieve,1262.9
14,tier1_check,95.9
14,judge,3.3
15,route,21.9
15,retrieve,749.9
15,tier1_check,158.5
15,judge,128.2
15,route,45.9
15,retrieve,1037.2
15,tier1_check,185.8
15,judge,81.0
15,route,33.0
15,retrieve,1485.5
15,tier1_check,188.1
15,judge,5.2
15,route,39.6
15,retrieve,1741.0
15,tier1_check,181.6
15,judge,5.7
15,route,32.9
15,retrieve,831.6
15,tier1_check,375.2
15,judge,207.9
15,route,29.2
15,retrieve,1104.7
15,tier1_check,202.8
15,judge,127.7
15,route,33.9
15,retrieve,1648.1
15,tier1_check,328.9
15,judge,140.1
15,route,45.8
15,retrieve,2132.5
15,tier1_check,118.5
15,judge,87.4
15,route,29.6
15,retrieve,1007.3
15,tier1_check,100.4
15,judge,46.3
15,route,27.1
15,retrieve,1005.8
15,tier1_check,135.2
15,judge,159.8
15,route,44.3
15,retrieve,1168.9
15,tier1_check,101.2
15,judge,74.1
15,route,28.2
15,retrieve,1173.0
15,tier1_check,211.2
15,judge,72.2
15,route,34.5
15,retrieve,903.9
15,tier1_check,253.1
15,judge,90.6
15,route,27.7
15,retrieve,1019.3
15,tier1_check,193.8
15,judge,88.8
15,route,31.3
15,retrieve,1448.4
15,tier1_check,104.2
15,judge,85.6
15,route,24.6
15,retrieve,979.4
15,tier1_check,125.8
15,judge,43.6
15,route,25.7
15,retrieve,1310.4
15,tier1_check,163.4
15,judge,76.5
15,route,37.2
15,retrieve,1035.3
15,tier1_check,96.6
15,judge,2.6
15,route,28.4
15,retrieve,1136.8
15,tier1_check,94.2
15,judge,44.3
15,route,19.9
15,retrieve,758.5
15,tier1_check,141.2
15,judge,101.2
15,route,28.3
15,retrieve,1355.2
15,tier1_check,258.7
15,judge,5.6
15,route,35.1
15,retrieve,867.2
15,tier1_check,124.8
15,judge,107.4
15,route,36.5
15,retrieve,1632.5
15,tier1_check,144.7
15,judge,106.6
15,route,22.6
15,retrieve,944.7
15,tier1_check,124.7
15,judge,2.5
15,route,22.8
15,retrieve,956.6
15,tier1_check,212.9
15,judge,2.9
15,route,18.4
15,retrieve,782.5
15,tier1_check,100.1
15,judge,83.2
15,route,29.8
15,retrieve,1559.5
15,tier1_check,99.5
15,judge,83.3
15,route,28.9
15,retrieve,1023.3
15,tier1_check,88.2
15,judge,71.5
15,route,22.7
15,retrieve,737.4
15,tier1_check,133.8
15,judge,2.3
15,route,27.5
15,retrieve,1109.5
15,tier1_check,166.3
15,judge,74.2
15,route,58.5
15,retrieve,1770.7
15,tier1_check,104.3
15,judge,84.1
15,route,26.6
15,retrieve,1310.0
15,tier1_check,189.7
15,judge,2.7
15,route,19.8
15,retrieve,751.5
15,tier1_check,100.2
15,judge,2.6
15,route,26.5
15,retrieve,1094.7
15,tier1_check,100.4
15,judge,82.0
15,route,34.4
15,retrieve,1863.9
15,tier1_check,214.5
15,judge,4.6
15,route,22.4
15,retrieve,759.2
15,tier1_check,195.1
15,judge,106.2
15,route,23.3
15,retrieve,847.6
15,tier1_check,187.9
15,judge,148.3
15,route,48.2
15,retrieve,834.2
15,tier1_check,314.0
15,judge,106.9
15,route,30.9
15,retrieve,1190.3
15,tier1_check,193.4
15,judge,153.5
15,route,38.1
15,retrieve,732.1
15,tier1_check,116.4
15,judge,109.8
15,route,44.0
15,retrieve,791.4
15,tier1_check,112.0
15,judge,56.4
15,route,30.5
15,retrieve,755.7
15,tier1_check,101.2
15,judge,86.4
15,route,26.3
15,retrieve,840.2
15,tier1_check,183.9
15,judge,154.7
15,route,29.4
15,retrieve,728.7
15,tier1_check,289.0
15,judge,163.0
15,route,27.0
15,retrieve,755.7
15,tier1_check,163.4
15,judge,116.2
15,route,33.7
15,retrieve,1605.4
15,tier1_check,122.2
15,judge,105.3
15,route,23.8
15,retrieve,773.9
15,tier1_check,205.5
15,judge,110.4
15,route,21.1
15,retrieve,684.4
15,tier1_check,129.0
15,judge,152.7
15,route,20.6
15,retrieve,691.2
15,tier1_check,130.5
15,judge,147.5
15,route,32.5
15,retrieve,1624.0
15,tier1_check,82.0
15,judge,2.9
15,route,23.9
15,retrieve,744.1
15,tier1_check,185.2
15,judge,172.3
15,route,35.8
15,retrieve,658.8
15,tier1_check,128.3
15,judge,100.2
15,route,24.4
15,retrieve,728.0
15,tier1_check,219.4
15,judge,4.4
15,route,34.2
15,retrieve,1272.3
15,tier1_check,134.5
15,judge,4.2
15,route,34.3
15,retrieve,990.3
15,tier1_check,175.5
15,judge,134.8
15,route,35.2
15,retrieve,654.6
15,tier1_check,142.2
15,judge,89.6
15,route,26.3
15,retrieve,665.8
15,tier1_check,153.5
15,judge,143.6
15,route,37.9
15,retrieve,807.1
15,tier1_check,162.1
15,judge,132.4
15,route,31.8
15,retrieve,1204.5
15,tier1_check,78.9
15,judge,82.8
15,route,25.7
15,retrieve,1132.5
15,tier1_check,121.9
15,judge,81.8
15,route,29.8
15,retrieve,1699.6
15,tier1_check,132.8
15,judge,2.8
15,route,35.1
15,retrieve,2027.7
15,tier1_check,81.0
15,judge,2.7
15,route,23.0
15,retrieve,918.3
15,tier1_check,162.1
15,judge,76.2
15,route,36.2
15,retrieve,1220.7
15,tier1_check,190.2
15,judge,2.9
15,route,25.6
15,retrieve,1200.3
15,tier1_check,68.9
15,judge,45.2
15,route,31.8
15,retrieve,1661.7
15,tier1_check,64.6
15,judge,33.9
15,route,21.6
15,retrieve,899.6
15,tier1_check,103.1
15,judge,85.6
15,route,22.4
15,retrieve,1016.7
15,tier1_check,135.6
15,judge,3.0
15,route,23.8
15,retrieve,894.7
15,tier1_check,114.2
15,judge,134.6
15,route,40.1
15,retrieve,826.5
15,tier1_check,303.4
15,judge,97.8
15,route,21.0
15,retrieve,826.9
15,tier1_check,169.0
15,judge,2.7
15,route,24.3
15,retrieve,1029.7
15,tier1_check,110.3
15,judge,92.9
15,route,35.4
15,retrieve,1430.7
15,tier1_check,209.4
15,judge,6.8
15,route,24.7
15,retrieve,936.3
15,tier1_check,137.2
15,judge,2.7
15,route,20.6
15,retrieve,822.5
15,tier1_check,129.0
15,judge,2.9
15,route,21.8
15,retrieve,897.0
15,tier1_check,216.2
15,judge,112.0
15,route,28.5
15,retrieve,1416.0
15,tier1_check,312.1
15,judge,6.8
15,route,51.5
15,retrieve,999.3
15,tier1_check,191.4
15,judge,82.2
15,route,26.6
15,retrieve,1180.1
15,tier1_check,260.1
15,judge,4.2
15,route,25.4
15,retrieve,1052.7
15,tier1_check,94.3
15,judge,77.9
15,route,36.4
15,retrieve,1897.1
15,tier1_check,269.5
15,judge,165.2
15,route,38.2
15,retrieve,1191.0
15,tier1_check,129.2
15,judge,68.6
15,route,24.3
15,retrieve,769.3
15,tier1_check,130.5
15,judge,79.3
15,route,22.2
15,retrieve,794.8
15,tier1_check,105.2
15,judge,3.2
15,route,34.7
15,retrieve,1265.0
15,tier1_check,83.5
15,judge,2.8
15,route,26.4
15,retrieve,992.5
15,tier1_check,96.3
15,judge,91.6
15,route,39.3
15,retrieve,819.0
15,tier1_check,95.0
15,judge,79.5
15,route,25.3
15,retrieve,749.9
15,tier1_check,176.7
15,judge,81.5
15,route,36.4
15,retrieve,1796.8
15,tier1_check,142.3
15,judge,2.9
15,route,28.5
15,retrieve,1061.5
15,tier1_check,84.6
15,judge,2.8
15,route,26.2
15,retrieve,813.2
15,tier1_check,160.9
15,judge,144.9
15,route,40.2
15,retrieve,785.6
15,tier1_check,161.6
15,judge,124.1
15,route,25.8
15,retrieve,879.0
15,tier1_check,127.5
15,judge,3.3
15,route,24.4
15,retrieve,723.5
15,tier1_check,160.9
15,judge,46.4
15,route,26.5
15,retrieve,994.0
15,tier1_check,89.6
15,judge,92.2
15,route,36.9
15,retrieve,1671.4
15,tier1_check,172.6
15,judge,2.9
15,route,20.3
15,retrieve,732.3
15,tier1_check,172.7
15,judge,62.4
15,route,21.0
15,retrieve,694.0
15,tier1_check,145.5
15,judge,61.4
15,route,22.5
15,retrieve,965.8
15,tier1_check,141.3
15,judge,2.9
15,route,24.8
15,retrieve,974.4
15,tier1_check,200.9
15,judge,2.6
15,route,25.8
15,retrieve,1304.6
15,tier1_check,155.0
15,judge,4.4
15,route,38.6
15,retrieve,908.8
15,tier1_check,175.5
15,judge,6.2
15,route,50.6
15,retrieve,1185.5
15,tier1_check,183.7
15,judge,6.0
15,route,31.1
15,retrieve,585.2
15,tier1_check,233.3
15,judge,193.2
15,route,44.3
15,retrieve,1128.4
15,tier1_check,285.2
15,judge,112.6
15,route,31.6
15,retrieve,973.7
15,tier1_check,218.4
15,judge,200.8
15,route,59.6
15,retrieve,1213.6
15,tier1_check,156.4
15,judge,109.4
15,route,27.2
15,retrieve,1067.3
15,tier1_check,253.2
15,judge,147.2
15,route,26.1
15,retrieve,785.4
15,tier1_check,386.0
15,judge,227.6
15,route,38.0
15,retrieve,781.2
15,tier1_check,316.0
15,judge,229.7
15,route,52.6
15,retrieve,1093.1
15,tier1_check,299.4
15,judge,128.6
15,route,23.0
15,retrieve,975.3
15,tier1_check,143.6
15,judge,152.8
15,route,30.9
15,retrieve,637.3
15,tier1_check,271.7
15,judge,216.6
15,route,29.0
15,retrieve,944.0
15,tier1_check,295.4
15,judge,140.5
15,route,23.6
15,retrieve,667.6
15,tier1_check,228.7
15,judge,120.7
15,route,19.6
15,retrieve,599.9
15,tier1_check,254.6
15,judge,147.6
15,route,36.0
15,retrieve,660.0
15,tier1_check,228.0
15,judge,121.5
15,route,28.9
15,retrieve,1057.6
15,tier1_check,139.4
15,judge,2.8
15,route,19.9
15,retrieve,699.1
15,tier1_check,158.9
15,judge,4.0
15,route,27.2
15,retrieve,748.2
15,tier1_check,156.9
15,judge,108.7
15,route,22.0
15,retrieve,1022.5
15,tier1_check,139.3
15,judge,3.0
15,route,33.0
15,retrieve,1021.2
15,tier1_check,74.1
15,judge,2.7
15,route,21.6
15,retrieve,619.1
15,tier1_check,111.2
15,judge,92.5
15,route,22.4
15,retrieve,685.1
15,tier1_check,83.4
15,judge,2.5
15,route,23.5
15,retrieve,712.3
15,tier1_check,169.9
15,judge,120.1
15,route,42.0
15,retrieve,1095.1
15,tier1_check,113.5
15,judge,91.3
15,route,21.6
15,retrieve,690.3
15,tier1_check,152.3
15,judge,113.0
15,route,21.7
15,retrieve,644.0
15,tier1_check,131.1
15,judge,126.5
15,route,21.2
15,retrieve,723.7
15,tier1_check,144.7
15,judge,111.8
15,route,30.4
15,retrieve,1029.4
15,tier1_check,294.1
15,judge,171.3
15,route,31.4
15,retrieve,647.4
15,tier1_check,93.5
15,judge,113.9
15,route,26.6
15,retrieve,716.0
15,tier1_check,269.9
15,judge,75.3
15,route,23.7
15,retrieve,896.5
15,tier1_check,156.8
15,judge,3.0
15,route,18.6
15,retrieve,663.3
15,tier1_check,79.4
15,judge,33.0
15,route,23.2
15,retrieve,752.3
15,tier1_check,126.8
15,judge,77.7
15,route,20.2
15,retrieve,569.2
15,tier1_check,171.7
15,judge,90.3
15,route,44.7
15,retrieve,1338.3
15,tier1_check,179.4
15,judge,91.7
15,route,27.9
15,retrieve,981.1
15,tier1_check,110.0
15,judge,180.8
15,route,38.6
15,retrieve,1026.3
15,tier1_check,77.7
15,judge,60.6
15,route,41.1
15,retrieve,1139.4
15,tier1_check,111.3
15,judge,91.9
15,route,20.3
15,retrieve,574.7
15,tier1_check,77.2
15,judge,61.2
15,route,20.7
15,retrieve,582.4
15,tier1_check,248.6
15,judge,107.2
15,route,34.2
15,retrieve,805.8
15,tier1_check,143.1
15,judge,62.9
15,route,21.0
15,retrieve,674.3
15,tier1_check,189.1
15,judge,3.0
15,route,21.6
15,retrieve,739.3
15,tier1_check,189.9
15,judge,3.0
15,route,27.0
15,retrieve,696.4
15,tier1_check,159.3
15,judge,4.2
15,route,20.6
15,retrieve,693.9
15,tier1_check,287.8
15,judge,101.2
15,route,27.6
15,retrieve,1319.8
15,tier1_check,164.5
15,judge,158.4
15,route,43.8
15,retrieve,1316.7
15,tier1_check,105.6
15,judge,2.8
15,route,29.8
15,retrieve,1297.8
15,tier1_check,141.3
15,judge,176.8
15,route,29.7
15,retrieve,631.1
15,tier1_check,71.5
15,judge,67.0
15,route,32.7
15,retrieve,1040.4
15,tier1_check,2.3
15,judge,2.3
15,route,34.3
15,retrieve,801.4
15,tier1_check,170.4
15,judge,3.9
15,route,20.3
15,retrieve,597.0
15,tier1_check,1.4
15,judge,1.3
15,route,21.2
15,retrieve,593.2
15,tier1_check,83.6
15,judge,2.5
15,route,21.1
15,retrieve,803.5
15,tier1_check,1.8
15,judge,1.4
15,route,20.8
15,retrieve,598.2
15,tier1_check,79.8
15,judge,75.8
15,route,30.6
15,retrieve,698.4
15,tier1_check,1.7
15,judge,1.4
15,route,21.3
15,retrieve,737.3
15,tier1_check,69.4
15,judge,2.6
15,route,17.8
15,retrieve,503.9
15,route,32.1
15,retrieve,527.5
15,route,29.9
15,retrieve,521.1
15,route,24.8
15,retrieve,747.2
15,tier1_check,2.3
15,judge,2.2
15,route,40.5
15,retrieve,903.5
15,tier1_check,1.8
15,judge,1.5
15,route,46.2
15,retrieve,657.5
15,route,21.9
15,retrieve,565.6
15,tier1_check,67.2
15,judge,2.5
15,route,20.6
15,retrieve,669.6
15,tier1_check,145.8
15,judge,5.1
15,route,32.2
15,retrieve,644.8
15,tier1_check,1.6
15,judge,1.3
15,route,18.7
15,retrieve,495.0
15,route,19.7
15,retrieve,490.2
15,route,33.7
15,retrieve,691.8
15,route,26.6
15,retrieve,759.7
15,tier1_check,112.0
15,judge,4.1
15,route,29.5
15,retrieve,762.2
15,tier1_check,140.3
15,judge,66.7
15,route,21.2
15,retrieve,629.9
15,tier1_check,2.1
15,judge,2.1
15,route,32.3
15,retrieve,577.3
15,route,24.4
15,retrieve,611.0
15,tier1_check,66.5
15,judge,2.6
15,route,20.8
15,retrieve,825.2
15,tier1_check,1.8
15,judge,1.6
15,route,19.9
15,retrieve,561.8
15,tier1_check,1.3
15,judge,1.3
15,route,21.2
15,retrieve,595.8
15,tier1_check,73.5
15,judge,2.4
15,route,21.7
15,retrieve,721.8
15,tier1_check,71.4
15,judge,2.7
15,route,19.0
15,retrieve,560.8
15,tier1_check,174.0
15,judge,5.2
15,route,36.3
15,retrieve,1011.4
15,tier1_check,100.3
15,judge,2.6
15,route,23.4
15,retrieve,854.1
15,tier1_check,1.7
15,judge,1.4
15,route,22.4
15,retrieve,774.1
15,tier1_check,78.2
15,judge,47.5
15,route,20.0
15,retrieve,711.4
15,tier1_check,103.7
15,judge,7.4
15,route,28.5
15,retrieve,646.2
15,tier1_check,115.6
15,judge,2.3
15,route,20.7
15,retrieve,554.1
15,route,24.5
15,retrieve,634.1
15,tier1_check,125.2
15,judge,86.8
15,route,22.7
15,retrieve,640.4
15,route,23.7
15,retrieve,619.2
15,tier1_check,81.6
15,judge,2.6
15,route,18.2
15,retrieve,533.3
15,tier1_check,1.7
15,judge,1.8
15,route,35.0
15,retrieve,549.9
15,route,23.6
15,retrieve,569.1
15,route,23.2
15,retrieve,656.7
15,tier1_check,87.0
15,judge,6.1
15,route,34.0
15,retrieve,699.0
15,tier1_check,104.2
15,judge,2.8
15,route,93.1
15,retrieve,682.8
15,tier1_check,76.9
15,judge,2.6
15,route,18.9
15,retrieve,541.3
15,tier1_check,1.4
15,judge,1.4
15,route,18.9
15,retrieve,561.4
15,tier1_check,2.4
15,judge,2.4
15,route,34.1
15,retrieve,568.2
15,route,24.6
15,retrieve,777.2
15,tier1_check,1.5
15,judge,1.3
15,route,22.2
15,retrieve,830.9
15,tier1_check,110.8
15,judge,2.5
15,route,21.9
15,retrieve,834.8
15,tier1_check,2.3
15,judge,2.3
15,route,29.0
15,retrieve,849.8
15,tier1_check,2.3
15,judge,2.3
15,route,35.9
15,retrieve,908.1
15,tier1_check,88.8
15,judge,2.6
15,route,26.3
15,retrieve,796.4
15,tier1_check,2.8
15,judge,2.6
15,route,41.9
15,retrieve,1142.5
15,tier1_check,145.9
15,judge,4.1
15,route,23.7
15,retrieve,949.8
15,tier1_check,110.1
15,judge,2.6
15,route,25.1
15,retrieve,918.7
15,tier1_check,3.3
15,judge,3.1
15,route,38.4
15,retrieve,886.7
15,tier1_check,1.9
15,judge,1.5
15,route,23.7
15,retrieve,961.8
15,tier1_check,1.8
15,judge,1.5
15,route,25.0
15,retrieve,946.4
15,tier1_check,103.6
15,judge,2.8
15,route,27.1
15,retrieve,1516.6
15,tier1_check,1.7
15,judge,1.4
15,route,24.0
15,retrieve,737.0
15,tier1_check,93.9
15,judge,2.7
15,route,27.5
15,retrieve,898.5
15,tier1_check,1.9
15,judge,1.5
15,route,20.5
15,retrieve,659.4
15,tier1_check,80.5
15,judge,2.6
15,route,22.1
15,retrieve,619.3
15,tier1_check,178.1
15,judge,5.0
15,route,25.4
15,retrieve,822.7
15,tier1_check,2.3
15,judge,2.2
15,route,40.3
15,retrieve,786.5
15,tier1_check,1.6
15,judge,1.3
15,route,40.1
15,retrieve,1102.2
15,tier1_check,166.3
15,judge,4.7
15,route,23.6
15,retrieve,887.0
15,tier1_check,2.6
15,judge,2.0
15,route,49.0
15,retrieve,713.4
15,tier1_check,175.7
15,judge,5.9
15,route,39.4
15,retrieve,789.8
15,tier1_check,1.9
15,judge,2.1
15,route,36.3
15,retrieve,834.1
15,tier1_check,99.7
15,judge,2.6
15,route,25.5
15,retrieve,1404.5
15,tier1_check,1.6
15,judge,1.4
15,route,26.3
15,retrieve,983.7
15,tier1_check,104.9
15,judge,2.6
15,route,25.8
15,retrieve,754.8
15,tier1_check,2.1
15,judge,2.1
15,route,43.9
15,retrieve,1116.4
15,tier1_check,119.3
15,judge,4.6
15,route,24.2
15,retrieve,883.7
15,tier1_check,1.7
15,judge,1.5
15,route,26.5
15,retrieve,778.5
15,tier1_check,109.7
15,judge,2.4
15,route,26.7
15,retrieve,1170.7
15,tier1_check,1.6
15,judge,1.4
15,route,28.7
15,retrieve,1058.5
15,tier1_check,94.5
15,judge,2.8
15,route,25.8
15,retrieve,869.8
15,tier1_check,191.0
15,judge,5.3
15,route,35.5
15,retrieve,834.5
15,tier1_check,1.8
15,judge,1.5
15,route,23.8
15,retrieve,973.3
15,tier1_check,105.7
15,judge,2.5
15,route,22.2
15,retrieve,948.4
15,tier1_check,100.0
15,judge,2.6
15,route,23.8
15,retrieve,744.2
15,tier1_check,133.0
15,judge,3.3
15,route,35.5
15,retrieve,1006.0
15,tier1_check,1.8
15,judge,1.5
15,route,24.2
15,retrieve,1362.7
15,tier1_check,1.8
15,judge,1.6
15,route,40.0
15,retrieve,1056.3
15,tier1_check,116.6
15,judge,2.6
15,route,25.3
15,retrieve,934.7
15,tier1_check,107.1
15,judge,34.2
15,route,29.2
15,retrieve,1243.7
15,tier1_check,106.3
15,judge,2.7
15,route,25.0
15,retrieve,834.9
15,tier1_check,96.4
15,judge,2.7
15,route,26.5
15,retrieve,1338.7
15,tier1_check,3.5
15,judge,1.6
15,route,26.7
15,retrieve,940.1
15,tier1_check,79.8
15,judge,2.6
15,route,25.4
15,retrieve,895.1
15,tier1_check,95.1
15,judge,2.5
15,route,23.2
15,retrieve,751.3
15,tier1_check,165.2
15,judge,4.1
15,route,24.6
15,retrieve,817.1
15,tier1_check,2.4
15,judge,2.3
15,route,29.6
15,retrieve,518.8
15,tier1_check,98.1
15,judge,2.4
15,route,24.8
15,retrieve,901.0
15,tier1_check,2.2
15,judge,2.3
15,route,34.7
15,retrieve,754.3
15,tier1_check,1.6
15,judge,1.3
15,route,32.2
15,retrieve,1666.0
15,tier1_check,326.7
15,judge,173.1
15,route,47.0
15,retrieve,1186.1
15,tier1_check,154.6
15,judge,211.9
15,route,39.2
15,retrieve,1245.8
15,tier1_check,90.5
15,judge,127.6
15,route,42.4
15,retrieve,1044.2
15,tier1_check,66.6
15,judge,72.6
15,route,38.4
15,retrieve,1030.8
15,tier1_check,56.2
15,judge,54.5
15,route,27.2
15,retrieve,1231.0
15,tier1_check,109.8
15,judge,81.5
15,route,29.0
15,retrieve,1249.2
15,tier1_check,129.0
15,judge,82.4
15,route,25.2
15,retrieve,908.7
15,tier1_check,108.5
15,judge,71.9
15,route,23.7
15,retrieve,1036.6
15,tier1_check,182.7
15,judge,2.9
15,route,30.6
15,retrieve,902.9
15,tier1_check,50.2
15,judge,40.1
15,route,22.1
15,retrieve,808.8
15,tier1_check,77.0
15,judge,57.8
15,route,25.4
15,retrieve,1420.2
15,tier1_check,61.1
15,judge,37.8
15,route,27.6
15,retrieve,1247.1
15,tier1_check,289.0
15,judge,153.5
15,route,30.6
15,retrieve,985.8
15,tier1_check,60.3
15,judge,36.5
15,route,23.9
15,retrieve,812.6
15,tier1_check,49.0
15,judge,49.4
15,route,26.6
15,retrieve,1268.7
15,tier1_check,105.6
15,judge,88.0
15,route,32.8
15,retrieve,1125.0
15,tier1_check,86.1
15,judge,29.3
15,route,27.1
15,retrieve,1161.8
15,tier1_check,54.5
15,judge,2.5
15,route,22.7
15,retrieve,999.9
15,tier1_check,44.0
15,judge,2.2
15,route,23.5
15,retrieve,978.8
15,tier1_check,59.4
15,judge,58.1
15,route,43.3
15,retrieve,943.1
15,tier1_check,159.5
15,judge,111.4
15,route,25.8
15,retrieve,740.5
15,tier1_check,62.0
15,judge,30.9
15,route,29.0
15,retrieve,1287.0
15,tier1_check,54.5
15,judge,29.4
15,route,29.0
15,retrieve,1601.8
15,tier1_check,195.2
15,judge,108.7
15,route,27.8
15,retrieve,1175.2
15,tier1_check,120.4
15,judge,67.7
15,route,26.8
15,retrieve,940.0
15,tier1_check,144.3
15,judge,123.6
15,route,43.6
15,retrieve,1042.8
15,tier1_check,113.0
15,judge,75.1
15,route,39.7
15,retrieve,913.6
15,tier1_check,152.6
15,judge,52.9
15,route,26.1
15,retrieve,1215.4
15,tier1_check,54.5
15,judge,36.7
15,route,32.2
15,retrieve,1810.7
15,tier1_check,111.0
15,judge,72.0
15,route,59.8
15,retrieve,3099.3
15,tier1_check,69.3
15,judge,60.5
15,route,38.8
15,retrieve,2730.9
15,tier1_check,63.6
15,judge,36.8
15,route,44.0
15,retrieve,2903.5
15,tier1_check,181.4
15,judge,113.3
15,route,29.6
15,retrieve,1184.4
15,tier1_check,202.2
15,judge,193.3
15,route,55.0
15,retrieve,2343.8
15,tier1_check,135.6
15,judge,115.5
15,route,36.1
15,retrieve,1781.1
15,tier1_check,83.9
15,judge,30.3
15,route,47.5
15,retrieve,1811.0
15,tier1_check,100.4
15,judge,10.1
15,route,77.5
15,retrieve,1520.7
15,tier1_check,93.5
15,judge,2.8
15,route,32.7
15,retrieve,1211.2
15,tier1_check,126.7
15,judge,38.4
15,route,45.5
15,retrieve,2308.8
15,tier1_check,102.4
15,judge,89.2
15,route,33.7
15,retrieve,1084.6
15,tier1_check,106.9
15,judge,65.4
15,route,31.8
15,retrieve,1362.0
15,tier1_check,144.6
15,judge,95.0
15,route,51.6
15,retrieve,1688.7
15,tier1_check,196.6
15,judge,84.9
15,route,47.8
15,retrieve,1297.4
15,tier1_check,55.1
15,judge,38.0
15,route,33.6
15,retrieve,1938.1
15,tier1_check,64.7
15,judge,44.4
15,route,30.8
15,retrieve,1196.1
15,tier1_check,103.4
15,judge,49.3
15,route,30.3
15,retrieve,1045.0
15,tier1_check,85.3
15,judge,44.6
15,route,43.6
15,retrieve,1868.2
15,tier1_check,137.8
15,judge,4.3
15,route,49.5
15,retrieve,1437.1
15,tier1_check,159.4
15,judge,122.9
15,route,42.5
15,retrieve,1203.9
15,tier1_check,89.4
15,judge,2.6
16,route,21.0
16,retrieve,699.0
16,tier1_check,288.8
16,judge,107.5
16,route,29.0
16,retrieve,891.5
16,tier1_check,102.3
16,judge,74.2
16,route,27.8
16,retrieve,1362.5
16,tier1_check,93.1
16,judge,2.7
16,route,34.8
16,retrieve,1628.5
16,tier1_check,102.9
16,judge,2.6
16,route,21.1
16,retrieve,771.1
16,tier1_check,133.1
16,judge,113.5
16,route,26.0
16,retrieve,1127.8
16,tier1_check,137.9
16,judge,141.5
16,route,56.9
16,retrieve,1585.0
16,tier1_check,133.6
16,judge,114.3
16,route,39.3
16,retrieve,2014.4
16,tier1_check,328.2
16,judge,119.4
16,route,24.8
16,retrieve,957.8
16,tier1_check,276.1
16,judge,124.7
16,route,36.5
16,retrieve,1016.1
16,tier1_check,249.4
16,judge,137.7
16,route,29.5
16,retrieve,1124.9
16,tier1_check,101.6
16,judge,73.1
16,route,27.8
16,retrieve,1089.7
16,tier1_check,86.7
16,judge,71.3
16,route,22.8
16,retrieve,853.7
16,tier1_check,112.7
16,judge,52.4
16,route,26.6
16,retrieve,1034.5
16,tier1_check,311.3
16,judge,86.5
16,route,31.6
16,retrieve,1335.0
16,tier1_check,102.3
16,judge,83.6
16,route,24.1
16,retrieve,998.7
16,tier1_check,289.4
16,judge,76.1
16,route,26.4
16,retrieve,1309.3
16,tier1_check,87.4
16,judge,70.6
16,route,22.6
16,retrieve,1162.1
16,tier1_check,252.6
16,judge,124.5
16,route,41.4
16,retrieve,1169.2
16,tier1_check,89.4
16,judge,82.6
16,route,19.7
16,retrieve,759.8
16,tier1_check,187.6
16,judge,113.8
16,route,27.3
16,retrieve,1341.6
16,tier1_check,95.0
16,judge,2.6
16,route,21.5
16,retrieve,839.5
16,tier1_check,154.0
16,judge,211.9
16,route,57.4
16,retrieve,1685.3
16,tier1_check,201.0
16,judge,110.4
16,route,21.5
16,retrieve,934.9
16,tier1_check,155.7
16,judge,93.0
16,route,22.3
16,retrieve,960.5
16,tier1_check,99.8
16,judge,2.5
16,route,41.9
16,retrieve,743.1
16,tier1_check,142.8
16,judge,92.4
16,route,41.3
16,retrieve,1945.8
16,tier1_check,219.3
16,judge,119.3
16,route,34.1
16,retrieve,1084.5
16,tier1_check,239.4
16,judge,112.0
16,route,29.0
16,retrieve,739.0
16,tier1_check,122.5
16,judge,57.4
16,route,37.9
16,retrieve,1126.5
16,tier1_check,150.3
16,judge,131.9
16,route,49.7
16,retrieve,1657.9
16,tier1_check,234.5
16,judge,76.5
16,route,27.7
16,retrieve,1295.6
16,tier1_check,102.1
16,judge,3.2
16,route,25.1
16,retrieve,767.8
16,tier1_check,184.2
16,judge,5.4
16,route,27.3
16,retrieve,1068.2
16,tier1_check,184.5
16,judge,138.9
16,route,53.2
16,retrieve,1853.3
16,tier1_check,282.8
16,judge,4.4
16,route,22.3
16,retrieve,1174.4
16,tier1_check,209.3
16,judge,107.1
16,route,25.1
16,retrieve,882.5
16,tier1_check,206.6
16,judge,197.1
16,route,37.4
16,retrieve,878.9
16,tier1_check,178.4
16,judge,134.3
16,route,31.6
16,retrieve,1227.6
16,tier1_check,196.0
16,judge,183.9
16,route,39.4
16,retrieve,783.0
16,tier1_check,136.2
16,judge,111.6
16,route,33.1
16,retrieve,835.5
16,tier1_check,147.2
16,judge,60.7
16,route,25.3
16,retrieve,796.8
16,tier1_check,108.1
16,judge,103.8
16,route,36.7
16,retrieve,821.5
16,tier1_check,183.3
16,judge,5.8
16,route,39.4
16,retrieve,762.0
16,tier1_check,213.8
16,judge,137.4
16,route,37.0
16,retrieve,767.3
16,tier1_check,127.5
16,judge,105.3
16,route,33.9
16,retrieve,1619.0
16,tier1_check,219.8
16,judge,118.2
16,route,25.3
16,retrieve,785.7
16,tier1_check,179.4
16,judge,166.1
16,route,30.9
16,retrieve,741.9
16,tier1_check,209.8
16,judge,160.2
16,route,26.4
16,retrieve,943.8
16,tier1_check,214.1
16,judge,110.2
16,route,31.7
16,retrieve,1253.1
16,tier1_check,218.4
16,judge,161.6
16,route,23.9
16,retrieve,860.5
16,tier1_check,211.5
16,judge,111.2
16,route,28.0
16,retrieve,702.9
16,tier1_check,130.9
16,judge,102.4
16,route,24.8
16,retrieve,721.3
16,tier1_check,201.8
16,judge,2.7
16,route,36.4
16,retrieve,1657.2
16,tier1_check,227.8
16,judge,118.6
16,route,24.8
16,retrieve,966.8
16,tier1_check,244.8
16,judge,174.9
16,route,23.5
16,retrieve,618.7
16,tier1_check,312.6
16,judge,102.4
16,route,22.5
16,retrieve,670.8
16,tier1_check,250.3
16,judge,101.8
16,route,29.7
16,retrieve,895.1
16,tier1_check,319.3
16,judge,165.5
16,route,35.7
16,retrieve,1017.5
16,tier1_check,204.3
16,judge,119.2
16,route,41.1
16,retrieve,1135.6
16,tier1_check,139.0
16,judge,2.8
16,route,29.0
16,retrieve,1686.3
16,tier1_check,143.6
16,judge,2.8
16,route,36.0
16,retrieve,2141.0
16,tier1_check,150.2
16,judge,3.0
16,route,22.8
16,retrieve,937.3
16,tier1_check,121.9
16,judge,51.3
16,route,25.1
16,retrieve,1219.1
16,tier1_check,222.3
16,judge,4.1
16,route,28.2
16,retrieve,1223.7
16,tier1_check,196.5
16,judge,96.3
16,route,57.0
16,retrieve,1678.7
16,tier1_check,196.3
16,judge,85.4
16,route,33.3
16,retrieve,938.3
16,tier1_check,204.3
16,judge,145.2
16,route,23.9
16,retrieve,1081.4
16,tier1_check,193.5
16,judge,119.1
16,route,29.2
16,retrieve,947.3
16,tier1_check,105.9
16,judge,88.2
16,route,26.5
16,retrieve,907.3
16,tier1_check,176.4
16,judge,5.4
16,route,31.5
16,retrieve,765.4
16,tier1_check,104.9
16,judge,2.9
16,route,25.7
16,retrieve,1073.3
16,tier1_check,168.6
16,judge,142.3
16,route,48.2
16,retrieve,1459.9
16,tier1_check,121.8
16,judge,3.3
16,route,29.0
16,retrieve,956.7
16,tier1_check,167.0
16,judge,3.0
16,route,21.8
16,retrieve,843.6
16,tier1_check,227.0
16,judge,186.0
16,route,24.5
16,retrieve,885.7
16,tier1_check,136.0
16,judge,113.5
16,route,30.8
16,retrieve,1516.8
16,tier1_check,281.0
16,judge,4.5
16,route,24.4
16,retrieve,849.3
16,tier1_check,106.5
16,judge,57.0
16,route,26.9
16,retrieve,1207.4
16,tier1_check,104.6
16,judge,2.9
16,route,31.1
16,retrieve,860.4
16,tier1_check,151.7
16,judge,83.4
16,route,38.4
16,retrieve,1914.9
16,tier1_check,104.4
16,judge,83.0
16,route,25.2
16,retrieve,1326.4
16,tier1_check,156.1
16,judge,69.6
16,route,23.4
16,retrieve,761.2
16,tier1_check,85.2
16,judge,86.0
16,route,33.7
16,retrieve,865.5
16,tier1_check,168.0
16,judge,5.0
16,route,54.6
16,retrieve,1368.6
16,tier1_check,139.4
16,judge,5.4
16,route,41.2
16,retrieve,993.5
16,tier1_check,183.5
16,judge,82.9
16,route,25.5
16,retrieve,814.6
16,tier1_check,178.4
16,judge,85.8
16,route,24.4
16,retrieve,719.6
16,tier1_check,171.0
16,judge,130.3
16,route,38.7
16,retrieve,1811.9
16,tier1_check,209.9
16,judge,2.8
16,route,27.6
16,retrieve,1095.0
16,tier1_check,208.9
16,judge,84.2
16,route,26.4
16,retrieve,867.3
16,tier1_check,160.9
16,judge,92.9
16,route,26.3
16,retrieve,746.9
16,tier1_check,200.1
16,judge,4.2
16,route,25.8
16,retrieve,868.3
16,tier1_check,104.8
16,judge,59.8
16,route,37.2
16,retrieve,760.5
16,tier1_check,173.6
16,judge,75.4
16,route,27.0
16,retrieve,1045.1
16,tier1_check,166.0
16,judge,74.8
16,route,35.5
16,retrieve,1657.0
16,tier1_check,165.2
16,judge,2.6
16,route,19.2
16,retrieve,738.3
16,tier1_check,132.8
16,judge,56.6
16,route,25.1
16,retrieve,864.6
16,tier1_check,137.8
16,judge,61.4
16,route,21.8
16,retrieve,951.0
16,tier1_check,123.6
16,judge,2.7
16,route,24.6
16,retrieve,993.4
16,tier1_check,109.5
16,judge,3.5
16,route,41.7
16,retrieve,1154.0
16,tier1_check,106.5
16,judge,3.1
16,route,25.3
16,retrieve,839.0
16,tier1_check,198.9
16,judge,2.9
16,route,29.6
16,retrieve,1198.4
16,tier1_check,140.5
16,judge,3.2
16,route,20.1
16,retrieve,574.2
16,tier1_check,187.2
16,judge,107.3
16,route,27.3
16,retrieve,1092.2
16,tier1_check,126.9
16,judge,120.1
16,route,38.6
16,retrieve,895.0
16,tier1_check,134.6
16,judge,6.3
16,route,58.0
16,retrieve,1210.1
16,tier1_check,130.7
16,judge,141.2
16,route,27.1
16,retrieve,1109.3
16,tier1_check,221.1
16,judge,222.5
16,route,40.3
16,retrieve,813.5
16,tier1_check,304.9
16,judge,130.0
16,route,24.5
16,retrieve,772.3
16,tier1_check,236.7
16,judge,126.3
16,route,32.6
16,retrieve,1057.4
16,tier1_check,286.7
16,judge,193.8
16,route,23.1
16,retrieve,743.9
16,tier1_check,232.0
16,judge,137.3
16,route,20.4
16,retrieve,707.9
16,tier1_check,213.1
16,judge,103.3
16,route,23.8
16,retrieve,958.2
16,tier1_check,166.9
16,judge,108.0
16,route,23.2
16,retrieve,778.3
16,tier1_check,139.5
16,judge,116.1
16,route,19.5
16,retrieve,628.4
16,tier1_check,134.2
16,judge,112.8
16,route,22.3
16,retrieve,680.5
16,tier1_check,141.3
16,judge,118.2
16,route,29.2
16,retrieve,1107.2
16,tier1_check,140.2
16,judge,3.0
16,route,20.0
16,retrieve,716.0
16,tier1_check,155.5
16,judge,2.8
16,route,23.7
16,retrieve,698.6
16,tier1_check,128.0
16,judge,2.4
16,route,21.3
16,retrieve,1015.1
16,tier1_check,138.4
16,judge,3.0
16,route,33.1
16,retrieve,1062.9
16,tier1_check,199.6
16,judge,6.3
16,route,33.8
16,retrieve,666.7
16,tier1_check,236.9
16,judge,185.7
16,route,44.0
16,retrieve,734.8
16,tier1_check,243.5
16,judge,71.8
16,route,23.9
16,retrieve,742.8
16,tier1_check,134.3
16,judge,98.6
16,route,33.1
16,retrieve,1036.0
16,tier1_check,128.8
16,judge,2.6
16,route,21.1
16,retrieve,722.9
16,tier1_check,197.5
16,judge,114.8
16,route,20.5
16,retrieve,636.1
16,tier1_check,128.0
16,judge,2.3
16,route,20.1
16,retrieve,919.4
16,tier1_check,246.2
16,judge,277.2
16,route,38.2
16,retrieve,1168.3
16,tier1_check,219.8
16,judge,4.6
16,route,27.1
16,retrieve,684.7
16,tier1_check,143.5
16,judge,100.1
16,route,25.1
16,retrieve,724.5
16,tier1_check,145.9
16,judge,102.4
16,route,24.2
16,retrieve,906.2
16,tier1_check,93.6
16,judge,2.8
16,route,19.0
16,retrieve,669.3
16,tier1_check,107.7
16,judge,86.4
16,route,37.2
16,retrieve,768.2
16,tier1_check,200.1
16,judge,69.1
16,route,19.9
16,retrieve,602.4
16,tier1_check,94.0
16,judge,92.1
16,route,44.8
16,retrieve,1252.9
16,tier1_check,124.9
16,judge,91.8
16,route,24.7
16,retrieve,945.0
16,tier1_check,108.2
16,judge,92.2
16,route,23.4
16,retrieve,970.9
16,tier1_check,110.4
16,judge,122.7
16,route,50.5
16,retrieve,1160.6
16,tier1_check,133.3
16,judge,91.2
16,route,21.0
16,retrieve,593.8
16,tier1_check,205.5
16,judge,63.7
16,route,21.2
16,retrieve,673.0
16,tier1_check,193.9
16,judge,85.8
16,route,31.9
16,retrieve,822.6
16,tier1_check,115.0
16,judge,41.1
16,route,21.9
16,retrieve,660.1
16,tier1_check,127.4
16,judge,3.6
16,route,31.2
16,retrieve,703.6
16,tier1_check,159.4
16,judge,4.3
16,route,27.5
16,retrieve,706.6
16,tier1_check,188.4
16,judge,5.0
16,route,30.1
16,retrieve,742.8
16,tier1_check,123.8
16,judge,180.9
16,route,44.5
16,retrieve,1319.5
16,tier1_check,120.7
16,judge,118.4
16,route,28.9
16,retrieve,1321.7
16,tier1_check,172.6
16,judge,5.8
16,route,31.2
16,retrieve,1379.0
16,tier1_check,190.7
16,judge,172.8
16,route,30.6
16,retrieve,676.6
16,tier1_check,1.6
16,judge,1.4
16,route,21.2
16,retrieve,971.3
16,tier1_check,1.8
16,judge,1.5
16,route,21.8
16,retrieve,846.2
16,tier1_check,1.6
16,judge,1.4
16,route,19.4
16,retrieve,571.0
16,tier1_check,1.6
16,judge,1.6
16,route,26.3
16,retrieve,609.9
16,tier1_check,106.6
16,judge,2.4
16,route,20.6
16,retrieve,849.9
16,tier1_check,118.1
16,judge,3.1
16,route,24.4
16,retrieve,628.5
16,tier1_check,96.0
16,judge,36.2
16,route,19.4
16,retrieve,693.8
16,tier1_check,77.3
16,judge,2.7
16,route,21.0
16,retrieve,735.0
16,tier1_check,2.2
16,judge,2.1
16,route,29.9
16,retrieve,498.2
16,route,21.1
16,retrieve,477.2
16,route,21.4
16,retrieve,536.6
16,route,22.8
16,retrieve,747.1
16,tier1_check,67.8
16,judge,2.7
16,route,23.8
16,retrieve,890.5
16,tier1_check,1.8
16,judge,1.6
16,route,24.2
16,retrieve,645.9
16,route,21.7
16,retrieve,572.3
16,tier1_check,2.2
16,judge,2.2
16,route,30.6
16,retrieve,747.2
16,tier1_check,74.6
16,judge,2.7
16,route,20.2
16,retrieve,633.0
16,tier1_check,111.2
16,judge,2.6
16,route,30.9
16,retrieve,501.4
16,route,29.8
16,retrieve,507.0
16,route,26.9
16,retrieve,676.1
16,route,32.4
16,retrieve,714.4
16,tier1_check,109.8
16,judge,5.5
16,route,33.7
16,retrieve,775.1
16,tier1_check,87.2
16,judge,130.4
16,route,30.5
16,retrieve,581.7
16,tier1_check,99.4
16,judge,2.4
16,route,19.7
16,retrieve,594.5
16,route,37.1
16,retrieve,628.1
16,tier1_check,103.2
16,judge,4.7
16,route,32.5
16,retrieve,938.5
16,tier1_check,115.3
16,judge,56.8
16,route,19.3
16,retrieve,567.5
16,tier1_check,74.3
16,judge,3.2
16,route,36.9
16,retrieve,594.5
16,tier1_check,1.4
16,judge,1.2
16,route,21.8
16,retrieve,713.2
16,tier1_check,100.3
16,judge,2.6
16,route,18.4
16,retrieve,541.4
16,tier1_check,129.4
16,judge,4.8
16,route,35.7
16,retrieve,981.9
16,tier1_check,2.3
16,judge,2.2
16,route,37.4
16,retrieve,882.5
16,tier1_check,98.2
16,judge,40.6
16,route,22.4
16,retrieve,744.3
16,tier1_check,2.3
16,judge,2.4
16,route,32.2
16,retrieve,716.1
16,tier1_check,70.8
16,judge,2.8
16,route,22.4
16,retrieve,640.4
16,tier1_check,1.4
16,judge,1.2
16,route,21.0
16,retrieve,584.2
16,route,35.6
16,retrieve,649.4
16,tier1_check,1.6
16,judge,1.3
16,route,21.3
16,retrieve,636.3
16,route,23.4
16,retrieve,646.7
16,tier1_check,2.0
16,judge,1.9
16,route,33.4
16,retrieve,638.5
16,tier1_check,1.3
16,judge,1.2
16,route,20.4
16,retrieve,533.1
16,route,23.4
16,retrieve,595.3
16,route,36.1
16,retrieve,597.5
16,tier1_check,1.5
16,judge,1.2
16,route,21.2
16,retrieve,694.6
16,tier1_check,1.8
16,judge,1.3
16,route,21.8
16,retrieve,679.9
16,tier1_check,1.9
16,judge,2.0
16,route,29.8
16,retrieve,639.2
16,tier1_check,2.6
16,judge,2.7
16,route,40.3
16,retrieve,520.1
16,tier1_check,1.2
16,judge,1.2
16,route,20.1
16,retrieve,567.9
16,route,34.4
16,retrieve,796.5
16,tier1_check,82.5
16,judge,2.7
16,route,22.5
16,retrieve,858.1
16,tier1_check,1.7
16,judge,1.5
16,route,22.3
16,retrieve,838.1
16,tier1_check,1.7
16,judge,1.4
16,route,23.0
16,retrieve,754.6
16,tier1_check,83.1
16,judge,2.8
16,route,22.5
16,retrieve,906.7
16,tier1_check,1.7
16,judge,1.4
16,route,25.4
16,retrieve,819.2
16,tier1_check,109.3
16,judge,2.4
16,route,23.9
16,retrieve,1132.3
16,tier1_check,124.8
16,judge,3.2
16,route,23.5
16,retrieve,724.8
16,tier1_check,115.4
16,judge,2.5
16,route,24.8
16,retrieve,806.1
16,tier1_check,102.5
16,judge,2.8
16,route,30.7
16,retrieve,840.8
16,tier1_check,1.7
16,judge,1.3
16,route,23.3
16,retrieve,991.2
16,tier1_check,1.9
16,judge,1.5
16,route,29.2
16,retrieve,918.4
16,tier1_check,106.5
16,judge,2.5
16,route,26.2
16,retrieve,1481.8
16,tier1_check,1.8
16,judge,1.5
16,route,24.5
16,retrieve,899.1
16,tier1_check,1.7
16,judge,1.4
16,route,28.1
16,retrieve,911.3
16,tier1_check,1.9
16,judge,1.5
16,route,21.2
16,retrieve,666.6
16,tier1_check,86.6
16,judge,2.7
16,route,22.6
16,retrieve,673.1
16,tier1_check,107.0
16,judge,2.6
16,route,22.6
16,retrieve,869.5
16,tier1_check,1.8
16,judge,1.5
16,route,25.5
16,retrieve,792.6
16,tier1_check,132.2
16,judge,2.8
16,route,29.3
16,retrieve,1101.8
16,tier1_check,156.2
16,judge,5.0
16,route,24.2
16,retrieve,902.0
16,tier1_check,1.7
16,judge,1.4
16,route,23.1
16,retrieve,706.4
16,tier1_check,1.5
16,judge,1.3
16,route,24.8
16,retrieve,795.2
16,tier1_check,1.5
16,judge,1.3
16,route,22.8
16,retrieve,820.3
16,tier1_check,124.8
16,judge,4.9
16,route,44.2
16,retrieve,1272.0
16,tier1_check,153.5
16,judge,3.3
16,route,40.0
16,retrieve,1000.3
16,tier1_check,2.0
16,judge,1.8
16,route,28.0
16,retrieve,757.8
16,tier1_check,104.5
16,judge,2.7
16,route,25.2
16,retrieve,1069.6
16,tier1_check,129.9
16,judge,4.1
16,route,32.3
16,retrieve,998.4
16,tier1_check,2.1
16,judge,1.8
16,route,36.7
16,retrieve,790.7
16,tier1_check,1.3
16,judge,1.2
16,route,26.8
16,retrieve,1218.5
16,tier1_check,195.8
16,judge,4.3
16,route,37.1
16,retrieve,1097.4
16,tier1_check,2.3
16,judge,2.3
16,route,40.7
16,retrieve,897.2
16,tier1_check,2.3
16,judge,2.4
16,route,37.1
16,retrieve,830.9
16,tier1_check,1.9
16,judge,1.5
16,route,23.6
16,retrieve,968.0
16,tier1_check,153.7
16,judge,5.5
16,route,34.6
16,retrieve,804.8
16,tier1_check,1.9
16,judge,1.6
16,route,24.6
16,retrieve,754.4
16,tier1_check,1.5
16,judge,1.4
16,route,43.3
16,retrieve,1001.7
16,tier1_check,1.7
16,judge,1.4
16,route,23.8
16,retrieve,874.9
16,tier1_check,3.0
16,judge,3.0
16,route,33.2
16,retrieve,1100.1
16,tier1_check,1.8
16,judge,1.4
16,route,26.8
16,retrieve,876.8
16,tier1_check,1.8
16,judge,1.3
16,route,39.4
16,retrieve,1243.0
16,tier1_check,176.8
16,judge,5.5
16,route,39.1
16,retrieve,898.4
16,tier1_check,2.3
16,judge,2.2
16,route,42.4
16,retrieve,1351.4
16,tier1_check,113.3
16,judge,2.8
16,route,27.8
16,retrieve,931.3
16,tier1_check,79.8
16,judge,2.8
16,route,25.6
16,retrieve,887.4
16,tier1_check,104.1
16,judge,3.4
16,route,31.8
16,retrieve,721.7
16,tier1_check,1.4
16,judge,1.2
16,route,23.6
16,retrieve,802.6
16,tier1_check,1.7
16,judge,1.5
16,route,19.2
16,retrieve,534.3
16,tier1_check,117.9
16,judge,5.9
16,route,29.8
16,retrieve,898.1
16,tier1_check,1.8
16,judge,1.6
16,route,22.7
16,retrieve,751.2
16,tier1_check,99.1
16,judge,2.4
16,route,32.1
16,retrieve,1546.0
16,tier1_check,64.6
16,judge,38.7
16,route,30.1
16,retrieve,1096.6
16,tier1_check,58.0
16,judge,34.7
16,route,28.3
16,retrieve,1266.4
16,tier1_check,57.8
16,judge,77.9
16,route,30.6
16,retrieve,1032.9
16,tier1_check,237.1
16,judge,89.6
16,route,25.3
16,retrieve,1022.1
16,tier1_check,82.5
16,judge,66.1
16,route,33.9
16,retrieve,1262.1
16,tier1_check,53.3
16,judge,53.5
16,route,28.6
16,retrieve,1290.9
16,tier1_check,75.1
16,judge,44.3
16,route,33.8
16,retrieve,957.1
16,tier1_check,88.6
16,judge,95.5
16,route,30.3
16,retrieve,1031.0
16,tier1_check,43.9
16,judge,2.5
16,route,26.5
16,retrieve,875.1
16,tier1_check,49.0
16,judge,39.0
16,route,21.3
16,retrieve,845.3
16,tier1_check,62.6
16,judge,36.5
16,route,39.1
16,retrieve,1351.4
16,tier1_check,345.4
16,judge,149.6
16,route,27.8
16,retrieve,1268.5
16,tier1_check,66.7
16,judge,40.0
16,route,24.7
16,retrieve,979.3
16,tier1_check,60.1
16,judge,37.1
16,route,23.8
16,retrieve,801.6
16,tier1_check,48.7
16,judge,48.7
16,route,37.0
16,retrieve,1440.6
16,tier1_check,297.8
16,judge,136.8
16,route,44.6
16,retrieve,1178.9
16,tier1_check,71.3
16,judge,39.9
16,route,35.6
16,retrieve,1140.1
16,tier1_check,56.8
16,judge,2.5
16,route,23.0
16,retrieve,1008.6
16,tier1_check,46.1
16,judge,2.4
16,route,24.7
16,retrieve,1046.0
16,tier1_check,53.6
16,judge,29.5
16,route,29.0
16,retrieve,916.5
16,tier1_check,85.1
16,judge,82.6
16,route,31.3
16,retrieve,814.7
16,tier1_check,129.6
16,judge,110.2
16,route,60.6
16,retrieve,1341.7
16,tier1_check,72.8
16,judge,58.9
16,route,29.7
16,retrieve,1265.3
16,tier1_check,128.0
16,judge,129.2
16,route,45.1
16,retrieve,1132.6
16,tier1_check,245.6
16,judge,205.1
16,route,36.3
16,retrieve,920.9
16,tier1_check,329.0
16,judge,180.8
16,route,40.1
16,retrieve,1015.6
16,tier1_check,136.8
16,judge,114.5
16,route,25.9
16,retrieve,921.2
16,tier1_check,89.1
16,judge,36.6
16,route,26.2
16,retrieve,1043.5
16,tier1_check,208.9
16,judge,99.3
16,route,49.4
16,retrieve,1841.2
16,tier1_check,113.1
16,judge,75.5
16,route,66.8
16,retrieve,3024.8
16,tier1_check,81.1
16,judge,60.5
16,route,37.8
16,retrieve,2601.8
16,tier1_check,61.0
16,judge,35.5
16,route,43.7
16,retrieve,2968.5
16,tier1_check,100.7
16,judge,89.3
16,route,45.0
16,retrieve,1255.6
16,tier1_check,260.1
16,judge,107.4
16,route,36.3
16,retrieve,1901.1
16,tier1_check,222.8
16,judge,115.1
16,route,34.9
16,retrieve,1695.6
16,tier1_check,93.1
16,judge,29.9
16,route,48.1
16,retrieve,1768.1
16,tier1_check,57.1
16,judge,3.0
16,route,32.7
16,retrieve,1447.2
16,tier1_check,90.8
16,judge,2.6
16,route,31.7
16,retrieve,1264.7
16,tier1_check,208.6
16,judge,128.9
16,route,68.4
16,retrieve,2560.6
16,tier1_check,90.6
16,judge,91.0
16,route,37.1
16,retrieve,1479.0
16,tier1_check,104.8
16,judge,82.2
16,route,33.7
16,retrieve,1431.4
16,tier1_check,306.3
16,judge,132.1
16,route,35.9
16,retrieve,1725.3
16,tier1_check,55.4
16,judge,2.9
16,route,32.3
16,retrieve,1318.6
16,tier1_check,56.8
16,judge,55.1
16,route,53.9
16,retrieve,1930.6
16,tier1_check,65.0
16,judge,44.9
16,route,32.7
16,retrieve,1222.5
16,tier1_check,110.8
16,judge,50.4
16,route,31.4
16,retrieve,1099.9
16,tier1_check,151.2
16,judge,61.4
16,route,47.1
16,retrieve,1491.8
16,tier1_check,85.2
16,judge,2.6
16,route,46.5
16,retrieve,1636.9
16,tier1_check,90.6
16,judge,49.6
16,route,47.2
16,retrieve,1291.9
16,tier1_check,399.6
16,judge,8.8
17,route,41.7
17,retrieve,785.4
17,tier1_check,194.7
17,judge,82.6
17,route,29.9
17,retrieve,876.1
17,tier1_check,97.8
17,judge,49.8
17,route,28.1
17,retrieve,1369.6
17,tier1_check,90.7
17,judge,2.8
17,route,34.9
17,retrieve,1719.8
17,tier1_check,255.8
17,judge,4.9
17,route,22.6
17,retrieve,804.1
17,tier1_check,135.1
17,judge,169.1
17,route,26.9
17,retrieve,1026.8
17,tier1_check,206.0
17,judge,136.0
17,route,47.8
17,retrieve,1799.3
17,tier1_check,133.9
17,judge,207.3
17,route,61.7
17,retrieve,2114.5
17,tier1_check,234.4
17,judge,123.1
17,route,27.7
17,retrieve,1022.6
17,tier1_check,137.7
17,judge,122.6
17,route,26.4
17,retrieve,1167.0
17,tier1_check,196.9
17,judge,114.6
17,route,27.4
17,retrieve,1176.3
17,tier1_check,171.4
17,judge,76.0
17,route,27.4
17,retrieve,1130.9
17,tier1_check,193.7
17,judge,118.7
17,route,33.8
17,retrieve,920.1
17,tier1_check,89.1
17,judge,84.1
17,route,26.9
17,retrieve,992.5
17,tier1_check,96.3
17,judge,74.4
17,route,43.1
17,retrieve,1365.9
17,tier1_check,104.8
17,judge,84.4
17,route,24.9
17,retrieve,994.2
17,tier1_check,135.5
17,judge,116.8
17,route,36.0
17,retrieve,1293.1
17,tier1_check,253.8
17,judge,127.8
17,route,24.9
17,retrieve,1013.5
17,tier1_check,105.7
17,judge,2.9
17,route,29.3
17,retrieve,1206.0
17,tier1_check,89.7
17,judge,71.0
17,route,21.3
17,retrieve,795.9
17,tier1_check,185.8
17,judge,114.1
17,route,29.0
17,retrieve,1415.4
17,tier1_check,325.4
17,judge,5.5
17,route,34.2
17,retrieve,997.9
17,tier1_check,114.2
17,judge,97.9
17,route,56.0
17,retrieve,1671.3
17,tier1_check,188.6
17,judge,144.7
17,route,36.1
17,retrieve,963.5
17,tier1_check,167.7
17,judge,107.5
17,route,24.2
17,retrieve,969.0
17,tier1_check,152.7
17,judge,4.0
17,route,26.9
17,retrieve,774.6
17,tier1_check,118.4
17,judge,83.7
17,route,30.3
17,retrieve,1535.6
17,tier1_check,253.9
17,judge,86.3
17,route,24.9
17,retrieve,1002.2
17,tier1_check,93.9
17,judge,2.5
17,route,22.9
17,retrieve,759.2
17,tier1_check,167.6
17,judge,203.4
17,route,39.1
17,retrieve,1180.3
17,tier1_check,135.6
17,judge,154.7
17,route,53.4
17,retrieve,1629.2
17,tier1_check,103.1
17,judge,81.9
17,route,54.7
17,retrieve,1276.3
17,tier1_check,197.2
17,judge,2.8
17,route,20.3
17,retrieve,744.4
17,tier1_check,76.5
17,judge,2.5
17,route,26.6
17,retrieve,1162.4
17,tier1_check,136.6
17,judge,116.2
17,route,49.3
17,retrieve,1846.3
17,tier1_check,189.3
17,judge,2.7
17,route,21.5
17,retrieve,782.8
17,tier1_check,195.4
17,judge,165.6
17,route,37.5
17,retrieve,791.3
17,tier1_check,208.1
17,judge,171.4
17,route,26.2
17,retrieve,864.8
17,tier1_check,203.4
17,judge,113.3
17,route,30.5
17,retrieve,1140.6
17,tier1_check,209.9
17,judge,183.6
17,route,35.7
17,retrieve,778.4
17,tier1_check,211.9
17,judge,105.1
17,route,36.3
17,retrieve,819.3
17,tier1_check,207.2
17,judge,63.3
17,route,24.3
17,retrieve,778.3
17,tier1_check,139.4
17,judge,61.0
17,route,21.4
17,retrieve,836.7
17,tier1_check,274.4
17,judge,181.0
17,route,27.3
17,retrieve,827.2
17,tier1_check,81.7
17,judge,2.9
17,route,22.1
17,retrieve,744.2
17,tier1_check,201.4
17,judge,107.8
17,route,32.1
17,retrieve,1586.5
17,tier1_check,125.7
17,judge,104.2
17,route,23.8
17,retrieve,866.8
17,tier1_check,125.1
17,judge,104.8
17,route,22.4
17,retrieve,707.0
17,tier1_check,302.6
17,judge,171.2
17,route,26.9
17,retrieve,736.5
17,tier1_check,178.7
17,judge,165.6
17,route,49.7
17,retrieve,1257.1
17,tier1_check,174.4
17,judge,111.6
17,route,23.1
17,retrieve,766.3
17,tier1_check,130.6
17,judge,110.9
17,route,24.3
17,retrieve,743.1
17,tier1_check,222.4
17,judge,109.1
17,route,23.9
17,retrieve,748.2
17,tier1_check,226.9
17,judge,4.4
17,route,46.8
17,retrieve,1341.6
17,tier1_check,132.8
17,judge,5.0
17,route,36.9
17,retrieve,943.0
17,tier1_check,184.5
17,judge,99.4
17,route,23.6
17,retrieve,647.3
17,tier1_check,175.6
17,judge,96.8
17,route,21.9
17,retrieve,650.8
17,tier1_check,112.3
17,judge,87.7
17,route,29.1
17,retrieve,856.0
17,tier1_check,84.1
17,judge,56.6
17,route,25.8
17,retrieve,1186.2
17,tier1_check,84.6
17,judge,60.9
17,route,28.4
17,retrieve,1277.3
17,tier1_check,130.5
17,judge,48.2
17,route,30.6
17,retrieve,1776.8
17,tier1_check,153.5
17,judge,3.3
17,route,38.7
17,retrieve,2158.8
17,tier1_check,114.4
17,judge,7.1
17,route,37.6
17,retrieve,1108.8
17,tier1_check,102.5
17,judge,67.6
17,route,35.4
17,retrieve,1310.0
17,tier1_check,208.7
17,judge,3.9
17,route,31.8
17,retrieve,1263.3
17,tier1_check,73.5
17,judge,48.2
17,route,37.1
17,retrieve,1781.4
17,tier1_check,174.6
17,judge,135.0
17,route,39.9
17,retrieve,1078.7
17,tier1_check,214.8
17,judge,5.2
17,route,27.2
17,retrieve,1221.1
17,tier1_check,123.2
17,judge,83.9
17,route,33.0
17,retrieve,993.0
17,tier1_check,248.5
17,judge,153.9
17,route,40.2
17,retrieve,990.6
17,tier1_check,210.5
17,judge,5.9
17,route,25.9
17,retrieve,954.1
17,tier1_check,256.5
17,judge,4.6
17,route,29.5
17,retrieve,1190.3
17,tier1_check,199.8
17,judge,141.3
17,route,39.8
17,retrieve,1573.4
17,tier1_check,332.7
17,judge,6.0
17,route,26.7
17,retrieve,1243.7
17,tier1_check,157.9
17,judge,3.4
17,route,24.1
17,retrieve,941.9
17,tier1_check,154.2
17,judge,132.3
17,route,41.7
17,retrieve,945.9
17,tier1_check,231.3
17,judge,155.7
17,route,34.0
17,retrieve,1507.0
17,tier1_check,138.2
17,judge,6.1
17,route,41.6
17,retrieve,972.7
17,tier1_check,146.0
17,judge,123.6
17,route,44.2
17,retrieve,1324.4
17,tier1_check,123.9
17,judge,3.7
17,route,29.8
17,retrieve,857.9
17,tier1_check,185.3
17,judge,112.2
17,route,58.4
17,retrieve,1946.3
17,tier1_check,182.2
17,judge,6.1
17,route,37.6
17,retrieve,1213.2
17,tier1_check,173.4
17,judge,68.7
17,route,26.3
17,retrieve,843.6
17,tier1_check,131.3
17,judge,97.2
17,route,27.3
17,retrieve,885.1
17,tier1_check,96.8
17,judge,3.1
17,route,37.1
17,retrieve,1471.0
17,tier1_check,177.6
17,judge,3.9
17,route,29.1
17,retrieve,1174.4
17,tier1_check,162.9
17,judge,130.3
17,route,40.1
17,retrieve,974.6
17,tier1_check,247.6
17,judge,87.8
17,route,29.5
17,retrieve,1026.6
17,tier1_check,304.1
17,judge,135.9
17,route,60.3
17,retrieve,2170.3
17,tier1_check,339.8
17,judge,4.8
17,route,31.6
17,retrieve,1393.0
17,tier1_check,284.5
17,judge,113.0
17,route,35.0
17,retrieve,1027.3
17,tier1_check,209.3
17,judge,85.7
17,route,33.3
17,retrieve,877.6
17,tier1_check,186.2
17,judge,144.5
17,route,41.6
17,retrieve,908.1
17,tier1_check,161.2
17,judge,104.3
17,route,32.5
17,retrieve,870.2
17,tier1_check,190.1
17,judge,81.0
17,route,45.6
17,retrieve,1161.1
17,tier1_check,195.3
17,judge,131.3
17,route,62.4
17,retrieve,1851.0
17,tier1_check,166.2
17,judge,6.0
17,route,41.7
17,retrieve,863.2
17,tier1_check,218.0
17,judge,66.0
17,route,24.2
17,retrieve,807.3
17,tier1_check,175.0
17,judge,6.6
17,route,58.6
17,retrieve,1171.1
17,tier1_check,160.7
17,judge,4.2
17,route,34.0
17,retrieve,1084.4
17,tier1_check,201.1
17,judge,6.2
17,route,34.1
17,retrieve,1229.9
17,tier1_check,169.1
17,judge,3.9
17,route,36.2
17,retrieve,929.6
17,tier1_check,208.7
17,judge,3.5
17,route,32.4
17,retrieve,1225.4
17,tier1_check,111.1
17,judge,3.3
17,route,22.4
17,retrieve,620.2
17,tier1_check,134.5
17,judge,192.6
17,route,51.3
17,retrieve,1207.2
17,tier1_check,181.9
17,judge,197.8
17,route,37.2
17,retrieve,1056.3
17,tier1_check,153.4
17,judge,196.3
17,route,61.7
17,retrieve,1293.9
17,tier1_check,188.4
17,judge,182.8
17,route,63.2
17,retrieve,1250.0
17,tier1_check,154.2
17,judge,126.6
17,route,27.1
17,retrieve,819.3
17,tier1_check,73.5
17,judge,4.0
17,route,28.0
17,retrieve,847.5
17,tier1_check,225.2
17,judge,181.2
17,route,35.9
17,retrieve,1109.0
17,tier1_check,186.9
17,judge,221.4
17,route,40.9
17,retrieve,840.7
17,tier1_check,209.0
17,judge,5.9
17,route,31.0
17,retrieve,787.0
17,tier1_check,125.5
17,judge,3.6
17,route,27.8
17,retrieve,982.6
17,tier1_check,151.1
17,judge,121.9
17,route,27.6
17,retrieve,666.2
17,tier1_check,142.6
17,judge,122.1
17,route,19.7
17,retrieve,648.1
17,tier1_check,192.0
17,judge,125.8
17,route,24.1
17,retrieve,677.8
17,tier1_check,179.2
17,judge,170.0
17,route,41.1
17,retrieve,1134.6
17,tier1_check,256.7
17,judge,5.1
17,route,31.7
17,retrieve,758.4
17,tier1_check,367.4
17,judge,4.1
17,route,32.4
17,retrieve,698.5
17,tier1_check,202.1
17,judge,177.6
17,route,29.4
17,retrieve,1014.8
17,tier1_check,189.1
17,judge,4.8
17,route,33.6
17,retrieve,1093.5
17,tier1_check,217.4
17,judge,4.7
17,route,29.8
17,retrieve,757.0
17,tier1_check,115.4
17,judge,120.5
17,route,34.5
17,retrieve,767.0
17,tier1_check,243.8
17,judge,177.1
17,route,30.8
17,retrieve,845.1
17,tier1_check,257.8
17,judge,201.0
17,route,51.2
17,retrieve,1138.5
17,tier1_check,162.9
17,judge,132.9
17,route,31.1
17,retrieve,812.0
17,tier1_check,271.8
17,judge,187.0
17,route,38.0
17,retrieve,876.2
17,tier1_check,365.0
17,judge,201.4
17,route,47.0
17,retrieve,1004.6
17,tier1_check,248.8
17,judge,141.2
17,route,38.7
17,retrieve,1216.3
17,tier1_check,218.8
17,judge,231.0
17,route,41.8
17,retrieve,774.8
17,tier1_check,111.6
17,judge,4.3
17,route,36.2
17,retrieve,793.1
17,tier1_check,153.0
17,judge,6.2
17,route,38.5
17,retrieve,994.2
17,tier1_check,144.4
17,judge,4.5
17,route,20.9
17,retrieve,768.0
17,tier1_check,341.1
17,judge,6.3
17,route,36.5
17,retrieve,796.2
17,tier1_check,124.4
17,judge,53.4
17,route,19.5
17,retrieve,611.6
17,tier1_check,105.8
17,judge,81.7
17,route,30.7
17,retrieve,1447.0
17,tier1_check,119.4
17,judge,94.8
17,route,26.5
17,retrieve,1118.0
17,tier1_check,113.8
17,judge,94.4
17,route,25.8
17,retrieve,1080.8
17,tier1_check,202.6
17,judge,159.5
17,route,36.0
17,retrieve,1199.2
17,tier1_check,125.3
17,judge,97.5
17,route,21.5
17,retrieve,630.8
17,tier1_check,162.1
17,judge,94.5
17,route,31.4
17,retrieve,634.3
17,tier1_check,143.4
17,judge,64.1
17,route,24.0
17,retrieve,832.4
17,tier1_check,80.5
17,judge,63.7
17,route,23.5
17,retrieve,699.9
17,tier1_check,117.4
17,judge,2.8
17,route,23.0
17,retrieve,784.5
17,tier1_check,172.8
17,judge,4.2
17,route,34.3
17,retrieve,741.4
17,tier1_check,116.7
17,judge,3.0
17,route,20.8
17,retrieve,753.7
17,tier1_check,131.9
17,judge,170.5
17,route,40.2
17,retrieve,1339.2
17,tier1_check,329.5
17,judge,88.4
17,route,29.3
17,retrieve,1333.0
17,tier1_check,192.3
17,judge,2.9
17,route,33.8
17,retrieve,1515.2
17,tier1_check,191.7
17,judge,103.8
17,route,19.2
17,retrieve,659.3
17,tier1_check,1.6
17,judge,1.4
17,route,35.4
17,retrieve,1041.1
17,tier1_check,3.1
17,judge,3.0
17,route,40.1
17,retrieve,811.9
17,tier1_check,2.0
17,judge,2.0
17,route,29.0
17,retrieve,598.2
17,tier1_check,75.6
17,judge,2.5
17,route,20.5
17,retrieve,623.8
17,tier1_check,103.8
17,judge,3.4
17,route,26.3
17,retrieve,781.1
17,tier1_check,89.8
17,judge,3.0
17,route,21.2
17,retrieve,599.8
17,tier1_check,146.0
17,judge,58.7
17,route,20.0
17,retrieve,702.4
17,tier1_check,1.7
17,judge,1.4
17,route,22.2
17,retrieve,835.3
17,tier1_check,3.3
17,judge,2.7
17,route,34.4
17,retrieve,584.6
17,route,28.2
17,retrieve,514.6
17,route,23.5
17,retrieve,533.0
17,route,23.2
17,retrieve,795.7
17,tier1_check,82.1
17,judge,3.7
17,route,25.5
17,retrieve,952.5
17,tier1_check,110.0
17,judge,2.9
17,route,25.5
17,retrieve,692.9
17,route,22.8
17,retrieve,604.2
17,tier1_check,70.9
17,judge,2.4
17,route,21.0
17,retrieve,786.8
17,tier1_check,118.9
17,judge,4.5
17,route,56.3
17,retrieve,692.6
17,tier1_check,137.7
17,judge,6.1
17,route,32.4
17,retrieve,545.1
17,route,21.4
17,retrieve,500.8
17,route,28.0
17,retrieve,687.9
17,route,21.4
17,retrieve,734.7
17,tier1_check,77.6
17,judge,2.6
17,route,21.7
17,retrieve,741.5
17,tier1_check,1.9
17,judge,1.7
17,route,19.9
17,retrieve,585.6
17,tier1_check,1.9
17,judge,2.0
17,route,33.4
17,retrieve,590.6
17,route,50.5
17,retrieve,773.2
17,tier1_check,92.2
17,judge,2.4
17,route,20.8
17,retrieve,898.5
17,tier1_check,76.8
17,judge,49.2
17,route,19.2
17,retrieve,599.0
17,tier1_check,69.6
17,judge,2.2
17,route,31.6
17,retrieve,572.8
17,tier1_check,1.8
17,judge,2.0
17,route,35.1
17,retrieve,743.7
17,tier1_check,1.7
17,judge,1.5
17,route,19.3
17,retrieve,557.5
17,tier1_check,1.7
17,judge,1.4
17,route,23.8
17,retrieve,996.4
17,tier1_check,72.0
17,judge,2.6
17,route,23.5
17,retrieve,930.8
17,tier1_check,1.8
17,judge,1.5
17,route,23.4
17,retrieve,743.4
17,tier1_check,1.8
17,judge,1.4
17,route,20.7
17,retrieve,703.9
17,tier1_check,2.4
17,judge,2.3
17,route,36.7
17,retrieve,658.0
17,tier1_check,1.2
17,judge,1.1
17,route,20.6
17,retrieve,548.1
17,route,24.5
17,retrieve,636.2
17,tier1_check,185.3
17,judge,74.5
17,route,33.9
17,retrieve,662.8
17,route,24.1
17,retrieve,614.5
17,tier1_check,77.4
17,judge,2.6
17,route,22.7
17,retrieve,553.8
17,tier1_check,111.1
17,judge,2.9
17,route,20.3
17,retrieve,550.4
17,route,24.1
17,retrieve,557.8
17,route,24.2
17,retrieve,664.9
17,tier1_check,102.9
17,judge,4.1
17,route,22.2
17,retrieve,707.6
17,tier1_check,139.5
17,judge,5.3
17,route,35.5
17,retrieve,723.2
17,tier1_check,1.5
17,judge,1.3
17,route,23.0
17,retrieve,527.8
17,tier1_check,1.4
17,judge,1.2
17,route,18.4
17,retrieve,511.7
17,tier1_check,104.2
17,judge,4.4
17,route,31.6
17,retrieve,568.7
17,route,24.8
17,retrieve,825.8
17,tier1_check,3.3
17,judge,3.1
17,route,44.6
17,retrieve,880.7
17,tier1_check,1.7
17,judge,1.4
17,route,22.4
17,retrieve,823.3
17,tier1_check,1.6
17,judge,1.4
17,route,23.2
17,retrieve,797.9
17,tier1_check,2.2
17,judge,2.1
17,route,35.5
17,retrieve,921.6
17,tier1_check,2.0
17,judge,2.1
17,route,40.5
17,retrieve,796.6
17,tier1_check,131.1
17,judge,2.9
17,route,24.3
17,retrieve,1149.3
17,tier1_check,2.1
17,judge,2.2
17,route,36.8
17,retrieve,755.3
17,tier1_check,2.2
17,judge,2.0
17,route,40.1
17,retrieve,802.5
17,tier1_check,167.7
17,judge,5.3
17,route,37.7
17,retrieve,846.6
17,tier1_check,2.0
17,judge,2.3
17,route,36.8
17,retrieve,944.2
17,tier1_check,2.4
17,judge,2.3
17,route,39.9
17,retrieve,943.5
17,tier1_check,170.6
17,judge,5.4
17,route,32.3
17,retrieve,1489.8
17,tier1_check,1.9
17,judge,1.6
17,route,24.8
17,retrieve,792.3
17,tier1_check,1.6
17,judge,1.2
17,route,26.2
17,retrieve,885.5
17,tier1_check,107.1
17,judge,2.7
17,route,20.1
17,retrieve,618.3
17,tier1_check,78.1
17,judge,2.5
17,route,21.7
17,retrieve,634.0
17,tier1_check,178.9
17,judge,4.7
17,route,33.9
17,retrieve,820.8
17,tier1_check,165.5
17,judge,5.1
17,route,30.7
17,retrieve,805.2
17,tier1_check,192.6
17,judge,6.7
17,route,46.7
17,retrieve,1110.6
17,tier1_check,1.7
17,judge,1.5
17,route,23.1
17,retrieve,924.5
17,tier1_check,2.1
17,judge,2.1
17,route,23.3
17,retrieve,680.9
17,tier1_check,181.0
17,judge,5.6
17,route,31.3
17,retrieve,834.3
17,tier1_check,162.6
17,judge,4.0
17,route,23.3
17,retrieve,848.5
17,tier1_check,128.7
17,judge,3.9
17,route,26.1
17,retrieve,1265.2
17,tier1_check,2.0
17,judge,2.0
17,route,41.0
17,retrieve,1019.0
17,tier1_check,2.2
17,judge,1.9
17,route,21.0
17,retrieve,710.2
17,tier1_check,1.7
17,judge,1.4
17,route,24.6
17,retrieve,1042.6
17,tier1_check,96.8
17,judge,2.8
17,route,23.1
17,retrieve,819.9
17,tier1_check,101.5
17,judge,2.5
17,route,26.6
17,retrieve,736.9
17,tier1_check,1.2
17,judge,1.1
17,route,26.1
17,retrieve,1175.3
17,tier1_check,1.8
17,judge,1.4
17,route,36.6
17,retrieve,1222.9
17,tier1_check,1.7
17,judge,1.5
17,route,25.3
17,retrieve,848.0
17,tier1_check,1.7
17,judge,1.4
17,route,22.9
17,retrieve,875.9
17,tier1_check,104.2
17,judge,2.7
17,route,23.3
17,retrieve,1043.4
17,tier1_check,110.1
17,judge,2.6
17,route,22.7
17,retrieve,824.7
17,tier1_check,1.8
17,judge,1.6
17,route,24.8
17,retrieve,696.1
17,tier1_check,1.6
17,judge,1.4
17,route,25.9
17,retrieve,999.7
17,tier1_check,1.9
17,judge,1.5
17,route,24.9
17,retrieve,878.7
17,tier1_check,90.5
17,judge,2.6
17,route,24.5
17,retrieve,1018.0
17,tier1_check,112.4
17,judge,2.5
17,route,24.2
17,retrieve,889.7
17,tier1_check,149.4
17,judge,50.2
17,route,30.5
17,retrieve,1351.3
17,tier1_check,177.0
17,judge,5.0
17,route,25.2
17,retrieve,893.6
17,tier1_check,3.3
17,judge,3.1
17,route,62.4
17,retrieve,1370.0
17,tier1_check,130.5
17,judge,4.2
17,route,41.6
17,retrieve,947.1
17,tier1_check,2.0
17,judge,1.6
17,route,25.7
17,retrieve,879.2
17,tier1_check,94.2
17,judge,2.6
17,route,22.8
17,retrieve,721.3
17,tier1_check,101.8
17,judge,2.2
17,route,23.3
17,retrieve,749.3
17,tier1_check,101.6
17,judge,2.7
17,route,18.5
17,retrieve,517.4
17,tier1_check,151.8
17,judge,4.0
17,route,35.6
17,retrieve,883.5
17,tier1_check,1.8
17,judge,1.5
17,route,22.9
17,retrieve,721.4
17,tier1_check,144.7
17,judge,3.5
17,route,43.7
17,retrieve,1636.5
17,tier1_check,199.7
17,judge,142.4
17,route,41.8
17,retrieve,1126.4
17,tier1_check,61.2
17,judge,35.3
17,route,33.9
17,retrieve,1306.6
17,tier1_check,93.0
17,judge,74.4
17,route,28.2
17,retrieve,1038.1
17,tier1_check,294.3
17,judge,89.2
17,route,29.0
17,retrieve,1006.2
17,tier1_check,54.1
17,judge,54.2
17,route,27.0
17,retrieve,1262.4
17,tier1_check,281.6
17,judge,108.7
17,route,29.1
17,retrieve,1280.6
17,tier1_check,136.3
17,judge,83.5
17,route,25.3
17,retrieve,972.3
17,tier1_check,99.6
17,judge,100.0
17,route,38.0
17,retrieve,1091.1
17,tier1_check,43.7
17,judge,2.6
17,route,26.9
17,retrieve,922.9
17,tier1_check,124.0
17,judge,115.7
17,route,21.9
17,retrieve,843.9
17,tier1_check,137.7
17,judge,59.1
17,route,25.0
17,retrieve,1353.0
17,tier1_check,129.0
17,judge,105.5
17,route,28.1
17,retrieve,1180.8
17,tier1_check,130.9
17,judge,121.7
17,route,24.6
17,retrieve,1054.6
17,tier1_check,60.6
17,judge,62.0
17,route,38.5
17,retrieve,800.1
17,tier1_check,78.1
17,judge,49.5
17,route,26.5
17,retrieve,1328.3
17,tier1_check,93.9
17,judge,60.3
17,route,25.1
17,retrieve,1070.3
17,tier1_check,51.2
17,judge,27.8
17,route,26.4
17,retrieve,1094.4
17,tier1_check,276.7
17,judge,94.8
17,route,22.0
17,retrieve,1000.7
17,tier1_check,155.4
17,judge,109.9
17,route,24.0
17,retrieve,1153.6
17,tier1_check,84.2
17,judge,38.3
17,route,33.4
17,retrieve,1011.1
17,tier1_check,61.3
17,judge,62.4
17,route,28.2
17,retrieve,800.7
17,tier1_check,55.5
17,judge,29.8
17,route,28.1
17,retrieve,1307.9
17,tier1_check,57.4
17,judge,29.0
17,route,29.4
17,retrieve,1205.0
17,tier1_check,63.6
17,judge,41.3
17,route,28.6
17,retrieve,1218.3
17,tier1_check,68.6
17,judge,43.2
17,route,26.0
17,retrieve,885.8
17,tier1_check,100.7
17,judge,102.0
17,route,45.2
17,retrieve,1041.0
17,tier1_check,218.7
17,judge,122.8
17,route,24.8
17,retrieve,907.9
17,tier1_check,62.9
17,judge,54.1
17,route,31.8
17,retrieve,1029.6
17,tier1_check,53.9
17,judge,36.3
17,route,31.7
17,retrieve,1820.2
17,tier1_check,190.1
17,judge,226.5
17,route,64.6
17,retrieve,2979.5
17,tier1_check,68.2
17,judge,63.6
17,route,38.2
17,retrieve,2645.0
17,tier1_check,247.4
17,judge,84.9
17,route,43.7
17,retrieve,2872.4
17,tier1_check,78.9
17,judge,61.1
17,route,29.8
17,retrieve,1194.7
17,tier1_check,351.3
17,judge,113.8
17,route,37.0
17,retrieve,1963.7
17,tier1_check,54.3
17,judge,54.1
17,route,35.3
17,retrieve,1765.4
17,tier1_check,82.0
17,judge,30.1
17,route,48.0
17,retrieve,1774.2
17,tier1_check,174.5
17,judge,5.1
17,route,41.5
17,retrieve,1417.1
17,tier1_check,172.3
17,judge,5.5
17,route,47.9
17,retrieve,1169.9
17,tier1_check,85.9
17,judge,35.8
17,route,44.2
17,retrieve,2424.6
17,tier1_check,84.1
17,judge,78.6
17,route,36.5
17,retrieve,1139.5
17,tier1_check,97.8
17,judge,77.8
17,route,32.8
17,retrieve,1379.8
17,tier1_check,244.6
17,judge,118.1
17,route,34.6
17,retrieve,1810.6
17,tier1_check,54.9
17,judge,2.9
17,route,31.9
17,retrieve,1451.3
17,tier1_check,311.5
17,judge,97.4
17,route,37.5
17,retrieve,2082.0
17,tier1_check,132.2
17,judge,150.5
17,route,51.0
17,retrieve,1248.6
17,tier1_check,217.4
17,judge,126.4
17,route,32.2
17,retrieve,1098.3
17,tier1_check,145.8
17,judge,68.1
17,route,130.7
17,retrieve,1552.7
17,tier1_check,100.3
17,judge,2.9
17,route,33.6
17,retrieve,1444.2
17,tier1_check,126.6
17,judge,83.1
17,route,32.2
17,retrieve,1203.0
17,tier1_check,111.6
17,judge,2.8
18,route,19.9
18,retrieve,734.6
18,tier1_check,497.9
18,judge,85.5
18,route,33.6
18,retrieve,934.2
18,tier1_check,164.8
18,judge,80.5
18,route,36.7
18,retrieve,1452.6
18,tier1_check,173.6
18,judge,2.8
18,route,47.9
18,retrieve,1694.3
18,tier1_check,193.3
18,judge,2.8
18,route,21.2
18,retrieve,840.2
18,tier1_check,265.6
18,judge,208.0
18,route,28.5
18,retrieve,1054.9
18,tier1_check,91.9
18,judge,87.5
18,route,32.3
18,retrieve,1632.1
18,tier1_check,201.0
18,judge,126.5
18,route,38.6
18,retrieve,2053.0
18,tier1_check,282.3
18,judge,214.9
18,route,37.9
18,retrieve,986.8
18,tier1_check,172.5
18,judge,86.2
18,route,26.2
18,retrieve,942.4
18,tier1_check,165.4
18,judge,76.6
18,route,27.2
18,retrieve,1162.6
18,tier1_check,131.9
18,judge,82.8
18,route,42.5
18,retrieve,1116.7
18,tier1_check,142.6
18,judge,86.6
18,route,37.1
18,retrieve,908.3
18,tier1_check,186.0
18,judge,87.1
18,route,26.5
18,retrieve,1035.8
18,tier1_check,107.7
18,judge,108.4
18,route,49.3
18,retrieve,1333.5
18,tier1_check,188.6
18,judge,86.3
18,route,22.9
18,retrieve,943.5
18,tier1_check,89.0
18,judge,71.3
18,route,30.5
18,retrieve,1351.8
18,tier1_check,167.3
18,judge,76.9
18,route,22.6
18,retrieve,1019.9
18,tier1_check,98.1
18,judge,45.7
18,route,28.2
18,retrieve,1137.9
18,tier1_check,92.8
18,judge,43.3
18,route,19.3
18,retrieve,782.3
18,tier1_check,189.2
18,judge,208.7
18,route,42.9
18,retrieve,1355.8
18,tier1_check,280.5
18,judge,6.0
18,route,33.4
18,retrieve,1086.3
18,tier1_check,236.5
18,judge,108.0
18,route,36.8
18,retrieve,1644.2
18,tier1_check,164.7
18,judge,154.1
18,route,29.4
18,retrieve,981.9
18,tier1_check,186.3
18,judge,4.0
18,route,31.6
18,retrieve,990.1
18,tier1_check,169.3
18,judge,6.2
18,route,28.3
18,retrieve,997.4
18,tier1_check,101.3
18,judge,83.4
18,route,30.1
18,retrieve,1643.5
18,tier1_check,98.4
18,judge,82.8
18,route,25.2
18,retrieve,996.8
18,tier1_check,98.7
18,judge,79.4
18,route,46.7
18,retrieve,796.3
18,tier1_check,121.5
18,judge,175.8
18,route,40.9
18,retrieve,1146.4
18,tier1_check,103.2
18,judge,73.0
18,route,45.4
18,retrieve,1630.4
18,tier1_check,243.2
18,judge,76.5
18,route,26.4
18,retrieve,1296.1
18,tier1_check,121.3
18,judge,2.6
18,route,20.7
18,retrieve,777.9
18,tier1_check,101.6
18,judge,2.5
18,route,26.5
18,retrieve,1089.5
18,tier1_check,162.9
18,judge,140.4
18,route,47.2
18,retrieve,1895.0
18,tier1_check,257.8
18,judge,6.7
18,route,34.1
18,retrieve,806.9
18,tier1_check,131.7
18,judge,104.4
18,route,24.5
18,retrieve,791.5
18,tier1_check,129.0
18,judge,106.1
18,route,25.7
18,retrieve,888.3
18,tier1_check,138.7
18,judge,103.6
18,route,30.8
18,retrieve,1182.0
18,tier1_check,280.4
18,judge,163.4
18,route,26.1
18,retrieve,763.3
18,tier1_check,182.7
18,judge,61.7
18,route,23.5
18,retrieve,817.1
18,tier1_check,131.9
18,judge,111.3
18,route,30.1
18,retrieve,760.0
18,tier1_check,136.1
18,judge,60.5
18,route,21.2
18,retrieve,766.8
18,tier1_check,146.7
18,judge,106.0
18,route,28.1
18,retrieve,774.4
18,tier1_check,203.3
18,judge,180.6
18,route,33.2
18,retrieve,770.0
18,tier1_check,233.4
18,judge,110.0
18,route,34.0
18,retrieve,2085.0
18,tier1_check,195.8
18,judge,115.5
18,route,30.7
18,retrieve,904.8
18,tier1_check,221.1
18,judge,112.5
18,route,22.8
18,retrieve,725.9
18,tier1_check,209.4
18,judge,197.5
18,route,33.7
18,retrieve,808.5
18,tier1_check,208.5
18,judge,151.1
18,route,33.6
18,retrieve,1293.7
18,tier1_check,205.4
18,judge,119.4
18,route,22.7
18,retrieve,738.0
18,tier1_check,215.1
18,judge,114.3
18,route,24.0
18,retrieve,687.5
18,tier1_check,149.8
18,judge,108.7
18,route,27.4
18,retrieve,744.2
18,tier1_check,253.6
18,judge,3.4
18,route,33.5
18,retrieve,1322.6
18,tier1_check,211.1
18,judge,113.1
18,route,29.0
18,retrieve,853.1
18,tier1_check,117.1
18,judge,98.7
18,route,21.6
18,retrieve,595.1
18,tier1_check,185.0
18,judge,99.1
18,route,21.2
18,retrieve,692.3
18,tier1_check,180.8
18,judge,99.1
18,route,42.0
18,retrieve,849.7
18,tier1_check,129.7
18,judge,93.8
18,route,28.8
18,retrieve,1007.2
18,tier1_check,219.0
18,judge,82.2
18,route,27.0
18,retrieve,1101.3
18,tier1_check,129.9
18,judge,111.6
18,route,32.7
18,retrieve,1666.9
18,tier1_check,147.5
18,judge,4.5
18,route,40.0
18,retrieve,2023.1
18,tier1_check,221.7
18,judge,6.0
18,route,33.3
18,retrieve,917.5
18,tier1_check,62.8
18,judge,46.1
18,route,24.9
18,retrieve,1188.0
18,tier1_check,193.0
18,judge,3.0
18,route,26.0
18,retrieve,1218.2
18,tier1_check,149.8
18,judge,49.0
18,route,31.5
18,retrieve,1616.0
18,tier1_check,154.4
18,judge,151.9
18,route,30.0
18,retrieve,954.5
18,tier1_check,131.9
18,judge,92.5
18,route,23.3
18,retrieve,949.8
18,tier1_check,181.1
18,judge,88.7
18,route,22.7
18,retrieve,890.5
18,tier1_check,103.2
18,judge,84.7
18,route,25.2
18,retrieve,827.5
18,tier1_check,184.0
18,judge,96.6
18,route,27.7
18,retrieve,802.3
18,tier1_check,297.4
18,judge,4.6
18,route,24.9
18,retrieve,1088.9
18,tier1_check,131.2
18,judge,95.8
18,route,36.5
18,retrieve,1488.7
18,tier1_check,174.2
18,judge,5.6
18,route,35.5
18,retrieve,937.4
18,tier1_check,166.9
18,judge,3.9
18,route,21.3
18,retrieve,787.5
18,tier1_check,241.3
18,judge,121.9
18,route,21.9
18,retrieve,910.5
18,tier1_check,194.0
18,judge,117.1
18,route,33.6
18,retrieve,1423.6
18,tier1_check,104.5
18,judge,3.2
18,route,26.5
18,retrieve,848.1
18,tier1_check,179.7
18,judge,129.7
18,route,38.3
18,retrieve,1187.3
18,tier1_check,106.2
18,judge,2.6
18,route,25.8
18,retrieve,784.1
18,tier1_check,134.7
18,judge,86.3
18,route,36.3
18,retrieve,1880.9
18,tier1_check,255.5
18,judge,6.3
18,route,38.6
18,retrieve,1115.3
18,tier1_check,161.9
18,judge,67.4
18,route,22.6
18,retrieve,750.9
18,tier1_check,94.4
18,judge,78.0
18,route,22.0
18,retrieve,750.0
18,tier1_check,88.6
18,judge,2.5
18,route,34.0
18,retrieve,1267.7
18,tier1_check,156.4
18,judge,2.7
18,route,25.5
18,retrieve,973.9
18,tier1_check,113.7
18,judge,3.8
18,route,41.2
18,retrieve,806.3
18,tier1_check,249.6
18,judge,134.1
18,route,25.5
18,retrieve,752.5
18,tier1_check,162.4
18,judge,96.1
18,route,42.1
18,retrieve,1956.1
18,tier1_check,149.4
18,judge,3.5
18,route,32.5
18,retrieve,1146.6
18,tier1_check,106.1
18,judge,79.8
18,route,30.0
18,retrieve,798.7
18,tier1_check,108.9
18,judge,50.2
18,route,24.5
18,retrieve,756.2
18,tier1_check,102.1
18,judge,47.1
18,route,24.2
18,retrieve,890.1
18,tier1_check,90.0
18,judge,72.1
18,route,23.9
18,retrieve,749.0
18,tier1_check,168.7
18,judge,74.4
18,route,27.0
18,retrieve,1056.9
18,tier1_check,199.3
18,judge,5.7
18,route,57.0
18,retrieve,1714.3
18,tier1_check,274.4
18,judge,6.0
18,route,30.3
18,retrieve,800.4
18,tier1_check,116.8
18,judge,79.7
18,route,22.7
18,retrieve,703.0
18,tier1_check,76.7
18,judge,54.1
18,route,23.3
18,retrieve,950.1
18,tier1_check,324.9
18,judge,5.1
18,route,25.7
18,retrieve,1111.8
18,tier1_check,163.4
18,judge,4.9
18,route,29.2
18,retrieve,1152.7
18,tier1_check,232.1
18,judge,3.5
18,route,24.7
18,retrieve,857.4
18,tier1_check,186.4
18,judge,4.4
18,route,31.4
18,retrieve,1153.5
18,tier1_check,171.9
18,judge,126.0
18,route,19.6
18,retrieve,588.4
18,tier1_check,210.4
18,judge,150.1
18,route,38.5
18,retrieve,1192.5
18,tier1_check,269.6
18,judge,114.7
18,route,26.5
18,retrieve,900.5
18,tier1_check,91.7
18,judge,2.8
18,route,38.5
18,retrieve,1172.5
18,tier1_check,196.6
18,judge,173.9
18,route,41.0
18,retrieve,1064.2
18,tier1_check,215.5
18,judge,195.1
18,route,36.8
18,retrieve,801.5
18,tier1_check,94.3
18,judge,4.1
18,route,35.5
18,retrieve,752.4
18,tier1_check,145.0
18,judge,122.8
18,route,32.8
18,retrieve,1079.9
18,tier1_check,128.1
18,judge,2.6
18,route,22.1
18,retrieve,734.4
18,tier1_check,202.0
18,judge,140.1
18,route,32.8
18,retrieve,639.4
18,tier1_check,190.8
18,judge,120.3
18,route,31.9
18,retrieve,962.3
18,tier1_check,209.0
18,judge,169.0
18,route,30.8
18,retrieve,713.7
18,tier1_check,316.8
18,judge,183.3
18,route,26.1
18,retrieve,612.4
18,tier1_check,145.5
18,judge,118.2
18,route,22.7
18,retrieve,681.4
18,tier1_check,236.2
18,judge,120.0
18,route,27.8
18,retrieve,1056.8
18,tier1_check,137.3
18,judge,2.6
18,route,18.4
18,retrieve,700.8
18,tier1_check,220.8
18,judge,5.6
18,route,35.6
18,retrieve,855.1
18,tier1_check,194.2
18,judge,133.5
18,route,24.9
18,retrieve,1040.3
18,tier1_check,185.2
18,judge,4.1
18,route,36.7
18,retrieve,1068.5
18,tier1_check,95.2
18,judge,2.9
18,route,21.1
18,retrieve,642.4
18,tier1_check,101.9
18,judge,2.7
18,route,22.4
18,retrieve,687.2
18,tier1_check,188.6
18,judge,120.1
18,route,24.1
18,retrieve,713.4
18,tier1_check,252.5
18,judge,132.2
18,route,34.1
18,retrieve,1089.9
18,tier1_check,125.0
18,judge,2.7
18,route,21.7
18,retrieve,818.6
18,tier1_check,158.8
18,judge,168.6
18,route,32.7
18,retrieve,666.1
18,tier1_check,193.9
18,judge,192.3
18,route,32.1
18,retrieve,736.6
18,tier1_check,218.3
18,judge,193.9
18,route,43.7
18,retrieve,1131.1
18,tier1_check,233.2
18,judge,115.2
18,route,23.5
18,retrieve,685.0
18,tier1_check,170.2
18,judge,92.7
18,route,25.1
18,retrieve,748.4
18,tier1_check,162.3
18,judge,75.0
18,route,23.1
18,retrieve,932.5
18,tier1_check,165.7
18,judge,3.0
18,route,19.0
18,retrieve,701.4
18,tier1_check,73.3
18,judge,33.4
18,route,23.8
18,retrieve,758.9
18,tier1_check,170.2
18,judge,52.7
18,route,19.6
18,retrieve,674.6
18,tier1_check,98.7
18,judge,87.3
18,route,44.6
18,retrieve,1438.2
18,tier1_check,115.2
18,judge,94.8
18,route,25.1
18,retrieve,1065.8
18,tier1_check,202.6
18,judge,98.2
18,route,23.6
18,retrieve,1067.1
18,tier1_check,110.8
18,judge,93.3
18,route,58.8
18,retrieve,1420.4
18,tier1_check,135.6
18,judge,104.2
18,route,25.3
18,retrieve,621.1
18,tier1_check,89.9
18,judge,62.7
18,route,26.2
18,retrieve,612.2
18,tier1_check,161.9
18,judge,64.4
18,route,24.2
18,retrieve,790.4
18,tier1_check,78.6
18,judge,61.9
18,route,22.3
18,retrieve,679.6
18,tier1_check,108.6
18,judge,5.1
18,route,35.9
18,retrieve,738.9
18,tier1_check,203.8
18,judge,3.1
18,route,21.7
18,retrieve,711.3
18,tier1_check,187.5
18,judge,5.5
18,route,31.7
18,retrieve,746.1
18,tier1_check,200.7
18,judge,103.1
18,route,28.7
18,retrieve,1358.9
18,tier1_check,113.6
18,judge,91.5
18,route,29.3
18,retrieve,1377.6
18,tier1_check,101.0
18,judge,2.7
18,route,30.4
18,retrieve,1360.2
18,tier1_check,130.5
18,judge,96.3
18,route,28.4
18,retrieve,673.8
18,tier1_check,1.6
18,judge,1.5
18,route,21.3
18,retrieve,996.7
18,tier1_check,78.9
18,judge,2.8
18,route,21.7
18,retrieve,792.1
18,tier1_check,107.1
18,judge,3.3
18,route,25.1
18,retrieve,590.4
18,tier1_check,1.4
18,judge,1.3
18,route,21.5
18,retrieve,591.6
18,tier1_check,1.5
18,judge,1.5
18,route,27.1
18,retrieve,776.7
18,tier1_check,1.8
18,judge,1.8
18,route,26.4
18,retrieve,608.9
18,tier1_check,101.1
18,judge,66.1
18,route,23.2
18,retrieve,757.9
18,tier1_check,171.9
18,judge,5.2
18,route,31.5
18,retrieve,802.3
18,tier1_check,2.0
18,judge,1.9
18,route,25.8
18,retrieve,507.7
18,route,27.4
18,retrieve,511.4
18,route,24.3
18,retrieve,499.5
18,route,24.3
18,retrieve,779.8
18,tier1_check,93.8
18,judge,3.2
18,route,29.9
18,retrieve,921.5
18,tier1_check,1.9
18,judge,1.5
18,route,25.1
18,retrieve,664.3
18,route,23.2
18,retrieve,608.1
18,tier1_check,110.5
18,judge,4.0
18,route,36.4
18,retrieve,716.2
18,tier1_check,96.4
18,judge,3.2
18,route,22.0
18,retrieve,669.6
18,tier1_check,1.6
18,judge,1.3
18,route,19.7
18,retrieve,540.6
18,route,20.7
18,retrieve,496.0
18,route,27.0
18,retrieve,697.1
18,route,22.4
18,retrieve,756.1
18,tier1_check,1.6
18,judge,1.4
18,route,22.9
18,retrieve,856.2
18,tier1_check,1.9
18,judge,1.8
18,route,20.6
18,retrieve,584.5
18,tier1_check,105.5
18,judge,2.5
18,route,20.3
18,retrieve,601.5
18,route,43.4
18,retrieve,679.1
18,tier1_check,1.5
18,judge,1.4
18,route,26.5
18,retrieve,871.7
18,tier1_check,119.9
18,judge,39.2
18,route,20.3
18,retrieve,589.1
18,tier1_check,1.6
18,judge,2.0
18,route,33.7
18,retrieve,606.6
18,tier1_check,1.3
18,judge,1.4
18,route,21.7
18,retrieve,719.1
18,tier1_check,1.8
18,judge,1.4
18,route,19.2
18,retrieve,543.5
18,tier1_check,169.4
18,judge,5.3
18,route,36.2
18,retrieve,1016.0
18,tier1_check,85.8
18,judge,2.8
18,route,24.3
18,retrieve,899.1
18,tier1_check,2.1
18,judge,2.1
18,route,31.2
18,retrieve,818.9
18,tier1_check,1.7
18,judge,1.4
18,route,20.3
18,retrieve,692.9
18,tier1_check,1.8
18,judge,1.6
18,route,22.5
18,retrieve,649.6
18,tier1_check,1.2
18,judge,1.1
18,route,20.5
18,retrieve,560.4
18,route,37.5
18,retrieve,652.5
18,tier1_check,1.6
18,judge,1.3
18,route,22.4
18,retrieve,663.0
18,route,23.8
18,retrieve,601.2
18,tier1_check,175.2
18,judge,4.9
18,route,21.9
18,retrieve,544.3
18,tier1_check,144.9
18,judge,3.6
18,route,27.8
18,retrieve,737.5
18,route,32.5
18,retrieve,589.3
18,route,23.5
18,retrieve,658.5
18,tier1_check,1.9
18,judge,2.0
18,route,34.8
18,retrieve,696.2
18,tier1_check,1.9
18,judge,1.5
18,route,22.2
18,retrieve,697.0
18,tier1_check,1.5
18,judge,1.2
18,route,19.6
18,retrieve,533.5
18,tier1_check,180.9
18,judge,5.1
18,route,29.1
18,retrieve,539.1
18,tier1_check,67.1
18,judge,4.6
18,route,20.5
18,retrieve,573.8
18,route,25.0
18,retrieve,792.8
18,tier1_check,2.1
18,judge,2.3
18,route,34.7
18,retrieve,900.5
18,tier1_check,114.2
18,judge,2.7
18,route,22.7
18,retrieve,826.1
18,tier1_check,103.8
18,judge,2.8
18,route,23.6
18,retrieve,814.1
18,tier1_check,100.0
18,judge,3.2
18,route,22.6
18,retrieve,919.0
18,tier1_check,1.7
18,judge,1.4
18,route,25.4
18,retrieve,790.7
18,tier1_check,191.4
18,judge,4.2
18,route,24.3
18,retrieve,1125.3
18,tier1_check,2.1
18,judge,1.9
18,route,25.9
18,retrieve,776.1
18,tier1_check,125.3
18,judge,2.8
18,route,25.4
18,retrieve,793.9
18,tier1_check,2.2
18,judge,2.1
18,route,39.6
18,retrieve,868.7
18,tier1_check,153.8
18,judge,5.5
18,route,24.9
18,retrieve,1000.7
18,tier1_check,96.7
18,judge,2.7
18,route,24.9
18,retrieve,917.5
18,tier1_check,1.8
18,judge,1.5
18,route,26.7
18,retrieve,1495.6
18,tier1_check,1.9
18,judge,1.5
18,route,25.0
18,retrieve,776.8
18,tier1_check,1.5
18,judge,1.2
18,route,27.1
18,retrieve,907.5
18,tier1_check,1.8
18,judge,1.4
18,route,20.4
18,retrieve,671.5
18,tier1_check,1.7
18,judge,1.5
18,route,22.4
18,retrieve,659.2
18,tier1_check,1.2
18,judge,1.1
18,route,22.4
18,retrieve,842.8
18,tier1_check,1.7
18,judge,1.5
18,route,26.4
18,retrieve,803.9
18,tier1_check,1.4
18,judge,1.2
18,route,27.6
18,retrieve,1157.0
18,tier1_check,1.9
18,judge,1.7
18,route,24.5
18,retrieve,856.0
18,tier1_check,125.9
18,judge,2.8
18,route,22.7
18,retrieve,657.8
18,tier1_check,108.3
18,judge,2.3
18,route,25.2
18,retrieve,793.3
18,tier1_check,1.5
18,judge,1.2
18,route,33.9
18,retrieve,835.7
18,tier1_check,1.7
18,judge,1.3
18,route,25.2
18,retrieve,1247.3
18,tier1_check,112.7
18,judge,2.7
18,route,27.9
18,retrieve,1010.4
18,tier1_check,111.0
18,judge,2.6
18,route,20.6
18,retrieve,786.9
18,tier1_check,134.5
18,judge,3.3
18,route,25.6
18,retrieve,1107.2
18,tier1_check,99.1
18,judge,6.8
18,route,38.9
18,retrieve,940.2
18,tier1_check,1.6
18,judge,1.9
18,route,37.5
18,retrieve,803.4
18,tier1_check,1.3
18,judge,1.2
18,route,26.4
18,retrieve,1201.0
18,tier1_check,186.1
18,judge,5.7
18,route,34.7
18,retrieve,1132.6
18,tier1_check,109.4
18,judge,2.9
18,route,26.9
18,retrieve,871.9
18,tier1_check,110.9
18,judge,2.6
18,route,22.2
18,retrieve,835.8
18,tier1_check,1.7
18,judge,1.3
18,route,23.4
18,retrieve,1012.3
18,tier1_check,1.5
18,judge,1.4
18,route,22.6
18,retrieve,831.4
18,tier1_check,106.2
18,judge,2.7
18,route,24.1
18,retrieve,730.0
18,tier1_check,166.1
18,judge,5.9
18,route,41.0
18,retrieve,1074.7
18,tier1_check,1.8
18,judge,1.7
18,route,25.1
18,retrieve,909.0
18,tier1_check,1.8
18,judge,1.5
18,route,25.2
18,retrieve,987.1
18,tier1_check,1.7
18,judge,1.4
18,route,24.6
18,retrieve,1021.9
18,tier1_check,1.8
18,judge,1.4
18,route,30.1
18,retrieve,1320.7
18,tier1_check,157.6
18,judge,4.3
18,route,33.5
18,retrieve,882.2
18,tier1_check,2.7
18,judge,2.8
18,route,29.1
18,retrieve,1369.3
18,tier1_check,1.7
18,judge,1.5
18,route,27.8
18,retrieve,959.2
18,tier1_check,1.8
18,judge,1.5
18,route,25.6
18,retrieve,895.2
18,tier1_check,123.0
18,judge,3.8
18,route,23.7
18,retrieve,712.2
18,tier1_check,2.1
18,judge,2.0
18,route,32.9
18,retrieve,807.6
18,tier1_check,97.9
18,judge,6.4
18,route,30.6
18,retrieve,596.8
18,tier1_check,2.1
18,judge,2.7
18,route,46.0
18,retrieve,913.7
18,tier1_check,2.2
18,judge,2.0
18,route,27.4
18,retrieve,740.9
18,tier1_check,1.6
18,judge,1.3
18,route,31.7
18,retrieve,1556.3
18,tier1_check,86.3
18,judge,41.0
18,route,31.2
18,retrieve,1088.3
18,tier1_check,58.9
18,judge,34.8
18,route,29.1
18,retrieve,1382.2
18,tier1_check,98.0
18,judge,60.8
18,route,29.5
18,retrieve,1125.2
18,tier1_check,103.5
18,judge,85.2
18,route,25.1
18,retrieve,1021.1
18,tier1_check,167.5
18,judge,104.0
18,route,44.6
18,retrieve,1315.2
18,tier1_check,219.1
18,judge,126.8
18,route,34.3
18,retrieve,1285.0
18,tier1_check,55.6
18,judge,31.2
18,route,25.9
18,retrieve,957.7
18,tier1_check,54.9
18,judge,55.5
18,route,24.0
18,retrieve,1034.7
18,tier1_check,43.5
18,judge,2.4
18,route,26.5
18,retrieve,896.6
18,tier1_check,126.4
18,judge,103.1
18,route,22.3
18,retrieve,1008.3
18,tier1_check,72.9
18,judge,42.8
18,route,40.5
18,retrieve,1411.8
18,tier1_check,197.7
18,judge,108.6
18,route,26.9
18,retrieve,1234.2
18,tier1_check,214.4
18,judge,138.2
18,route,24.5
18,retrieve,1016.3
18,tier1_check,175.0
18,judge,149.5
18,route,29.9
18,retrieve,791.8
18,tier1_check,234.2
18,judge,129.8
18,route,32.6
18,retrieve,1334.6
18,tier1_check,49.9
18,judge,31.4
18,route,26.0
18,retrieve,1088.1
18,tier1_check,56.5
18,judge,29.0
18,route,30.2
18,retrieve,1101.9
18,tier1_check,53.9
18,judge,2.5
18,route,22.4
18,retrieve,997.6
18,tier1_check,211.6
18,judge,122.4
18,route,23.3
18,retrieve,1011.7
18,tier1_check,82.9
18,judge,95.0
18,route,30.0
18,retrieve,938.9
18,tier1_check,275.5
18,judge,127.2
18,route,33.3
18,retrieve,808.3
18,tier1_check,55.4
18,judge,29.6
18,route,31.9
18,retrieve,1279.7
18,tier1_check,54.0
18,judge,28.6
18,route,29.1
18,retrieve,1139.8
18,tier1_check,127.0
18,judge,177.2
18,route,35.3
18,retrieve,1172.9
18,tier1_check,232.6
18,judge,126.5
18,route,26.0
18,retrieve,922.1
18,tier1_check,204.9
18,judge,198.2
18,route,45.9
18,retrieve,1022.4
18,tier1_check,63.3
18,judge,41.3
18,route,25.2
18,retrieve,902.1
18,tier1_check,64.0
18,judge,48.5
18,route,26.2
18,retrieve,1054.4
18,tier1_check,180.1
18,judge,93.7
18,route,31.3
18,retrieve,2454.6
18,tier1_check,198.3
18,judge,105.2
18,route,50.7
18,retrieve,3153.1
18,tier1_check,166.0
18,judge,87.5
18,route,57.9
18,retrieve,2837.1
18,tier1_check,117.4
18,judge,86.4
18,route,72.9
18,retrieve,3071.8
18,tier1_check,315.7
18,judge,165.9
18,route,47.6
18,retrieve,1269.2
18,tier1_check,292.4
18,judge,126.0
18,route,51.0
18,retrieve,2024.9
18,tier1_check,314.2
18,judge,167.2
18,route,46.4
18,retrieve,1797.9
18,tier1_check,84.2
18,judge,62.1
18,route,50.4
18,retrieve,1832.1
18,tier1_check,56.5
18,judge,2.8
18,route,33.8
18,retrieve,1492.4
18,tier1_check,91.3
18,judge,2.4
18,route,35.3
18,retrieve,1272.0
18,tier1_check,99.7
18,judge,37.6
18,route,46.4
18,retrieve,2331.1
18,tier1_check,159.9
18,judge,68.6
18,route,32.6
18,retrieve,1067.2
18,tier1_check,190.9
18,judge,124.3
18,route,32.4
18,retrieve,1331.8
18,tier1_check,86.7
18,judge,53.4
18,route,34.6
18,retrieve,1759.2
18,tier1_check,189.4
18,judge,53.6
18,route,32.7
18,retrieve,1339.2
18,tier1_check,174.4
18,judge,94.1
18,route,33.6
18,retrieve,1922.6
18,tier1_check,193.8
18,judge,108.1
18,route,31.0
18,retrieve,1198.9
18,tier1_check,103.3
18,judge,48.8
18,route,31.3
18,retrieve,1101.7
18,tier1_check,86.4
18,judge,39.3
18,route,32.2
18,retrieve,1502.7
18,tier1_check,92.3
18,judge,2.7
18,route,34.0
18,retrieve,1460.4
18,tier1_check,103.0
18,judge,163.9
18,route,50.2
18,retrieve,1220.4
18,tier1_check,134.2
18,judge,3.7
19,route,28.0
19,retrieve,709.0
19,tier1_check,147.8
19,judge,116.0
19,route,29.1
19,retrieve,853.5
19,tier1_check,90.0
19,judge,78.0
19,route,27.3
19,retrieve,1324.6
19,tier1_check,147.8
19,judge,5.2
19,route,35.8
19,retrieve,1667.9
19,tier1_check,331.2
19,judge,6.3
19,route,29.3
19,retrieve,826.7
19,tier1_check,137.0
19,judge,103.3
19,route,26.5
19,retrieve,1045.3
19,tier1_check,138.2
19,judge,113.5
19,route,31.4
19,retrieve,1812.9
19,tier1_check,135.5
19,judge,116.0
19,route,39.6
19,retrieve,2032.8
19,tier1_check,135.8
19,judge,192.0
19,route,54.5
19,retrieve,975.6
19,tier1_check,109.9
19,judge,46.2
19,route,26.3
19,retrieve,940.3
19,tier1_check,167.6
19,judge,75.0
19,route,25.9
19,retrieve,1143.0
19,tier1_check,142.1
19,judge,2.6
19,route,27.0
19,retrieve,1154.1
19,tier1_check,219.0
19,judge,143.1
19,route,33.1
19,retrieve,895.1
19,tier1_check,89.5
19,judge,72.2
19,route,27.3
19,retrieve,1047.2
19,tier1_check,102.6
19,judge,84.3
19,route,30.8
19,retrieve,1348.9
19,tier1_check,192.0
19,judge,87.6
19,route,23.4
19,retrieve,935.3
19,tier1_check,191.6
19,judge,73.7
19,route,25.2
19,retrieve,1337.1
19,tier1_check,152.1
19,judge,142.5
19,route,28.4
19,retrieve,1033.9
19,tier1_check,166.5
19,judge,78.9
19,route,27.3
19,retrieve,1167.1
19,tier1_check,93.0
19,judge,68.2
19,route,32.3
19,retrieve,790.3
19,tier1_check,124.5
19,judge,186.7
19,route,44.0
19,retrieve,1470.3
19,tier1_check,194.7
19,judge,3.1
19,route,21.6
19,retrieve,875.7
19,tier1_check,128.2
19,judge,129.1
19,route,57.1
19,retrieve,1613.9
19,tier1_check,122.6
19,judge,104.5
19,route,26.0
19,retrieve,944.7
19,tier1_check,144.0
19,judge,4.3
19,route,37.0
19,retrieve,965.6
19,tier1_check,268.6
19,judge,6.2
19,route,28.0
19,retrieve,794.6
19,tier1_check,124.2
19,judge,2.7
19,route,30.1
19,retrieve,1672.8
19,tier1_check,270.1
19,judge,92.5
19,route,24.9
19,retrieve,1211.1
19,tier1_check,112.3
19,judge,73.3
19,route,23.0
19,retrieve,834.1
19,tier1_check,171.1
19,judge,75.0
19,route,27.1
19,retrieve,1125.2
19,tier1_check,149.0
19,judge,133.2
19,route,38.8
19,retrieve,1646.1
19,tier1_check,104.8
19,judge,129.3
19,route,41.6
19,retrieve,1281.7
19,tier1_check,110.5
19,judge,2.8
19,route,20.8
19,retrieve,780.9
19,tier1_check,115.1
19,judge,2.5
19,route,26.8
19,retrieve,1154.5
19,tier1_check,260.8
19,judge,216.9
19,route,54.8
19,retrieve,1940.1
19,tier1_check,320.0
19,judge,4.3
19,route,22.8
19,retrieve,764.4
19,tier1_check,200.0
19,judge,104.5
19,route,23.3
19,retrieve,860.4
19,tier1_check,191.9
19,judge,105.6
19,route,24.5
19,retrieve,928.9
19,tier1_check,276.4
19,judge,108.2
19,route,31.3
19,retrieve,1176.3
19,tier1_check,121.0
19,judge,103.9
19,route,22.3
19,retrieve,721.2
19,tier1_check,74.2
19,judge,57.7
19,route,36.2
19,retrieve,760.5
19,tier1_check,109.8
19,judge,86.8
19,route,35.3
19,retrieve,790.3
19,tier1_check,133.0
19,judge,58.9
19,route,21.2
19,retrieve,758.2
19,tier1_check,244.4
19,judge,178.3
19,route,32.5
19,retrieve,777.0
19,tier1_check,126.2
19,judge,103.1
19,route,21.4
19,retrieve,703.4
19,tier1_check,123.5
19,judge,104.3
19,route,32.5
19,retrieve,1563.3
19,tier1_check,192.5
19,judge,115.3
19,route,22.7
19,retrieve,765.0
19,tier1_check,220.7
19,judge,112.3
19,route,20.9
19,retrieve,647.3
19,tier1_check,310.1
19,judge,204.1
19,route,53.5
19,retrieve,796.5
19,tier1_check,136.8
19,judge,211.1
19,route,49.0
19,retrieve,1258.6
19,tier1_check,239.7
19,judge,151.7
19,route,22.2
19,retrieve,734.1
19,tier1_check,205.6
19,judge,110.2
19,route,27.1
19,retrieve,672.0
19,tier1_check,236.1
19,judge,123.1
19,route,37.1
19,retrieve,765.6
19,tier1_check,349.6
19,judge,6.6
19,route,50.7
19,retrieve,1279.1
19,tier1_check,129.0
19,judge,110.4
19,route,24.4
19,retrieve,843.8
19,tier1_check,107.9
19,judge,94.7
19,route,21.2
19,retrieve,727.1
19,tier1_check,251.8
19,judge,92.6
19,route,21.1
19,retrieve,653.9
19,tier1_check,143.7
19,judge,3.9
19,route,30.9
19,retrieve,839.2
19,tier1_check,110.8
19,judge,161.6
19,route,36.5
19,retrieve,1203.8
19,tier1_check,113.7
19,judge,40.0
19,route,25.2
19,retrieve,1061.7
19,tier1_check,125.9
19,judge,2.6
19,route,27.6
19,retrieve,1706.3
19,tier1_check,84.3
19,judge,2.6
19,route,35.3
19,retrieve,2124.4
19,tier1_check,176.6
19,judge,3.4
19,route,22.7
19,retrieve,931.0
19,tier1_check,131.5
19,judge,49.6
19,route,24.0
19,retrieve,1175.6
19,tier1_check,321.5
19,judge,5.2
19,route,26.8
19,retrieve,1185.4
19,tier1_check,60.8
19,judge,46.1
19,route,31.2
19,retrieve,1587.1
19,tier1_check,202.6
19,judge,86.6
19,route,33.8
19,retrieve,918.2
19,tier1_check,61.6
19,judge,46.1
19,route,22.4
19,retrieve,959.5
19,tier1_check,101.0
19,judge,83.9
19,route,22.5
19,retrieve,912.7
19,tier1_check,113.0
19,judge,86.5
19,route,24.6
19,retrieve,851.8
19,tier1_check,119.3
19,judge,108.7
19,route,32.9
19,retrieve,743.9
19,tier1_check,204.1
19,judge,11.5
19,route,37.3
19,retrieve,1199.0
19,tier1_check,182.1
19,judge,96.1
19,route,35.9
19,retrieve,1463.1
19,tier1_check,240.3
19,judge,3.2
19,route,22.1
19,retrieve,945.7
19,tier1_check,207.3
19,judge,2.7
19,route,20.4
19,retrieve,772.9
19,tier1_check,221.7
19,judge,113.5
19,route,21.1
19,retrieve,900.8
19,tier1_check,223.9
19,judge,4.9
19,route,46.0
19,retrieve,1501.8
19,tier1_check,102.5
19,judge,2.8
19,route,23.3
19,retrieve,814.1
19,tier1_check,95.0
19,judge,78.3
19,route,31.2
19,retrieve,1210.8
19,tier1_check,177.3
19,judge,2.7
19,route,24.6
19,retrieve,782.9
19,tier1_check,176.7
19,judge,81.4
19,route,35.2
19,retrieve,1861.4
19,tier1_check,203.5
19,judge,5.1
19,route,39.5
19,retrieve,1190.2
19,tier1_check,84.5
19,judge,65.2
19,route,24.2
19,retrieve,800.6
19,tier1_check,84.7
19,judge,66.9
19,route,22.4
19,retrieve,883.7
19,tier1_check,88.6
19,judge,2.9
19,route,34.7
19,retrieve,1313.2
19,tier1_check,138.1
19,judge,5.4
19,route,40.8
19,retrieve,1021.4
19,tier1_check,294.3
19,judge,116.4
19,route,27.9
19,retrieve,862.5
19,tier1_check,110.1
19,judge,79.8
19,route,25.7
19,retrieve,785.0
19,tier1_check,94.3
19,judge,78.5
19,route,37.2
19,retrieve,1856.2
19,tier1_check,308.8
19,judge,4.9
19,route,28.8
19,retrieve,1116.1
19,tier1_check,172.8
19,judge,124.5
19,route,41.6
19,retrieve,870.6
19,tier1_check,156.8
19,judge,139.8
19,route,27.3
19,retrieve,773.6
19,tier1_check,157.8
19,judge,93.2
19,route,25.0
19,retrieve,878.7
19,tier1_check,101.3
19,judge,54.9
19,route,24.0
19,retrieve,737.8
19,tier1_check,196.9
19,judge,131.9
19,route,41.3
19,retrieve,1036.2
19,tier1_check,100.7
19,judge,56.1
19,route,36.2
19,retrieve,1855.2
19,tier1_check,125.2
19,judge,3.5
19,route,26.8
19,retrieve,744.7
19,tier1_check,195.8
19,judge,171.1
19,route,27.7
19,retrieve,739.8
19,tier1_check,146.4
19,judge,57.2
19,route,27.5
19,retrieve,1000.0
19,tier1_check,178.3
19,judge,3.8
19,route,24.8
19,retrieve,998.8
19,tier1_check,176.3
19,judge,4.6
19,route,28.2
19,retrieve,1152.6
19,tier1_check,204.9
19,judge,2.7
19,route,23.9
19,retrieve,857.4
19,tier1_check,191.2
19,judge,2.6
19,route,29.3
19,retrieve,1089.5
19,tier1_check,144.1
19,judge,5.6
19,route,33.7
19,retrieve,567.6
19,tier1_check,176.2
19,judge,193.3
19,route,47.6
19,retrieve,1152.9
19,tier1_check,193.7
19,judge,111.5
19,route,24.0
19,retrieve,876.0
19,tier1_check,131.6
19,judge,94.7
19,route,36.8
19,retrieve,1185.9
19,tier1_check,214.8
19,judge,176.2
19,route,26.8
19,retrieve,1050.4
19,tier1_check,224.3
19,judge,212.7
19,route,36.9
19,retrieve,1186.5
19,tier1_check,113.9
19,judge,2.7
19,route,24.2
19,retrieve,757.2
19,tier1_check,230.0
19,judge,148.1
19,route,33.6
19,retrieve,1068.2
19,tier1_check,210.1
19,judge,121.7
19,route,21.3
19,retrieve,721.2
19,tier1_check,130.4
19,judge,110.7
19,route,22.7
19,retrieve,623.7
19,tier1_check,129.8
19,judge,111.7
19,route,21.9
19,retrieve,981.7
19,tier1_check,156.6
19,judge,109.4
19,route,22.3
19,retrieve,633.0
19,tier1_check,138.4
19,judge,115.5
19,route,18.8
19,retrieve,603.9
19,tier1_check,234.0
19,judge,117.4
19,route,21.6
19,retrieve,686.9
19,tier1_check,214.0
19,judge,115.3
19,route,27.1
19,retrieve,1043.3
19,tier1_check,235.6
19,judge,3.1
19,route,18.1
19,retrieve,704.3
19,tier1_check,101.0
19,judge,4.8
19,route,35.8
19,retrieve,793.5
19,tier1_check,175.7
19,judge,151.0
19,route,22.9
19,retrieve,1011.1
19,tier1_check,181.7
19,judge,4.2
19,route,32.6
19,retrieve,1066.3
19,tier1_check,74.1
19,judge,2.7
19,route,21.4
19,retrieve,623.8
19,tier1_check,102.6
19,judge,2.5
19,route,22.1
19,retrieve,691.2
19,tier1_check,192.5
19,judge,5.5
19,route,36.7
19,retrieve,737.0
19,tier1_check,282.6
19,judge,190.3
19,route,40.6
19,retrieve,1082.2
19,tier1_check,116.9
19,judge,95.3
19,route,22.0
19,retrieve,693.3
19,tier1_check,132.5
19,judge,112.6
19,route,21.4
19,retrieve,609.1
19,tier1_check,141.4
19,judge,114.2
19,route,20.4
19,retrieve,674.8
19,tier1_check,233.9
19,judge,120.4
19,route,29.6
19,retrieve,1015.0
19,tier1_check,130.7
19,judge,216.2
19,route,29.2
19,retrieve,827.0
19,tier1_check,142.9
19,judge,77.9
19,route,25.4
19,retrieve,721.9
19,tier1_check,243.1
19,judge,73.8
19,route,23.0
19,retrieve,915.9
19,tier1_check,213.4
19,judge,4.2
19,route,26.7
19,retrieve,712.4
19,tier1_check,64.7
19,judge,49.5
19,route,23.4
19,retrieve,760.9
19,tier1_check,147.9
19,judge,53.0
19,route,19.4
19,retrieve,585.1
19,tier1_check,73.7
19,judge,84.8
19,route,42.3
19,retrieve,1349.3
19,tier1_check,179.4
19,judge,97.4
19,route,23.7
19,retrieve,977.8
19,tier1_check,94.6
19,judge,2.4
19,route,23.8
19,retrieve,1007.9
19,tier1_check,288.4
19,judge,94.4
19,route,31.6
19,retrieve,1099.3
19,tier1_check,111.3
19,judge,91.7
19,route,20.5
19,retrieve,604.2
19,tier1_check,179.2
19,judge,108.5
19,route,32.2
19,retrieve,662.8
19,tier1_check,76.9
19,judge,61.8
19,route,23.8
19,retrieve,756.7
19,tier1_check,144.3
19,judge,113.9
19,route,21.4
19,retrieve,708.4
19,tier1_check,183.9
19,judge,2.9
19,route,21.8
19,retrieve,735.8
19,tier1_check,113.5
19,judge,2.5
19,route,21.6
19,retrieve,682.2
19,tier1_check,126.6
19,judge,5.1
19,route,32.2
19,retrieve,724.4
19,tier1_check,130.9
19,judge,100.4
19,route,28.0
19,retrieve,1371.1
19,tier1_check,110.1
19,judge,89.3
19,route,28.9
19,retrieve,1308.9
19,tier1_check,138.6
19,judge,4.3
19,route,30.8
19,retrieve,1398.9
19,tier1_check,182.4
19,judge,156.6
19,route,29.4
19,retrieve,622.2
19,tier1_check,1.5
19,judge,1.4
19,route,20.7
19,retrieve,1004.0
19,tier1_check,111.1
19,judge,3.7
19,route,28.7
19,retrieve,792.0
19,tier1_check,114.6
19,judge,3.8
19,route,27.6
19,retrieve,600.1
19,tier1_check,1.5
19,judge,1.6
19,route,30.2
19,retrieve,584.5
19,tier1_check,1.6
19,judge,1.4
19,route,21.8
19,retrieve,763.9
19,tier1_check,1.8
19,judge,1.5
19,route,21.2
19,retrieve,593.7
19,tier1_check,74.9
19,judge,48.3
19,route,18.6
19,retrieve,734.1
19,tier1_check,85.1
19,judge,2.6
19,route,20.6
19,retrieve,740.2
19,tier1_check,67.9
19,judge,2.5
19,route,17.5
19,retrieve,550.6
19,route,33.3
19,retrieve,524.7
19,route,46.6
19,retrieve,531.3
19,route,31.0
19,retrieve,846.3
19,tier1_check,91.9
19,judge,2.8
19,route,24.8
19,retrieve,918.6
19,tier1_check,1.7
19,judge,1.7
19,route,25.0
19,retrieve,673.8
19,route,22.4
19,retrieve,616.0
19,tier1_check,1.5
19,judge,1.3
19,route,21.1
19,retrieve,646.8
19,tier1_check,132.0
19,judge,5.5
19,route,32.0
19,retrieve,660.5
19,tier1_check,1.6
19,judge,1.4
19,route,18.8
19,retrieve,509.2
19,route,30.4
19,retrieve,493.6
19,route,27.1
19,retrieve,691.9
19,route,21.9
19,retrieve,703.6
19,tier1_check,3.3
19,judge,1.5
19,route,22.5
19,retrieve,714.6
19,tier1_check,2.3
19,judge,2.1
19,route,31.2
19,retrieve,590.0
19,tier1_check,1.6
19,judge,1.2
19,route,20.7
19,retrieve,563.2
19,route,24.2
19,retrieve,596.9
19,tier1_check,63.7
19,judge,2.3
19,route,20.6
19,retrieve,838.3
19,tier1_check,4.1
19,judge,2.3
19,route,28.0
19,retrieve,572.3
19,tier1_check,1.3
19,judge,1.1
19,route,20.4
19,retrieve,595.6
19,tier1_check,116.9
19,judge,4.6
19,route,33.8
19,retrieve,703.5
19,tier1_check,87.5
19,judge,3.8
19,route,23.9
19,retrieve,642.0
19,tier1_check,78.0
19,judge,2.5
19,route,22.2
19,retrieve,986.0
19,tier1_check,76.0
19,judge,2.4
19,route,23.1
19,retrieve,970.2
19,tier1_check,75.0
19,judge,49.5
19,route,22.5
19,retrieve,777.2
19,tier1_check,122.6
19,judge,73.5
19,route,30.9
19,retrieve,771.3
19,tier1_check,2.4
19,judge,2.2
19,route,27.8
19,retrieve,668.9
19,tier1_check,1.4
19,judge,1.2
19,route,20.8
19,retrieve,582.3
19,route,56.4
19,retrieve,663.2
19,tier1_check,1.7
19,judge,1.4
19,route,22.2
19,retrieve,627.5
19,route,24.0
19,retrieve,643.9
19,tier1_check,1.7
19,judge,1.9
19,route,29.1
19,retrieve,549.6
19,tier1_check,103.3
19,judge,2.7
19,route,19.9
19,retrieve,542.5
19,route,23.9
19,retrieve,585.1
19,route,33.8
19,retrieve,622.2
19,tier1_check,67.2
19,judge,2.5
19,route,20.7
19,retrieve,671.6
19,tier1_check,80.3
19,judge,2.8
19,route,33.1
19,retrieve,679.4
19,tier1_check,2.0
19,judge,2.1
19,route,27.4
19,retrieve,535.3
19,tier1_check,110.2
19,judge,2.4
19,route,18.0
19,retrieve,538.1
19,tier1_check,61.4
19,judge,2.1
19,route,53.8
19,retrieve,555.8
19,route,38.0
19,retrieve,755.3
19,tier1_check,79.4
19,judge,3.2
19,route,32.7
19,retrieve,847.9
19,tier1_check,1.6
19,judge,1.4
19,route,22.1
19,retrieve,831.7
19,tier1_check,1.8
19,judge,1.4
19,route,23.7
19,retrieve,863.1
19,tier1_check,95.3
19,judge,2.9
19,route,23.0
19,retrieve,917.3
19,tier1_check,89.7
19,judge,2.9
19,route,26.5
19,retrieve,799.8
19,tier1_check,1.6
19,judge,1.4
19,route,28.8
19,retrieve,1120.7
19,tier1_check,107.9
19,judge,2.7
19,route,22.8
19,retrieve,750.3
19,tier1_check,1.4
19,judge,1.2
19,route,24.9
19,retrieve,771.4
19,tier1_check,154.1
19,judge,4.8
19,route,24.9
19,retrieve,825.8
19,tier1_check,1.8
19,judge,1.6
19,route,24.2
19,retrieve,894.5
19,tier1_check,1.7
19,judge,1.4
19,route,25.0
19,retrieve,946.4
19,tier1_check,1.9
19,judge,1.4
19,route,26.6
19,retrieve,1420.3
19,tier1_check,1.8
19,judge,1.5
19,route,24.0
19,retrieve,760.3
19,tier1_check,92.8
19,judge,2.5
19,route,26.8
19,retrieve,924.6
19,tier1_check,182.9
19,judge,5.7
19,route,30.8
19,retrieve,669.9
19,tier1_check,1.8
19,judge,1.5
19,route,22.3
19,retrieve,681.6
19,tier1_check,1.3
19,judge,1.3
19,route,22.7
19,retrieve,807.6
19,tier1_check,165.5
19,judge,5.4
19,route,27.4
19,retrieve,798.4
19,tier1_check,2.0
19,judge,2.1
19,route,42.7
19,retrieve,1160.0
19,tier1_check,104.1
19,judge,2.7
19,route,22.8
19,retrieve,868.4
19,tier1_check,1.9
19,judge,1.9
19,route,33.8
19,retrieve,682.9
19,tier1_check,1.9
19,judge,1.8
19,route,35.7
19,retrieve,842.5
19,tier1_check,119.2
19,judge,3.0
19,route,22.8
19,retrieve,841.8
19,tier1_check,101.2
19,judge,2.9
19,route,42.9
19,retrieve,1211.2
19,tier1_check,1.5
19,judge,1.4
19,route,26.2
19,retrieve,1005.3
19,tier1_check,1.7
19,judge,1.4
19,route,20.8
19,retrieve,786.4
19,tier1_check,3.3
19,judge,2.3
19,route,43.8
19,retrieve,1070.2
19,tier1_check,2.3
19,judge,2.3
19,route,24.3
19,retrieve,869.5
19,tier1_check,137.0
19,judge,4.1
19,route,27.2
19,retrieve,788.1
19,tier1_check,1.6
19,judge,1.9
19,route,42.0
19,retrieve,1195.5
19,tier1_check,107.5
19,judge,2.7
19,route,25.3
19,retrieve,1090.2
19,tier1_check,94.1
19,judge,2.7
19,route,25.4
19,retrieve,845.9
19,tier1_check,188.4
19,judge,6.0
19,route,32.9
19,retrieve,964.9
19,tier1_check,102.9
19,judge,2.7
19,route,24.1
19,retrieve,987.6
19,tier1_check,105.7
19,judge,2.8
19,route,23.1
19,retrieve,818.8
19,tier1_check,107.4
19,judge,2.9
19,route,24.6
19,retrieve,730.0
19,tier1_check,1.7
19,judge,1.4
19,route,25.7
19,retrieve,968.4
19,tier1_check,1.7
19,judge,1.3
19,route,23.6
19,retrieve,830.7
19,tier1_check,1.8
19,judge,1.5
19,route,24.8
19,retrieve,1026.3
19,tier1_check,108.5
19,judge,2.5
19,route,24.2
19,retrieve,834.4
19,tier1_check,106.9
19,judge,34.7
19,route,29.1
19,retrieve,1200.7
19,tier1_check,1.8
19,judge,1.5
19,route,24.6
19,retrieve,794.3
19,tier1_check,94.8
19,judge,2.6
19,route,25.9
19,retrieve,1312.6
19,tier1_check,133.7
19,judge,3.7
19,route,27.7
19,retrieve,952.3
19,tier1_check,2.6
19,judge,2.3
19,route,26.4
19,retrieve,917.0
19,tier1_check,95.0
19,judge,2.6
19,route,23.4
19,retrieve,753.2
19,tier1_check,2.0
19,judge,2.1
19,route,38.5
19,retrieve,813.1
19,tier1_check,2.2
19,judge,2.2
19,route,29.7
19,retrieve,668.6
19,tier1_check,2.6
19,judge,3.2
19,route,47.5
19,retrieve,933.1
19,tier1_check,2.3
19,judge,2.0
19,route,27.3
19,retrieve,724.3
19,tier1_check,2.9
19,judge,2.2
19,route,42.0
19,retrieve,1601.9
19,tier1_check,69.0
19,judge,39.2
19,route,35.5
19,retrieve,1116.0
19,tier1_check,59.7
19,judge,35.5
19,route,29.1
19,retrieve,1288.7
19,tier1_check,147.3
19,judge,109.6
19,route,33.3
19,retrieve,1006.1
19,tier1_check,71.8
19,judge,36.6
19,route,24.2
19,retrieve,1008.4
19,tier1_check,158.4
19,judge,72.2
19,route,25.8
19,retrieve,1308.1
19,tier1_check,53.7
19,judge,53.3
19,route,28.5
19,retrieve,1229.5
19,tier1_check,142.2
19,judge,84.6
19,route,23.9
19,retrieve,870.3
19,tier1_check,53.0
19,judge,106.8
19,route,37.0
19,retrieve,1038.2
19,tier1_check,153.1
19,judge,4.1
19,route,27.2
19,retrieve,1207.8
19,tier1_check,124.8
19,judge,102.9
19,route,22.1
19,retrieve,864.4
19,tier1_check,130.6
19,judge,59.4
19,route,24.8
19,retrieve,1329.7
19,tier1_check,61.3
19,judge,37.9
19,route,27.2
19,retrieve,1188.1
19,tier1_check,57.6
19,judge,39.7
19,route,24.4
19,retrieve,979.4
19,tier1_check,249.3
19,judge,201.3
19,route,27.6
19,retrieve,812.3
19,tier1_check,50.9
19,judge,49.1
19,route,27.0
19,retrieve,1415.4
19,tier1_check,138.3
19,judge,96.4
19,route,40.7
19,retrieve,1147.2
19,tier1_check,114.2
19,judge,47.4
19,route,26.0
19,retrieve,1069.5
19,tier1_check,85.9
19,judge,4.3
19,route,25.4
19,retrieve,989.5
19,tier1_check,130.4
19,judge,110.5
19,route,49.9
19,retrieve,1025.1
19,tier1_check,81.3
19,judge,65.5
19,route,27.7
19,retrieve,947.6
19,tier1_check,149.8
19,judge,81.0
19,route,25.8
19,retrieve,786.5
19,tier1_check,175.0
19,judge,138.3
19,route,40.8
19,retrieve,1273.1
19,tier1_check,72.2
19,judge,54.6
19,route,30.0
19,retrieve,1186.9
19,tier1_check,59.4
19,judge,41.7
19,route,29.0
19,retrieve,1147.1
19,tier1_check,67.9
19,judge,43.2
19,route,25.8
19,retrieve,890.9
19,tier1_check,54.8
19,judge,54.9
19,route,28.7
19,retrieve,1002.0
19,tier1_check,270.6
19,judge,175.3
19,route,36.8
19,retrieve,1196.7
19,tier1_check,52.1
19,judge,36.3
19,route,26.0
19,retrieve,1034.7
19,tier1_check,109.7
19,judge,136.8
19,route,49.6
19,retrieve,1821.4
19,tier1_check,103.0
19,judge,47.9
19,route,47.2
19,retrieve,3105.9
19,tier1_check,176.3
19,judge,124.2
19,route,40.4
19,retrieve,2564.8
19,tier1_check,60.5
19,judge,35.5
19,route,43.6
19,retrieve,2886.6
19,tier1_check,135.8
19,judge,63.3
19,route,31.5
19,retrieve,1196.4
19,tier1_check,214.4
19,judge,104.6
19,route,35.8
19,retrieve,1920.3
19,tier1_check,155.6
19,judge,114.4
19,route,35.7
19,retrieve,1710.1
19,tier1_check,82.8
19,judge,30.1
19,route,48.4
19,retrieve,1855.5
19,tier1_check,54.8
19,judge,2.6
19,route,32.3
19,retrieve,1447.2
19,tier1_check,158.0
19,judge,4.8
19,route,46.5
19,retrieve,1165.9
19,tier1_check,152.9
19,judge,61.9
19,route,70.5
19,retrieve,2220.8
19,tier1_check,78.9
19,judge,55.2
19,route,33.2
19,retrieve,1051.9
19,tier1_check,101.2
19,judge,64.8
19,route,34.4
19,retrieve,1275.8
19,tier1_check,275.9
19,judge,142.9
19,route,34.3
19,retrieve,1713.8
19,tier1_check,108.7
19,judge,47.8
19,route,44.6
19,retrieve,1283.2
19,tier1_check,194.2
19,judge,167.0
19,route,51.5
19,retrieve,2025.0
19,tier1_check,97.4
19,judge,74.1
19,route,49.0
19,retrieve,1220.1
19,tier1_check,100.7
19,judge,68.4
19,route,47.5
19,retrieve,1063.2
19,tier1_check,235.2
19,judge,115.5
19,route,30.5
19,retrieve,1479.5
19,tier1_check,123.9
19,judge,3.8
19,route,33.8
19,retrieve,1462.2
19,tier1_check,160.8
19,judge,139.6
19,route,41.4
19,retrieve,1193.5
19,tier1_check,88.4
19,judge,2.5
20,route,26.2
20,retrieve,656.5
20,tier1_check,97.7
20,judge,77.8
20,route,28.6
20,retrieve,865.4
20,tier1_check,92.5
20,judge,72.5
20,route,27.3
20,retrieve,1334.5
20,tier1_check,141.7
20,judge,2.6
20,route,34.2
20,retrieve,1978.5
20,tier1_check,163.2
20,judge,4.5
20,route,28.9
20,retrieve,846.8
20,tier1_check,184.9
20,judge,163.0
20,route,34.6
20,retrieve,1222.8
20,tier1_check,303.5
20,judge,212.3
20,route,49.9
20,retrieve,1687.1
20,tier1_check,148.5
20,judge,202.6
20,route,64.1
20,retrieve,2145.8
20,tier1_check,148.1
20,judge,124.0
20,route,27.1
20,retrieve,1016.0
20,tier1_check,135.9
20,judge,115.7
20,route,26.6
20,retrieve,949.0
20,tier1_check,89.2
20,judge,132.3
20,route,43.0
20,retrieve,1348.2
20,tier1_check,128.6
20,judge,76.4
20,route,28.9
20,retrieve,1103.7
20,tier1_check,93.4
20,judge,104.6
20,route,39.9
20,retrieve,878.5
20,tier1_check,127.1
20,judge,85.8
20,route,27.0
20,retrieve,1043.1
20,tier1_check,197.3
20,judge,86.9
20,route,30.5
20,retrieve,1383.2
20,tier1_check,300.8
20,judge,99.5
20,route,24.6
20,retrieve,952.0
20,tier1_check,159.6
20,judge,75.8
20,route,24.7
20,retrieve,1306.6
20,tier1_check,244.0
20,judge,116.4
20,route,23.8
20,retrieve,1019.4
20,tier1_check,87.8
20,judge,71.0
20,route,28.2
20,retrieve,1182.0
20,tier1_check,133.0
20,judge,113.8
20,route,27.1
20,retrieve,786.8
20,tier1_check,218.3
20,judge,126.6
20,route,28.1
20,retrieve,1393.5
20,tier1_check,161.5
20,judge,4.1
20,route,32.4
20,retrieve,837.2
20,tier1_check,192.1
20,judge,111.3
20,route,35.4
20,retrieve,1628.2
20,tier1_check,173.0
20,judge,191.6
20,route,35.3
20,retrieve,1237.0
20,tier1_check,205.5
20,judge,89.6
20,route,23.2
20,retrieve,993.7
20,tier1_check,149.3
20,judge,2.8
20,route,18.7
20,retrieve,759.7
20,tier1_check,157.0
20,judge,83.2
20,route,29.0
20,retrieve,1558.4
20,tier1_check,103.8
20,judge,83.0
20,route,25.2
20,retrieve,1025.4
20,tier1_check,259.3
20,judge,78.2
20,route,23.7
20,retrieve,741.6
20,tier1_check,165.2
20,judge,74.6
20,route,26.8
20,retrieve,1141.8
20,tier1_check,243.8
20,judge,75.8
20,route,33.5
20,retrieve,1570.2
20,tier1_check,169.3
20,judge,124.6
20,route,27.2
20,retrieve,1226.3
20,tier1_check,218.1
20,judge,3.3
20,route,20.8
20,retrieve,787.6
20,tier1_check,193.4
20,judge,2.8
20,route,26.7
20,retrieve,1063.1
20,tier1_check,296.2
20,judge,152.2
20,route,46.8
20,retrieve,1851.7
20,tier1_check,188.8
20,judge,2.9
20,route,21.9
20,retrieve,793.0
20,tier1_check,311.9
20,judge,278.5
20,route,58.0
20,retrieve,856.8
20,tier1_check,306.8
20,judge,186.2
20,route,26.9
20,retrieve,861.4
20,tier1_check,162.2
20,judge,103.9
20,route,31.2
20,retrieve,1213.4
20,tier1_check,193.8
20,judge,143.9
20,route,36.4
20,retrieve,706.8
20,tier1_check,77.5
20,judge,60.3
20,route,32.2
20,retrieve,831.3
20,tier1_check,109.5
20,judge,88.1
20,route,32.2
20,retrieve,745.5
20,tier1_check,86.9
20,judge,57.5
20,route,21.9
20,retrieve,744.0
20,tier1_check,133.9
20,judge,100.9
20,route,21.0
20,retrieve,748.1
20,tier1_check,125.8
20,judge,99.2
20,route,20.0
20,retrieve,712.8
20,tier1_check,131.9
20,judge,100.3
20,route,31.1
20,retrieve,1695.3
20,tier1_check,116.2
20,judge,65.9
20,route,24.4
20,retrieve,809.1
20,tier1_check,224.6
20,judge,114.1
20,route,37.2
20,retrieve,704.3
20,tier1_check,202.3
20,judge,192.4
20,route,32.0
20,retrieve,719.4
20,tier1_check,162.4
20,judge,107.6
20,route,30.9
20,retrieve,1183.4
20,tier1_check,129.1
20,judge,112.8
20,route,22.0
20,retrieve,697.1
20,tier1_check,254.5
20,judge,137.2
20,route,36.3
20,retrieve,684.9
20,tier1_check,128.2
20,judge,108.7
20,route,23.5
20,retrieve,709.8
20,tier1_check,132.0
20,judge,2.7
20,route,33.1
20,retrieve,1231.4
20,tier1_check,126.9
20,judge,194.3
20,route,37.2
20,retrieve,843.1
20,tier1_check,218.2
20,judge,111.2
20,route,21.9
20,retrieve,707.5
20,tier1_check,189.6
20,judge,177.1
20,route,35.5
20,retrieve,662.6
20,tier1_check,125.8
20,judge,88.1
20,route,28.7
20,retrieve,823.9
20,tier1_check,110.5
20,judge,89.0
20,route,24.3
20,retrieve,987.7
20,tier1_check,83.8
20,judge,37.9
20,route,24.9
20,retrieve,1070.2
20,tier1_check,89.2
20,judge,2.6
20,route,28.0
20,retrieve,1646.2
20,tier1_check,235.6
20,judge,4.6
20,route,35.5
20,retrieve,2063.5
20,tier1_check,133.2
20,judge,2.6
20,route,22.0
20,retrieve,976.2
20,tier1_check,187.4
20,judge,86.1
20,route,39.0
20,retrieve,1168.5
20,tier1_check,119.9
20,judge,2.9
20,route,25.4
20,retrieve,1110.9
20,tier1_check,76.9
20,judge,59.0
20,route,46.9
20,retrieve,1602.0
20,tier1_check,62.4
20,judge,32.6
20,route,21.1
20,retrieve,869.6
20,tier1_check,100.6
20,judge,84.8
20,route,21.8
20,retrieve,866.3
20,tier1_check,164.8
20,judge,85.3
20,route,21.9
20,retrieve,863.0
20,tier1_check,101.5
20,judge,85.1
20,route,25.7
20,retrieve,1003.2
20,tier1_check,203.3
20,judge,172.1
20,route,27.0
20,retrieve,747.7
20,tier1_check,190.6
20,judge,5.6
20,route,33.0
20,retrieve,1060.9
20,tier1_check,184.4
20,judge,94.1
20,route,35.1
20,retrieve,1393.5
20,tier1_check,172.1
20,judge,5.6
20,route,35.9
20,retrieve,909.2
20,tier1_check,144.4
20,judge,3.2
20,route,20.4
20,retrieve,879.3
20,tier1_check,257.6
20,judge,111.1
20,route,21.5
20,retrieve,870.7
20,tier1_check,146.2
20,judge,112.0
20,route,29.5
20,retrieve,1377.1
20,tier1_check,184.0
20,judge,2.8
20,route,22.2
20,retrieve,838.4
20,tier1_check,94.4
20,judge,77.9
20,route,39.4
20,retrieve,1117.8
20,tier1_check,106.8
20,judge,2.3
20,route,24.3
20,retrieve,892.6
20,tier1_check,93.8
20,judge,78.7
20,route,36.3
20,retrieve,1852.9
20,tier1_check,108.4
20,judge,2.8
20,route,24.8
20,retrieve,1118.6
20,tier1_check,255.9
20,judge,110.1
20,route,25.2
20,retrieve,751.9
20,tier1_check,195.1
20,judge,4.1
20,route,22.6
20,retrieve,810.8
20,tier1_check,127.9
20,judge,3.8
20,route,34.8
20,retrieve,1281.2
20,tier1_check,154.7
20,judge,2.8
20,route,25.4
20,retrieve,992.5
20,tier1_check,91.0
20,judge,72.0
20,route,26.3
20,retrieve,789.8
20,tier1_check,94.5
20,judge,78.3
20,route,25.2
20,retrieve,740.0
20,tier1_check,176.7
20,judge,80.9
20,route,36.2
20,retrieve,1841.0
20,tier1_check,136.6
20,judge,2.5
20,route,27.9
20,retrieve,1069.1
20,tier1_check,184.4
20,judge,54.5
20,route,30.1
20,retrieve,795.7
20,tier1_check,200.4
20,judge,80.2
20,route,24.1
20,retrieve,753.4
20,tier1_check,92.9
20,judge,75.8
20,route,24.3
20,retrieve,912.4
20,tier1_check,90.1
20,judge,72.6
20,route,24.3
20,retrieve,740.0
20,tier1_check,87.2
20,judge,72.3
20,route,38.7
20,retrieve,1041.4
20,tier1_check,236.4
20,judge,78.0
20,route,40.5
20,retrieve,1676.3
20,tier1_check,167.3
20,judge,2.8
20,route,20.2
20,retrieve,712.3
20,tier1_check,155.9
20,judge,2.6
20,route,20.7
20,retrieve,694.9
20,tier1_check,109.0
20,judge,2.5
20,route,33.5
20,retrieve,956.0
20,tier1_check,168.1
20,judge,4.4
20,route,25.2
20,retrieve,973.5
20,tier1_check,283.9
20,judge,4.2
20,route,36.8
20,retrieve,1156.2
20,tier1_check,170.4
20,judge,4.4
20,route,25.1
20,retrieve,849.9
20,tier1_check,205.9
20,judge,2.9
20,route,37.0
20,retrieve,1112.2
20,tier1_check,191.8
20,judge,2.7
20,route,18.0
20,retrieve,561.9
20,tier1_check,229.1
20,judge,109.8
20,route,27.3
20,retrieve,1063.6
20,tier1_check,262.8
20,judge,110.7
20,route,24.2
20,retrieve,896.6
20,tier1_check,159.8
20,judge,97.6
20,route,38.1
20,retrieve,1155.6
20,tier1_check,158.3
20,judge,110.0
20,route,26.2
20,retrieve,1047.2
20,tier1_check,286.7
20,judge,231.1
20,route,39.9
20,retrieve,862.2
20,tier1_check,150.1
20,judge,117.3
20,route,23.2
20,retrieve,745.8
20,tier1_check,141.6
20,judge,115.5
20,route,32.2
20,retrieve,1046.9
20,tier1_check,263.2
20,judge,209.1
20,route,22.9
20,retrieve,722.2
20,tier1_check,279.3
20,judge,114.3
20,route,35.6
20,retrieve,630.0
20,tier1_check,161.9
20,judge,114.4
20,route,37.5
20,retrieve,938.0
20,tier1_check,142.2
20,judge,115.5
20,route,21.8
20,retrieve,625.1
20,tier1_check,231.8
20,judge,117.4
20,route,17.7
20,retrieve,585.0
20,tier1_check,136.8
20,judge,128.5
20,route,22.3
20,retrieve,629.9
20,tier1_check,207.0
20,judge,158.1
20,route,42.3
20,retrieve,1077.7
20,tier1_check,137.7
20,judge,2.5
20,route,19.4
20,retrieve,679.6
20,tier1_check,358.3
20,judge,5.7
20,route,34.1
20,retrieve,811.0
20,tier1_check,267.6
20,judge,207.7
20,route,22.7
20,retrieve,996.6
20,tier1_check,133.2
20,judge,2.8
20,route,32.5
20,retrieve,1128.0
20,tier1_check,71.5
20,judge,2.4
20,route,20.8
20,retrieve,584.0
20,tier1_check,172.9
20,judge,78.9
20,route,21.3
20,retrieve,669.4
20,tier1_check,191.4
20,judge,107.0
20,route,22.6
20,retrieve,760.2
20,tier1_check,209.8
20,judge,105.6
20,route,32.3
20,retrieve,1051.6
20,tier1_check,113.5
20,judge,146.5
20,route,33.6
20,retrieve,702.1
20,tier1_check,133.2
20,judge,141.9
20,route,22.9
20,retrieve,639.8
20,tier1_check,214.8
20,judge,216.9
20,route,33.2
20,retrieve,702.2
20,tier1_check,235.2
20,judge,151.9
20,route,31.3
20,retrieve,1054.7
20,tier1_check,219.3
20,judge,153.5
20,route,23.6
20,retrieve,634.1
20,tier1_check,85.7
20,judge,67.5
20,route,24.6
20,retrieve,711.8
20,tier1_check,162.5
20,judge,73.0
20,route,22.4
20,retrieve,912.5
20,tier1_check,155.4
20,judge,2.8
20,route,17.8
20,retrieve,662.8
20,tier1_check,134.2
20,judge,50.4
20,route,22.2
20,retrieve,752.3
20,tier1_check,184.1
20,judge,50.9
20,route,18.7
20,retrieve,619.7
20,tier1_check,190.4
20,judge,69.1
20,route,28.7
20,retrieve,1318.1
20,tier1_check,134.1
20,judge,172.2
20,route,38.3
20,retrieve,1005.3
20,tier1_check,182.3
20,judge,96.5
20,route,22.7
20,retrieve,1008.8
20,tier1_check,182.6
20,judge,99.9
20,route,31.4
20,retrieve,1155.8
20,tier1_check,338.3
20,judge,8.5
20,route,47.7
20,retrieve,617.1
20,tier1_check,82.1
20,judge,37.0
20,route,20.6
20,retrieve,569.3
20,tier1_check,77.1
20,judge,60.9
20,route,23.6
20,retrieve,783.1
20,tier1_check,113.8
20,judge,91.1
20,route,21.3
20,retrieve,811.8
20,tier1_check,342.6
20,judge,12.8
20,route,43.1
20,retrieve,791.0
20,tier1_check,134.8
20,judge,3.2
20,route,23.7
20,retrieve,729.0
20,tier1_check,136.4
20,judge,6.6
20,route,33.0
20,retrieve,799.0
20,tier1_check,158.2
20,judge,190.7
20,route,44.6
20,retrieve,1460.4
20,tier1_check,121.3
20,judge,100.1
20,route,29.0
20,retrieve,1351.0
20,tier1_check,200.0
20,judge,3.1
20,route,34.2
20,retrieve,1348.2
20,tier1_check,169.8
20,judge,180.3
20,route,23.8
20,retrieve,689.7
20,tier1_check,116.5
20,judge,84.1
20,route,32.7
20,retrieve,978.4
20,tier1_check,2.4
20,judge,2.3
20,route,35.1
20,retrieve,826.1
20,tier1_check,2.2
20,judge,2.2
20,route,31.1
20,retrieve,569.0
20,tier1_check,1.4
20,judge,1.2
20,route,21.6
20,retrieve,597.9
20,tier1_check,1.5
20,judge,1.2
20,route,21.8
20,retrieve,780.6
20,tier1_check,134.9
20,judge,4.2
20,route,21.0
20,retrieve,575.6
20,tier1_check,73.9
20,judge,57.1
20,route,30.6
20,retrieve,786.4
20,tier1_check,74.9
20,judge,2.8
20,route,21.4
20,retrieve,767.6
20,tier1_check,2.0
20,judge,1.7
20,route,19.8
20,retrieve,516.1
20,route,21.9
20,retrieve,519.4
20,route,21.9
20,retrieve,517.6
20,route,26.1
20,retrieve,764.6
20,tier1_check,2.3
20,judge,2.3
20,route,40.2
20,retrieve,947.7
20,tier1_check,2.3
20,judge,2.4
20,route,40.5
20,retrieve,656.9
20,route,22.0
20,retrieve,598.1
20,tier1_check,109.1
20,judge,5.1
20,route,48.1
20,retrieve,713.1
20,tier1_check,1.8
20,judge,1.5
20,route,21.1
20,retrieve,637.0
20,tier1_check,93.7
20,judge,4.1
20,route,29.6
20,retrieve,518.1
20,route,20.5
20,retrieve,492.3
20,route,47.6
20,retrieve,708.4
20,route,20.7
20,retrieve,703.8
20,tier1_check,81.6
20,judge,2.7
20,route,22.0
20,retrieve,759.7
20,tier1_check,1.7
20,judge,1.6
20,route,19.4
20,retrieve,573.2
20,tier1_check,168.9
20,judge,4.4
20,route,30.6
20,retrieve,608.5
20,route,39.4
20,retrieve,624.1
20,tier1_check,1.6
20,judge,1.3
20,route,21.6
20,retrieve,834.3
20,tier1_check,83.2
20,judge,56.9
20,route,18.9
20,retrieve,595.8
20,tier1_check,119.4
20,judge,4.8
20,route,26.9
20,retrieve,604.3
20,tier1_check,1.3
20,judge,1.2
20,route,21.8
20,retrieve,780.4
20,tier1_check,72.1
20,judge,2.7
20,route,19.4
20,retrieve,560.0
20,tier1_check,106.3
20,judge,2.7
20,route,23.2
20,retrieve,1004.1
20,tier1_check,107.9
20,judge,5.8
20,route,34.9
20,retrieve,893.8
20,tier1_check,2.2
20,judge,2.1
20,route,31.3
20,retrieve,747.3
20,tier1_check,102.3
20,judge,37.0
20,route,20.3
20,retrieve,731.6
20,tier1_check,1.9
20,judge,1.5
20,route,23.0
20,retrieve,648.2
20,tier1_check,108.0
20,judge,4.0
20,route,33.2
20,retrieve,581.3
20,route,24.4
20,retrieve,647.9
20,tier1_check,1.6
20,judge,1.3
20,route,21.4
20,retrieve,643.0
20,route,23.3
20,retrieve,604.8
20,tier1_check,152.5
20,judge,5.5
20,route,27.0
20,retrieve,553.3
20,tier1_check,1.7
20,judge,1.8
20,route,22.1
20,retrieve,569.8
20,route,24.0
20,retrieve,578.9
20,route,23.2
20,retrieve,626.7
20,tier1_check,85.4
20,judge,3.5
20,route,21.3
20,retrieve,701.7
20,tier1_check,2.3
20,judge,2.3
20,route,36.6
20,retrieve,693.6
20,tier1_check,1.6
20,judge,1.3
20,route,19.0
20,retrieve,535.8
20,tier1_check,1.4
20,judge,1.3
20,route,18.7
20,retrieve,512.0
20,tier1_check,1.3
20,judge,1.2
20,route,20.0
20,retrieve,787.5
20,route,24.5
20,retrieve,796.8
20,tier1_check,88.5
20,judge,2.7
20,route,22.5
20,retrieve,833.5
20,tier1_check,1.7
20,judge,1.3
20,route,22.2
20,retrieve,828.5
20,tier1_check,102.7
20,judge,2.8
20,route,23.1
20,retrieve,809.5
20,tier1_check,101.1
20,judge,3.6
20,route,22.5
20,retrieve,924.0
20,tier1_check,87.0
20,judge,2.6
20,route,26.0
20,retrieve,817.6
20,tier1_check,2.1
20,judge,2.3
20,route,38.1
20,retrieve,1140.2
20,tier1_check,118.1
20,judge,2.8
20,route,24.0
20,retrieve,733.6
20,tier1_check,1.6
20,judge,1.4
20,route,27.0
20,retrieve,834.5
20,tier1_check,2.4
20,judge,2.2
20,route,39.8
20,retrieve,951.9
20,tier1_check,134.2
20,judge,4.1
20,route,24.7
20,retrieve,954.1
20,tier1_check,102.5
20,judge,2.7
20,route,25.2
20,retrieve,980.4
20,tier1_check,103.3
20,judge,2.9
20,route,27.4
20,retrieve,1457.9
20,tier1_check,2.0
20,judge,1.6
20,route,57.2
20,retrieve,803.2
20,tier1_check,95.3
20,judge,2.6
20,route,27.4
20,retrieve,978.6
20,tier1_check,2.2
20,judge,2.0
20,route,29.7
20,retrieve,668.7
20,tier1_check,1.8
20,judge,1.7
20,route,28.1
20,retrieve,641.0
20,tier1_check,110.0
20,judge,2.4
20,route,22.5
20,retrieve,833.5
20,tier1_check,157.5
20,judge,5.6
20,route,34.9
20,retrieve,850.0
20,tier1_check,1.9
20,judge,1.9
20,route,43.0
20,retrieve,1129.5
20,tier1_check,101.3
20,judge,2.6
20,route,23.0
20,retrieve,868.7
20,tier1_check,1.7
20,judge,1.4
20,route,23.0
20,retrieve,666.9
20,tier1_check,106.2
20,judge,2.3
20,route,24.7
20,retrieve,810.4
20,tier1_check,1.9
20,judge,1.8
20,route,35.4
20,retrieve,816.7
20,tier1_check,169.9
20,judge,5.5
20,route,40.9
20,retrieve,1345.3
20,tier1_check,188.5
20,judge,4.3
20,route,41.8
20,retrieve,988.7
20,tier1_check,105.0
20,judge,2.8
20,route,21.0
20,retrieve,762.7
20,tier1_check,1.8
20,judge,1.6
20,route,24.8
20,retrieve,1042.3
20,tier1_check,102.1
20,judge,2.8
20,route,23.5
20,retrieve,866.2
20,tier1_check,94.9
20,judge,2.5
20,route,27.3
20,retrieve,1007.7
20,tier1_check,167.9
20,judge,3.9
20,route,39.3
20,retrieve,1323.8
20,tier1_check,165.7
20,judge,4.1
20,route,38.9
20,retrieve,1138.1
20,tier1_check,95.5
20,judge,2.6
20,route,25.8
20,retrieve,881.5
20,tier1_check,107.2
20,judge,2.4
20,route,21.9
20,retrieve,814.4
20,tier1_check,102.0
20,judge,2.7
20,route,23.3
20,retrieve,995.6
20,tier1_check,1.6
20,judge,1.3
20,route,22.2
20,retrieve,990.8
20,tier1_check,126.8
20,judge,6.8
20,route,39.5
20,retrieve,743.1
20,tier1_check,1.5
20,judge,1.3
20,route,25.7
20,retrieve,997.5
20,tier1_check,1.8
20,judge,1.4
20,route,24.2
20,retrieve,852.7
20,tier1_check,91.1
20,judge,2.6
20,route,24.1
20,retrieve,1030.5
20,tier1_check,108.7
20,judge,3.6
20,route,33.1
20,retrieve,885.8
20,tier1_check,163.3
20,judge,59.6
20,route,45.6
20,retrieve,1321.5
20,tier1_check,104.9
20,judge,2.7
20,route,25.0
20,retrieve,862.4
20,tier1_check,1.8
20,judge,1.4
20,route,26.9
20,retrieve,1270.5
20,tier1_check,118.8
20,judge,2.8
20,route,27.7
20,retrieve,942.7
20,tier1_check,80.4
20,judge,2.7
20,route,25.4
20,retrieve,938.3
20,tier1_check,1.7
20,judge,1.5
20,route,22.9
20,retrieve,740.7
20,tier1_check,1.9
20,judge,1.9
20,route,35.9
20,retrieve,831.1
20,tier1_check,87.7
20,judge,2.5
20,route,18.6
20,retrieve,534.8
20,tier1_check,1.4
20,judge,1.2
20,route,24.7
20,retrieve,883.8
20,tier1_check,174.8
20,judge,4.4
20,route,23.5
20,retrieve,729.6
20,tier1_check,170.0
20,judge,4.9
20,route,50.9
20,retrieve,1626.2
20,tier1_check,170.0
20,judge,204.1
20,route,33.7
20,retrieve,1106.5
20,tier1_check,59.7
20,judge,35.7
20,route,29.5
20,retrieve,1209.6
20,tier1_check,94.7
20,judge,110.2
20,route,44.0
20,retrieve,994.8
20,tier1_check,62.5
20,judge,35.9
20,route,24.6
20,retrieve,1075.1
20,tier1_check,53.7
20,judge,53.5
20,route,26.5
20,retrieve,1243.2
20,tier1_check,178.6
20,judge,96.3
20,route,43.7
20,retrieve,1339.8
20,tier1_check,51.7
20,judge,30.9
20,route,24.9
20,retrieve,1207.4
20,tier1_check,231.8
20,judge,75.1
20,route,23.7
20,retrieve,1046.8
20,tier1_check,44.1
20,judge,2.7
20,route,27.2
20,retrieve,881.0
20,tier1_check,49.3
20,judge,44.7
20,route,36.0
20,retrieve,891.4
20,tier1_check,71.9
20,judge,56.7
20,route,40.1
20,retrieve,1342.8
20,tier1_check,143.7
20,judge,103.9
20,route,28.1
20,retrieve,1186.0
20,tier1_check,214.9
20,judge,109.8
20,route,23.7
20,retrieve,986.3
20,tier1_check,327.4
20,judge,112.7
20,route,24.2
20,retrieve,884.7
20,tier1_check,51.7
20,judge,48.8
20,route,27.7
20,retrieve,1348.8
20,tier1_check,241.1
20,judge,110.8
20,route,32.7
20,retrieve,1121.1
20,tier1_check,55.5
20,judge,27.3
20,route,26.7
20,retrieve,1036.1
20,tier1_check,53.8
20,judge,2.3
20,route,21.9
20,retrieve,981.9
20,tier1_check,65.9
20,judge,4.1
20,route,35.6
20,retrieve,1077.7
20,tier1_check,51.0
20,judge,29.9
20,route,29.0
20,retrieve,902.2
20,tier1_check,57.4
20,judge,71.8
20,route,24.7
20,retrieve,766.3
20,tier1_check,58.1
20,judge,40.6
20,route,27.1
20,retrieve,1218.3
20,tier1_check,53.9
20,judge,28.4
20,route,29.3
20,retrieve,1218.4
20,tier1_check,66.0
20,judge,60.7
20,route,29.9
20,retrieve,1127.1
20,tier1_check,67.6
20,judge,42.6
20,route,26.1
20,retrieve,904.9
20,tier1_check,54.6
20,judge,89.6
20,route,45.4
20,retrieve,997.4
20,tier1_check,163.4
20,judge,124.5
20,route,26.9
20,retrieve,945.2
20,tier1_check,53.9
20,judge,37.1
20,route,85.8
20,retrieve,1063.6
20,tier1_check,92.2
20,judge,44.6
20,route,32.7
20,retrieve,1880.6
20,tier1_check,282.7
20,judge,156.6
20,route,48.2
20,retrieve,3018.8
20,tier1_check,66.3
20,judge,59.3
20,route,50.0
20,retrieve,2627.5
20,tier1_check,102.4
20,judge,82.6
20,route,44.4
20,retrieve,2796.5
20,tier1_check,76.0
20,judge,61.7
20,route,30.6
20,retrieve,1311.6
20,tier1_check,127.1
20,judge,141.2
20,route,37.5
20,retrieve,1954.3
20,tier1_check,65.1
20,judge,54.3
20,route,35.7
20,retrieve,1682.2
20,tier1_check,184.0
20,judge,66.0
20,route,47.0
20,retrieve,1838.3
20,tier1_check,54.8
20,judge,2.6
20,route,32.4
20,retrieve,1445.5
20,tier1_check,300.9
20,judge,6.0
20,route,49.6
20,retrieve,1185.3
20,tier1_check,87.2
20,judge,36.8
20,route,44.2
20,retrieve,2297.2
20,tier1_check,107.7
20,judge,95.2
20,route,33.3
20,retrieve,1398.5
20,tier1_check,95.8
20,judge,78.0
20,route,31.3
20,retrieve,1433.9
20,tier1_check,138.9
20,judge,128.4
20,route,34.1
20,retrieve,1708.5
20,tier1_check,62.8
20,judge,45.7
20,route,30.6
20,retrieve,1315.3
20,tier1_check,109.6
20,judge,90.6
20,route,33.5
20,retrieve,1894.6
20,tier1_check,96.0
20,judge,78.5
20,route,48.0
20,retrieve,1130.5
20,tier1_check,237.7
20,judge,122.0
20,route,29.7
20,retrieve,1186.0
20,tier1_check,148.3
20,judge,65.8
20,route,39.9
20,retrieve,1449.1
20,tier1_check,97.1
20,judge,2.5
20,route,32.7
20,retrieve,1412.5
20,tier1_check,60.3
20,judge,32.1
20,route,41.6
20,retrieve,1205.8
20,tier1_check,201.4
20,judge,5.0
