run,algorithm,limit_per_min,type,encoding,bytes
0,Fixed window,100,string,int,56
0,Fixed window,100,string,int,56
0,Fixed window,100,string,int,56
0,Fixed window,100,string,int,56
0,Fixed window,100,string,int,56
0,Fixed window,100,string,int,56
0,Fixed window,100,string,int,56
0,Fixed window,100,string,int,56
0,Fixed window,100,string,int,56
0,Fixed window,100,string,int,56
0,Fixed window,100,string,int,56
0,Fixed window,100,string,int,56
0,Fixed window,100,string,int,56
0,Fixed window,100,string,int,56
0,Fixed window,100,string,int,56
0,Fixed window,100,string,int,56
0,Fixed window,100,string,int,56
0,Fixed window,100,string,int,56
0,Fixed window,100,string,int,56
0,Fixed window,100,string,int,56
0,Fixed window,100,string,int,56
0,Fixed window,100,string,int,56
0,Fixed window,100,string,int,56
0,Fixed window,100,string,int,56
0,Fixed window,100,string,int,56
0,Fixed window,100,string,int,56
0,Fixed window,100,string,int,56
0,Fixed window,100,string,int,56
0,Fixed window,100,string,int,56
0,Fixed window,100,string,int,56
0,Fixed window,100,string,int,56
0,Fixed window,100,string,int,56
0,Fixed window,100,string,int,56
0,Fixed window,100,string,int,56
0,Fixed window,100,string,int,56
0,Fixed window,100,string,int,56
0,Fixed window,100,string,int,56
0,Fixed window,100,string,int,56
0,Fixed window,100,string,int,56
0,Fixed window,100,string,int,56
0,Fixed window,100,string,int,56
0,Fixed window,100,string,int,56
0,Fixed window,100,string,int,56
0,Fixed window,100,string,int,56
0,Fixed window,100,string,int,56
0,Fixed window,100,string,int,56
0,Fixed window,100,string,int,56
0,Fixed window,100,string,int,56
0,Fixed window,100,string,int,56
0,Fixed window,100,string,int,56
0,Fixed window,100,string,int,56
0,Fixed window,100,string,int,56
0,Fixed window,100,string,int,56
0,Fixed window,100,string,int,56
0,Fixed window,100,string,int,56
0,Fixed window,100,string,int,56
0,Fixed window,100,string,int,56
0,Fixed window,100,string,int,56
0,Fixed window,100,string,int,56
0,Fixed window,100,string,int,56
0,Fixed window,100,string,int,56
0,Fixed window,100,string,int,56
0,Fixed window,100,string,int,56
0,Fixed window,100,string,int,56
0,Fixed window,100,string,int,56
0,Fixed window,100,string,int,56
0,Fixed window,100,string,int,56
0,Fixed window,100,string,int,56
0,Fixed window,100,string,int,56
0,Fixed window,100,string,int,56
0,Fixed window,100,string,int,56
0,Fixed window,100,string,int,56
0,Fixed window,100,string,int,56
0,Fixed window,100,string,int,56
0,Fixed window,100,string,int,56
0,Fixed window,100,string,int,56
0,Fixed window,100,string,int,56
0,Fixed window,100,string,int,56
0,Fixed window,100,string,int,56
0,Fixed window,100,string,int,56
0,Fixed window,100,string,int,56
0,Fixed window,100,string,int,56
0,Fixed window,100,string,int,56
0,Fixed window,100,string,int,56
0,Fixed window,100,string,int,56
0,Fixed window,100,string,int,56
0,Fixed window,100,string,int,56
0,Fixed window,100,string,int,56
0,Fixed window,100,string,int,56
0,Fixed window,100,string,int,56
0,Fixed window,100,string,int,56
0,Fixed window,100,string,int,56
0,Fixed window,100,string,int,56
0,Fixed window,100,string,int,56
0,Fixed window,100,string,int,56
0,Fixed window,100,string,int,56
0,Fixed window,100,string,int,56
0,Fixed window,100,string,int,56
0,Fixed window,100,string,int,56
0,Fixed window,100,string,int,56
0,Fixed window,100,string,int,56
0,Fixed window,100,string,int,56
0,Fixed window,100,string,int,56
0,Fixed window,100,string,int,56
0,Fixed window,100,string,int,56
0,Fixed window,100,string,int,56
0,Fixed window,100,string,int,56
0,Fixed window,100,string,int,56
0,Fixed window,100,string,int,56
0,Fixed window,100,string,int,56
0,Fixed window,100,string,int,56
0,Fixed window,100,string,int,56
0,Fixed window,100,string,int,56
0,Fixed window,100,string,int,56
0,Fixed window,100,string,int,56
0,Fixed window,100,string,int,56
0,Fixed window,100,string,int,56
0,Fixed window,100,string,int,56
0,Fixed window,100,string,int,56
0,Fixed window,100,string,int,56
0,Fixed window,100,string,int,56
0,Fixed window,100,string,int,56
0,Fixed window,100,string,int,56
0,Fixed window,100,string,int,56
0,Fixed window,100,string,int,56
0,Fixed window,100,string,int,56
0,Fixed window,100,string,int,56
0,Fixed window,100,string,int,56
0,Fixed window,100,string,int,56
0,Fixed window,100,string,int,56
0,Fixed window,100,string,int,56
0,Fixed window,100,string,int,56
0,Fixed window,100,string,int,56
0,Fixed window,100,string,int,56
0,Fixed window,100,string,int,56
0,Fixed window,100,string,int,56
0,Fixed window,100,string,int,56
0,Fixed window,100,string,int,56
0,Fixed window,100,string,int,56
0,Fixed window,100,string,int,56
0,Fixed window,100,string,int,56
0,Fixed window,100,string,int,56
0,Fixed window,100,string,int,56
0,Fixed window,100,string,int,56
0,Fixed window,100,string,int,56
0,Fixed window,100,string,int,56
0,Fixed window,100,string,int,56
0,Fixed window,100,string,int,56
0,Fixed window,100,string,int,56
0,Fixed window,100,string,int,56
0,Fixed window,100,string,int,56
0,Fixed window,100,string,int,56
0,Fixed window,100,string,int,56
0,Fixed window,100,string,int,56
0,Fixed window,100,string,int,56
0,Fixed window,100,string,int,56
0,Fixed window,100,string,int,56
0,Fixed window,100,string,int,56
0,Fixed window,100,string,int,56
0,Fixed window,100,string,int,56
0,Fixed window,100,string,int,56
0,Fixed window,100,string,int,56
0,Fixed window,100,string,int,56
0,Fixed window,100,string,int,56
0,Fixed window,100,string,int,56
0,Fixed window,100,string,int,56
0,Fixed window,100,string,int,56
0,Fixed window,100,string,int,56
0,Fixed window,100,string,int,56
0,Fixed window,100,string,int,56
0,Fixed window,100,string,int,56
0,Fixed window,100,string,int,56
0,Fixed window,100,string,int,56
0,Fixed window,100,string,int,56
0,Fixed window,100,string,int,56
0,Fixed window,100,string,int,56
0,Fixed window,100,string,int,56
0,Fixed window,100,string,int,56
0,Fixed window,100,string,int,56
0,Fixed window,100,string,int,56
0,Fixed window,100,string,int,56
0,Fixed window,100,string,int,56
0,Fixed window,100,string,int,56
0,Fixed window,100,string,int,56
0,Fixed window,100,string,int,56
0,Fixed window,100,string,int,56
0,Fixed window,100,string,int,56
0,Fixed window,100,string,int,56
0,Fixed window,100,string,int,56
0,Fixed window,100,string,int,56
0,Fixed window,100,string,int,56
0,Fixed window,100,string,int,56
0,Fixed window,100,string,int,56
0,Fixed window,100,string,int,56
0,Fixed window,100,string,int,56
0,Fixed window,100,string,int,56
0,Fixed window,100,string,int,56
0,Fixed window,100,string,int,56
0,Fixed window,100,string,int,56
0,Fixed window,100,string,int,56
0,Sliding window log,100,zset,listpack,5353
0,Sliding window log,100,zset,listpack,5349
0,Sliding window log,100,zset,listpack,5348
0,Sliding window log,100,zset,listpack,5354
0,Sliding window log,100,zset,listpack,5354
0,Sliding window log,100,zset,listpack,5353
0,Sliding window log,100,zset,listpack,5350
0,Sliding window log,100,zset,listpack,5352
0,Sliding window log,100,zset,listpack,5357
0,Sliding window log,100,zset,listpack,5345
0,Sliding window log,100,zset,listpack,5348
0,Sliding window log,100,zset,listpack,5348
0,Sliding window log,100,zset,listpack,5350
0,Sliding window log,100,zset,listpack,5348
0,Sliding window log,100,zset,listpack,5356
0,Sliding window log,100,zset,listpack,5354
0,Sliding window log,100,zset,listpack,5354
0,Sliding window log,100,zset,listpack,5353
0,Sliding window log,100,zset,listpack,5350
0,Sliding window log,100,zset,listpack,5353
0,Sliding window log,100,zset,listpack,5355
0,Sliding window log,100,zset,listpack,5354
0,Sliding window log,100,zset,listpack,5355
0,Sliding window log,100,zset,listpack,5349
0,Sliding window log,100,zset,listpack,5353
0,Sliding window log,100,zset,listpack,5352
0,Sliding window log,100,zset,listpack,5357
0,Sliding window log,100,zset,listpack,5354
0,Sliding window log,100,zset,listpack,5347
0,Sliding window log,100,zset,listpack,5356
0,Sliding window log,100,zset,listpack,5351
0,Sliding window log,100,zset,listpack,5353
0,Sliding window log,100,zset,listpack,5357
0,Sliding window log,100,zset,listpack,5351
0,Sliding window log,100,zset,listpack,5350
0,Sliding window log,100,zset,listpack,5357
0,Sliding window log,100,zset,listpack,5348
0,Sliding window log,100,zset,listpack,5355
0,Sliding window log,100,zset,listpack,5354
0,Sliding window log,100,zset,listpack,5355
0,Sliding window log,100,zset,listpack,5350
0,Sliding window log,100,zset,listpack,5356
0,Sliding window log,100,zset,listpack,5348
0,Sliding window log,100,zset,listpack,5347
0,Sliding window log,100,zset,listpack,5347
0,Sliding window log,100,zset,listpack,5350
0,Sliding window log,100,zset,listpack,5359
0,Sliding window log,100,zset,listpack,5353
0,Sliding window log,100,zset,listpack,5351
0,Sliding window log,100,zset,listpack,5354
0,Sliding window log,100,zset,listpack,5355
0,Sliding window log,100,zset,listpack,5356
0,Sliding window log,100,zset,listpack,5355
0,Sliding window log,100,zset,listpack,5352
0,Sliding window log,100,zset,listpack,5354
0,Sliding window log,100,zset,listpack,5344
0,Sliding window log,100,zset,listpack,5352
0,Sliding window log,100,zset,listpack,5345
0,Sliding window log,100,zset,listpack,5350
0,Sliding window log,100,zset,listpack,5355
0,Sliding window log,100,zset,listpack,5350
0,Sliding window log,100,zset,listpack,5353
0,Sliding window log,100,zset,listpack,5350
0,Sliding window log,100,zset,listpack,5348
0,Sliding window log,100,zset,listpack,5351
0,Sliding window log,100,zset,listpack,5351
0,Sliding window log,100,zset,listpack,5352
0,Sliding window log,100,zset,listpack,5351
0,Sliding window log,100,zset,listpack,5351
0,Sliding window log,100,zset,listpack,5349
0,Sliding window log,100,zset,listpack,5359
0,Sliding window log,100,zset,listpack,5357
0,Sliding window log,100,zset,listpack,5354
0,Sliding window log,100,zset,listpack,5356
0,Sliding window log,100,zset,listpack,5348
0,Sliding window log,100,zset,listpack,5347
0,Sliding window log,100,zset,listpack,5357
0,Sliding window log,100,zset,listpack,5353
0,Sliding window log,100,zset,listpack,5351
0,Sliding window log,100,zset,listpack,5352
0,Sliding window log,100,zset,listpack,5356
0,Sliding window log,100,zset,listpack,5352
0,Sliding window log,100,zset,listpack,5353
0,Sliding window log,100,zset,listpack,5356
0,Sliding window log,100,zset,listpack,5356
0,Sliding window log,100,zset,listpack,5358
0,Sliding window log,100,zset,listpack,5348
0,Sliding window log,100,zset,listpack,5352
0,Sliding window log,100,zset,listpack,5352
0,Sliding window log,100,zset,listpack,5352
0,Sliding window log,100,zset,listpack,5346
0,Sliding window log,100,zset,listpack,5357
0,Sliding window log,100,zset,listpack,5351
0,Sliding window log,100,zset,listpack,5352
0,Sliding window log,100,zset,listpack,5347
0,Sliding window log,100,zset,listpack,5356
0,Sliding window log,100,zset,listpack,5350
0,Sliding window log,100,zset,listpack,5343
0,Sliding window log,100,zset,listpack,5350
0,Sliding window log,100,zset,listpack,5351
0,Sliding window log,100,zset,listpack,5354
0,Sliding window log,100,zset,listpack,5352
0,Sliding window log,100,zset,listpack,5349
0,Sliding window log,100,zset,listpack,5348
0,Sliding window log,100,zset,listpack,5349
0,Sliding window log,100,zset,listpack,5350
0,Sliding window log,100,zset,listpack,5351
0,Sliding window log,100,zset,listpack,5354
0,Sliding window log,100,zset,listpack,5352
0,Sliding window log,100,zset,listpack,5346
0,Sliding window log,100,zset,listpack,5355
0,Sliding window log,100,zset,listpack,5346
0,Sliding window log,100,zset,listpack,5357
0,Sliding window log,100,zset,listpack,5351
0,Sliding window log,100,zset,listpack,5352
0,Sliding window log,100,zset,listpack,5351
0,Sliding window log,100,zset,listpack,5343
0,Sliding window log,100,zset,listpack,5350
0,Sliding window log,100,zset,listpack,5354
0,Sliding window log,100,zset,listpack,5350
0,Sliding window log,100,zset,listpack,5361
0,Sliding window log,100,zset,listpack,5356
0,Sliding window log,100,zset,listpack,5349
0,Sliding window log,100,zset,listpack,5350
0,Sliding window log,100,zset,listpack,5352
0,Sliding window log,100,zset,listpack,5353
0,Sliding window log,100,zset,listpack,5356
0,Sliding window log,100,zset,listpack,5348
0,Sliding window log,100,zset,listpack,5352
0,Sliding window log,100,zset,listpack,5349
0,Sliding window log,100,zset,listpack,5353
0,Sliding window log,100,zset,listpack,5354
0,Sliding window log,100,zset,listpack,5352
0,Sliding window log,100,zset,listpack,5355
0,Sliding window log,100,zset,listpack,5345
0,Sliding window log,100,zset,listpack,5353
0,Sliding window log,100,zset,listpack,5346
0,Sliding window log,100,zset,listpack,5348
0,Sliding window log,100,zset,listpack,5346
0,Sliding window log,100,zset,listpack,5349
0,Sliding window log,100,zset,listpack,5353
0,Sliding window log,100,zset,listpack,5352
0,Sliding window log,100,zset,listpack,5358
0,Sliding window log,100,zset,listpack,5356
0,Sliding window log,100,zset,listpack,5352
0,Sliding window log,100,zset,listpack,5354
0,Sliding window log,100,zset,listpack,5353
0,Sliding window log,100,zset,listpack,5349
0,Sliding window log,100,zset,listpack,5353
0,Sliding window log,100,zset,listpack,5361
0,Sliding window log,100,zset,listpack,5351
0,Sliding window log,100,zset,listpack,5355
0,Sliding window log,100,zset,listpack,5351
0,Sliding window log,100,zset,listpack,5353
0,Sliding window log,100,zset,listpack,5354
0,Sliding window log,100,zset,listpack,5352
0,Sliding window log,100,zset,listpack,5352
0,Sliding window log,100,zset,listpack,5353
0,Sliding window log,100,zset,listpack,5346
0,Sliding window log,100,zset,listpack,5350
0,Sliding window log,100,zset,listpack,5350
0,Sliding window log,100,zset,listpack,5350
0,Sliding window log,100,zset,listpack,5356
0,Sliding window log,100,zset,listpack,5351
0,Sliding window log,100,zset,listpack,5354
0,Sliding window log,100,zset,listpack,5345
0,Sliding window log,100,zset,listpack,5353
0,Sliding window log,100,zset,listpack,5358
0,Sliding window log,100,zset,listpack,5355
0,Sliding window log,100,zset,listpack,5346
0,Sliding window log,100,zset,listpack,5353
0,Sliding window log,100,zset,listpack,5358
0,Sliding window log,100,zset,listpack,5352
0,Sliding window log,100,zset,listpack,5362
0,Sliding window log,100,zset,listpack,5353
0,Sliding window log,100,zset,listpack,5355
0,Sliding window log,100,zset,listpack,5358
0,Sliding window log,100,zset,listpack,5353
0,Sliding window log,100,zset,listpack,5355
0,Sliding window log,100,zset,listpack,5355
0,Sliding window log,100,zset,listpack,5353
0,Sliding window log,100,zset,listpack,5357
0,Sliding window log,100,zset,listpack,5347
0,Sliding window log,100,zset,listpack,5353
0,Sliding window log,100,zset,listpack,5345
0,Sliding window log,100,zset,listpack,5351
0,Sliding window log,100,zset,listpack,5353
0,Sliding window log,100,zset,listpack,5350
0,Sliding window log,100,zset,listpack,5352
0,Sliding window log,100,zset,listpack,5349
0,Sliding window log,100,zset,listpack,5349
0,Sliding window log,100,zset,listpack,5347
0,Sliding window log,100,zset,listpack,5337
0,Sliding window log,100,zset,listpack,5350
0,Sliding window log,100,zset,listpack,5347
0,Sliding window log,100,zset,listpack,5351
0,Sliding window log,100,zset,listpack,5350
0,Sliding window log,100,zset,listpack,5340
0,Sliding window log,100,zset,listpack,5350
0,Sliding window log,100,zset,listpack,5347
0,Sliding window counter,100,hash,listpack,93
0,Sliding window counter,100,hash,listpack,93
0,Sliding window counter,100,hash,listpack,93
0,Sliding window counter,100,hash,listpack,93
0,Sliding window counter,100,hash,listpack,93
0,Sliding window counter,100,hash,listpack,93
0,Sliding window counter,100,hash,listpack,93
0,Sliding window counter,100,hash,listpack,93
0,Sliding window counter,100,hash,listpack,93
0,Sliding window counter,100,hash,listpack,93
0,Sliding window counter,100,hash,listpack,93
0,Sliding window counter,100,hash,listpack,93
0,Sliding window counter,100,hash,listpack,93
0,Sliding window counter,100,hash,listpack,93
0,Sliding window counter,100,hash,listpack,93
0,Sliding window counter,100,hash,listpack,93
0,Sliding window counter,100,hash,listpack,93
0,Sliding window counter,100,hash,listpack,93
0,Sliding window counter,100,hash,listpack,93
0,Sliding window counter,100,hash,listpack,93
0,Sliding window counter,100,hash,listpack,93
0,Sliding window counter,100,hash,listpack,93
0,Sliding window counter,100,hash,listpack,93
0,Sliding window counter,100,hash,listpack,93
0,Sliding window counter,100,hash,listpack,93
0,Sliding window counter,100,hash,listpack,93
0,Sliding window counter,100,hash,listpack,93
0,Sliding window counter,100,hash,listpack,93
0,Sliding window counter,100,hash,listpack,93
0,Sliding window counter,100,hash,listpack,93
0,Sliding window counter,100,hash,listpack,93
0,Sliding window counter,100,hash,listpack,93
0,Sliding window counter,100,hash,listpack,93
0,Sliding window counter,100,hash,listpack,93
0,Sliding window counter,100,hash,listpack,93
0,Sliding window counter,100,hash,listpack,93
0,Sliding window counter,100,hash,listpack,93
0,Sliding window counter,100,hash,listpack,93
0,Sliding window counter,100,hash,listpack,93
0,Sliding window counter,100,hash,listpack,93
0,Sliding window counter,100,hash,listpack,93
0,Sliding window counter,100,hash,listpack,93
0,Sliding window counter,100,hash,listpack,93
0,Sliding window counter,100,hash,listpack,93
0,Sliding window counter,100,hash,listpack,93
0,Sliding window counter,100,hash,listpack,93
0,Sliding window counter,100,hash,listpack,93
0,Sliding window counter,100,hash,listpack,93
0,Sliding window counter,100,hash,listpack,93
0,Sliding window counter,100,hash,listpack,93
0,Sliding window counter,100,hash,listpack,93
0,Sliding window counter,100,hash,listpack,93
0,Sliding window counter,100,hash,listpack,93
0,Sliding window counter,100,hash,listpack,93
0,Sliding window counter,100,hash,listpack,93
0,Sliding window counter,100,hash,listpack,93
0,Sliding window counter,100,hash,listpack,93
0,Sliding window counter,100,hash,listpack,93
0,Sliding window counter,100,hash,listpack,93
0,Sliding window counter,100,hash,listpack,93
0,Sliding window counter,100,hash,listpack,93
0,Sliding window counter,100,hash,listpack,93
0,Sliding window counter,100,hash,listpack,93
0,Sliding window counter,100,hash,listpack,93
0,Sliding window counter,100,hash,listpack,93
0,Sliding window counter,100,hash,listpack,93
0,Sliding window counter,100,hash,listpack,93
0,Sliding window counter,100,hash,listpack,93
0,Sliding window counter,100,hash,listpack,93
0,Sliding window counter,100,hash,listpack,93
0,Sliding window counter,100,hash,listpack,93
0,Sliding window counter,100,hash,listpack,93
0,Sliding window counter,100,hash,listpack,93
0,Sliding window counter,100,hash,listpack,93
0,Sliding window counter,100,hash,listpack,93
0,Sliding window counter,100,hash,listpack,93
0,Sliding window counter,100,hash,listpack,93
0,Sliding window counter,100,hash,listpack,93
0,Sliding window counter,100,hash,listpack,93
0,Sliding window counter,100,hash,listpack,93
0,Sliding window counter,100,hash,listpack,93
0,Sliding window counter,100,hash,listpack,93
0,Sliding window counter,100,hash,listpack,93
0,Sliding window counter,100,hash,listpack,93
0,Sliding window counter,100,hash,listpack,93
0,Sliding window counter,100,hash,listpack,93
0,Sliding window counter,100,hash,listpack,93
0,Sliding window counter,100,hash,listpack,93
0,Sliding window counter,100,hash,listpack,93
0,Sliding window counter,100,hash,listpack,93
0,Sliding window counter,100,hash,listpack,93
0,Sliding window counter,100,hash,listpack,93
0,Sliding window counter,100,hash,listpack,93
0,Sliding window counter,100,hash,listpack,93
0,Sliding window counter,100,hash,listpack,93
0,Sliding window counter,100,hash,listpack,93
0,Sliding window counter,100,hash,listpack,93
0,Sliding window counter,100,hash,listpack,93
0,Sliding window counter,100,hash,listpack,93
0,Sliding window counter,100,hash,listpack,93
0,Sliding window counter,100,hash,listpack,93
0,Sliding window counter,100,hash,listpack,93
0,Sliding window counter,100,hash,listpack,93
0,Sliding window counter,100,hash,listpack,93
0,Sliding window counter,100,hash,listpack,93
0,Sliding window counter,100,hash,listpack,93
0,Sliding window counter,100,hash,listpack,93
0,Sliding window counter,100,hash,listpack,93
0,Sliding window counter,100,hash,listpack,93
0,Sliding window counter,100,hash,listpack,93
0,Sliding window counter,100,hash,listpack,93
0,Sliding window counter,100,hash,listpack,93
0,Sliding window counter,100,hash,listpack,93
0,Sliding window counter,100,hash,listpack,93
0,Sliding window counter,100,hash,listpack,93
0,Sliding window counter,100,hash,listpack,93
0,Sliding window counter,100,hash,listpack,93
0,Sliding window counter,100,hash,listpack,93
0,Sliding window counter,100,hash,listpack,93
0,Sliding window counter,100,hash,listpack,93
0,Sliding window counter,100,hash,listpack,93
0,Sliding window counter,100,hash,listpack,93
0,Sliding window counter,100,hash,listpack,93
0,Sliding window counter,100,hash,listpack,93
0,Sliding window counter,100,hash,listpack,93
0,Sliding window counter,100,hash,listpack,93
0,Sliding window counter,100,hash,listpack,93
0,Sliding window counter,100,hash,listpack,93
0,Sliding window counter,100,hash,listpack,93
0,Sliding window counter,100,hash,listpack,93
0,Sliding window counter,100,hash,listpack,93
0,Sliding window counter,100,hash,listpack,93
0,Sliding window counter,100,hash,listpack,93
0,Sliding window counter,100,hash,listpack,93
0,Sliding window counter,100,hash,listpack,93
0,Sliding window counter,100,hash,listpack,93
0,Sliding window counter,100,hash,listpack,93
0,Sliding window counter,100,hash,listpack,93
0,Sliding window counter,100,hash,listpack,93
0,Sliding window counter,100,hash,listpack,93
0,Sliding window counter,100,hash,listpack,93
0,Sliding window counter,100,hash,listpack,93
0,Sliding window counter,100,hash,listpack,93
0,Sliding window counter,100,hash,listpack,93
0,Sliding window counter,100,hash,listpack,93
0,Sliding window counter,100,hash,listpack,93
0,Sliding window counter,100,hash,listpack,93
0,Sliding window counter,100,hash,listpack,93
0,Sliding window counter,100,hash,listpack,93
0,Sliding window counter,100,hash,listpack,93
0,Sliding window counter,100,hash,listpack,93
0,Sliding window counter,100,hash,listpack,93
0,Sliding window counter,100,hash,listpack,93
0,Sliding window counter,100,hash,listpack,93
0,Sliding window counter,100,hash,listpack,93
0,Sliding window counter,100,hash,listpack,93
0,Sliding window counter,100,hash,listpack,93
0,Sliding window counter,100,hash,listpack,93
0,Sliding window counter,100,hash,listpack,93
0,Sliding window counter,100,hash,listpack,93
0,Sliding window counter,100,hash,listpack,93
0,Sliding window counter,100,hash,listpack,93
0,Sliding window counter,100,hash,listpack,93
0,Sliding window counter,100,hash,listpack,93
0,Sliding window counter,100,hash,listpack,93
0,Sliding window counter,100,hash,listpack,93
0,Sliding window counter,100,hash,listpack,93
0,Sliding window counter,100,hash,listpack,93
0,Sliding window counter,100,hash,listpack,93
0,Sliding window counter,100,hash,listpack,93
0,Sliding window counter,100,hash,listpack,93
0,Sliding window counter,100,hash,listpack,93
0,Sliding window counter,100,hash,listpack,93
0,Sliding window counter,100,hash,listpack,93
0,Sliding window counter,100,hash,listpack,93
0,Sliding window counter,100,hash,listpack,93
0,Sliding window counter,100,hash,listpack,93
0,Sliding window counter,100,hash,listpack,93
0,Sliding window counter,100,hash,listpack,93
0,Sliding window counter,100,hash,listpack,93
0,Sliding window counter,100,hash,listpack,93
0,Sliding window counter,100,hash,listpack,93
0,Sliding window counter,100,hash,listpack,93
0,Sliding window counter,100,hash,listpack,93
0,Sliding window counter,100,hash,listpack,93
0,Sliding window counter,100,hash,listpack,93
0,Sliding window counter,100,hash,listpack,93
0,Sliding window counter,100,hash,listpack,93
0,Sliding window counter,100,hash,listpack,93
0,Sliding window counter,100,hash,listpack,93
0,Sliding window counter,100,hash,listpack,93
0,Sliding window counter,100,hash,listpack,93
0,Sliding window counter,100,hash,listpack,93
0,Sliding window counter,100,hash,listpack,93
0,Sliding window counter,100,hash,listpack,93
0,Sliding window counter,100,hash,listpack,93
0,Sliding window counter,100,hash,listpack,93
0,Sliding window counter,100,hash,listpack,93
0,Sliding window counter,100,hash,listpack,93
0,Sliding window counter,100,hash,listpack,93
0,Token bucket,100,hash,listpack,116
0,Token bucket,100,hash,listpack,117
0,Token bucket,100,hash,listpack,116
0,Token bucket,100,hash,listpack,116
0,Token bucket,100,hash,listpack,117
0,Token bucket,100,hash,listpack,116
0,Token bucket,100,hash,listpack,117
0,Token bucket,100,hash,listpack,116
0,Token bucket,100,hash,listpack,117
0,Token bucket,100,hash,listpack,117
0,Token bucket,100,hash,listpack,117
0,Token bucket,100,hash,listpack,115
0,Token bucket,100,hash,listpack,117
0,Token bucket,100,hash,listpack,116
0,Token bucket,100,hash,listpack,116
0,Token bucket,100,hash,listpack,116
0,Token bucket,100,hash,listpack,117
0,Token bucket,100,hash,listpack,117
0,Token bucket,100,hash,listpack,117
0,Token bucket,100,hash,listpack,117
0,Token bucket,100,hash,listpack,117
0,Token bucket,100,hash,listpack,117
0,Token bucket,100,hash,listpack,117
0,Token bucket,100,hash,listpack,116
0,Token bucket,100,hash,listpack,117
0,Token bucket,100,hash,listpack,114
0,Token bucket,100,hash,listpack,117
0,Token bucket,100,hash,listpack,117
0,Token bucket,100,hash,listpack,115
0,Token bucket,100,hash,listpack,114
0,Token bucket,100,hash,listpack,116
0,Token bucket,100,hash,listpack,117
0,Token bucket,100,hash,listpack,117
0,Token bucket,100,hash,listpack,117
0,Token bucket,100,hash,listpack,116
0,Token bucket,100,hash,listpack,117
0,Token bucket,100,hash,listpack,115
0,Token bucket,100,hash,listpack,116
0,Token bucket,100,hash,listpack,117
0,Token bucket,100,hash,listpack,116
0,Token bucket,100,hash,listpack,117
0,Token bucket,100,hash,listpack,117
0,Token bucket,100,hash,listpack,117
0,Token bucket,100,hash,listpack,116
0,Token bucket,100,hash,listpack,117
0,Token bucket,100,hash,listpack,116
0,Token bucket,100,hash,listpack,117
0,Token bucket,100,hash,listpack,116
0,Token bucket,100,hash,listpack,117
0,Token bucket,100,hash,listpack,117
0,Token bucket,100,hash,listpack,116
0,Token bucket,100,hash,listpack,116
0,Token bucket,100,hash,listpack,117
0,Token bucket,100,hash,listpack,117
0,Token bucket,100,hash,listpack,117
0,Token bucket,100,hash,listpack,117
0,Token bucket,100,hash,listpack,115
0,Token bucket,100,hash,listpack,117
0,Token bucket,100,hash,listpack,117
0,Token bucket,100,hash,listpack,117
0,Token bucket,100,hash,listpack,116
0,Token bucket,100,hash,listpack,117
0,Token bucket,100,hash,listpack,116
0,Token bucket,100,hash,listpack,116
0,Token bucket,100,hash,listpack,117
0,Token bucket,100,hash,listpack,117
0,Token bucket,100,hash,listpack,116
0,Token bucket,100,hash,listpack,116
0,Token bucket,100,hash,listpack,117
0,Token bucket,100,hash,listpack,117
0,Token bucket,100,hash,listpack,116
0,Token bucket,100,hash,listpack,116
0,Token bucket,100,hash,listpack,116
0,Token bucket,100,hash,listpack,115
0,Token bucket,100,hash,listpack,117
0,Token bucket,100,hash,listpack,116
0,Token bucket,100,hash,listpack,117
0,Token bucket,100,hash,listpack,116
0,Token bucket,100,hash,listpack,117
0,Token bucket,100,hash,listpack,117
0,Token bucket,100,hash,listpack,117
0,Token bucket,100,hash,listpack,117
0,Token bucket,100,hash,listpack,117
0,Token bucket,100,hash,listpack,117
0,Token bucket,100,hash,listpack,117
0,Token bucket,100,hash,listpack,116
0,Token bucket,100,hash,listpack,116
0,Token bucket,100,hash,listpack,117
0,Token bucket,100,hash,listpack,117
0,Token bucket,100,hash,listpack,117
0,Token bucket,100,hash,listpack,116
0,Token bucket,100,hash,listpack,117
0,Token bucket,100,hash,listpack,116
0,Token bucket,100,hash,listpack,116
0,Token bucket,100,hash,listpack,117
0,Token bucket,100,hash,listpack,117
0,Token bucket,100,hash,listpack,117
0,Token bucket,100,hash,listpack,117
0,Token bucket,100,hash,listpack,116
0,Token bucket,100,hash,listpack,116
0,Token bucket,100,hash,listpack,117
0,Token bucket,100,hash,listpack,117
0,Token bucket,100,hash,listpack,117
0,Token bucket,100,hash,listpack,116
0,Token bucket,100,hash,listpack,117
0,Token bucket,100,hash,listpack,117
0,Token bucket,100,hash,listpack,115
0,Token bucket,100,hash,listpack,117
0,Token bucket,100,hash,listpack,116
0,Token bucket,100,hash,listpack,117
0,Token bucket,100,hash,listpack,117
0,Token bucket,100,hash,listpack,116
0,Token bucket,100,hash,listpack,117
0,Token bucket,100,hash,listpack,114
0,Token bucket,100,hash,listpack,117
0,Token bucket,100,hash,listpack,117
0,Token bucket,100,hash,listpack,116
0,Token bucket,100,hash,listpack,117
0,Token bucket,100,hash,listpack,117
0,Token bucket,100,hash,listpack,117
0,Token bucket,100,hash,listpack,116
0,Token bucket,100,hash,listpack,117
0,Token bucket,100,hash,listpack,116
0,Token bucket,100,hash,listpack,116
0,Token bucket,100,hash,listpack,115
0,Token bucket,100,hash,listpack,117
0,Token bucket,100,hash,listpack,117
0,Token bucket,100,hash,listpack,116
0,Token bucket,100,hash,listpack,117
0,Token bucket,100,hash,listpack,116
0,Token bucket,100,hash,listpack,116
0,Token bucket,100,hash,listpack,117
0,Token bucket,100,hash,listpack,117
0,Token bucket,100,hash,listpack,117
0,Token bucket,100,hash,listpack,117
0,Token bucket,100,hash,listpack,115
0,Token bucket,100,hash,listpack,117
0,Token bucket,100,hash,listpack,117
0,Token bucket,100,hash,listpack,117
0,Token bucket,100,hash,listpack,116
0,Token bucket,100,hash,listpack,116
0,Token bucket,100,hash,listpack,117
0,Token bucket,100,hash,listpack,116
0,Token bucket,100,hash,listpack,117
0,Token bucket,100,hash,listpack,117
0,Token bucket,100,hash,listpack,117
0,Token bucket,100,hash,listpack,116
0,Token bucket,100,hash,listpack,117
0,Token bucket,100,hash,listpack,117
0,Token bucket,100,hash,listpack,117
0,Token bucket,100,hash,listpack,117
0,Token bucket,100,hash,listpack,117
0,Token bucket,100,hash,listpack,116
0,Token bucket,100,hash,listpack,117
0,Token bucket,100,hash,listpack,117
0,Token bucket,100,hash,listpack,116
0,Token bucket,100,hash,listpack,116
0,Token bucket,100,hash,listpack,115
0,Token bucket,100,hash,listpack,117
0,Token bucket,100,hash,listpack,116
0,Token bucket,100,hash,listpack,117
0,Token bucket,100,hash,listpack,117
0,Token bucket,100,hash,listpack,117
0,Token bucket,100,hash,listpack,117
0,Token bucket,100,hash,listpack,116
0,Token bucket,100,hash,listpack,117
0,Token bucket,100,hash,listpack,116
0,Token bucket,100,hash,listpack,116
0,Token bucket,100,hash,listpack,117
0,Token bucket,100,hash,listpack,114
0,Token bucket,100,hash,listpack,116
0,Token bucket,100,hash,listpack,117
0,Token bucket,100,hash,listpack,117
0,Token bucket,100,hash,listpack,115
0,Token bucket,100,hash,listpack,117
0,Token bucket,100,hash,listpack,117
0,Token bucket,100,hash,listpack,117
0,Token bucket,100,hash,listpack,116
0,Token bucket,100,hash,listpack,116
0,Token bucket,100,hash,listpack,116
0,Token bucket,100,hash,listpack,117
0,Token bucket,100,hash,listpack,116
0,Token bucket,100,hash,listpack,117
0,Token bucket,100,hash,listpack,116
0,Token bucket,100,hash,listpack,116
0,Token bucket,100,hash,listpack,116
0,Token bucket,100,hash,listpack,115
0,Token bucket,100,hash,listpack,116
0,Token bucket,100,hash,listpack,116
0,Token bucket,100,hash,listpack,116
0,Token bucket,100,hash,listpack,116
0,Token bucket,100,hash,listpack,117
0,Token bucket,100,hash,listpack,116
0,Token bucket,100,hash,listpack,117
0,Token bucket,100,hash,listpack,117
0,Token bucket,100,hash,listpack,117
0,Token bucket,100,hash,listpack,116
0,Token bucket,100,hash,listpack,117
0,Token bucket,100,hash,listpack,117
0,Token bucket,100,hash,listpack,117
0,Leaky bucket,100,hash,listpack,112
0,Leaky bucket,100,hash,listpack,112
0,Leaky bucket,100,hash,listpack,112
0,Leaky bucket,100,hash,listpack,112
0,Leaky bucket,100,hash,listpack,112
0,Leaky bucket,100,hash,listpack,112
0,Leaky bucket,100,hash,listpack,113
0,Leaky bucket,100,hash,listpack,111
0,Leaky bucket,100,hash,listpack,111
0,Leaky bucket,100,hash,listpack,113
0,Leaky bucket,100,hash,listpack,111
0,Leaky bucket,100,hash,listpack,113
0,Leaky bucket,100,hash,listpack,113
0,Leaky bucket,100,hash,listpack,113
0,Leaky bucket,100,hash,listpack,112
0,Leaky bucket,100,hash,listpack,112
0,Leaky bucket,100,hash,listpack,112
0,Leaky bucket,100,hash,listpack,117
0,Leaky bucket,100,hash,listpack,111
0,Leaky bucket,100,hash,listpack,113
0,Leaky bucket,100,hash,listpack,111
0,Leaky bucket,100,hash,listpack,113
0,Leaky bucket,100,hash,listpack,113
0,Leaky bucket,100,hash,listpack,113
0,Leaky bucket,100,hash,listpack,113
0,Leaky bucket,100,hash,listpack,113
0,Leaky bucket,100,hash,listpack,113
0,Leaky bucket,100,hash,listpack,113
0,Leaky bucket,100,hash,listpack,112
0,Leaky bucket,100,hash,listpack,112
0,Leaky bucket,100,hash,listpack,112
0,Leaky bucket,100,hash,listpack,113
0,Leaky bucket,100,hash,listpack,112
0,Leaky bucket,100,hash,listpack,113
0,Leaky bucket,100,hash,listpack,113
0,Leaky bucket,100,hash,listpack,112
0,Leaky bucket,100,hash,listpack,113
0,Leaky bucket,100,hash,listpack,112
0,Leaky bucket,100,hash,listpack,112
0,Leaky bucket,100,hash,listpack,113
0,Leaky bucket,100,hash,listpack,110
0,Leaky bucket,100,hash,listpack,113
0,Leaky bucket,100,hash,listpack,113
0,Leaky bucket,100,hash,listpack,112
0,Leaky bucket,100,hash,listpack,113
0,Leaky bucket,100,hash,listpack,112
0,Leaky bucket,100,hash,listpack,112
0,Leaky bucket,100,hash,listpack,113
0,Leaky bucket,100,hash,listpack,112
0,Leaky bucket,100,hash,listpack,112
0,Leaky bucket,100,hash,listpack,113
0,Leaky bucket,100,hash,listpack,112
0,Leaky bucket,100,hash,listpack,112
0,Leaky bucket,100,hash,listpack,112
0,Leaky bucket,100,hash,listpack,112
0,Leaky bucket,100,hash,listpack,113
0,Leaky bucket,100,hash,listpack,113
0,Leaky bucket,100,hash,listpack,112
0,Leaky bucket,100,hash,listpack,112
0,Leaky bucket,100,hash,listpack,113
0,Leaky bucket,100,hash,listpack,112
0,Leaky bucket,100,hash,listpack,113
0,Leaky bucket,100,hash,listpack,113
0,Leaky bucket,100,hash,listpack,113
0,Leaky bucket,100,hash,listpack,112
0,Leaky bucket,100,hash,listpack,112
0,Leaky bucket,100,hash,listpack,113
0,Leaky bucket,100,hash,listpack,112
0,Leaky bucket,100,hash,listpack,112
0,Leaky bucket,100,hash,listpack,113
0,Leaky bucket,100,hash,listpack,113
0,Leaky bucket,100,hash,listpack,113
0,Leaky bucket,100,hash,listpack,113
0,Leaky bucket,100,hash,listpack,113
0,Leaky bucket,100,hash,listpack,113
0,Leaky bucket,100,hash,listpack,112
0,Leaky bucket,100,hash,listpack,112
0,Leaky bucket,100,hash,listpack,112
0,Leaky bucket,100,hash,listpack,113
0,Leaky bucket,100,hash,listpack,113
0,Leaky bucket,100,hash,listpack,113
0,Leaky bucket,100,hash,listpack,112
0,Leaky bucket,100,hash,listpack,111
0,Leaky bucket,100,hash,listpack,113
0,Leaky bucket,100,hash,listpack,113
0,Leaky bucket,100,hash,listpack,112
0,Leaky bucket,100,hash,listpack,113
0,Leaky bucket,100,hash,listpack,113
0,Leaky bucket,100,hash,listpack,113
0,Leaky bucket,100,hash,listpack,112
0,Leaky bucket,100,hash,listpack,113
0,Leaky bucket,100,hash,listpack,112
0,Leaky bucket,100,hash,listpack,113
0,Leaky bucket,100,hash,listpack,113
0,Leaky bucket,100,hash,listpack,113
0,Leaky bucket,100,hash,listpack,112
0,Leaky bucket,100,hash,listpack,113
0,Leaky bucket,100,hash,listpack,113
0,Leaky bucket,100,hash,listpack,113
0,Leaky bucket,100,hash,listpack,113
0,Leaky bucket,100,hash,listpack,112
0,Leaky bucket,100,hash,listpack,112
0,Leaky bucket,100,hash,listpack,112
0,Leaky bucket,100,hash,listpack,113
0,Leaky bucket,100,hash,listpack,113
0,Leaky bucket,100,hash,listpack,112
0,Leaky bucket,100,hash,listpack,112
0,Leaky bucket,100,hash,listpack,113
0,Leaky bucket,100,hash,listpack,112
0,Leaky bucket,100,hash,listpack,112
0,Leaky bucket,100,hash,listpack,113
0,Leaky bucket,100,hash,listpack,113
0,Leaky bucket,100,hash,listpack,113
0,Leaky bucket,100,hash,listpack,112
0,Leaky bucket,100,hash,listpack,113
0,Leaky bucket,100,hash,listpack,113
0,Leaky bucket,100,hash,listpack,113
0,Leaky bucket,100,hash,listpack,112
0,Leaky bucket,100,hash,listpack,112
0,Leaky bucket,100,hash,listpack,111
0,Leaky bucket,100,hash,listpack,111
0,Leaky bucket,100,hash,listpack,112
0,Leaky bucket,100,hash,listpack,111
0,Leaky bucket,100,hash,listpack,112
0,Leaky bucket,100,hash,listpack,112
0,Leaky bucket,100,hash,listpack,113
0,Leaky bucket,100,hash,listpack,112
0,Leaky bucket,100,hash,listpack,113
0,Leaky bucket,100,hash,listpack,112
0,Leaky bucket,100,hash,listpack,113
0,Leaky bucket,100,hash,listpack,112
0,Leaky bucket,100,hash,listpack,112
0,Leaky bucket,100,hash,listpack,113
0,Leaky bucket,100,hash,listpack,113
0,Leaky bucket,100,hash,listpack,112
0,Leaky bucket,100,hash,listpack,112
0,Leaky bucket,100,hash,listpack,113
0,Leaky bucket,100,hash,listpack,112
0,Leaky bucket,100,hash,listpack,113
0,Leaky bucket,100,hash,listpack,113
0,Leaky bucket,100,hash,listpack,113
0,Leaky bucket,100,hash,listpack,111
0,Leaky bucket,100,hash,listpack,113
0,Leaky bucket,100,hash,listpack,113
0,Leaky bucket,100,hash,listpack,112
0,Leaky bucket,100,hash,listpack,113
0,Leaky bucket,100,hash,listpack,112
0,Leaky bucket,100,hash,listpack,113
0,Leaky bucket,100,hash,listpack,113
0,Leaky bucket,100,hash,listpack,113
0,Leaky bucket,100,hash,listpack,113
0,Leaky bucket,100,hash,listpack,112
0,Leaky bucket,100,hash,listpack,112
0,Leaky bucket,100,hash,listpack,113
0,Leaky bucket,100,hash,listpack,112
0,Leaky bucket,100,hash,listpack,111
0,Leaky bucket,100,hash,listpack,111
0,Leaky bucket,100,hash,listpack,112
0,Leaky bucket,100,hash,listpack,112
0,Leaky bucket,100,hash,listpack,113
0,Leaky bucket,100,hash,listpack,112
0,Leaky bucket,100,hash,listpack,111
0,Leaky bucket,100,hash,listpack,113
0,Leaky bucket,100,hash,listpack,112
0,Leaky bucket,100,hash,listpack,112
0,Leaky bucket,100,hash,listpack,113
0,Leaky bucket,100,hash,listpack,113
0,Leaky bucket,100,hash,listpack,113
0,Leaky bucket,100,hash,listpack,112
0,Leaky bucket,100,hash,listpack,112
0,Leaky bucket,100,hash,listpack,112
0,Leaky bucket,100,hash,listpack,109
0,Leaky bucket,100,hash,listpack,113
0,Leaky bucket,100,hash,listpack,112
0,Leaky bucket,100,hash,listpack,113
0,Leaky bucket,100,hash,listpack,113
0,Leaky bucket,100,hash,listpack,113
0,Leaky bucket,100,hash,listpack,112
0,Leaky bucket,100,hash,listpack,113
0,Leaky bucket,100,hash,listpack,113
0,Leaky bucket,100,hash,listpack,112
0,Leaky bucket,100,hash,listpack,112
0,Leaky bucket,100,hash,listpack,113
0,Leaky bucket,100,hash,listpack,112
0,Leaky bucket,100,hash,listpack,112
0,Leaky bucket,100,hash,listpack,113
0,Leaky bucket,100,hash,listpack,113
0,Leaky bucket,100,hash,listpack,113
0,Leaky bucket,100,hash,listpack,112
0,Leaky bucket,100,hash,listpack,113
0,Leaky bucket,100,hash,listpack,113
0,Leaky bucket,100,hash,listpack,113
0,Leaky bucket,100,hash,listpack,113
0,Leaky bucket,100,hash,listpack,112
0,Leaky bucket,100,hash,listpack,113
0,Leaky bucket,100,hash,listpack,112
0,Leaky bucket,100,hash,listpack,112
0,Leaky bucket,100,hash,listpack,112
0,Leaky bucket,100,hash,listpack,112
0,Leaky bucket,100,hash,listpack,112
0,GCRA,100,string,embstr,80
0,GCRA,100,string,embstr,80
0,GCRA,100,string,raw,71
0,GCRA,100,string,raw,71
0,GCRA,100,string,raw,71
0,GCRA,100,string,raw,71
0,GCRA,100,string,embstr,80
0,GCRA,100,string,embstr,80
0,GCRA,100,string,embstr,80
0,GCRA,100,string,embstr,80
0,GCRA,100,string,raw,71
0,GCRA,100,string,raw,71
0,GCRA,100,string,raw,71
0,GCRA,100,string,embstr,80
0,GCRA,100,string,embstr,80
0,GCRA,100,string,embstr,80
0,GCRA,100,string,embstr,80
0,GCRA,100,string,embstr,80
0,GCRA,100,string,embstr,80
0,GCRA,100,string,embstr,80
0,GCRA,100,string,raw,71
0,GCRA,100,string,embstr,80
0,GCRA,100,string,raw,71
0,GCRA,100,string,embstr,80
0,GCRA,100,string,raw,71
0,GCRA,100,string,embstr,80
0,GCRA,100,string,embstr,80
0,GCRA,100,string,raw,71
0,GCRA,100,string,embstr,80
0,GCRA,100,string,raw,71
0,GCRA,100,string,embstr,80
0,GCRA,100,string,raw,71
0,GCRA,100,string,raw,71
0,GCRA,100,string,raw,71
0,GCRA,100,string,raw,71
0,GCRA,100,string,embstr,80
0,GCRA,100,string,raw,71
0,GCRA,100,string,embstr,80
0,GCRA,100,string,raw,71
0,GCRA,100,string,embstr,80
0,GCRA,100,string,raw,71
0,GCRA,100,string,embstr,80
0,GCRA,100,string,embstr,80
0,GCRA,100,string,embstr,80
0,GCRA,100,string,raw,71
0,GCRA,100,string,embstr,80
0,GCRA,100,string,raw,71
0,GCRA,100,string,embstr,80
0,GCRA,100,string,embstr,80
0,GCRA,100,string,embstr,80
0,GCRA,100,string,raw,71
0,GCRA,100,string,embstr,80
0,GCRA,100,string,raw,71
0,GCRA,100,string,embstr,80
0,GCRA,100,string,embstr,80
0,GCRA,100,string,raw,71
0,GCRA,100,string,raw,71
0,GCRA,100,string,embstr,80
0,GCRA,100,string,raw,71
0,GCRA,100,string,embstr,80
0,GCRA,100,string,raw,71
0,GCRA,100,string,embstr,80
0,GCRA,100,string,embstr,80
0,GCRA,100,string,raw,71
0,GCRA,100,string,embstr,80
0,GCRA,100,string,embstr,80
0,GCRA,100,string,raw,71
0,GCRA,100,string,embstr,80
0,GCRA,100,string,raw,71
0,GCRA,100,string,embstr,80
0,GCRA,100,string,raw,71
0,GCRA,100,string,embstr,80
0,GCRA,100,string,embstr,80
0,GCRA,100,string,raw,71
0,GCRA,100,string,embstr,80
0,GCRA,100,string,embstr,80
0,GCRA,100,string,raw,71
0,GCRA,100,string,embstr,80
0,GCRA,100,string,embstr,80
0,GCRA,100,string,embstr,80
0,GCRA,100,string,embstr,80
0,GCRA,100,string,embstr,80
0,GCRA,100,string,embstr,80
0,GCRA,100,string,embstr,80
0,GCRA,100,string,raw,71
0,GCRA,100,string,raw,71
0,GCRA,100,string,embstr,80
0,GCRA,100,string,embstr,80
0,GCRA,100,string,embstr,80
0,GCRA,100,string,raw,71
0,GCRA,100,string,raw,71
0,GCRA,100,string,embstr,80
0,GCRA,100,string,raw,71
0,GCRA,100,string,embstr,80
0,GCRA,100,string,embstr,80
0,GCRA,100,string,embstr,80
0,GCRA,100,string,embstr,80
0,GCRA,100,string,raw,71
0,GCRA,100,string,embstr,80
0,GCRA,100,string,embstr,80
0,GCRA,100,string,embstr,80
0,GCRA,100,string,raw,71
0,GCRA,100,string,embstr,80
0,GCRA,100,string,embstr,80
0,GCRA,100,string,embstr,80
0,GCRA,100,string,embstr,80
0,GCRA,100,string,raw,71
0,GCRA,100,string,embstr,80
0,GCRA,100,string,embstr,80
0,GCRA,100,string,raw,71
0,GCRA,100,string,embstr,80
0,GCRA,100,string,embstr,80
0,GCRA,100,string,raw,71
0,GCRA,100,string,embstr,80
0,GCRA,100,string,embstr,80
0,GCRA,100,string,raw,71
0,GCRA,100,string,raw,71
0,GCRA,100,string,raw,71
0,GCRA,100,string,raw,71
0,GCRA,100,string,raw,71
0,GCRA,100,string,raw,71
0,GCRA,100,string,embstr,80
0,GCRA,100,string,raw,71
0,GCRA,100,string,embstr,80
0,GCRA,100,string,embstr,80
0,GCRA,100,string,embstr,80
0,GCRA,100,string,embstr,80
0,GCRA,100,string,embstr,80
0,GCRA,100,string,embstr,80
0,GCRA,100,string,raw,71
0,GCRA,100,string,embstr,80
0,GCRA,100,string,raw,71
0,GCRA,100,string,raw,71
0,GCRA,100,string,raw,71
0,GCRA,100,string,embstr,80
0,GCRA,100,string,embstr,80
0,GCRA,100,string,raw,71
0,GCRA,100,string,embstr,80
0,GCRA,100,string,embstr,80
0,GCRA,100,string,embstr,80
0,GCRA,100,string,embstr,80
0,GCRA,100,string,embstr,80
0,GCRA,100,string,embstr,80
0,GCRA,100,string,raw,71
0,GCRA,100,string,embstr,80
0,GCRA,100,string,raw,71
0,GCRA,100,string,embstr,80
0,GCRA,100,string,raw,71
0,GCRA,100,string,raw,71
0,GCRA,100,string,embstr,80
0,GCRA,100,string,raw,71
0,GCRA,100,string,raw,71
0,GCRA,100,string,raw,71
0,GCRA,100,string,raw,71
0,GCRA,100,string,raw,71
0,GCRA,100,string,raw,71
0,GCRA,100,string,embstr,80
0,GCRA,100,string,embstr,80
0,GCRA,100,string,embstr,80
0,GCRA,100,string,raw,71
0,GCRA,100,string,raw,71
0,GCRA,100,string,raw,71
0,GCRA,100,string,raw,71
0,GCRA,100,string,embstr,80
0,GCRA,100,string,raw,71
0,GCRA,100,string,embstr,80
0,GCRA,100,string,raw,71
0,GCRA,100,string,raw,71
0,GCRA,100,string,embstr,80
0,GCRA,100,string,raw,71
0,GCRA,100,string,raw,71
0,GCRA,100,string,embstr,80
0,GCRA,100,string,embstr,80
0,GCRA,100,string,raw,71
0,GCRA,100,string,embstr,80
0,GCRA,100,string,embstr,80
0,GCRA,100,string,raw,71
0,GCRA,100,string,embstr,80
0,GCRA,100,string,embstr,80
0,GCRA,100,string,embstr,80
0,GCRA,100,string,embstr,80
0,GCRA,100,string,embstr,80
0,GCRA,100,string,raw,71
0,GCRA,100,string,embstr,80
0,GCRA,100,string,raw,71
0,GCRA,100,string,raw,71
0,GCRA,100,string,raw,71
0,GCRA,100,string,embstr,80
0,GCRA,100,string,embstr,80
0,GCRA,100,string,embstr,80
0,GCRA,100,string,embstr,80
0,GCRA,100,string,raw,71
0,GCRA,100,string,raw,71
0,GCRA,100,string,embstr,80
0,GCRA,100,string,raw,71
0,GCRA,100,string,embstr,80
0,GCRA,100,string,embstr,80
0,GCRA,100,string,raw,71
0,GCRA,100,string,embstr,80
0,GCRA,100,string,embstr,80
0,"Sliding window log at 1,000/min",1000,zset,skiplist,110040
0,"Sliding window log at 1,000/min",1000,zset,skiplist,110264
0,"Sliding window log at 1,000/min",1000,zset,skiplist,110232
0,"Sliding window log at 1,000/min",1000,zset,skiplist,110072
0,"Sliding window log at 1,000/min",1000,zset,skiplist,110408
0,"Sliding window log at 1,000/min",1000,zset,skiplist,110696
0,"Sliding window log at 1,000/min",1000,zset,skiplist,109896
0,"Sliding window log at 1,000/min",1000,zset,skiplist,110840
0,"Sliding window log at 1,000/min",1000,zset,skiplist,110776
0,"Sliding window log at 1,000/min",1000,zset,skiplist,109816
0,"Sliding window log at 1,000/min",1000,zset,skiplist,110056
0,"Sliding window log at 1,000/min",1000,zset,skiplist,110296
0,"Sliding window log at 1,000/min",1000,zset,skiplist,109416
0,"Sliding window log at 1,000/min",1000,zset,skiplist,110376
0,"Sliding window log at 1,000/min",1000,zset,skiplist,110152
0,"Sliding window log at 1,000/min",1000,zset,skiplist,110984
0,"Sliding window log at 1,000/min",1000,zset,skiplist,110072
0,"Sliding window log at 1,000/min",1000,zset,skiplist,110104
0,"Sliding window log at 1,000/min",1000,zset,skiplist,110280
0,"Sliding window log at 1,000/min",1000,zset,skiplist,110184
0,"Sliding window log at 1,000/min",1000,zset,skiplist,110168
0,"Sliding window log at 1,000/min",1000,zset,skiplist,110792
0,"Sliding window log at 1,000/min",1000,zset,skiplist,110552
0,"Sliding window log at 1,000/min",1000,zset,skiplist,110328
0,"Sliding window log at 1,000/min",1000,zset,skiplist,110520
0,"Sliding window log at 1,000/min",1000,zset,skiplist,110328
0,"Sliding window log at 1,000/min",1000,zset,skiplist,110264
0,"Sliding window log at 1,000/min",1000,zset,skiplist,109944
0,"Sliding window log at 1,000/min",1000,zset,skiplist,111000
0,"Sliding window log at 1,000/min",1000,zset,skiplist,110344
0,"Sliding window log at 1,000/min",1000,zset,skiplist,110744
0,"Sliding window log at 1,000/min",1000,zset,skiplist,110168
0,"Sliding window log at 1,000/min",1000,zset,skiplist,110200
0,"Sliding window log at 1,000/min",1000,zset,skiplist,110024
0,"Sliding window log at 1,000/min",1000,zset,skiplist,109960
0,"Sliding window log at 1,000/min",1000,zset,skiplist,110792
0,"Sliding window log at 1,000/min",1000,zset,skiplist,110392
0,"Sliding window log at 1,000/min",1000,zset,skiplist,110424
0,"Sliding window log at 1,000/min",1000,zset,skiplist,110072
0,"Sliding window log at 1,000/min",1000,zset,skiplist,110792
1,Fixed window,100,string,int,56
1,Fixed window,100,string,int,56
1,Fixed window,100,string,int,56
1,Fixed window,100,string,int,56
1,Fixed window,100,string,int,56
1,Fixed window,100,string,int,56
1,Fixed window,100,string,int,56
1,Fixed window,100,string,int,56
1,Fixed window,100,string,int,56
1,Fixed window,100,string,int,56
1,Fixed window,100,string,int,56
1,Fixed window,100,string,int,56
1,Fixed window,100,string,int,56
1,Fixed window,100,string,int,56
1,Fixed window,100,string,int,56
1,Fixed window,100,string,int,56
1,Fixed window,100,string,int,56
1,Fixed window,100,string,int,56
1,Fixed window,100,string,int,56
1,Fixed window,100,string,int,56
1,Fixed window,100,string,int,56
1,Fixed window,100,string,int,56
1,Fixed window,100,string,int,56
1,Fixed window,100,string,int,56
1,Fixed window,100,string,int,56
1,Fixed window,100,string,int,56
1,Fixed window,100,string,int,56
1,Fixed window,100,string,int,56
1,Fixed window,100,string,int,56
1,Fixed window,100,string,int,56
1,Fixed window,100,string,int,56
1,Fixed window,100,string,int,56
1,Fixed window,100,string,int,56
1,Fixed window,100,string,int,56
1,Fixed window,100,string,int,56
1,Fixed window,100,string,int,56
1,Fixed window,100,string,int,56
1,Fixed window,100,string,int,56
1,Fixed window,100,string,int,56
1,Fixed window,100,string,int,56
1,Fixed window,100,string,int,56
1,Fixed window,100,string,int,56
1,Fixed window,100,string,int,56
1,Fixed window,100,string,int,56
1,Fixed window,100,string,int,56
1,Fixed window,100,string,int,56
1,Fixed window,100,string,int,56
1,Fixed window,100,string,int,56
1,Fixed window,100,string,int,56
1,Fixed window,100,string,int,56
1,Fixed window,100,string,int,56
1,Fixed window,100,string,int,56
1,Fixed window,100,string,int,56
1,Fixed window,100,string,int,56
1,Fixed window,100,string,int,56
1,Fixed window,100,string,int,56
1,Fixed window,100,string,int,56
1,Fixed window,100,string,int,56
1,Fixed window,100,string,int,56
1,Fixed window,100,string,int,56
1,Fixed window,100,string,int,56
1,Fixed window,100,string,int,56
1,Fixed window,100,string,int,56
1,Fixed window,100,string,int,56
1,Fixed window,100,string,int,56
1,Fixed window,100,string,int,56
1,Fixed window,100,string,int,56
1,Fixed window,100,string,int,56
1,Fixed window,100,string,int,56
1,Fixed window,100,string,int,56
1,Fixed window,100,string,int,56
1,Fixed window,100,string,int,56
1,Fixed window,100,string,int,56
1,Fixed window,100,string,int,56
1,Fixed window,100,string,int,56
1,Fixed window,100,string,int,56
1,Fixed window,100,string,int,56
1,Fixed window,100,string,int,56
1,Fixed window,100,string,int,56
1,Fixed window,100,string,int,56
1,Fixed window,100,string,int,56
1,Fixed window,100,string,int,56
1,Fixed window,100,string,int,56
1,Fixed window,100,string,int,56
1,Fixed window,100,string,int,56
1,Fixed window,100,string,int,56
1,Fixed window,100,string,int,56
1,Fixed window,100,string,int,56
1,Fixed window,100,string,int,56
1,Fixed window,100,string,int,56
1,Fixed window,100,string,int,56
1,Fixed window,100,string,int,56
1,Fixed window,100,string,int,56
1,Fixed window,100,string,int,56
1,Fixed window,100,string,int,56
1,Fixed window,100,string,int,56
1,Fixed window,100,string,int,56
1,Fixed window,100,string,int,56
1,Fixed window,100,string,int,56
1,Fixed window,100,string,int,56
1,Fixed window,100,string,int,56
1,Fixed window,100,string,int,56
1,Fixed window,100,string,int,56
1,Fixed window,100,string,int,56
1,Fixed window,100,string,int,56
1,Fixed window,100,string,int,56
1,Fixed window,100,string,int,56
1,Fixed window,100,string,int,56
1,Fixed window,100,string,int,56
1,Fixed window,100,string,int,56
1,Fixed window,100,string,int,56
1,Fixed window,100,string,int,56
1,Fixed window,100,string,int,56
1,Fixed window,100,string,int,56
1,Fixed window,100,string,int,56
1,Fixed window,100,string,int,56
1,Fixed window,100,string,int,56
1,Fixed window,100,string,int,56
1,Fixed window,100,string,int,56
1,Fixed window,100,string,int,56
1,Fixed window,100,string,int,56
1,Fixed window,100,string,int,56
1,Fixed window,100,string,int,56
1,Fixed window,100,string,int,56
1,Fixed window,100,string,int,56
1,Fixed window,100,string,int,56
1,Fixed window,100,string,int,56
1,Fixed window,100,string,int,56
1,Fixed window,100,string,int,56
1,Fixed window,100,string,int,56
1,Fixed window,100,string,int,56
1,Fixed window,100,string,int,56
1,Fixed window,100,string,int,56
1,Fixed window,100,string,int,56
1,Fixed window,100,string,int,56
1,Fixed window,100,string,int,56
1,Fixed window,100,string,int,56
1,Fixed window,100,string,int,56
1,Fixed window,100,string,int,56
1,Fixed window,100,string,int,56
1,Fixed window,100,string,int,56
1,Fixed window,100,string,int,56
1,Fixed window,100,string,int,56
1,Fixed window,100,string,int,56
1,Fixed window,100,string,int,56
1,Fixed window,100,string,int,56
1,Fixed window,100,string,int,56
1,Fixed window,100,string,int,56
1,Fixed window,100,string,int,56
1,Fixed window,100,string,int,56
1,Fixed window,100,string,int,56
1,Fixed window,100,string,int,56
1,Fixed window,100,string,int,56
1,Fixed window,100,string,int,56
1,Fixed window,100,string,int,56
1,Fixed window,100,string,int,56
1,Fixed window,100,string,int,56
1,Fixed window,100,string,int,56
1,Fixed window,100,string,int,56
1,Fixed window,100,string,int,56
1,Fixed window,100,string,int,56
1,Fixed window,100,string,int,56
1,Fixed window,100,string,int,56
1,Fixed window,100,string,int,56
1,Fixed window,100,string,int,56
1,Fixed window,100,string,int,56
1,Fixed window,100,string,int,56
1,Fixed window,100,string,int,56
1,Fixed window,100,string,int,56
1,Fixed window,100,string,int,56
1,Fixed window,100,string,int,56
1,Fixed window,100,string,int,56
1,Fixed window,100,string,int,56
1,Fixed window,100,string,int,56
1,Fixed window,100,string,int,56
1,Fixed window,100,string,int,56
1,Fixed window,100,string,int,56
1,Fixed window,100,string,int,56
1,Fixed window,100,string,int,56
1,Fixed window,100,string,int,56
1,Fixed window,100,string,int,56
1,Fixed window,100,string,int,56
1,Fixed window,100,string,int,56
1,Fixed window,100,string,int,56
1,Fixed window,100,string,int,56
1,Fixed window,100,string,int,56
1,Fixed window,100,string,int,56
1,Fixed window,100,string,int,56
1,Fixed window,100,string,int,56
1,Fixed window,100,string,int,56
1,Fixed window,100,string,int,56
1,Fixed window,100,string,int,56
1,Fixed window,100,string,int,56
1,Fixed window,100,string,int,56
1,Fixed window,100,string,int,56
1,Fixed window,100,string,int,56
1,Fixed window,100,string,int,56
1,Fixed window,100,string,int,56
1,Fixed window,100,string,int,56
1,Fixed window,100,string,int,56
1,Sliding window log,100,zset,listpack,5355
1,Sliding window log,100,zset,listpack,5350
1,Sliding window log,100,zset,listpack,5356
1,Sliding window log,100,zset,listpack,5350
1,Sliding window log,100,zset,listpack,5352
1,Sliding window log,100,zset,listpack,5350
1,Sliding window log,100,zset,listpack,5364
1,Sliding window log,100,zset,listpack,5357
1,Sliding window log,100,zset,listpack,5354
1,Sliding window log,100,zset,listpack,5351
1,Sliding window log,100,zset,listpack,5349
1,Sliding window log,100,zset,listpack,5352
1,Sliding window log,100,zset,listpack,5352
1,Sliding window log,100,zset,listpack,5352
1,Sliding window log,100,zset,listpack,5351
1,Sliding window log,100,zset,listpack,5352
1,Sliding window log,100,zset,listpack,5355
1,Sliding window log,100,zset,listpack,5349
1,Sliding window log,100,zset,listpack,5352
1,Sliding window log,100,zset,listpack,5352
1,Sliding window log,100,zset,listpack,5355
1,Sliding window log,100,zset,listpack,5352
1,Sliding window log,100,zset,listpack,5350
1,Sliding window log,100,zset,listpack,5349
1,Sliding window log,100,zset,listpack,5355
1,Sliding window log,100,zset,listpack,5353
1,Sliding window log,100,zset,listpack,5348
1,Sliding window log,100,zset,listpack,5356
1,Sliding window log,100,zset,listpack,5353
1,Sliding window log,100,zset,listpack,5355
1,Sliding window log,100,zset,listpack,5355
1,Sliding window log,100,zset,listpack,5352
1,Sliding window log,100,zset,listpack,5352
1,Sliding window log,100,zset,listpack,5357
1,Sliding window log,100,zset,listpack,5351
1,Sliding window log,100,zset,listpack,5343
1,Sliding window log,100,zset,listpack,5350
1,Sliding window log,100,zset,listpack,5348
1,Sliding window log,100,zset,listpack,5352
1,Sliding window log,100,zset,listpack,5347
1,Sliding window log,100,zset,listpack,5350
1,Sliding window log,100,zset,listpack,5347
1,Sliding window log,100,zset,listpack,5350
1,Sliding window log,100,zset,listpack,5358
1,Sliding window log,100,zset,listpack,5346
1,Sliding window log,100,zset,listpack,5345
1,Sliding window log,100,zset,listpack,5361
1,Sliding window log,100,zset,listpack,5352
1,Sliding window log,100,zset,listpack,5354
1,Sliding window log,100,zset,listpack,5345
1,Sliding window log,100,zset,listpack,5350
1,Sliding window log,100,zset,listpack,5358
1,Sliding window log,100,zset,listpack,5349
1,Sliding window log,100,zset,listpack,5352
1,Sliding window log,100,zset,listpack,5354
1,Sliding window log,100,zset,listpack,5354
1,Sliding window log,100,zset,listpack,5352
1,Sliding window log,100,zset,listpack,5356
1,Sliding window log,100,zset,listpack,5351
1,Sliding window log,100,zset,listpack,5345
1,Sliding window log,100,zset,listpack,5353
1,Sliding window log,100,zset,listpack,5354
1,Sliding window log,100,zset,listpack,5351
1,Sliding window log,100,zset,listpack,5351
1,Sliding window log,100,zset,listpack,5355
1,Sliding window log,100,zset,listpack,5348
1,Sliding window log,100,zset,listpack,5365
1,Sliding window log,100,zset,listpack,5350
1,Sliding window log,100,zset,listpack,5355
1,Sliding window log,100,zset,listpack,5352
1,Sliding window log,100,zset,listpack,5341
1,Sliding window log,100,zset,listpack,5357
1,Sliding window log,100,zset,listpack,5351
1,Sliding window log,100,zset,listpack,5357
1,Sliding window log,100,zset,listpack,5355
1,Sliding window log,100,zset,listpack,5350
1,Sliding window log,100,zset,listpack,5358
1,Sliding window log,100,zset,listpack,5353
1,Sliding window log,100,zset,listpack,5354
1,Sliding window log,100,zset,listpack,5356
1,Sliding window log,100,zset,listpack,5358
1,Sliding window log,100,zset,listpack,5354
1,Sliding window log,100,zset,listpack,5352
1,Sliding window log,100,zset,listpack,5353
1,Sliding window log,100,zset,listpack,5359
1,Sliding window log,100,zset,listpack,5355
1,Sliding window log,100,zset,listpack,5355
1,Sliding window log,100,zset,listpack,5355
1,Sliding window log,100,zset,listpack,5356
1,Sliding window log,100,zset,listpack,5349
1,Sliding window log,100,zset,listpack,5352
1,Sliding window log,100,zset,listpack,5355
1,Sliding window log,100,zset,listpack,5352
1,Sliding window log,100,zset,listpack,5348
1,Sliding window log,100,zset,listpack,5348
1,Sliding window log,100,zset,listpack,5353
1,Sliding window log,100,zset,listpack,5351
1,Sliding window log,100,zset,listpack,5348
1,Sliding window log,100,zset,listpack,5353
1,Sliding window log,100,zset,listpack,5352
1,Sliding window log,100,zset,listpack,5356
1,Sliding window log,100,zset,listpack,5351
1,Sliding window log,100,zset,listpack,5357
1,Sliding window log,100,zset,listpack,5346
1,Sliding window log,100,zset,listpack,5353
1,Sliding window log,100,zset,listpack,5351
1,Sliding window log,100,zset,listpack,5347
1,Sliding window log,100,zset,listpack,5347
1,Sliding window log,100,zset,listpack,5345
1,Sliding window log,100,zset,listpack,5350
1,Sliding window log,100,zset,listpack,5353
1,Sliding window log,100,zset,listpack,5348
1,Sliding window log,100,zset,listpack,5356
1,Sliding window log,100,zset,listpack,5351
1,Sliding window log,100,zset,listpack,5356
1,Sliding window log,100,zset,listpack,5354
1,Sliding window log,100,zset,listpack,5356
1,Sliding window log,100,zset,listpack,5352
1,Sliding window log,100,zset,listpack,5352
1,Sliding window log,100,zset,listpack,5346
1,Sliding window log,100,zset,listpack,5355
1,Sliding window log,100,zset,listpack,5349
1,Sliding window log,100,zset,listpack,5349
1,Sliding window log,100,zset,listpack,5349
1,Sliding window log,100,zset,listpack,5349
1,Sliding window log,100,zset,listpack,5351
1,Sliding window log,100,zset,listpack,5353
1,Sliding window log,100,zset,listpack,5353
1,Sliding window log,100,zset,listpack,5356
1,Sliding window log,100,zset,listpack,5348
1,Sliding window log,100,zset,listpack,5353
1,Sliding window log,100,zset,listpack,5350
1,Sliding window log,100,zset,listpack,5357
1,Sliding window log,100,zset,listpack,5357
1,Sliding window log,100,zset,listpack,5347
1,Sliding window log,100,zset,listpack,5352
1,Sliding window log,100,zset,listpack,5347
1,Sliding window log,100,zset,listpack,5351
1,Sliding window log,100,zset,listpack,5352
1,Sliding window log,100,zset,listpack,5353
1,Sliding window log,100,zset,listpack,5351
1,Sliding window log,100,zset,listpack,5353
1,Sliding window log,100,zset,listpack,5347
1,Sliding window log,100,zset,listpack,5350
1,Sliding window log,100,zset,listpack,5351
1,Sliding window log,100,zset,listpack,5352
1,Sliding window log,100,zset,listpack,5351
1,Sliding window log,100,zset,listpack,5344
1,Sliding window log,100,zset,listpack,5352
1,Sliding window log,100,zset,listpack,5354
1,Sliding window log,100,zset,listpack,5348
1,Sliding window log,100,zset,listpack,5353
1,Sliding window log,100,zset,listpack,5352
1,Sliding window log,100,zset,listpack,5356
1,Sliding window log,100,zset,listpack,5358
1,Sliding window log,100,zset,listpack,5353
1,Sliding window log,100,zset,listpack,5349
1,Sliding window log,100,zset,listpack,5345
1,Sliding window log,100,zset,listpack,5351
1,Sliding window log,100,zset,listpack,5346
1,Sliding window log,100,zset,listpack,5349
1,Sliding window log,100,zset,listpack,5357
1,Sliding window log,100,zset,listpack,5349
1,Sliding window log,100,zset,listpack,5354
1,Sliding window log,100,zset,listpack,5349
1,Sliding window log,100,zset,listpack,5350
1,Sliding window log,100,zset,listpack,5349
1,Sliding window log,100,zset,listpack,5353
1,Sliding window log,100,zset,listpack,5348
1,Sliding window log,100,zset,listpack,5358
1,Sliding window log,100,zset,listpack,5351
1,Sliding window log,100,zset,listpack,5351
1,Sliding window log,100,zset,listpack,5344
1,Sliding window log,100,zset,listpack,5355
1,Sliding window log,100,zset,listpack,5349
1,Sliding window log,100,zset,listpack,5359
1,Sliding window log,100,zset,listpack,5351
1,Sliding window log,100,zset,listpack,5354
1,Sliding window log,100,zset,listpack,5352
1,Sliding window log,100,zset,listpack,5357
1,Sliding window log,100,zset,listpack,5353
1,Sliding window log,100,zset,listpack,5355
1,Sliding window log,100,zset,listpack,5343
1,Sliding window log,100,zset,listpack,5349
1,Sliding window log,100,zset,listpack,5352
1,Sliding window log,100,zset,listpack,5354
1,Sliding window log,100,zset,listpack,5357
1,Sliding window log,100,zset,listpack,5353
1,Sliding window log,100,zset,listpack,5347
1,Sliding window log,100,zset,listpack,5359
1,Sliding window log,100,zset,listpack,5352
1,Sliding window log,100,zset,listpack,5353
1,Sliding window log,100,zset,listpack,5357
1,Sliding window log,100,zset,listpack,5349
1,Sliding window log,100,zset,listpack,5355
1,Sliding window log,100,zset,listpack,5354
1,Sliding window log,100,zset,listpack,5355
1,Sliding window log,100,zset,listpack,5353
1,Sliding window log,100,zset,listpack,5358
1,Sliding window log,100,zset,listpack,5357
1,Sliding window counter,100,hash,listpack,93
1,Sliding window counter,100,hash,listpack,93
1,Sliding window counter,100,hash,listpack,93
1,Sliding window counter,100,hash,listpack,93
1,Sliding window counter,100,hash,listpack,93
1,Sliding window counter,100,hash,listpack,93
1,Sliding window counter,100,hash,listpack,93
1,Sliding window counter,100,hash,listpack,93
1,Sliding window counter,100,hash,listpack,93
1,Sliding window counter,100,hash,listpack,93
1,Sliding window counter,100,hash,listpack,93
1,Sliding window counter,100,hash,listpack,93
1,Sliding window counter,100,hash,listpack,93
1,Sliding window counter,100,hash,listpack,93
1,Sliding window counter,100,hash,listpack,93
1,Sliding window counter,100,hash,listpack,93
1,Sliding window counter,100,hash,listpack,93
1,Sliding window counter,100,hash,listpack,93
1,Sliding window counter,100,hash,listpack,93
1,Sliding window counter,100,hash,listpack,93
1,Sliding window counter,100,hash,listpack,93
1,Sliding window counter,100,hash,listpack,93
1,Sliding window counter,100,hash,listpack,93
1,Sliding window counter,100,hash,listpack,93
1,Sliding window counter,100,hash,listpack,93
1,Sliding window counter,100,hash,listpack,93
1,Sliding window counter,100,hash,listpack,93
1,Sliding window counter,100,hash,listpack,93
1,Sliding window counter,100,hash,listpack,93
1,Sliding window counter,100,hash,listpack,93
1,Sliding window counter,100,hash,listpack,93
1,Sliding window counter,100,hash,listpack,93
1,Sliding window counter,100,hash,listpack,93
1,Sliding window counter,100,hash,listpack,93
1,Sliding window counter,100,hash,listpack,93
1,Sliding window counter,100,hash,listpack,93
1,Sliding window counter,100,hash,listpack,93
1,Sliding window counter,100,hash,listpack,93
1,Sliding window counter,100,hash,listpack,93
1,Sliding window counter,100,hash,listpack,93
1,Sliding window counter,100,hash,listpack,93
1,Sliding window counter,100,hash,listpack,93
1,Sliding window counter,100,hash,listpack,93
1,Sliding window counter,100,hash,listpack,93
1,Sliding window counter,100,hash,listpack,93
1,Sliding window counter,100,hash,listpack,93
1,Sliding window counter,100,hash,listpack,93
1,Sliding window counter,100,hash,listpack,93
1,Sliding window counter,100,hash,listpack,93
1,Sliding window counter,100,hash,listpack,93
1,Sliding window counter,100,hash,listpack,93
1,Sliding window counter,100,hash,listpack,93
1,Sliding window counter,100,hash,listpack,93
1,Sliding window counter,100,hash,listpack,93
1,Sliding window counter,100,hash,listpack,93
1,Sliding window counter,100,hash,listpack,93
1,Sliding window counter,100,hash,listpack,93
1,Sliding window counter,100,hash,listpack,93
1,Sliding window counter,100,hash,listpack,93
1,Sliding window counter,100,hash,listpack,93
1,Sliding window counter,100,hash,listpack,93
1,Sliding window counter,100,hash,listpack,93
1,Sliding window counter,100,hash,listpack,93
1,Sliding window counter,100,hash,listpack,93
1,Sliding window counter,100,hash,listpack,93
1,Sliding window counter,100,hash,listpack,93
1,Sliding window counter,100,hash,listpack,93
1,Sliding window counter,100,hash,listpack,93
1,Sliding window counter,100,hash,listpack,93
1,Sliding window counter,100,hash,listpack,93
1,Sliding window counter,100,hash,listpack,93
1,Sliding window counter,100,hash,listpack,93
1,Sliding window counter,100,hash,listpack,93
1,Sliding window counter,100,hash,listpack,93
1,Sliding window counter,100,hash,listpack,93
1,Sliding window counter,100,hash,listpack,93
1,Sliding window counter,100,hash,listpack,93
1,Sliding window counter,100,hash,listpack,93
1,Sliding window counter,100,hash,listpack,93
1,Sliding window counter,100,hash,listpack,93
1,Sliding window counter,100,hash,listpack,93
1,Sliding window counter,100,hash,listpack,93
1,Sliding window counter,100,hash,listpack,93
1,Sliding window counter,100,hash,listpack,93
1,Sliding window counter,100,hash,listpack,93
1,Sliding window counter,100,hash,listpack,93
1,Sliding window counter,100,hash,listpack,93
1,Sliding window counter,100,hash,listpack,93
1,Sliding window counter,100,hash,listpack,93
1,Sliding window counter,100,hash,listpack,93
1,Sliding window counter,100,hash,listpack,93
1,Sliding window counter,100,hash,listpack,93
1,Sliding window counter,100,hash,listpack,93
1,Sliding window counter,100,hash,listpack,93
1,Sliding window counter,100,hash,listpack,93
1,Sliding window counter,100,hash,listpack,93
1,Sliding window counter,100,hash,listpack,93
1,Sliding window counter,100,hash,listpack,93
1,Sliding window counter,100,hash,listpack,93
1,Sliding window counter,100,hash,listpack,93
1,Sliding window counter,100,hash,listpack,93
1,Sliding window counter,100,hash,listpack,93
1,Sliding window counter,100,hash,listpack,93
1,Sliding window counter,100,hash,listpack,93
1,Sliding window counter,100,hash,listpack,93
1,Sliding window counter,100,hash,listpack,93
1,Sliding window counter,100,hash,listpack,93
1,Sliding window counter,100,hash,listpack,93
1,Sliding window counter,100,hash,listpack,93
1,Sliding window counter,100,hash,listpack,93
1,Sliding window counter,100,hash,listpack,93
1,Sliding window counter,100,hash,listpack,93
1,Sliding window counter,100,hash,listpack,93
1,Sliding window counter,100,hash,listpack,93
1,Sliding window counter,100,hash,listpack,93
1,Sliding window counter,100,hash,listpack,93
1,Sliding window counter,100,hash,listpack,93
1,Sliding window counter,100,hash,listpack,93
1,Sliding window counter,100,hash,listpack,93
1,Sliding window counter,100,hash,listpack,93
1,Sliding window counter,100,hash,listpack,93
1,Sliding window counter,100,hash,listpack,93
1,Sliding window counter,100,hash,listpack,93
1,Sliding window counter,100,hash,listpack,93
1,Sliding window counter,100,hash,listpack,93
1,Sliding window counter,100,hash,listpack,93
1,Sliding window counter,100,hash,listpack,93
1,Sliding window counter,100,hash,listpack,93
1,Sliding window counter,100,hash,listpack,93
1,Sliding window counter,100,hash,listpack,93
1,Sliding window counter,100,hash,listpack,93
1,Sliding window counter,100,hash,listpack,93
1,Sliding window counter,100,hash,listpack,93
1,Sliding window counter,100,hash,listpack,93
1,Sliding window counter,100,hash,listpack,93
1,Sliding window counter,100,hash,listpack,93
1,Sliding window counter,100,hash,listpack,93
1,Sliding window counter,100,hash,listpack,93
1,Sliding window counter,100,hash,listpack,93
1,Sliding window counter,100,hash,listpack,93
1,Sliding window counter,100,hash,listpack,93
1,Sliding window counter,100,hash,listpack,93
1,Sliding window counter,100,hash,listpack,93
1,Sliding window counter,100,hash,listpack,93
1,Sliding window counter,100,hash,listpack,93
1,Sliding window counter,100,hash,listpack,93
1,Sliding window counter,100,hash,listpack,93
1,Sliding window counter,100,hash,listpack,93
1,Sliding window counter,100,hash,listpack,93
1,Sliding window counter,100,hash,listpack,93
1,Sliding window counter,100,hash,listpack,93
1,Sliding window counter,100,hash,listpack,93
1,Sliding window counter,100,hash,listpack,93
1,Sliding window counter,100,hash,listpack,93
1,Sliding window counter,100,hash,listpack,93
1,Sliding window counter,100,hash,listpack,93
1,Sliding window counter,100,hash,listpack,93
1,Sliding window counter,100,hash,listpack,93
1,Sliding window counter,100,hash,listpack,93
1,Sliding window counter,100,hash,listpack,93
1,Sliding window counter,100,hash,listpack,93
1,Sliding window counter,100,hash,listpack,93
1,Sliding window counter,100,hash,listpack,93
1,Sliding window counter,100,hash,listpack,93
1,Sliding window counter,100,hash,listpack,93
1,Sliding window counter,100,hash,listpack,93
1,Sliding window counter,100,hash,listpack,93
1,Sliding window counter,100,hash,listpack,93
1,Sliding window counter,100,hash,listpack,93
1,Sliding window counter,100,hash,listpack,93
1,Sliding window counter,100,hash,listpack,93
1,Sliding window counter,100,hash,listpack,93
1,Sliding window counter,100,hash,listpack,93
1,Sliding window counter,100,hash,listpack,93
1,Sliding window counter,100,hash,listpack,93
1,Sliding window counter,100,hash,listpack,93
1,Sliding window counter,100,hash,listpack,93
1,Sliding window counter,100,hash,listpack,93
1,Sliding window counter,100,hash,listpack,93
1,Sliding window counter,100,hash,listpack,93
1,Sliding window counter,100,hash,listpack,93
1,Sliding window counter,100,hash,listpack,93
1,Sliding window counter,100,hash,listpack,93
1,Sliding window counter,100,hash,listpack,93
1,Sliding window counter,100,hash,listpack,93
1,Sliding window counter,100,hash,listpack,93
1,Sliding window counter,100,hash,listpack,93
1,Sliding window counter,100,hash,listpack,93
1,Sliding window counter,100,hash,listpack,93
1,Sliding window counter,100,hash,listpack,93
1,Sliding window counter,100,hash,listpack,93
1,Sliding window counter,100,hash,listpack,93
1,Sliding window counter,100,hash,listpack,93
1,Sliding window counter,100,hash,listpack,93
1,Sliding window counter,100,hash,listpack,93
1,Sliding window counter,100,hash,listpack,93
1,Sliding window counter,100,hash,listpack,93
1,Sliding window counter,100,hash,listpack,93
1,Sliding window counter,100,hash,listpack,93
1,Sliding window counter,100,hash,listpack,93
1,Token bucket,100,hash,listpack,117
1,Token bucket,100,hash,listpack,116
1,Token bucket,100,hash,listpack,115
1,Token bucket,100,hash,listpack,115
1,Token bucket,100,hash,listpack,117
1,Token bucket,100,hash,listpack,117
1,Token bucket,100,hash,listpack,117
1,Token bucket,100,hash,listpack,117
1,Token bucket,100,hash,listpack,116
1,Token bucket,100,hash,listpack,116
1,Token bucket,100,hash,listpack,117
1,Token bucket,100,hash,listpack,116
1,Token bucket,100,hash,listpack,115
1,Token bucket,100,hash,listpack,117
1,Token bucket,100,hash,listpack,117
1,Token bucket,100,hash,listpack,117
1,Token bucket,100,hash,listpack,117
1,Token bucket,100,hash,listpack,117
1,Token bucket,100,hash,listpack,117
1,Token bucket,100,hash,listpack,117
1,Token bucket,100,hash,listpack,116
1,Token bucket,100,hash,listpack,117
1,Token bucket,100,hash,listpack,117
1,Token bucket,100,hash,listpack,116
1,Token bucket,100,hash,listpack,117
1,Token bucket,100,hash,listpack,117
1,Token bucket,100,hash,listpack,117
1,Token bucket,100,hash,listpack,116
1,Token bucket,100,hash,listpack,117
1,Token bucket,100,hash,listpack,116
1,Token bucket,100,hash,listpack,116
1,Token bucket,100,hash,listpack,117
1,Token bucket,100,hash,listpack,116
1,Token bucket,100,hash,listpack,117
1,Token bucket,100,hash,listpack,117
1,Token bucket,100,hash,listpack,116
1,Token bucket,100,hash,listpack,116
1,Token bucket,100,hash,listpack,116
1,Token bucket,100,hash,listpack,116
1,Token bucket,100,hash,listpack,117
1,Token bucket,100,hash,listpack,116
1,Token bucket,100,hash,listpack,117
1,Token bucket,100,hash,listpack,116
1,Token bucket,100,hash,listpack,117
1,Token bucket,100,hash,listpack,116
1,Token bucket,100,hash,listpack,116
1,Token bucket,100,hash,listpack,117
1,Token bucket,100,hash,listpack,117
1,Token bucket,100,hash,listpack,117
1,Token bucket,100,hash,listpack,116
1,Token bucket,100,hash,listpack,116
1,Token bucket,100,hash,listpack,116
1,Token bucket,100,hash,listpack,115
1,Token bucket,100,hash,listpack,117
1,Token bucket,100,hash,listpack,117
1,Token bucket,100,hash,listpack,117
1,Token bucket,100,hash,listpack,117
1,Token bucket,100,hash,listpack,115
1,Token bucket,100,hash,listpack,117
1,Token bucket,100,hash,listpack,116
1,Token bucket,100,hash,listpack,117
1,Token bucket,100,hash,listpack,116
1,Token bucket,100,hash,listpack,117
1,Token bucket,100,hash,listpack,117
1,Token bucket,100,hash,listpack,116
1,Token bucket,100,hash,listpack,117
1,Token bucket,100,hash,listpack,117
1,Token bucket,100,hash,listpack,117
1,Token bucket,100,hash,listpack,116
1,Token bucket,100,hash,listpack,116
1,Token bucket,100,hash,listpack,116
1,Token bucket,100,hash,listpack,117
1,Token bucket,100,hash,listpack,116
1,Token bucket,100,hash,listpack,117
1,Token bucket,100,hash,listpack,117
1,Token bucket,100,hash,listpack,117
1,Token bucket,100,hash,listpack,117
1,Token bucket,100,hash,listpack,117
1,Token bucket,100,hash,listpack,116
1,Token bucket,100,hash,listpack,116
1,Token bucket,100,hash,listpack,116
1,Token bucket,100,hash,listpack,117
1,Token bucket,100,hash,listpack,116
1,Token bucket,100,hash,listpack,116
1,Token bucket,100,hash,listpack,116
1,Token bucket,100,hash,listpack,117
1,Token bucket,100,hash,listpack,117
1,Token bucket,100,hash,listpack,117
1,Token bucket,100,hash,listpack,116
1,Token bucket,100,hash,listpack,117
1,Token bucket,100,hash,listpack,116
1,Token bucket,100,hash,listpack,115
1,Token bucket,100,hash,listpack,117
1,Token bucket,100,hash,listpack,116
1,Token bucket,100,hash,listpack,117
1,Token bucket,100,hash,listpack,117
1,Token bucket,100,hash,listpack,117
1,Token bucket,100,hash,listpack,117
1,Token bucket,100,hash,listpack,116
1,Token bucket,100,hash,listpack,116
1,Token bucket,100,hash,listpack,117
1,Token bucket,100,hash,listpack,116
1,Token bucket,100,hash,listpack,116
1,Token bucket,100,hash,listpack,117
1,Token bucket,100,hash,listpack,117
1,Token bucket,100,hash,listpack,116
1,Token bucket,100,hash,listpack,117
1,Token bucket,100,hash,listpack,116
1,Token bucket,100,hash,listpack,116
1,Token bucket,100,hash,listpack,116
1,Token bucket,100,hash,listpack,117
1,Token bucket,100,hash,listpack,116
1,Token bucket,100,hash,listpack,116
1,Token bucket,100,hash,listpack,116
1,Token bucket,100,hash,listpack,114
1,Token bucket,100,hash,listpack,116
1,Token bucket,100,hash,listpack,117
1,Token bucket,100,hash,listpack,117
1,Token bucket,100,hash,listpack,117
1,Token bucket,100,hash,listpack,117
1,Token bucket,100,hash,listpack,117
1,Token bucket,100,hash,listpack,117
1,Token bucket,100,hash,listpack,117
1,Token bucket,100,hash,listpack,117
1,Token bucket,100,hash,listpack,117
1,Token bucket,100,hash,listpack,116
1,Token bucket,100,hash,listpack,117
1,Token bucket,100,hash,listpack,117
1,Token bucket,100,hash,listpack,117
1,Token bucket,100,hash,listpack,117
1,Token bucket,100,hash,listpack,117
1,Token bucket,100,hash,listpack,117
1,Token bucket,100,hash,listpack,117
1,Token bucket,100,hash,listpack,116
1,Token bucket,100,hash,listpack,117
1,Token bucket,100,hash,listpack,116
1,Token bucket,100,hash,listpack,116
1,Token bucket,100,hash,listpack,116
1,Token bucket,100,hash,listpack,116
1,Token bucket,100,hash,listpack,117
1,Token bucket,100,hash,listpack,117
1,Token bucket,100,hash,listpack,117
1,Token bucket,100,hash,listpack,116
1,Token bucket,100,hash,listpack,116
1,Token bucket,100,hash,listpack,116
1,Token bucket,100,hash,listpack,116
1,Token bucket,100,hash,listpack,117
1,Token bucket,100,hash,listpack,116
1,Token bucket,100,hash,listpack,117
1,Token bucket,100,hash,listpack,117
1,Token bucket,100,hash,listpack,116
1,Token bucket,100,hash,listpack,117
1,Token bucket,100,hash,listpack,117
1,Token bucket,100,hash,listpack,117
1,Token bucket,100,hash,listpack,117
1,Token bucket,100,hash,listpack,117
1,Token bucket,100,hash,listpack,116
1,Token bucket,100,hash,listpack,117
1,Token bucket,100,hash,listpack,117
1,Token bucket,100,hash,listpack,117
1,Token bucket,100,hash,listpack,116
1,Token bucket,100,hash,listpack,117
1,Token bucket,100,hash,listpack,117
1,Token bucket,100,hash,listpack,117
1,Token bucket,100,hash,listpack,117
1,Token bucket,100,hash,listpack,116
1,Token bucket,100,hash,listpack,117
1,Token bucket,100,hash,listpack,117
1,Token bucket,100,hash,listpack,116
1,Token bucket,100,hash,listpack,117
1,Token bucket,100,hash,listpack,117
1,Token bucket,100,hash,listpack,117
1,Token bucket,100,hash,listpack,116
1,Token bucket,100,hash,listpack,117
1,Token bucket,100,hash,listpack,116
1,Token bucket,100,hash,listpack,116
1,Token bucket,100,hash,listpack,117
1,Token bucket,100,hash,listpack,116
1,Token bucket,100,hash,listpack,117
1,Token bucket,100,hash,listpack,117
1,Token bucket,100,hash,listpack,117
1,Token bucket,100,hash,listpack,116
1,Token bucket,100,hash,listpack,117
1,Token bucket,100,hash,listpack,117
1,Token bucket,100,hash,listpack,117
1,Token bucket,100,hash,listpack,117
1,Token bucket,100,hash,listpack,117
1,Token bucket,100,hash,listpack,116
1,Token bucket,100,hash,listpack,115
1,Token bucket,100,hash,listpack,117
1,Token bucket,100,hash,listpack,117
1,Token bucket,100,hash,listpack,114
1,Token bucket,100,hash,listpack,116
1,Token bucket,100,hash,listpack,117
1,Token bucket,100,hash,listpack,115
1,Token bucket,100,hash,listpack,117
1,Token bucket,100,hash,listpack,117
1,Token bucket,100,hash,listpack,115
1,Token bucket,100,hash,listpack,117
1,Token bucket,100,hash,listpack,117
1,Leaky bucket,100,hash,listpack,113
1,Leaky bucket,100,hash,listpack,113
1,Leaky bucket,100,hash,listpack,112
1,Leaky bucket,100,hash,listpack,112
1,Leaky bucket,100,hash,listpack,111
1,Leaky bucket,100,hash,listpack,112
1,Leaky bucket,100,hash,listpack,113
1,Leaky bucket,100,hash,listpack,112
1,Leaky bucket,100,hash,listpack,111
1,Leaky bucket,100,hash,listpack,112
1,Leaky bucket,100,hash,listpack,113
1,Leaky bucket,100,hash,listpack,113
1,Leaky bucket,100,hash,listpack,112
1,Leaky bucket,100,hash,listpack,113
1,Leaky bucket,100,hash,listpack,113
1,Leaky bucket,100,hash,listpack,112
1,Leaky bucket,100,hash,listpack,112
1,Leaky bucket,100,hash,listpack,112
1,Leaky bucket,100,hash,listpack,113
1,Leaky bucket,100,hash,listpack,113
1,Leaky bucket,100,hash,listpack,112
1,Leaky bucket,100,hash,listpack,113
1,Leaky bucket,100,hash,listpack,112
1,Leaky bucket,100,hash,listpack,112
1,Leaky bucket,100,hash,listpack,113
1,Leaky bucket,100,hash,listpack,112
1,Leaky bucket,100,hash,listpack,113
1,Leaky bucket,100,hash,listpack,113
1,Leaky bucket,100,hash,listpack,113
1,Leaky bucket,100,hash,listpack,113
1,Leaky bucket,100,hash,listpack,113
1,Leaky bucket,100,hash,listpack,111
1,Leaky bucket,100,hash,listpack,112
1,Leaky bucket,100,hash,listpack,113
1,Leaky bucket,100,hash,listpack,112
1,Leaky bucket,100,hash,listpack,113
1,Leaky bucket,100,hash,listpack,112
1,Leaky bucket,100,hash,listpack,112
1,Leaky bucket,100,hash,listpack,112
1,Leaky bucket,100,hash,listpack,112
1,Leaky bucket,100,hash,listpack,112
1,Leaky bucket,100,hash,listpack,113
1,Leaky bucket,100,hash,listpack,113
1,Leaky bucket,100,hash,listpack,112
1,Leaky bucket,100,hash,listpack,112
1,Leaky bucket,100,hash,listpack,112
1,Leaky bucket,100,hash,listpack,112
1,Leaky bucket,100,hash,listpack,112
1,Leaky bucket,100,hash,listpack,112
1,Leaky bucket,100,hash,listpack,113
1,Leaky bucket,100,hash,listpack,112
1,Leaky bucket,100,hash,listpack,113
1,Leaky bucket,100,hash,listpack,112
1,Leaky bucket,100,hash,listpack,113
1,Leaky bucket,100,hash,listpack,111
1,Leaky bucket,100,hash,listpack,113
1,Leaky bucket,100,hash,listpack,113
1,Leaky bucket,100,hash,listpack,113
1,Leaky bucket,100,hash,listpack,112
1,Leaky bucket,100,hash,listpack,113
1,Leaky bucket,100,hash,listpack,113
1,Leaky bucket,100,hash,listpack,111
1,Leaky bucket,100,hash,listpack,113
1,Leaky bucket,100,hash,listpack,113
1,Leaky bucket,100,hash,listpack,113
1,Leaky bucket,100,hash,listpack,112
1,Leaky bucket,100,hash,listpack,113
1,Leaky bucket,100,hash,listpack,112
1,Leaky bucket,100,hash,listpack,113
1,Leaky bucket,100,hash,listpack,112
1,Leaky bucket,100,hash,listpack,113
1,Leaky bucket,100,hash,listpack,113
1,Leaky bucket,100,hash,listpack,113
1,Leaky bucket,100,hash,listpack,112
1,Leaky bucket,100,hash,listpack,112
1,Leaky bucket,100,hash,listpack,112
1,Leaky bucket,100,hash,listpack,111
1,Leaky bucket,100,hash,listpack,113
1,Leaky bucket,100,hash,listpack,112
1,Leaky bucket,100,hash,listpack,113
1,Leaky bucket,100,hash,listpack,113
1,Leaky bucket,100,hash,listpack,113
1,Leaky bucket,100,hash,listpack,113
1,Leaky bucket,100,hash,listpack,113
1,Leaky bucket,100,hash,listpack,112
1,Leaky bucket,100,hash,listpack,113
1,Leaky bucket,100,hash,listpack,112
1,Leaky bucket,100,hash,listpack,113
1,Leaky bucket,100,hash,listpack,113
1,Leaky bucket,100,hash,listpack,112
1,Leaky bucket,100,hash,listpack,113
1,Leaky bucket,100,hash,listpack,113
1,Leaky bucket,100,hash,listpack,113
1,Leaky bucket,100,hash,listpack,113
1,Leaky bucket,100,hash,listpack,113
1,Leaky bucket,100,hash,listpack,113
1,Leaky bucket,100,hash,listpack,111
1,Leaky bucket,100,hash,listpack,113
1,Leaky bucket,100,hash,listpack,112
1,Leaky bucket,100,hash,listpack,113
1,Leaky bucket,100,hash,listpack,113
1,Leaky bucket,100,hash,listpack,113
1,Leaky bucket,100,hash,listpack,113
1,Leaky bucket,100,hash,listpack,113
1,Leaky bucket,100,hash,listpack,113
1,Leaky bucket,100,hash,listpack,113
1,Leaky bucket,100,hash,listpack,113
1,Leaky bucket,100,hash,listpack,113
1,Leaky bucket,100,hash,listpack,113
1,Leaky bucket,100,hash,listpack,113
1,Leaky bucket,100,hash,listpack,112
1,Leaky bucket,100,hash,listpack,113
1,Leaky bucket,100,hash,listpack,113
1,Leaky bucket,100,hash,listpack,112
1,Leaky bucket,100,hash,listpack,112
1,Leaky bucket,100,hash,listpack,113
1,Leaky bucket,100,hash,listpack,113
1,Leaky bucket,100,hash,listpack,113
1,Leaky bucket,100,hash,listpack,113
1,Leaky bucket,100,hash,listpack,113
1,Leaky bucket,100,hash,listpack,113
1,Leaky bucket,100,hash,listpack,113
1,Leaky bucket,100,hash,listpack,112
1,Leaky bucket,100,hash,listpack,112
1,Leaky bucket,100,hash,listpack,113
1,Leaky bucket,100,hash,listpack,112
1,Leaky bucket,100,hash,listpack,112
1,Leaky bucket,100,hash,listpack,113
1,Leaky bucket,100,hash,listpack,112
1,Leaky bucket,100,hash,listpack,112
1,Leaky bucket,100,hash,listpack,113
1,Leaky bucket,100,hash,listpack,112
1,Leaky bucket,100,hash,listpack,113
1,Leaky bucket,100,hash,listpack,112
1,Leaky bucket,100,hash,listpack,113
1,Leaky bucket,100,hash,listpack,113
1,Leaky bucket,100,hash,listpack,112
1,Leaky bucket,100,hash,listpack,111
1,Leaky bucket,100,hash,listpack,113
1,Leaky bucket,100,hash,listpack,113
1,Leaky bucket,100,hash,listpack,112
1,Leaky bucket,100,hash,listpack,113
1,Leaky bucket,100,hash,listpack,112
1,Leaky bucket,100,hash,listpack,112
1,Leaky bucket,100,hash,listpack,112
1,Leaky bucket,100,hash,listpack,112
1,Leaky bucket,100,hash,listpack,112
1,Leaky bucket,100,hash,listpack,113
1,Leaky bucket,100,hash,listpack,113
1,Leaky bucket,100,hash,listpack,112
1,Leaky bucket,100,hash,listpack,113
1,Leaky bucket,100,hash,listpack,112
1,Leaky bucket,100,hash,listpack,112
1,Leaky bucket,100,hash,listpack,112
1,Leaky bucket,100,hash,listpack,112
1,Leaky bucket,100,hash,listpack,111
1,Leaky bucket,100,hash,listpack,113
1,Leaky bucket,100,hash,listpack,113
1,Leaky bucket,100,hash,listpack,113
1,Leaky bucket,100,hash,listpack,112
1,Leaky bucket,100,hash,listpack,113
1,Leaky bucket,100,hash,listpack,112
1,Leaky bucket,100,hash,listpack,112
1,Leaky bucket,100,hash,listpack,113
1,Leaky bucket,100,hash,listpack,112
1,Leaky bucket,100,hash,listpack,112
1,Leaky bucket,100,hash,listpack,112
1,Leaky bucket,100,hash,listpack,113
1,Leaky bucket,100,hash,listpack,113
1,Leaky bucket,100,hash,listpack,113
1,Leaky bucket,100,hash,listpack,113
1,Leaky bucket,100,hash,listpack,112
1,Leaky bucket,100,hash,listpack,110
1,Leaky bucket,100,hash,listpack,113
1,Leaky bucket,100,hash,listpack,112
1,Leaky bucket,100,hash,listpack,113
1,Leaky bucket,100,hash,listpack,112
1,Leaky bucket,100,hash,listpack,113
1,Leaky bucket,100,hash,listpack,111
1,Leaky bucket,100,hash,listpack,112
1,Leaky bucket,100,hash,listpack,112
1,Leaky bucket,100,hash,listpack,112
1,Leaky bucket,100,hash,listpack,113
1,Leaky bucket,100,hash,listpack,113
1,Leaky bucket,100,hash,listpack,113
1,Leaky bucket,100,hash,listpack,112
1,Leaky bucket,100,hash,listpack,112
1,Leaky bucket,100,hash,listpack,113
1,Leaky bucket,100,hash,listpack,112
1,Leaky bucket,100,hash,listpack,113
1,Leaky bucket,100,hash,listpack,113
1,Leaky bucket,100,hash,listpack,113
1,Leaky bucket,100,hash,listpack,111
1,Leaky bucket,100,hash,listpack,112
1,Leaky bucket,100,hash,listpack,112
1,Leaky bucket,100,hash,listpack,113
1,Leaky bucket,100,hash,listpack,113
1,Leaky bucket,100,hash,listpack,113
1,Leaky bucket,100,hash,listpack,112
1,Leaky bucket,100,hash,listpack,112
1,GCRA,100,string,embstr,80
1,GCRA,100,string,embstr,80
1,GCRA,100,string,embstr,80
1,GCRA,100,string,embstr,80
1,GCRA,100,string,embstr,80
1,GCRA,100,string,embstr,80
1,GCRA,100,string,embstr,80
1,GCRA,100,string,raw,71
1,GCRA,100,string,raw,71
1,GCRA,100,string,raw,71
1,GCRA,100,string,raw,71
1,GCRA,100,string,raw,71
1,GCRA,100,string,embstr,80
1,GCRA,100,string,raw,71
1,GCRA,100,string,raw,71
1,GCRA,100,string,raw,71
1,GCRA,100,string,raw,71
1,GCRA,100,string,embstr,80
1,GCRA,100,string,embstr,80
1,GCRA,100,string,embstr,80
1,GCRA,100,string,embstr,80
1,GCRA,100,string,embstr,80
1,GCRA,100,string,embstr,80
1,GCRA,100,string,embstr,80
1,GCRA,100,string,embstr,80
1,GCRA,100,string,raw,71
1,GCRA,100,string,raw,71
1,GCRA,100,string,raw,71
1,GCRA,100,string,embstr,80
1,GCRA,100,string,raw,71
1,GCRA,100,string,embstr,80
1,GCRA,100,string,embstr,80
1,GCRA,100,string,embstr,80
1,GCRA,100,string,raw,71
1,GCRA,100,string,embstr,80
1,GCRA,100,string,raw,71
1,GCRA,100,string,embstr,80
1,GCRA,100,string,raw,71
1,GCRA,100,string,raw,71
1,GCRA,100,string,embstr,80
1,GCRA,100,string,embstr,80
1,GCRA,100,string,embstr,80
1,GCRA,100,string,embstr,80
1,GCRA,100,string,embstr,80
1,GCRA,100,string,raw,71
1,GCRA,100,string,raw,71
1,GCRA,100,string,raw,71
1,GCRA,100,string,raw,71
1,GCRA,100,string,embstr,80
1,GCRA,100,string,embstr,80
1,GCRA,100,string,raw,71
1,GCRA,100,string,raw,71
1,GCRA,100,string,embstr,80
1,GCRA,100,string,embstr,80
1,GCRA,100,string,embstr,80
1,GCRA,100,string,embstr,80
1,GCRA,100,string,raw,71
1,GCRA,100,string,raw,71
1,GCRA,100,string,raw,71
1,GCRA,100,string,embstr,80
1,GCRA,100,string,raw,71
1,GCRA,100,string,raw,71
1,GCRA,100,string,embstr,80
1,GCRA,100,string,raw,71
1,GCRA,100,string,embstr,80
1,GCRA,100,string,embstr,80
1,GCRA,100,string,embstr,80
1,GCRA,100,string,raw,71
1,GCRA,100,string,embstr,80
1,GCRA,100,string,raw,71
1,GCRA,100,string,raw,71
1,GCRA,100,string,raw,71
1,GCRA,100,string,embstr,80
1,GCRA,100,string,raw,71
1,GCRA,100,string,embstr,80
1,GCRA,100,string,raw,71
1,GCRA,100,string,raw,71
1,GCRA,100,string,raw,71
1,GCRA,100,string,raw,71
1,GCRA,100,string,raw,71
1,GCRA,100,string,raw,71
1,GCRA,100,string,embstr,80
1,GCRA,100,string,embstr,80
1,GCRA,100,string,raw,71
1,GCRA,100,string,raw,71
1,GCRA,100,string,embstr,80
1,GCRA,100,string,raw,71
1,GCRA,100,string,raw,71
1,GCRA,100,string,embstr,80
1,GCRA,100,string,embstr,80
1,GCRA,100,string,raw,71
1,GCRA,100,string,embstr,80
1,GCRA,100,string,embstr,80
1,GCRA,100,string,embstr,80
1,GCRA,100,string,embstr,80
1,GCRA,100,string,embstr,80
1,GCRA,100,string,raw,71
1,GCRA,100,string,embstr,80
1,GCRA,100,string,raw,71
1,GCRA,100,string,raw,71
1,GCRA,100,string,embstr,80
1,GCRA,100,string,embstr,80
1,GCRA,100,string,embstr,80
1,GCRA,100,string,embstr,80
1,GCRA,100,string,embstr,80
1,GCRA,100,string,embstr,80
1,GCRA,100,string,raw,71
1,GCRA,100,string,embstr,80
1,GCRA,100,string,embstr,80
1,GCRA,100,string,embstr,80
1,GCRA,100,string,raw,71
1,GCRA,100,string,embstr,80
1,GCRA,100,string,raw,71
1,GCRA,100,string,embstr,80
1,GCRA,100,string,raw,71
1,GCRA,100,string,embstr,80
1,GCRA,100,string,raw,71
1,GCRA,100,string,embstr,80
1,GCRA,100,string,embstr,80
1,GCRA,100,string,raw,71
1,GCRA,100,string,raw,71
1,GCRA,100,string,raw,71
1,GCRA,100,string,embstr,80
1,GCRA,100,string,embstr,80
1,GCRA,100,string,embstr,80
1,GCRA,100,string,embstr,80
1,GCRA,100,string,raw,71
1,GCRA,100,string,embstr,80
1,GCRA,100,string,embstr,80
1,GCRA,100,string,raw,71
1,GCRA,100,string,raw,71
1,GCRA,100,string,embstr,80
1,GCRA,100,string,embstr,80
1,GCRA,100,string,embstr,80
1,GCRA,100,string,raw,71
1,GCRA,100,string,raw,71
1,GCRA,100,string,embstr,80
1,GCRA,100,string,embstr,80
1,GCRA,100,string,raw,71
1,GCRA,100,string,embstr,80
1,GCRA,100,string,embstr,80
1,GCRA,100,string,embstr,80
1,GCRA,100,string,embstr,80
1,GCRA,100,string,embstr,80
1,GCRA,100,string,embstr,80
1,GCRA,100,string,embstr,80
1,GCRA,100,string,embstr,80
1,GCRA,100,string,embstr,80
1,GCRA,100,string,embstr,80
1,GCRA,100,string,raw,71
1,GCRA,100,string,embstr,80
1,GCRA,100,string,raw,71
1,GCRA,100,string,raw,71
1,GCRA,100,string,raw,71
1,GCRA,100,string,raw,71
1,GCRA,100,string,embstr,80
1,GCRA,100,string,embstr,80
1,GCRA,100,string,embstr,80
1,GCRA,100,string,embstr,80
1,GCRA,100,string,embstr,80
1,GCRA,100,string,raw,71
1,GCRA,100,string,embstr,80
1,GCRA,100,string,embstr,80
1,GCRA,100,string,embstr,80
1,GCRA,100,string,embstr,80
1,GCRA,100,string,embstr,80
1,GCRA,100,string,embstr,80
1,GCRA,100,string,embstr,80
1,GCRA,100,string,raw,71
1,GCRA,100,string,embstr,80
1,GCRA,100,string,embstr,80
1,GCRA,100,string,raw,71
1,GCRA,100,string,raw,71
1,GCRA,100,string,embstr,80
1,GCRA,100,string,embstr,80
1,GCRA,100,string,raw,71
1,GCRA,100,string,embstr,80
1,GCRA,100,string,raw,71
1,GCRA,100,string,raw,71
1,GCRA,100,string,raw,71
1,GCRA,100,string,raw,71
1,GCRA,100,string,raw,71
1,GCRA,100,string,raw,71
1,GCRA,100,string,embstr,80
1,GCRA,100,string,embstr,80
1,GCRA,100,string,raw,71
1,GCRA,100,string,embstr,80
1,GCRA,100,string,raw,71
1,GCRA,100,string,raw,71
1,GCRA,100,string,embstr,80
1,GCRA,100,string,embstr,80
1,GCRA,100,string,raw,71
1,GCRA,100,string,embstr,80
1,GCRA,100,string,embstr,80
1,GCRA,100,string,raw,71
1,GCRA,100,string,raw,71
1,GCRA,100,string,raw,71
1,GCRA,100,string,embstr,80
1,GCRA,100,string,raw,71
1,GCRA,100,string,embstr,80
1,"Sliding window log at 1,000/min",1000,zset,skiplist,109768
1,"Sliding window log at 1,000/min",1000,zset,skiplist,110248
1,"Sliding window log at 1,000/min",1000,zset,skiplist,110520
1,"Sliding window log at 1,000/min",1000,zset,skiplist,110616
1,"Sliding window log at 1,000/min",1000,zset,skiplist,110232
1,"Sliding window log at 1,000/min",1000,zset,skiplist,110824
1,"Sliding window log at 1,000/min",1000,zset,skiplist,109848
1,"Sliding window log at 1,000/min",1000,zset,skiplist,110360
1,"Sliding window log at 1,000/min",1000,zset,skiplist,110232
1,"Sliding window log at 1,000/min",1000,zset,skiplist,110424
1,"Sliding window log at 1,000/min",1000,zset,skiplist,110040
1,"Sliding window log at 1,000/min",1000,zset,skiplist,110648
1,"Sliding window log at 1,000/min",1000,zset,skiplist,109944
1,"Sliding window log at 1,000/min",1000,zset,skiplist,109976
1,"Sliding window log at 1,000/min",1000,zset,skiplist,110248
1,"Sliding window log at 1,000/min",1000,zset,skiplist,110488
1,"Sliding window log at 1,000/min",1000,zset,skiplist,110552
1,"Sliding window log at 1,000/min",1000,zset,skiplist,110472
1,"Sliding window log at 1,000/min",1000,zset,skiplist,110104
1,"Sliding window log at 1,000/min",1000,zset,skiplist,110744
1,"Sliding window log at 1,000/min",1000,zset,skiplist,110088
1,"Sliding window log at 1,000/min",1000,zset,skiplist,110312
1,"Sliding window log at 1,000/min",1000,zset,skiplist,110520
1,"Sliding window log at 1,000/min",1000,zset,skiplist,110360
1,"Sliding window log at 1,000/min",1000,zset,skiplist,109848
1,"Sliding window log at 1,000/min",1000,zset,skiplist,110136
1,"Sliding window log at 1,000/min",1000,zset,skiplist,110584
1,"Sliding window log at 1,000/min",1000,zset,skiplist,110984
1,"Sliding window log at 1,000/min",1000,zset,skiplist,110376
1,"Sliding window log at 1,000/min",1000,zset,skiplist,109928
1,"Sliding window log at 1,000/min",1000,zset,skiplist,110328
1,"Sliding window log at 1,000/min",1000,zset,skiplist,110360
1,"Sliding window log at 1,000/min",1000,zset,skiplist,110728
1,"Sliding window log at 1,000/min",1000,zset,skiplist,110456
1,"Sliding window log at 1,000/min",1000,zset,skiplist,110392
1,"Sliding window log at 1,000/min",1000,zset,skiplist,110200
1,"Sliding window log at 1,000/min",1000,zset,skiplist,110680
1,"Sliding window log at 1,000/min",1000,zset,skiplist,111000
1,"Sliding window log at 1,000/min",1000,zset,skiplist,110184
1,"Sliding window log at 1,000/min",1000,zset,skiplist,109960
2,Fixed window,100,string,int,56
2,Fixed window,100,string,int,56
2,Fixed window,100,string,int,56
2,Fixed window,100,string,int,56
2,Fixed window,100,string,int,56
2,Fixed window,100,string,int,56
2,Fixed window,100,string,int,56
2,Fixed window,100,string,int,56
2,Fixed window,100,string,int,56
2,Fixed window,100,string,int,56
2,Fixed window,100,string,int,56
2,Fixed window,100,string,int,56
2,Fixed window,100,string,int,56
2,Fixed window,100,string,int,56
2,Fixed window,100,string,int,56
2,Fixed window,100,string,int,56
2,Fixed window,100,string,int,56
2,Fixed window,100,string,int,56
2,Fixed window,100,string,int,56
2,Fixed window,100,string,int,56
2,Fixed window,100,string,int,56
2,Fixed window,100,string,int,56
2,Fixed window,100,string,int,56
2,Fixed window,100,string,int,56
2,Fixed window,100,string,int,56
2,Fixed window,100,string,int,56
2,Fixed window,100,string,int,56
2,Fixed window,100,string,int,56
2,Fixed window,100,string,int,56
2,Fixed window,100,string,int,56
2,Fixed window,100,string,int,56
2,Fixed window,100,string,int,56
2,Fixed window,100,string,int,56
2,Fixed window,100,string,int,56
2,Fixed window,100,string,int,56
2,Fixed window,100,string,int,56
2,Fixed window,100,string,int,56
2,Fixed window,100,string,int,56
2,Fixed window,100,string,int,56
2,Fixed window,100,string,int,56
2,Fixed window,100,string,int,56
2,Fixed window,100,string,int,56
2,Fixed window,100,string,int,56
2,Fixed window,100,string,int,56
2,Fixed window,100,string,int,56
2,Fixed window,100,string,int,56
2,Fixed window,100,string,int,56
2,Fixed window,100,string,int,56
2,Fixed window,100,string,int,56
2,Fixed window,100,string,int,56
2,Fixed window,100,string,int,56
2,Fixed window,100,string,int,56
2,Fixed window,100,string,int,56
2,Fixed window,100,string,int,56
2,Fixed window,100,string,int,56
2,Fixed window,100,string,int,56
2,Fixed window,100,string,int,56
2,Fixed window,100,string,int,56
2,Fixed window,100,string,int,56
2,Fixed window,100,string,int,56
2,Fixed window,100,string,int,56
2,Fixed window,100,string,int,56
2,Fixed window,100,string,int,56
2,Fixed window,100,string,int,56
2,Fixed window,100,string,int,56
2,Fixed window,100,string,int,56
2,Fixed window,100,string,int,56
2,Fixed window,100,string,int,56
2,Fixed window,100,string,int,56
2,Fixed window,100,string,int,56
2,Fixed window,100,string,int,56
2,Fixed window,100,string,int,56
2,Fixed window,100,string,int,56
2,Fixed window,100,string,int,56
2,Fixed window,100,string,int,56
2,Fixed window,100,string,int,56
2,Fixed window,100,string,int,56
2,Fixed window,100,string,int,56
2,Fixed window,100,string,int,56
2,Fixed window,100,string,int,56
2,Fixed window,100,string,int,56
2,Fixed window,100,string,int,56
2,Fixed window,100,string,int,56
2,Fixed window,100,string,int,56
2,Fixed window,100,string,int,56
2,Fixed window,100,string,int,56
2,Fixed window,100,string,int,56
2,Fixed window,100,string,int,56
2,Fixed window,100,string,int,56
2,Fixed window,100,string,int,56
2,Fixed window,100,string,int,56
2,Fixed window,100,string,int,56
2,Fixed window,100,string,int,56
2,Fixed window,100,string,int,56
2,Fixed window,100,string,int,56
2,Fixed window,100,string,int,56
2,Fixed window,100,string,int,56
2,Fixed window,100,string,int,56
2,Fixed window,100,string,int,56
2,Fixed window,100,string,int,56
2,Fixed window,100,string,int,56
2,Fixed window,100,string,int,56
2,Fixed window,100,string,int,56
2,Fixed window,100,string,int,56
2,Fixed window,100,string,int,56
2,Fixed window,100,string,int,56
2,Fixed window,100,string,int,56
2,Fixed window,100,string,int,56
2,Fixed window,100,string,int,56
2,Fixed window,100,string,int,56
2,Fixed window,100,string,int,56
2,Fixed window,100,string,int,56
2,Fixed window,100,string,int,56
2,Fixed window,100,string,int,56
2,Fixed window,100,string,int,56
2,Fixed window,100,string,int,56
2,Fixed window,100,string,int,56
2,Fixed window,100,string,int,56
2,Fixed window,100,string,int,56
2,Fixed window,100,string,int,56
2,Fixed window,100,string,int,56
2,Fixed window,100,string,int,56
2,Fixed window,100,string,int,56
2,Fixed window,100,string,int,56
2,Fixed window,100,string,int,56
2,Fixed window,100,string,int,56
2,Fixed window,100,string,int,56
2,Fixed window,100,string,int,56
2,Fixed window,100,string,int,56
2,Fixed window,100,string,int,56
2,Fixed window,100,string,int,56
2,Fixed window,100,string,int,56
2,Fixed window,100,string,int,56
2,Fixed window,100,string,int,56
2,Fixed window,100,string,int,56
2,Fixed window,100,string,int,56
2,Fixed window,100,string,int,56
2,Fixed window,100,string,int,56
2,Fixed window,100,string,int,56
2,Fixed window,100,string,int,56
2,Fixed window,100,string,int,56
2,Fixed window,100,string,int,56
2,Fixed window,100,string,int,56
2,Fixed window,100,string,int,56
2,Fixed window,100,string,int,56
2,Fixed window,100,string,int,56
2,Fixed window,100,string,int,56
2,Fixed window,100,string,int,56
2,Fixed window,100,string,int,56
2,Fixed window,100,string,int,56
2,Fixed window,100,string,int,56
2,Fixed window,100,string,int,56
2,Fixed window,100,string,int,56
2,Fixed window,100,string,int,56
2,Fixed window,100,string,int,56
2,Fixed window,100,string,int,56
2,Fixed window,100,string,int,56
2,Fixed window,100,string,int,56
2,Fixed window,100,string,int,56
2,Fixed window,100,string,int,56
2,Fixed window,100,string,int,56
2,Fixed window,100,string,int,56
2,Fixed window,100,string,int,56
2,Fixed window,100,string,int,56
2,Fixed window,100,string,int,56
2,Fixed window,100,string,int,56
2,Fixed window,100,string,int,56
2,Fixed window,100,string,int,56
2,Fixed window,100,string,int,56
2,Fixed window,100,string,int,56
2,Fixed window,100,string,int,56
2,Fixed window,100,string,int,56
2,Fixed window,100,string,int,56
2,Fixed window,100,string,int,56
2,Fixed window,100,string,int,56
2,Fixed window,100,string,int,56
2,Fixed window,100,string,int,56
2,Fixed window,100,string,int,56
2,Fixed window,100,string,int,56
2,Fixed window,100,string,int,56
2,Fixed window,100,string,int,56
2,Fixed window,100,string,int,56
2,Fixed window,100,string,int,56
2,Fixed window,100,string,int,56
2,Fixed window,100,string,int,56
2,Fixed window,100,string,int,56
2,Fixed window,100,string,int,56
2,Fixed window,100,string,int,56
2,Fixed window,100,string,int,56
2,Fixed window,100,string,int,56
2,Fixed window,100,string,int,56
2,Fixed window,100,string,int,56
2,Fixed window,100,string,int,56
2,Fixed window,100,string,int,56
2,Fixed window,100,string,int,56
2,Fixed window,100,string,int,56
2,Fixed window,100,string,int,56
2,Fixed window,100,string,int,56
2,Fixed window,100,string,int,56
2,Fixed window,100,string,int,56
2,Sliding window log,100,zset,listpack,5357
2,Sliding window log,100,zset,listpack,5347
2,Sliding window log,100,zset,listpack,5356
2,Sliding window log,100,zset,listpack,5354
2,Sliding window log,100,zset,listpack,5346
2,Sliding window log,100,zset,listpack,5342
2,Sliding window log,100,zset,listpack,5353
2,Sliding window log,100,zset,listpack,5347
2,Sliding window log,100,zset,listpack,5352
2,Sliding window log,100,zset,listpack,5350
2,Sliding window log,100,zset,listpack,5351
2,Sliding window log,100,zset,listpack,5354
2,Sliding window log,100,zset,listpack,5349
2,Sliding window log,100,zset,listpack,5347
2,Sliding window log,100,zset,listpack,5340
2,Sliding window log,100,zset,listpack,5353
2,Sliding window log,100,zset,listpack,5345
2,Sliding window log,100,zset,listpack,5351
2,Sliding window log,100,zset,listpack,5347
2,Sliding window log,100,zset,listpack,5351
2,Sliding window log,100,zset,listpack,5355
2,Sliding window log,100,zset,listpack,5350
2,Sliding window log,100,zset,listpack,5350
2,Sliding window log,100,zset,listpack,5355
2,Sliding window log,100,zset,listpack,5346
2,Sliding window log,100,zset,listpack,5354
2,Sliding window log,100,zset,listpack,5339
2,Sliding window log,100,zset,listpack,5351
2,Sliding window log,100,zset,listpack,5350
2,Sliding window log,100,zset,listpack,5353
2,Sliding window log,100,zset,listpack,5349
2,Sliding window log,100,zset,listpack,5355
2,Sliding window log,100,zset,listpack,5354
2,Sliding window log,100,zset,listpack,5353
2,Sliding window log,100,zset,listpack,5355
2,Sliding window log,100,zset,listpack,5356
2,Sliding window log,100,zset,listpack,5351
2,Sliding window log,100,zset,listpack,5348
2,Sliding window log,100,zset,listpack,5348
2,Sliding window log,100,zset,listpack,5351
2,Sliding window log,100,zset,listpack,5355
2,Sliding window log,100,zset,listpack,5344
2,Sliding window log,100,zset,listpack,5348
2,Sliding window log,100,zset,listpack,5358
2,Sliding window log,100,zset,listpack,5348
2,Sliding window log,100,zset,listpack,5356
2,Sliding window log,100,zset,listpack,5350
2,Sliding window log,100,zset,listpack,5349
2,Sliding window log,100,zset,listpack,5356
2,Sliding window log,100,zset,listpack,5346
2,Sliding window log,100,zset,listpack,5349
2,Sliding window log,100,zset,listpack,5353
2,Sliding window log,100,zset,listpack,5352
2,Sliding window log,100,zset,listpack,5348
2,Sliding window log,100,zset,listpack,5354
2,Sliding window log,100,zset,listpack,5347
2,Sliding window log,100,zset,listpack,5355
2,Sliding window log,100,zset,listpack,5354
2,Sliding window log,100,zset,listpack,5351
2,Sliding window log,100,zset,listpack,5348
2,Sliding window log,100,zset,listpack,5355
2,Sliding window log,100,zset,listpack,5350
2,Sliding window log,100,zset,listpack,5343
2,Sliding window log,100,zset,listpack,5356
2,Sliding window log,100,zset,listpack,5354
2,Sliding window log,100,zset,listpack,5347
2,Sliding window log,100,zset,listpack,5358
2,Sliding window log,100,zset,listpack,5352
2,Sliding window log,100,zset,listpack,5352
2,Sliding window log,100,zset,listpack,5352
2,Sliding window log,100,zset,listpack,5350
2,Sliding window log,100,zset,listpack,5347
2,Sliding window log,100,zset,listpack,5353
2,Sliding window log,100,zset,listpack,5359
2,Sliding window log,100,zset,listpack,5353
2,Sliding window log,100,zset,listpack,5357
2,Sliding window log,100,zset,listpack,5353
2,Sliding window log,100,zset,listpack,5354
2,Sliding window log,100,zset,listpack,5351
2,Sliding window log,100,zset,listpack,5351
2,Sliding window log,100,zset,listpack,5345
2,Sliding window log,100,zset,listpack,5358
2,Sliding window log,100,zset,listpack,5353
2,Sliding window log,100,zset,listpack,5354
2,Sliding window log,100,zset,listpack,5352
2,Sliding window log,100,zset,listpack,5354
2,Sliding window log,100,zset,listpack,5359
2,Sliding window log,100,zset,listpack,5357
2,Sliding window log,100,zset,listpack,5353
2,Sliding window log,100,zset,listpack,5347
2,Sliding window log,100,zset,listpack,5350
2,Sliding window log,100,zset,listpack,5353
2,Sliding window log,100,zset,listpack,5357
2,Sliding window log,100,zset,listpack,5354
2,Sliding window log,100,zset,listpack,5352
2,Sliding window log,100,zset,listpack,5356
2,Sliding window log,100,zset,listpack,5351
2,Sliding window log,100,zset,listpack,5351
2,Sliding window log,100,zset,listpack,5347
2,Sliding window log,100,zset,listpack,5347
2,Sliding window log,100,zset,listpack,5346
2,Sliding window log,100,zset,listpack,5351
2,Sliding window log,100,zset,listpack,5355
2,Sliding window log,100,zset,listpack,5349
2,Sliding window log,100,zset,listpack,5353
2,Sliding window log,100,zset,listpack,5350
2,Sliding window log,100,zset,listpack,5349
2,Sliding window log,100,zset,listpack,5346
2,Sliding window log,100,zset,listpack,5350
2,Sliding window log,100,zset,listpack,5354
2,Sliding window log,100,zset,listpack,5346
2,Sliding window log,100,zset,listpack,5351
2,Sliding window log,100,zset,listpack,5344
2,Sliding window log,100,zset,listpack,5349
2,Sliding window log,100,zset,listpack,5353
2,Sliding window log,100,zset,listpack,5352
2,Sliding window log,100,zset,listpack,5350
2,Sliding window log,100,zset,listpack,5341
2,Sliding window log,100,zset,listpack,5347
2,Sliding window log,100,zset,listpack,5351
2,Sliding window log,100,zset,listpack,5352
2,Sliding window log,100,zset,listpack,5354
2,Sliding window log,100,zset,listpack,5350
2,Sliding window log,100,zset,listpack,5353
2,Sliding window log,100,zset,listpack,5355
2,Sliding window log,100,zset,listpack,5354
2,Sliding window log,100,zset,listpack,5350
2,Sliding window log,100,zset,listpack,5362
2,Sliding window log,100,zset,listpack,5348
2,Sliding window log,100,zset,listpack,5354
2,Sliding window log,100,zset,listpack,5353
2,Sliding window log,100,zset,listpack,5349
2,Sliding window log,100,zset,listpack,5354
2,Sliding window log,100,zset,listpack,5355
2,Sliding window log,100,zset,listpack,5354
2,Sliding window log,100,zset,listpack,5349
2,Sliding window log,100,zset,listpack,5344
2,Sliding window log,100,zset,listpack,5353
2,Sliding window log,100,zset,listpack,5354
2,Sliding window log,100,zset,listpack,5342
2,Sliding window log,100,zset,listpack,5348
2,Sliding window log,100,zset,listpack,5354
2,Sliding window log,100,zset,listpack,5339
2,Sliding window log,100,zset,listpack,5353
2,Sliding window log,100,zset,listpack,5353
2,Sliding window log,100,zset,listpack,5343
2,Sliding window log,100,zset,listpack,5353
2,Sliding window log,100,zset,listpack,5353
2,Sliding window log,100,zset,listpack,5355
2,Sliding window log,100,zset,listpack,5355
2,Sliding window log,100,zset,listpack,5342
2,Sliding window log,100,zset,listpack,5350
2,Sliding window log,100,zset,listpack,5351
2,Sliding window log,100,zset,listpack,5346
2,Sliding window log,100,zset,listpack,5356
2,Sliding window log,100,zset,listpack,5350
2,Sliding window log,100,zset,listpack,5347
2,Sliding window log,100,zset,listpack,5355
2,Sliding window log,100,zset,listpack,5353
2,Sliding window log,100,zset,listpack,5355
2,Sliding window log,100,zset,listpack,5353
2,Sliding window log,100,zset,listpack,5351
2,Sliding window log,100,zset,listpack,5352
2,Sliding window log,100,zset,listpack,5354
2,Sliding window log,100,zset,listpack,5349
2,Sliding window log,100,zset,listpack,5350
2,Sliding window log,100,zset,listpack,5354
2,Sliding window log,100,zset,listpack,5352
2,Sliding window log,100,zset,listpack,5345
2,Sliding window log,100,zset,listpack,5351
2,Sliding window log,100,zset,listpack,5349
2,Sliding window log,100,zset,listpack,5350
2,Sliding window log,100,zset,listpack,5354
2,Sliding window log,100,zset,listpack,5350
2,Sliding window log,100,zset,listpack,5351
2,Sliding window log,100,zset,listpack,5350
2,Sliding window log,100,zset,listpack,5351
2,Sliding window log,100,zset,listpack,5353
2,Sliding window log,100,zset,listpack,5344
2,Sliding window log,100,zset,listpack,5356
2,Sliding window log,100,zset,listpack,5351
2,Sliding window log,100,zset,listpack,5352
2,Sliding window log,100,zset,listpack,5351
2,Sliding window log,100,zset,listpack,5355
2,Sliding window log,100,zset,listpack,5352
2,Sliding window log,100,zset,listpack,5350
2,Sliding window log,100,zset,listpack,5342
2,Sliding window log,100,zset,listpack,5351
2,Sliding window log,100,zset,listpack,5343
2,Sliding window log,100,zset,listpack,5354
2,Sliding window log,100,zset,listpack,5348
2,Sliding window log,100,zset,listpack,5350
2,Sliding window log,100,zset,listpack,5356
2,Sliding window log,100,zset,listpack,5359
2,Sliding window log,100,zset,listpack,5348
2,Sliding window log,100,zset,listpack,5349
2,Sliding window log,100,zset,listpack,5352
2,Sliding window log,100,zset,listpack,5352
2,Sliding window log,100,zset,listpack,5350
2,Sliding window log,100,zset,listpack,5350
2,Sliding window counter,100,hash,listpack,93
2,Sliding window counter,100,hash,listpack,93
2,Sliding window counter,100,hash,listpack,93
2,Sliding window counter,100,hash,listpack,93
2,Sliding window counter,100,hash,listpack,93
2,Sliding window counter,100,hash,listpack,93
2,Sliding window counter,100,hash,listpack,93
2,Sliding window counter,100,hash,listpack,93
2,Sliding window counter,100,hash,listpack,93
2,Sliding window counter,100,hash,listpack,93
2,Sliding window counter,100,hash,listpack,93
2,Sliding window counter,100,hash,listpack,93
2,Sliding window counter,100,hash,listpack,93
2,Sliding window counter,100,hash,listpack,93
2,Sliding window counter,100,hash,listpack,93
2,Sliding window counter,100,hash,listpack,93
2,Sliding window counter,100,hash,listpack,93
2,Sliding window counter,100,hash,listpack,93
2,Sliding window counter,100,hash,listpack,93
2,Sliding window counter,100,hash,listpack,93
2,Sliding window counter,100,hash,listpack,93
2,Sliding window counter,100,hash,listpack,93
2,Sliding window counter,100,hash,listpack,93
2,Sliding window counter,100,hash,listpack,93
2,Sliding window counter,100,hash,listpack,93
2,Sliding window counter,100,hash,listpack,93
2,Sliding window counter,100,hash,listpack,93
2,Sliding window counter,100,hash,listpack,93
2,Sliding window counter,100,hash,listpack,93
2,Sliding window counter,100,hash,listpack,93
2,Sliding window counter,100,hash,listpack,93
2,Sliding window counter,100,hash,listpack,93
2,Sliding window counter,100,hash,listpack,93
2,Sliding window counter,100,hash,listpack,93
2,Sliding window counter,100,hash,listpack,93
2,Sliding window counter,100,hash,listpack,93
2,Sliding window counter,100,hash,listpack,93
2,Sliding window counter,100,hash,listpack,93
2,Sliding window counter,100,hash,listpack,93
2,Sliding window counter,100,hash,listpack,93
2,Sliding window counter,100,hash,listpack,93
2,Sliding window counter,100,hash,listpack,93
2,Sliding window counter,100,hash,listpack,93
2,Sliding window counter,100,hash,listpack,93
2,Sliding window counter,100,hash,listpack,93
2,Sliding window counter,100,hash,listpack,93
2,Sliding window counter,100,hash,listpack,93
2,Sliding window counter,100,hash,listpack,93
2,Sliding window counter,100,hash,listpack,93
2,Sliding window counter,100,hash,listpack,93
2,Sliding window counter,100,hash,listpack,93
2,Sliding window counter,100,hash,listpack,93
2,Sliding window counter,100,hash,listpack,93
2,Sliding window counter,100,hash,listpack,93
2,Sliding window counter,100,hash,listpack,93
2,Sliding window counter,100,hash,listpack,93
2,Sliding window counter,100,hash,listpack,93
2,Sliding window counter,100,hash,listpack,93
2,Sliding window counter,100,hash,listpack,93
2,Sliding window counter,100,hash,listpack,93
2,Sliding window counter,100,hash,listpack,93
2,Sliding window counter,100,hash,listpack,93
2,Sliding window counter,100,hash,listpack,93
2,Sliding window counter,100,hash,listpack,93
2,Sliding window counter,100,hash,listpack,93
2,Sliding window counter,100,hash,listpack,93
2,Sliding window counter,100,hash,listpack,93
2,Sliding window counter,100,hash,listpack,93
2,Sliding window counter,100,hash,listpack,93
2,Sliding window counter,100,hash,listpack,93
2,Sliding window counter,100,hash,listpack,93
2,Sliding window counter,100,hash,listpack,93
2,Sliding window counter,100,hash,listpack,93
2,Sliding window counter,100,hash,listpack,93
2,Sliding window counter,100,hash,listpack,93
2,Sliding window counter,100,hash,listpack,93
2,Sliding window counter,100,hash,listpack,93
2,Sliding window counter,100,hash,listpack,93
2,Sliding window counter,100,hash,listpack,93
2,Sliding window counter,100,hash,listpack,93
2,Sliding window counter,100,hash,listpack,93
2,Sliding window counter,100,hash,listpack,93
2,Sliding window counter,100,hash,listpack,93
2,Sliding window counter,100,hash,listpack,93
2,Sliding window counter,100,hash,listpack,93
2,Sliding window counter,100,hash,listpack,93
2,Sliding window counter,100,hash,listpack,93
2,Sliding window counter,100,hash,listpack,93
2,Sliding window counter,100,hash,listpack,93
2,Sliding window counter,100,hash,listpack,93
2,Sliding window counter,100,hash,listpack,93
2,Sliding window counter,100,hash,listpack,93
2,Sliding window counter,100,hash,listpack,93
2,Sliding window counter,100,hash,listpack,93
2,Sliding window counter,100,hash,listpack,93
2,Sliding window counter,100,hash,listpack,93
2,Sliding window counter,100,hash,listpack,93
2,Sliding window counter,100,hash,listpack,93
2,Sliding window counter,100,hash,listpack,93
2,Sliding window counter,100,hash,listpack,93
2,Sliding window counter,100,hash,listpack,93
2,Sliding window counter,100,hash,listpack,93
2,Sliding window counter,100,hash,listpack,93
2,Sliding window counter,100,hash,listpack,93
2,Sliding window counter,100,hash,listpack,93
2,Sliding window counter,100,hash,listpack,93
2,Sliding window counter,100,hash,listpack,93
2,Sliding window counter,100,hash,listpack,93
2,Sliding window counter,100,hash,listpack,93
2,Sliding window counter,100,hash,listpack,93
2,Sliding window counter,100,hash,listpack,93
2,Sliding window counter,100,hash,listpack,93
2,Sliding window counter,100,hash,listpack,93
2,Sliding window counter,100,hash,listpack,93
2,Sliding window counter,100,hash,listpack,93
2,Sliding window counter,100,hash,listpack,93
2,Sliding window counter,100,hash,listpack,93
2,Sliding window counter,100,hash,listpack,93
2,Sliding window counter,100,hash,listpack,93
2,Sliding window counter,100,hash,listpack,93
2,Sliding window counter,100,hash,listpack,93
2,Sliding window counter,100,hash,listpack,93
2,Sliding window counter,100,hash,listpack,93
2,Sliding window counter,100,hash,listpack,93
2,Sliding window counter,100,hash,listpack,93
2,Sliding window counter,100,hash,listpack,93
2,Sliding window counter,100,hash,listpack,93
2,Sliding window counter,100,hash,listpack,93
2,Sliding window counter,100,hash,listpack,93
2,Sliding window counter,100,hash,listpack,93
2,Sliding window counter,100,hash,listpack,93
2,Sliding window counter,100,hash,listpack,93
2,Sliding window counter,100,hash,listpack,93
2,Sliding window counter,100,hash,listpack,93
2,Sliding window counter,100,hash,listpack,93
2,Sliding window counter,100,hash,listpack,93
2,Sliding window counter,100,hash,listpack,93
2,Sliding window counter,100,hash,listpack,93
2,Sliding window counter,100,hash,listpack,93
2,Sliding window counter,100,hash,listpack,93
2,Sliding window counter,100,hash,listpack,93
2,Sliding window counter,100,hash,listpack,93
2,Sliding window counter,100,hash,listpack,93
2,Sliding window counter,100,hash,listpack,93
2,Sliding window counter,100,hash,listpack,93
2,Sliding window counter,100,hash,listpack,93
2,Sliding window counter,100,hash,listpack,93
2,Sliding window counter,100,hash,listpack,93
2,Sliding window counter,100,hash,listpack,93
2,Sliding window counter,100,hash,listpack,93
2,Sliding window counter,100,hash,listpack,93
2,Sliding window counter,100,hash,listpack,93
2,Sliding window counter,100,hash,listpack,93
2,Sliding window counter,100,hash,listpack,93
2,Sliding window counter,100,hash,listpack,93
2,Sliding window counter,100,hash,listpack,93
2,Sliding window counter,100,hash,listpack,93
2,Sliding window counter,100,hash,listpack,93
2,Sliding window counter,100,hash,listpack,93
2,Sliding window counter,100,hash,listpack,93
2,Sliding window counter,100,hash,listpack,93
2,Sliding window counter,100,hash,listpack,93
2,Sliding window counter,100,hash,listpack,93
2,Sliding window counter,100,hash,listpack,93
2,Sliding window counter,100,hash,listpack,93
2,Sliding window counter,100,hash,listpack,93
2,Sliding window counter,100,hash,listpack,93
2,Sliding window counter,100,hash,listpack,93
2,Sliding window counter,100,hash,listpack,93
2,Sliding window counter,100,hash,listpack,93
2,Sliding window counter,100,hash,listpack,93
2,Sliding window counter,100,hash,listpack,93
2,Sliding window counter,100,hash,listpack,93
2,Sliding window counter,100,hash,listpack,93
2,Sliding window counter,100,hash,listpack,93
2,Sliding window counter,100,hash,listpack,93
2,Sliding window counter,100,hash,listpack,93
2,Sliding window counter,100,hash,listpack,93
2,Sliding window counter,100,hash,listpack,93
2,Sliding window counter,100,hash,listpack,93
2,Sliding window counter,100,hash,listpack,93
2,Sliding window counter,100,hash,listpack,93
2,Sliding window counter,100,hash,listpack,93
2,Sliding window counter,100,hash,listpack,93
2,Sliding window counter,100,hash,listpack,93
2,Sliding window counter,100,hash,listpack,93
2,Sliding window counter,100,hash,listpack,93
2,Sliding window counter,100,hash,listpack,93
2,Sliding window counter,100,hash,listpack,93
2,Sliding window counter,100,hash,listpack,93
2,Sliding window counter,100,hash,listpack,93
2,Sliding window counter,100,hash,listpack,93
2,Sliding window counter,100,hash,listpack,93
2,Sliding window counter,100,hash,listpack,93
2,Sliding window counter,100,hash,listpack,93
2,Sliding window counter,100,hash,listpack,93
2,Sliding window counter,100,hash,listpack,93
2,Sliding window counter,100,hash,listpack,93
2,Sliding window counter,100,hash,listpack,93
2,Sliding window counter,100,hash,listpack,93
2,Token bucket,100,hash,listpack,117
2,Token bucket,100,hash,listpack,117
2,Token bucket,100,hash,listpack,117
2,Token bucket,100,hash,listpack,117
2,Token bucket,100,hash,listpack,116
2,Token bucket,100,hash,listpack,116
2,Token bucket,100,hash,listpack,117
2,Token bucket,100,hash,listpack,117
2,Token bucket,100,hash,listpack,117
2,Token bucket,100,hash,listpack,116
2,Token bucket,100,hash,listpack,117
2,Token bucket,100,hash,listpack,116
2,Token bucket,100,hash,listpack,117
2,Token bucket,100,hash,listpack,117
2,Token bucket,100,hash,listpack,115
2,Token bucket,100,hash,listpack,117
2,Token bucket,100,hash,listpack,117
2,Token bucket,100,hash,listpack,116
2,Token bucket,100,hash,listpack,114
2,Token bucket,100,hash,listpack,116
2,Token bucket,100,hash,listpack,117
2,Token bucket,100,hash,listpack,116
2,Token bucket,100,hash,listpack,116
2,Token bucket,100,hash,listpack,117
2,Token bucket,100,hash,listpack,117
2,Token bucket,100,hash,listpack,116
2,Token bucket,100,hash,listpack,117
2,Token bucket,100,hash,listpack,117
2,Token bucket,100,hash,listpack,117
2,Token bucket,100,hash,listpack,117
2,Token bucket,100,hash,listpack,117
2,Token bucket,100,hash,listpack,116
2,Token bucket,100,hash,listpack,116
2,Token bucket,100,hash,listpack,116
2,Token bucket,100,hash,listpack,117
2,Token bucket,100,hash,listpack,117
2,Token bucket,100,hash,listpack,116
2,Token bucket,100,hash,listpack,117
2,Token bucket,100,hash,listpack,117
2,Token bucket,100,hash,listpack,117
2,Token bucket,100,hash,listpack,117
2,Token bucket,100,hash,listpack,117
2,Token bucket,100,hash,listpack,117
2,Token bucket,100,hash,listpack,117
2,Token bucket,100,hash,listpack,117
2,Token bucket,100,hash,listpack,115
2,Token bucket,100,hash,listpack,117
2,Token bucket,100,hash,listpack,117
2,Token bucket,100,hash,listpack,115
2,Token bucket,100,hash,listpack,115
2,Token bucket,100,hash,listpack,117
2,Token bucket,100,hash,listpack,116
2,Token bucket,100,hash,listpack,117
2,Token bucket,100,hash,listpack,117
2,Token bucket,100,hash,listpack,115
2,Token bucket,100,hash,listpack,116
2,Token bucket,100,hash,listpack,117
2,Token bucket,100,hash,listpack,117
2,Token bucket,100,hash,listpack,117
2,Token bucket,100,hash,listpack,115
2,Token bucket,100,hash,listpack,117
2,Token bucket,100,hash,listpack,117
2,Token bucket,100,hash,listpack,117
2,Token bucket,100,hash,listpack,117
2,Token bucket,100,hash,listpack,117
2,Token bucket,100,hash,listpack,116
2,Token bucket,100,hash,listpack,117
2,Token bucket,100,hash,listpack,116
2,Token bucket,100,hash,listpack,117
2,Token bucket,100,hash,listpack,115
2,Token bucket,100,hash,listpack,117
2,Token bucket,100,hash,listpack,115
2,Token bucket,100,hash,listpack,116
2,Token bucket,100,hash,listpack,116
2,Token bucket,100,hash,listpack,116
2,Token bucket,100,hash,listpack,116
2,Token bucket,100,hash,listpack,117
2,Token bucket,100,hash,listpack,116
2,Token bucket,100,hash,listpack,117
2,Token bucket,100,hash,listpack,117
2,Token bucket,100,hash,listpack,117
2,Token bucket,100,hash,listpack,117
2,Token bucket,100,hash,listpack,117
2,Token bucket,100,hash,listpack,116
2,Token bucket,100,hash,listpack,115
2,Token bucket,100,hash,listpack,116
2,Token bucket,100,hash,listpack,116
2,Token bucket,100,hash,listpack,117
2,Token bucket,100,hash,listpack,116
2,Token bucket,100,hash,listpack,116
2,Token bucket,100,hash,listpack,116
2,Token bucket,100,hash,listpack,117
2,Token bucket,100,hash,listpack,117
2,Token bucket,100,hash,listpack,115
2,Token bucket,100,hash,listpack,117
2,Token bucket,100,hash,listpack,116
2,Token bucket,100,hash,listpack,117
2,Token bucket,100,hash,listpack,116
2,Token bucket,100,hash,listpack,117
2,Token bucket,100,hash,listpack,116
2,Token bucket,100,hash,listpack,115
2,Token bucket,100,hash,listpack,116
2,Token bucket,100,hash,listpack,117
2,Token bucket,100,hash,listpack,117
2,Token bucket,100,hash,listpack,117
2,Token bucket,100,hash,listpack,116
2,Token bucket,100,hash,listpack,117
2,Token bucket,100,hash,listpack,115
2,Token bucket,100,hash,listpack,117
2,Token bucket,100,hash,listpack,117
2,Token bucket,100,hash,listpack,117
2,Token bucket,100,hash,listpack,117
2,Token bucket,100,hash,listpack,116
2,Token bucket,100,hash,listpack,116
2,Token bucket,100,hash,listpack,117
2,Token bucket,100,hash,listpack,117
2,Token bucket,100,hash,listpack,117
2,Token bucket,100,hash,listpack,117
2,Token bucket,100,hash,listpack,117
2,Token bucket,100,hash,listpack,116
2,Token bucket,100,hash,listpack,116
2,Token bucket,100,hash,listpack,117
2,Token bucket,100,hash,listpack,117
2,Token bucket,100,hash,listpack,117
2,Token bucket,100,hash,listpack,117
2,Token bucket,100,hash,listpack,117
2,Token bucket,100,hash,listpack,116
2,Token bucket,100,hash,listpack,117
2,Token bucket,100,hash,listpack,117
2,Token bucket,100,hash,listpack,117
2,Token bucket,100,hash,listpack,117
2,Token bucket,100,hash,listpack,117
2,Token bucket,100,hash,listpack,117
2,Token bucket,100,hash,listpack,117
2,Token bucket,100,hash,listpack,117
2,Token bucket,100,hash,listpack,117
2,Token bucket,100,hash,listpack,117
2,Token bucket,100,hash,listpack,117
2,Token bucket,100,hash,listpack,117
2,Token bucket,100,hash,listpack,114
2,Token bucket,100,hash,listpack,116
2,Token bucket,100,hash,listpack,117
2,Token bucket,100,hash,listpack,117
2,Token bucket,100,hash,listpack,116
2,Token bucket,100,hash,listpack,115
2,Token bucket,100,hash,listpack,117
2,Token bucket,100,hash,listpack,117
2,Token bucket,100,hash,listpack,114
2,Token bucket,100,hash,listpack,117
2,Token bucket,100,hash,listpack,117
2,Token bucket,100,hash,listpack,117
2,Token bucket,100,hash,listpack,117
2,Token bucket,100,hash,listpack,115
2,Token bucket,100,hash,listpack,117
2,Token bucket,100,hash,listpack,117
2,Token bucket,100,hash,listpack,116
2,Token bucket,100,hash,listpack,117
2,Token bucket,100,hash,listpack,117
2,Token bucket,100,hash,listpack,117
2,Token bucket,100,hash,listpack,117
2,Token bucket,100,hash,listpack,117
2,Token bucket,100,hash,listpack,117
2,Token bucket,100,hash,listpack,117
2,Token bucket,100,hash,listpack,115
2,Token bucket,100,hash,listpack,117
2,Token bucket,100,hash,listpack,117
2,Token bucket,100,hash,listpack,117
2,Token bucket,100,hash,listpack,115
2,Token bucket,100,hash,listpack,116
2,Token bucket,100,hash,listpack,117
2,Token bucket,100,hash,listpack,117
2,Token bucket,100,hash,listpack,117
2,Token bucket,100,hash,listpack,115
2,Token bucket,100,hash,listpack,116
2,Token bucket,100,hash,listpack,116
2,Token bucket,100,hash,listpack,117
2,Token bucket,100,hash,listpack,117
2,Token bucket,100,hash,listpack,117
2,Token bucket,100,hash,listpack,116
2,Token bucket,100,hash,listpack,117
2,Token bucket,100,hash,listpack,117
2,Token bucket,100,hash,listpack,117
2,Token bucket,100,hash,listpack,117
2,Token bucket,100,hash,listpack,116
2,Token bucket,100,hash,listpack,117
2,Token bucket,100,hash,listpack,117
2,Token bucket,100,hash,listpack,116
2,Token bucket,100,hash,listpack,117
2,Token bucket,100,hash,listpack,117
2,Token bucket,100,hash,listpack,117
2,Token bucket,100,hash,listpack,117
2,Token bucket,100,hash,listpack,117
2,Token bucket,100,hash,listpack,117
2,Token bucket,100,hash,listpack,116
2,Token bucket,100,hash,listpack,116
2,Token bucket,100,hash,listpack,117
2,Token bucket,100,hash,listpack,116
2,Token bucket,100,hash,listpack,115
2,Token bucket,100,hash,listpack,117
2,Token bucket,100,hash,listpack,117
2,Leaky bucket,100,hash,listpack,113
2,Leaky bucket,100,hash,listpack,113
2,Leaky bucket,100,hash,listpack,112
2,Leaky bucket,100,hash,listpack,112
2,Leaky bucket,100,hash,listpack,113
2,Leaky bucket,100,hash,listpack,113
2,Leaky bucket,100,hash,listpack,113
2,Leaky bucket,100,hash,listpack,112
2,Leaky bucket,100,hash,listpack,112
2,Leaky bucket,100,hash,listpack,112
2,Leaky bucket,100,hash,listpack,112
2,Leaky bucket,100,hash,listpack,112
2,Leaky bucket,100,hash,listpack,113
2,Leaky bucket,100,hash,listpack,113
2,Leaky bucket,100,hash,listpack,112
2,Leaky bucket,100,hash,listpack,112
2,Leaky bucket,100,hash,listpack,113
2,Leaky bucket,100,hash,listpack,112
2,Leaky bucket,100,hash,listpack,113
2,Leaky bucket,100,hash,listpack,113
2,Leaky bucket,100,hash,listpack,113
2,Leaky bucket,100,hash,listpack,113
2,Leaky bucket,100,hash,listpack,112
2,Leaky bucket,100,hash,listpack,113
2,Leaky bucket,100,hash,listpack,113
2,Leaky bucket,100,hash,listpack,113
2,Leaky bucket,100,hash,listpack,113
2,Leaky bucket,100,hash,listpack,112
2,Leaky bucket,100,hash,listpack,113
2,Leaky bucket,100,hash,listpack,113
2,Leaky bucket,100,hash,listpack,113
2,Leaky bucket,100,hash,listpack,112
2,Leaky bucket,100,hash,listpack,113
2,Leaky bucket,100,hash,listpack,112
2,Leaky bucket,100,hash,listpack,111
2,Leaky bucket,100,hash,listpack,113
2,Leaky bucket,100,hash,listpack,112
2,Leaky bucket,100,hash,listpack,113
2,Leaky bucket,100,hash,listpack,112
2,Leaky bucket,100,hash,listpack,113
2,Leaky bucket,100,hash,listpack,112
2,Leaky bucket,100,hash,listpack,112
2,Leaky bucket,100,hash,listpack,111
2,Leaky bucket,100,hash,listpack,113
2,Leaky bucket,100,hash,listpack,112
2,Leaky bucket,100,hash,listpack,112
2,Leaky bucket,100,hash,listpack,112
2,Leaky bucket,100,hash,listpack,112
2,Leaky bucket,100,hash,listpack,113
2,Leaky bucket,100,hash,listpack,111
2,Leaky bucket,100,hash,listpack,112
2,Leaky bucket,100,hash,listpack,112
2,Leaky bucket,100,hash,listpack,113
2,Leaky bucket,100,hash,listpack,113
2,Leaky bucket,100,hash,listpack,112
2,Leaky bucket,100,hash,listpack,111
2,Leaky bucket,100,hash,listpack,112
2,Leaky bucket,100,hash,listpack,113
2,Leaky bucket,100,hash,listpack,112
2,Leaky bucket,100,hash,listpack,113
2,Leaky bucket,100,hash,listpack,113
2,Leaky bucket,100,hash,listpack,113
2,Leaky bucket,100,hash,listpack,112
2,Leaky bucket,100,hash,listpack,112
2,Leaky bucket,100,hash,listpack,113
2,Leaky bucket,100,hash,listpack,113
2,Leaky bucket,100,hash,listpack,112
2,Leaky bucket,100,hash,listpack,113
2,Leaky bucket,100,hash,listpack,113
2,Leaky bucket,100,hash,listpack,113
2,Leaky bucket,100,hash,listpack,112
2,Leaky bucket,100,hash,listpack,112
2,Leaky bucket,100,hash,listpack,113
2,Leaky bucket,100,hash,listpack,113
2,Leaky bucket,100,hash,listpack,112
2,Leaky bucket,100,hash,listpack,113
2,Leaky bucket,100,hash,listpack,113
2,Leaky bucket,100,hash,listpack,113
2,Leaky bucket,100,hash,listpack,113
2,Leaky bucket,100,hash,listpack,113
2,Leaky bucket,100,hash,listpack,112
2,Leaky bucket,100,hash,listpack,111
2,Leaky bucket,100,hash,listpack,112
2,Leaky bucket,100,hash,listpack,112
2,Leaky bucket,100,hash,listpack,113
2,Leaky bucket,100,hash,listpack,113
2,Leaky bucket,100,hash,listpack,112
2,Leaky bucket,100,hash,listpack,113
2,Leaky bucket,100,hash,listpack,113
2,Leaky bucket,100,hash,listpack,113
2,Leaky bucket,100,hash,listpack,112
2,Leaky bucket,100,hash,listpack,113
2,Leaky bucket,100,hash,listpack,113
2,Leaky bucket,100,hash,listpack,113
2,Leaky bucket,100,hash,listpack,113
2,Leaky bucket,100,hash,listpack,111
2,Leaky bucket,100,hash,listpack,112
2,Leaky bucket,100,hash,listpack,113
2,Leaky bucket,100,hash,listpack,113
2,Leaky bucket,100,hash,listpack,113
2,Leaky bucket,100,hash,listpack,111
2,Leaky bucket,100,hash,listpack,111
2,Leaky bucket,100,hash,listpack,112
2,Leaky bucket,100,hash,listpack,113
2,Leaky bucket,100,hash,listpack,112
2,Leaky bucket,100,hash,listpack,112
2,Leaky bucket,100,hash,listpack,113
2,Leaky bucket,100,hash,listpack,111
2,Leaky bucket,100,hash,listpack,112
2,Leaky bucket,100,hash,listpack,113
2,Leaky bucket,100,hash,listpack,113
2,Leaky bucket,100,hash,listpack,113
2,Leaky bucket,100,hash,listpack,113
2,Leaky bucket,100,hash,listpack,113
2,Leaky bucket,100,hash,listpack,112
2,Leaky bucket,100,hash,listpack,112
2,Leaky bucket,100,hash,listpack,112
2,Leaky bucket,100,hash,listpack,113
2,Leaky bucket,100,hash,listpack,111
2,Leaky bucket,100,hash,listpack,113
2,Leaky bucket,100,hash,listpack,112
2,Leaky bucket,100,hash,listpack,113
2,Leaky bucket,100,hash,listpack,113
2,Leaky bucket,100,hash,listpack,113
2,Leaky bucket,100,hash,listpack,112
2,Leaky bucket,100,hash,listpack,112
2,Leaky bucket,100,hash,listpack,112
2,Leaky bucket,100,hash,listpack,113
2,Leaky bucket,100,hash,listpack,113
2,Leaky bucket,100,hash,listpack,113
2,Leaky bucket,100,hash,listpack,113
2,Leaky bucket,100,hash,listpack,113
2,Leaky bucket,100,hash,listpack,112
2,Leaky bucket,100,hash,listpack,113
2,Leaky bucket,100,hash,listpack,112
2,Leaky bucket,100,hash,listpack,113
2,Leaky bucket,100,hash,listpack,113
2,Leaky bucket,100,hash,listpack,112
2,Leaky bucket,100,hash,listpack,113
2,Leaky bucket,100,hash,listpack,113
2,Leaky bucket,100,hash,listpack,112
2,Leaky bucket,100,hash,listpack,113
2,Leaky bucket,100,hash,listpack,113
2,Leaky bucket,100,hash,listpack,112
2,Leaky bucket,100,hash,listpack,111
2,Leaky bucket,100,hash,listpack,113
2,Leaky bucket,100,hash,listpack,113
2,Leaky bucket,100,hash,listpack,112
2,Leaky bucket,100,hash,listpack,113
2,Leaky bucket,100,hash,listpack,112
2,Leaky bucket,100,hash,listpack,113
2,Leaky bucket,100,hash,listpack,112
2,Leaky bucket,100,hash,listpack,113
2,Leaky bucket,100,hash,listpack,112
2,Leaky bucket,100,hash,listpack,112
2,Leaky bucket,100,hash,listpack,112
2,Leaky bucket,100,hash,listpack,113
2,Leaky bucket,100,hash,listpack,113
2,Leaky bucket,100,hash,listpack,112
2,Leaky bucket,100,hash,listpack,112
2,Leaky bucket,100,hash,listpack,112
2,Leaky bucket,100,hash,listpack,112
2,Leaky bucket,100,hash,listpack,113
2,Leaky bucket,100,hash,listpack,112
2,Leaky bucket,100,hash,listpack,113
2,Leaky bucket,100,hash,listpack,112
2,Leaky bucket,100,hash,listpack,112
2,Leaky bucket,100,hash,listpack,112
2,Leaky bucket,100,hash,listpack,112
2,Leaky bucket,100,hash,listpack,113
2,Leaky bucket,100,hash,listpack,113
2,Leaky bucket,100,hash,listpack,112
2,Leaky bucket,100,hash,listpack,113
2,Leaky bucket,100,hash,listpack,113
2,Leaky bucket,100,hash,listpack,113
2,Leaky bucket,100,hash,listpack,112
2,Leaky bucket,100,hash,listpack,113
2,Leaky bucket,100,hash,listpack,113
2,Leaky bucket,100,hash,listpack,113
2,Leaky bucket,100,hash,listpack,113
2,Leaky bucket,100,hash,listpack,113
2,Leaky bucket,100,hash,listpack,113
2,Leaky bucket,100,hash,listpack,113
2,Leaky bucket,100,hash,listpack,113
2,Leaky bucket,100,hash,listpack,112
2,Leaky bucket,100,hash,listpack,113
2,Leaky bucket,100,hash,listpack,110
2,Leaky bucket,100,hash,listpack,112
2,Leaky bucket,100,hash,listpack,112
2,Leaky bucket,100,hash,listpack,113
2,Leaky bucket,100,hash,listpack,111
2,Leaky bucket,100,hash,listpack,112
2,Leaky bucket,100,hash,listpack,113
2,Leaky bucket,100,hash,listpack,113
2,Leaky bucket,100,hash,listpack,113
2,Leaky bucket,100,hash,listpack,113
2,Leaky bucket,100,hash,listpack,112
2,Leaky bucket,100,hash,listpack,113
2,Leaky bucket,100,hash,listpack,113
2,Leaky bucket,100,hash,listpack,113
2,GCRA,100,string,embstr,80
2,GCRA,100,string,raw,71
2,GCRA,100,string,embstr,80
2,GCRA,100,string,raw,71
2,GCRA,100,string,embstr,80
2,GCRA,100,string,embstr,80
2,GCRA,100,string,embstr,80
2,GCRA,100,string,raw,71
2,GCRA,100,string,embstr,80
2,GCRA,100,string,raw,71
2,GCRA,100,string,embstr,80
2,GCRA,100,string,raw,71
2,GCRA,100,string,embstr,80
2,GCRA,100,string,embstr,80
2,GCRA,100,string,raw,71
2,GCRA,100,string,embstr,80
2,GCRA,100,string,embstr,80
2,GCRA,100,string,embstr,80
2,GCRA,100,string,embstr,80
2,GCRA,100,string,raw,71
2,GCRA,100,string,embstr,80
2,GCRA,100,string,raw,71
2,GCRA,100,string,raw,71
2,GCRA,100,string,embstr,80
2,GCRA,100,string,raw,71
2,GCRA,100,string,embstr,80
2,GCRA,100,string,raw,71
2,GCRA,100,string,embstr,80
2,GCRA,100,string,raw,71
2,GCRA,100,string,embstr,80
2,GCRA,100,string,embstr,80
2,GCRA,100,string,embstr,80
2,GCRA,100,string,embstr,80
2,GCRA,100,string,embstr,80
2,GCRA,100,string,embstr,80
2,GCRA,100,string,raw,71
2,GCRA,100,string,embstr,80
2,GCRA,100,string,raw,71
2,GCRA,100,string,embstr,80
2,GCRA,100,string,raw,71
2,GCRA,100,string,embstr,80
2,GCRA,100,string,raw,71
2,GCRA,100,string,embstr,80
2,GCRA,100,string,embstr,80
2,GCRA,100,string,raw,71
2,GCRA,100,string,embstr,80
2,GCRA,100,string,embstr,80
2,GCRA,100,string,raw,71
2,GCRA,100,string,embstr,80
2,GCRA,100,string,raw,71
2,GCRA,100,string,embstr,80
2,GCRA,100,string,embstr,80
2,GCRA,100,string,embstr,80
2,GCRA,100,string,raw,71
2,GCRA,100,string,embstr,80
2,GCRA,100,string,embstr,80
2,GCRA,100,string,raw,71
2,GCRA,100,string,raw,71
2,GCRA,100,string,embstr,80
2,GCRA,100,string,embstr,80
2,GCRA,100,string,embstr,80
2,GCRA,100,string,embstr,80
2,GCRA,100,string,embstr,80
2,GCRA,100,string,raw,71
2,GCRA,100,string,raw,71
2,GCRA,100,string,embstr,80
2,GCRA,100,string,raw,71
2,GCRA,100,string,embstr,80
2,GCRA,100,string,raw,71
2,GCRA,100,string,raw,71
2,GCRA,100,string,embstr,80
2,GCRA,100,string,raw,71
2,GCRA,100,string,raw,71
2,GCRA,100,string,embstr,80
2,GCRA,100,string,raw,71
2,GCRA,100,string,embstr,80
2,GCRA,100,string,raw,71
2,GCRA,100,string,raw,71
2,GCRA,100,string,embstr,80
2,GCRA,100,string,embstr,80
2,GCRA,100,string,raw,71
2,GCRA,100,string,embstr,80
2,GCRA,100,string,embstr,80
2,GCRA,100,string,raw,71
2,GCRA,100,string,embstr,80
2,GCRA,100,string,embstr,80
2,GCRA,100,string,embstr,80
2,GCRA,100,string,raw,71
2,GCRA,100,string,raw,71
2,GCRA,100,string,raw,71
2,GCRA,100,string,embstr,80
2,GCRA,100,string,embstr,80
2,GCRA,100,string,raw,71
2,GCRA,100,string,embstr,80
2,GCRA,100,string,raw,71
2,GCRA,100,string,raw,71
2,GCRA,100,string,embstr,80
2,GCRA,100,string,embstr,80
2,GCRA,100,string,raw,71
2,GCRA,100,string,embstr,80
2,GCRA,100,string,embstr,80
2,GCRA,100,string,embstr,80
2,GCRA,100,string,raw,71
2,GCRA,100,string,embstr,80
2,GCRA,100,string,embstr,80
2,GCRA,100,string,embstr,80
2,GCRA,100,string,embstr,80
2,GCRA,100,string,embstr,80
2,GCRA,100,string,embstr,80
2,GCRA,100,string,raw,71
2,GCRA,100,string,embstr,80
2,GCRA,100,string,raw,71
2,GCRA,100,string,raw,71
2,GCRA,100,string,raw,71
2,GCRA,100,string,embstr,80
2,GCRA,100,string,raw,71
2,GCRA,100,string,embstr,80
2,GCRA,100,string,embstr,80
2,GCRA,100,string,embstr,80
2,GCRA,100,string,embstr,80
2,GCRA,100,string,embstr,80
2,GCRA,100,string,raw,71
2,GCRA,100,string,embstr,80
2,GCRA,100,string,raw,71
2,GCRA,100,string,embstr,80
2,GCRA,100,string,embstr,80
2,GCRA,100,string,raw,71
2,GCRA,100,string,embstr,80
2,GCRA,100,string,embstr,80
2,GCRA,100,string,embstr,80
2,GCRA,100,string,raw,71
2,GCRA,100,string,raw,71
2,GCRA,100,string,embstr,80
2,GCRA,100,string,raw,71
2,GCRA,100,string,embstr,80
2,GCRA,100,string,embstr,80
2,GCRA,100,string,raw,71
2,GCRA,100,string,embstr,80
2,GCRA,100,string,embstr,80
2,GCRA,100,string,embstr,80
2,GCRA,100,string,raw,71
2,GCRA,100,string,raw,71
2,GCRA,100,string,raw,71
2,GCRA,100,string,embstr,80
2,GCRA,100,string,embstr,80
2,GCRA,100,string,embstr,80
2,GCRA,100,string,embstr,80
2,GCRA,100,string,embstr,80
2,GCRA,100,string,raw,71
2,GCRA,100,string,raw,71
2,GCRA,100,string,embstr,80
2,GCRA,100,string,embstr,80
2,GCRA,100,string,embstr,80
2,GCRA,100,string,raw,71
2,GCRA,100,string,embstr,80
2,GCRA,100,string,raw,71
2,GCRA,100,string,embstr,80
2,GCRA,100,string,raw,71
2,GCRA,100,string,embstr,80
2,GCRA,100,string,raw,71
2,GCRA,100,string,embstr,80
2,GCRA,100,string,embstr,80
2,GCRA,100,string,raw,71
2,GCRA,100,string,embstr,80
2,GCRA,100,string,raw,71
2,GCRA,100,string,embstr,80
2,GCRA,100,string,embstr,80
2,GCRA,100,string,embstr,80
2,GCRA,100,string,embstr,80
2,GCRA,100,string,raw,71
2,GCRA,100,string,embstr,80
2,GCRA,100,string,raw,71
2,GCRA,100,string,raw,71
2,GCRA,100,string,embstr,80
2,GCRA,100,string,raw,71
2,GCRA,100,string,embstr,80
2,GCRA,100,string,embstr,80
2,GCRA,100,string,raw,71
2,GCRA,100,string,embstr,80
2,GCRA,100,string,embstr,80
2,GCRA,100,string,embstr,80
2,GCRA,100,string,raw,71
2,GCRA,100,string,embstr,80
2,GCRA,100,string,raw,71
2,GCRA,100,string,embstr,80
2,GCRA,100,string,raw,71
2,GCRA,100,string,embstr,80
2,GCRA,100,string,embstr,80
2,GCRA,100,string,raw,71
2,GCRA,100,string,embstr,80
2,GCRA,100,string,raw,71
2,GCRA,100,string,raw,71
2,GCRA,100,string,embstr,80
2,GCRA,100,string,embstr,80
2,GCRA,100,string,embstr,80
2,GCRA,100,string,embstr,80
2,GCRA,100,string,raw,71
2,GCRA,100,string,raw,71
2,GCRA,100,string,raw,71
2,GCRA,100,string,embstr,80
2,"Sliding window log at 1,000/min",1000,zset,skiplist,110072
2,"Sliding window log at 1,000/min",1000,zset,skiplist,110392
2,"Sliding window log at 1,000/min",1000,zset,skiplist,110376
2,"Sliding window log at 1,000/min",1000,zset,skiplist,110184
2,"Sliding window log at 1,000/min",1000,zset,skiplist,109864
2,"Sliding window log at 1,000/min",1000,zset,skiplist,110184
2,"Sliding window log at 1,000/min",1000,zset,skiplist,111144
2,"Sliding window log at 1,000/min",1000,zset,skiplist,110696
2,"Sliding window log at 1,000/min",1000,zset,skiplist,110312
2,"Sliding window log at 1,000/min",1000,zset,skiplist,110264
2,"Sliding window log at 1,000/min",1000,zset,skiplist,110280
2,"Sliding window log at 1,000/min",1000,zset,skiplist,111080
2,"Sliding window log at 1,000/min",1000,zset,skiplist,110312
2,"Sliding window log at 1,000/min",1000,zset,skiplist,110392
2,"Sliding window log at 1,000/min",1000,zset,skiplist,110440
2,"Sliding window log at 1,000/min",1000,zset,skiplist,110360
2,"Sliding window log at 1,000/min",1000,zset,skiplist,109976
2,"Sliding window log at 1,000/min",1000,zset,skiplist,110408
2,"Sliding window log at 1,000/min",1000,zset,skiplist,110456
2,"Sliding window log at 1,000/min",1000,zset,skiplist,110136
2,"Sliding window log at 1,000/min",1000,zset,skiplist,110424
2,"Sliding window log at 1,000/min",1000,zset,skiplist,110152
2,"Sliding window log at 1,000/min",1000,zset,skiplist,109704
2,"Sliding window log at 1,000/min",1000,zset,skiplist,109928
2,"Sliding window log at 1,000/min",1000,zset,skiplist,110424
2,"Sliding window log at 1,000/min",1000,zset,skiplist,110856
2,"Sliding window log at 1,000/min",1000,zset,skiplist,110536
2,"Sliding window log at 1,000/min",1000,zset,skiplist,110904
2,"Sliding window log at 1,000/min",1000,zset,skiplist,110376
2,"Sliding window log at 1,000/min",1000,zset,skiplist,110296
2,"Sliding window log at 1,000/min",1000,zset,skiplist,110088
2,"Sliding window log at 1,000/min",1000,zset,skiplist,109816
2,"Sliding window log at 1,000/min",1000,zset,skiplist,110568
2,"Sliding window log at 1,000/min",1000,zset,skiplist,110488
2,"Sliding window log at 1,000/min",1000,zset,skiplist,110680
2,"Sliding window log at 1,000/min",1000,zset,skiplist,110472
2,"Sliding window log at 1,000/min",1000,zset,skiplist,110232
2,"Sliding window log at 1,000/min",1000,zset,skiplist,110184
2,"Sliding window log at 1,000/min",1000,zset,skiplist,110072
2,"Sliding window log at 1,000/min",1000,zset,skiplist,110328
3,Fixed window,100,string,int,56
3,Fixed window,100,string,int,56
3,Fixed window,100,string,int,56
3,Fixed window,100,string,int,56
3,Fixed window,100,string,int,56
3,Fixed window,100,string,int,56
3,Fixed window,100,string,int,56
3,Fixed window,100,string,int,56
3,Fixed window,100,string,int,56
3,Fixed window,100,string,int,56
3,Fixed window,100,string,int,56
3,Fixed window,100,string,int,56
3,Fixed window,100,string,int,56
3,Fixed window,100,string,int,56
3,Fixed window,100,string,int,56
3,Fixed window,100,string,int,56
3,Fixed window,100,string,int,56
3,Fixed window,100,string,int,56
3,Fixed window,100,string,int,56
3,Fixed window,100,string,int,56
3,Fixed window,100,string,int,56
3,Fixed window,100,string,int,56
3,Fixed window,100,string,int,56
3,Fixed window,100,string,int,56
3,Fixed window,100,string,int,56
3,Fixed window,100,string,int,56
3,Fixed window,100,string,int,56
3,Fixed window,100,string,int,56
3,Fixed window,100,string,int,56
3,Fixed window,100,string,int,56
3,Fixed window,100,string,int,56
3,Fixed window,100,string,int,56
3,Fixed window,100,string,int,56
3,Fixed window,100,string,int,56
3,Fixed window,100,string,int,56
3,Fixed window,100,string,int,56
3,Fixed window,100,string,int,56
3,Fixed window,100,string,int,56
3,Fixed window,100,string,int,56
3,Fixed window,100,string,int,56
3,Fixed window,100,string,int,56
3,Fixed window,100,string,int,56
3,Fixed window,100,string,int,56
3,Fixed window,100,string,int,56
3,Fixed window,100,string,int,56
3,Fixed window,100,string,int,56
3,Fixed window,100,string,int,56
3,Fixed window,100,string,int,56
3,Fixed window,100,string,int,56
3,Fixed window,100,string,int,56
3,Fixed window,100,string,int,56
3,Fixed window,100,string,int,56
3,Fixed window,100,string,int,56
3,Fixed window,100,string,int,56
3,Fixed window,100,string,int,56
3,Fixed window,100,string,int,56
3,Fixed window,100,string,int,56
3,Fixed window,100,string,int,56
3,Fixed window,100,string,int,56
3,Fixed window,100,string,int,56
3,Fixed window,100,string,int,56
3,Fixed window,100,string,int,56
3,Fixed window,100,string,int,56
3,Fixed window,100,string,int,56
3,Fixed window,100,string,int,56
3,Fixed window,100,string,int,56
3,Fixed window,100,string,int,56
3,Fixed window,100,string,int,56
3,Fixed window,100,string,int,56
3,Fixed window,100,string,int,56
3,Fixed window,100,string,int,56
3,Fixed window,100,string,int,56
3,Fixed window,100,string,int,56
3,Fixed window,100,string,int,56
3,Fixed window,100,string,int,56
3,Fixed window,100,string,int,56
3,Fixed window,100,string,int,56
3,Fixed window,100,string,int,56
3,Fixed window,100,string,int,56
3,Fixed window,100,string,int,56
3,Fixed window,100,string,int,56
3,Fixed window,100,string,int,56
3,Fixed window,100,string,int,56
3,Fixed window,100,string,int,56
3,Fixed window,100,string,int,56
3,Fixed window,100,string,int,56
3,Fixed window,100,string,int,56
3,Fixed window,100,string,int,56
3,Fixed window,100,string,int,56
3,Fixed window,100,string,int,56
3,Fixed window,100,string,int,56
3,Fixed window,100,string,int,56
3,Fixed window,100,string,int,56
3,Fixed window,100,string,int,56
3,Fixed window,100,string,int,56
3,Fixed window,100,string,int,56
3,Fixed window,100,string,int,56
3,Fixed window,100,string,int,56
3,Fixed window,100,string,int,56
3,Fixed window,100,string,int,56
3,Fixed window,100,string,int,56
3,Fixed window,100,string,int,56
3,Fixed window,100,string,int,56
3,Fixed window,100,string,int,56
3,Fixed window,100,string,int,56
3,Fixed window,100,string,int,56
3,Fixed window,100,string,int,56
3,Fixed window,100,string,int,56
3,Fixed window,100,string,int,56
3,Fixed window,100,string,int,56
3,Fixed window,100,string,int,56
3,Fixed window,100,string,int,56
3,Fixed window,100,string,int,56
3,Fixed window,100,string,int,56
3,Fixed window,100,string,int,56
3,Fixed window,100,string,int,56
3,Fixed window,100,string,int,56
3,Fixed window,100,string,int,56
3,Fixed window,100,string,int,56
3,Fixed window,100,string,int,56
3,Fixed window,100,string,int,56
3,Fixed window,100,string,int,56
3,Fixed window,100,string,int,56
3,Fixed window,100,string,int,56
3,Fixed window,100,string,int,56
3,Fixed window,100,string,int,56
3,Fixed window,100,string,int,56
3,Fixed window,100,string,int,56
3,Fixed window,100,string,int,56
3,Fixed window,100,string,int,56
3,Fixed window,100,string,int,56
3,Fixed window,100,string,int,56
3,Fixed window,100,string,int,56
3,Fixed window,100,string,int,56
3,Fixed window,100,string,int,56
3,Fixed window,100,string,int,56
3,Fixed window,100,string,int,56
3,Fixed window,100,string,int,56
3,Fixed window,100,string,int,56
3,Fixed window,100,string,int,56
3,Fixed window,100,string,int,56
3,Fixed window,100,string,int,56
3,Fixed window,100,string,int,56
3,Fixed window,100,string,int,56
3,Fixed window,100,string,int,56
3,Fixed window,100,string,int,56
3,Fixed window,100,string,int,56
3,Fixed window,100,string,int,56
3,Fixed window,100,string,int,56
3,Fixed window,100,string,int,56
3,Fixed window,100,string,int,56
3,Fixed window,100,string,int,56
3,Fixed window,100,string,int,56
3,Fixed window,100,string,int,56
3,Fixed window,100,string,int,56
3,Fixed window,100,string,int,56
3,Fixed window,100,string,int,56
3,Fixed window,100,string,int,56
3,Fixed window,100,string,int,56
3,Fixed window,100,string,int,56
3,Fixed window,100,string,int,56
3,Fixed window,100,string,int,56
3,Fixed window,100,string,int,56
3,Fixed window,100,string,int,56
3,Fixed window,100,string,int,56
3,Fixed window,100,string,int,56
3,Fixed window,100,string,int,56
3,Fixed window,100,string,int,56
3,Fixed window,100,string,int,56
3,Fixed window,100,string,int,56
3,Fixed window,100,string,int,56
3,Fixed window,100,string,int,56
3,Fixed window,100,string,int,56
3,Fixed window,100,string,int,56
3,Fixed window,100,string,int,56
3,Fixed window,100,string,int,56
3,Fixed window,100,string,int,56
3,Fixed window,100,string,int,56
3,Fixed window,100,string,int,56
3,Fixed window,100,string,int,56
3,Fixed window,100,string,int,56
3,Fixed window,100,string,int,56
3,Fixed window,100,string,int,56
3,Fixed window,100,string,int,56
3,Fixed window,100,string,int,56
3,Fixed window,100,string,int,56
3,Fixed window,100,string,int,56
3,Fixed window,100,string,int,56
3,Fixed window,100,string,int,56
3,Fixed window,100,string,int,56
3,Fixed window,100,string,int,56
3,Fixed window,100,string,int,56
3,Fixed window,100,string,int,56
3,Fixed window,100,string,int,56
3,Fixed window,100,string,int,56
3,Fixed window,100,string,int,56
3,Fixed window,100,string,int,56
3,Fixed window,100,string,int,56
3,Fixed window,100,string,int,56
3,Fixed window,100,string,int,56
3,Sliding window log,100,zset,listpack,5351
3,Sliding window log,100,zset,listpack,5354
3,Sliding window log,100,zset,listpack,5352
3,Sliding window log,100,zset,listpack,5346
3,Sliding window log,100,zset,listpack,5356
3,Sliding window log,100,zset,listpack,5349
3,Sliding window log,100,zset,listpack,5354
3,Sliding window log,100,zset,listpack,5345
3,Sliding window log,100,zset,listpack,5349
3,Sliding window log,100,zset,listpack,5353
3,Sliding window log,100,zset,listpack,5350
3,Sliding window log,100,zset,listpack,5355
3,Sliding window log,100,zset,listpack,5356
3,Sliding window log,100,zset,listpack,5348
3,Sliding window log,100,zset,listpack,5350
3,Sliding window log,100,zset,listpack,5351
3,Sliding window log,100,zset,listpack,5353
3,Sliding window log,100,zset,listpack,5353
3,Sliding window log,100,zset,listpack,5344
3,Sliding window log,100,zset,listpack,5344
3,Sliding window log,100,zset,listpack,5357
3,Sliding window log,100,zset,listpack,5341
3,Sliding window log,100,zset,listpack,5353
3,Sliding window log,100,zset,listpack,5349
3,Sliding window log,100,zset,listpack,5347
3,Sliding window log,100,zset,listpack,5349
3,Sliding window log,100,zset,listpack,5353
3,Sliding window log,100,zset,listpack,5353
3,Sliding window log,100,zset,listpack,5355
3,Sliding window log,100,zset,listpack,5349
3,Sliding window log,100,zset,listpack,5353
3,Sliding window log,100,zset,listpack,5351
3,Sliding window log,100,zset,listpack,5357
3,Sliding window log,100,zset,listpack,5355
3,Sliding window log,100,zset,listpack,5355
3,Sliding window log,100,zset,listpack,5350
3,Sliding window log,100,zset,listpack,5346
3,Sliding window log,100,zset,listpack,5355
3,Sliding window log,100,zset,listpack,5349
3,Sliding window log,100,zset,listpack,5351
3,Sliding window log,100,zset,listpack,5355
3,Sliding window log,100,zset,listpack,5351
3,Sliding window log,100,zset,listpack,5346
3,Sliding window log,100,zset,listpack,5348
3,Sliding window log,100,zset,listpack,5347
3,Sliding window log,100,zset,listpack,5348
3,Sliding window log,100,zset,listpack,5354
3,Sliding window log,100,zset,listpack,5349
3,Sliding window log,100,zset,listpack,5351
3,Sliding window log,100,zset,listpack,5349
3,Sliding window log,100,zset,listpack,5353
3,Sliding window log,100,zset,listpack,5350
3,Sliding window log,100,zset,listpack,5353
3,Sliding window log,100,zset,listpack,5356
3,Sliding window log,100,zset,listpack,5345
3,Sliding window log,100,zset,listpack,5356
3,Sliding window log,100,zset,listpack,5343
3,Sliding window log,100,zset,listpack,5350
3,Sliding window log,100,zset,listpack,5352
3,Sliding window log,100,zset,listpack,5353
3,Sliding window log,100,zset,listpack,5349
3,Sliding window log,100,zset,listpack,5356
3,Sliding window log,100,zset,listpack,5353
3,Sliding window log,100,zset,listpack,5352
3,Sliding window log,100,zset,listpack,5352
3,Sliding window log,100,zset,listpack,5353
3,Sliding window log,100,zset,listpack,5356
3,Sliding window log,100,zset,listpack,5352
3,Sliding window log,100,zset,listpack,5347
3,Sliding window log,100,zset,listpack,5352
3,Sliding window log,100,zset,listpack,5345
3,Sliding window log,100,zset,listpack,5359
3,Sliding window log,100,zset,listpack,5354
3,Sliding window log,100,zset,listpack,5349
3,Sliding window log,100,zset,listpack,5354
3,Sliding window log,100,zset,listpack,5351
3,Sliding window log,100,zset,listpack,5348
3,Sliding window log,100,zset,listpack,5355
3,Sliding window log,100,zset,listpack,5349
3,Sliding window log,100,zset,listpack,5352
3,Sliding window log,100,zset,listpack,5352
3,Sliding window log,100,zset,listpack,5356
3,Sliding window log,100,zset,listpack,5349
3,Sliding window log,100,zset,listpack,5356
3,Sliding window log,100,zset,listpack,5346
3,Sliding window log,100,zset,listpack,5351
3,Sliding window log,100,zset,listpack,5345
3,Sliding window log,100,zset,listpack,5346
3,Sliding window log,100,zset,listpack,5352
3,Sliding window log,100,zset,listpack,5350
3,Sliding window log,100,zset,listpack,5351
3,Sliding window log,100,zset,listpack,5354
3,Sliding window log,100,zset,listpack,5355
3,Sliding window log,100,zset,listpack,5359
3,Sliding window log,100,zset,listpack,5357
3,Sliding window log,100,zset,listpack,5351
3,Sliding window log,100,zset,listpack,5346
3,Sliding window log,100,zset,listpack,5352
3,Sliding window log,100,zset,listpack,5348
3,Sliding window log,100,zset,listpack,5344
3,Sliding window log,100,zset,listpack,5346
3,Sliding window log,100,zset,listpack,5350
3,Sliding window log,100,zset,listpack,5349
3,Sliding window log,100,zset,listpack,5352
3,Sliding window log,100,zset,listpack,5352
3,Sliding window log,100,zset,listpack,5353
3,Sliding window log,100,zset,listpack,5347
3,Sliding window log,100,zset,listpack,5354
3,Sliding window log,100,zset,listpack,5353
3,Sliding window log,100,zset,listpack,5337
3,Sliding window log,100,zset,listpack,5353
3,Sliding window log,100,zset,listpack,5347
3,Sliding window log,100,zset,listpack,5359
3,Sliding window log,100,zset,listpack,5354
3,Sliding window log,100,zset,listpack,5343
3,Sliding window log,100,zset,listpack,5352
3,Sliding window log,100,zset,listpack,5350
3,Sliding window log,100,zset,listpack,5348
3,Sliding window log,100,zset,listpack,5350
3,Sliding window log,100,zset,listpack,5355
3,Sliding window log,100,zset,listpack,5351
3,Sliding window log,100,zset,listpack,5353
3,Sliding window log,100,zset,listpack,5348
3,Sliding window log,100,zset,listpack,5349
3,Sliding window log,100,zset,listpack,5348
3,Sliding window log,100,zset,listpack,5351
3,Sliding window log,100,zset,listpack,5346
3,Sliding window log,100,zset,listpack,5352
3,Sliding window log,100,zset,listpack,5345
3,Sliding window log,100,zset,listpack,5350
3,Sliding window log,100,zset,listpack,5351
3,Sliding window log,100,zset,listpack,5354
3,Sliding window log,100,zset,listpack,5354
3,Sliding window log,100,zset,listpack,5356
3,Sliding window log,100,zset,listpack,5348
3,Sliding window log,100,zset,listpack,5350
3,Sliding window log,100,zset,listpack,5351
3,Sliding window log,100,zset,listpack,5351
3,Sliding window log,100,zset,listpack,5350
3,Sliding window log,100,zset,listpack,5346
3,Sliding window log,100,zset,listpack,5355
3,Sliding window log,100,zset,listpack,5354
3,Sliding window log,100,zset,listpack,5354
3,Sliding window log,100,zset,listpack,5354
3,Sliding window log,100,zset,listpack,5352
3,Sliding window log,100,zset,listpack,5350
3,Sliding window log,100,zset,listpack,5349
3,Sliding window log,100,zset,listpack,5356
3,Sliding window log,100,zset,listpack,5349
3,Sliding window log,100,zset,listpack,5350
3,Sliding window log,100,zset,listpack,5358
3,Sliding window log,100,zset,listpack,5349
3,Sliding window log,100,zset,listpack,5350
3,Sliding window log,100,zset,listpack,5352
3,Sliding window log,100,zset,listpack,5343
3,Sliding window log,100,zset,listpack,5345
3,Sliding window log,100,zset,listpack,5353
3,Sliding window log,100,zset,listpack,5356
3,Sliding window log,100,zset,listpack,5345
3,Sliding window log,100,zset,listpack,5346
3,Sliding window log,100,zset,listpack,5347
3,Sliding window log,100,zset,listpack,5348
3,Sliding window log,100,zset,listpack,5352
3,Sliding window log,100,zset,listpack,5354
3,Sliding window log,100,zset,listpack,5349
3,Sliding window log,100,zset,listpack,5352
3,Sliding window log,100,zset,listpack,5357
3,Sliding window log,100,zset,listpack,5356
3,Sliding window log,100,zset,listpack,5355
3,Sliding window log,100,zset,listpack,5361
3,Sliding window log,100,zset,listpack,5351
3,Sliding window log,100,zset,listpack,5350
3,Sliding window log,100,zset,listpack,5348
3,Sliding window log,100,zset,listpack,5349
3,Sliding window log,100,zset,listpack,5339
3,Sliding window log,100,zset,listpack,5351
3,Sliding window log,100,zset,listpack,5356
3,Sliding window log,100,zset,listpack,5352
3,Sliding window log,100,zset,listpack,5349
3,Sliding window log,100,zset,listpack,5344
3,Sliding window log,100,zset,listpack,5354
3,Sliding window log,100,zset,listpack,5354
3,Sliding window log,100,zset,listpack,5351
3,Sliding window log,100,zset,listpack,5352
3,Sliding window log,100,zset,listpack,5350
3,Sliding window log,100,zset,listpack,5352
3,Sliding window log,100,zset,listpack,5350
3,Sliding window log,100,zset,listpack,5355
3,Sliding window log,100,zset,listpack,5353
3,Sliding window log,100,zset,listpack,5345
3,Sliding window log,100,zset,listpack,5352
3,Sliding window log,100,zset,listpack,5353
3,Sliding window log,100,zset,listpack,5358
3,Sliding window log,100,zset,listpack,5346
3,Sliding window log,100,zset,listpack,5354
3,Sliding window log,100,zset,listpack,5350
3,Sliding window log,100,zset,listpack,5354
3,Sliding window log,100,zset,listpack,5350
3,Sliding window log,100,zset,listpack,5349
3,Sliding window log,100,zset,listpack,5354
3,Sliding window counter,100,hash,listpack,93
3,Sliding window counter,100,hash,listpack,93
3,Sliding window counter,100,hash,listpack,93
3,Sliding window counter,100,hash,listpack,93
3,Sliding window counter,100,hash,listpack,93
3,Sliding window counter,100,hash,listpack,93
3,Sliding window counter,100,hash,listpack,93
3,Sliding window counter,100,hash,listpack,93
3,Sliding window counter,100,hash,listpack,93
3,Sliding window counter,100,hash,listpack,93
3,Sliding window counter,100,hash,listpack,93
3,Sliding window counter,100,hash,listpack,93
3,Sliding window counter,100,hash,listpack,93
3,Sliding window counter,100,hash,listpack,93
3,Sliding window counter,100,hash,listpack,93
3,Sliding window counter,100,hash,listpack,93
3,Sliding window counter,100,hash,listpack,93
3,Sliding window counter,100,hash,listpack,93
3,Sliding window counter,100,hash,listpack,93
3,Sliding window counter,100,hash,listpack,93
3,Sliding window counter,100,hash,listpack,93
3,Sliding window counter,100,hash,listpack,93
3,Sliding window counter,100,hash,listpack,93
3,Sliding window counter,100,hash,listpack,93
3,Sliding window counter,100,hash,listpack,93
3,Sliding window counter,100,hash,listpack,93
3,Sliding window counter,100,hash,listpack,93
3,Sliding window counter,100,hash,listpack,93
3,Sliding window counter,100,hash,listpack,93
3,Sliding window counter,100,hash,listpack,93
3,Sliding window counter,100,hash,listpack,93
3,Sliding window counter,100,hash,listpack,93
3,Sliding window counter,100,hash,listpack,93
3,Sliding window counter,100,hash,listpack,93
3,Sliding window counter,100,hash,listpack,93
3,Sliding window counter,100,hash,listpack,93
3,Sliding window counter,100,hash,listpack,93
3,Sliding window counter,100,hash,listpack,93
3,Sliding window counter,100,hash,listpack,93
3,Sliding window counter,100,hash,listpack,93
3,Sliding window counter,100,hash,listpack,93
3,Sliding window counter,100,hash,listpack,93
3,Sliding window counter,100,hash,listpack,93
3,Sliding window counter,100,hash,listpack,93
3,Sliding window counter,100,hash,listpack,93
3,Sliding window counter,100,hash,listpack,93
3,Sliding window counter,100,hash,listpack,93
3,Sliding window counter,100,hash,listpack,93
3,Sliding window counter,100,hash,listpack,93
3,Sliding window counter,100,hash,listpack,93
3,Sliding window counter,100,hash,listpack,93
3,Sliding window counter,100,hash,listpack,93
3,Sliding window counter,100,hash,listpack,93
3,Sliding window counter,100,hash,listpack,93
3,Sliding window counter,100,hash,listpack,93
3,Sliding window counter,100,hash,listpack,93
3,Sliding window counter,100,hash,listpack,93
3,Sliding window counter,100,hash,listpack,93
3,Sliding window counter,100,hash,listpack,93
3,Sliding window counter,100,hash,listpack,93
3,Sliding window counter,100,hash,listpack,93
3,Sliding window counter,100,hash,listpack,93
3,Sliding window counter,100,hash,listpack,93
3,Sliding window counter,100,hash,listpack,93
3,Sliding window counter,100,hash,listpack,93
3,Sliding window counter,100,hash,listpack,93
3,Sliding window counter,100,hash,listpack,93
3,Sliding window counter,100,hash,listpack,93
3,Sliding window counter,100,hash,listpack,93
3,Sliding window counter,100,hash,listpack,93
3,Sliding window counter,100,hash,listpack,93
3,Sliding window counter,100,hash,listpack,93
3,Sliding window counter,100,hash,listpack,93
3,Sliding window counter,100,hash,listpack,93
3,Sliding window counter,100,hash,listpack,93
3,Sliding window counter,100,hash,listpack,93
3,Sliding window counter,100,hash,listpack,93
3,Sliding window counter,100,hash,listpack,93
3,Sliding window counter,100,hash,listpack,93
3,Sliding window counter,100,hash,listpack,93
3,Sliding window counter,100,hash,listpack,93
3,Sliding window counter,100,hash,listpack,93
3,Sliding window counter,100,hash,listpack,93
3,Sliding window counter,100,hash,listpack,93
3,Sliding window counter,100,hash,listpack,93
3,Sliding window counter,100,hash,listpack,93
3,Sliding window counter,100,hash,listpack,93
3,Sliding window counter,100,hash,listpack,93
3,Sliding window counter,100,hash,listpack,93
3,Sliding window counter,100,hash,listpack,93
3,Sliding window counter,100,hash,listpack,93
3,Sliding window counter,100,hash,listpack,93
3,Sliding window counter,100,hash,listpack,93
3,Sliding window counter,100,hash,listpack,93
3,Sliding window counter,100,hash,listpack,93
3,Sliding window counter,100,hash,listpack,93
3,Sliding window counter,100,hash,listpack,93
3,Sliding window counter,100,hash,listpack,93
3,Sliding window counter,100,hash,listpack,93
3,Sliding window counter,100,hash,listpack,93
3,Sliding window counter,100,hash,listpack,93
3,Sliding window counter,100,hash,listpack,93
3,Sliding window counter,100,hash,listpack,93
3,Sliding window counter,100,hash,listpack,93
3,Sliding window counter,100,hash,listpack,93
3,Sliding window counter,100,hash,listpack,93
3,Sliding window counter,100,hash,listpack,93
3,Sliding window counter,100,hash,listpack,93
3,Sliding window counter,100,hash,listpack,93
3,Sliding window counter,100,hash,listpack,93
3,Sliding window counter,100,hash,listpack,93
3,Sliding window counter,100,hash,listpack,93
3,Sliding window counter,100,hash,listpack,93
3,Sliding window counter,100,hash,listpack,93
3,Sliding window counter,100,hash,listpack,93
3,Sliding window counter,100,hash,listpack,93
3,Sliding window counter,100,hash,listpack,93
3,Sliding window counter,100,hash,listpack,93
3,Sliding window counter,100,hash,listpack,93
3,Sliding window counter,100,hash,listpack,93
3,Sliding window counter,100,hash,listpack,93
3,Sliding window counter,100,hash,listpack,93
3,Sliding window counter,100,hash,listpack,93
3,Sliding window counter,100,hash,listpack,93
3,Sliding window counter,100,hash,listpack,93
3,Sliding window counter,100,hash,listpack,93
3,Sliding window counter,100,hash,listpack,93
3,Sliding window counter,100,hash,listpack,93
3,Sliding window counter,100,hash,listpack,93
3,Sliding window counter,100,hash,listpack,93
3,Sliding window counter,100,hash,listpack,93
3,Sliding window counter,100,hash,listpack,93
3,Sliding window counter,100,hash,listpack,93
3,Sliding window counter,100,hash,listpack,93
3,Sliding window counter,100,hash,listpack,93
3,Sliding window counter,100,hash,listpack,93
3,Sliding window counter,100,hash,listpack,93
3,Sliding window counter,100,hash,listpack,93
3,Sliding window counter,100,hash,listpack,93
3,Sliding window counter,100,hash,listpack,93
3,Sliding window counter,100,hash,listpack,93
3,Sliding window counter,100,hash,listpack,93
3,Sliding window counter,100,hash,listpack,93
3,Sliding window counter,100,hash,listpack,93
3,Sliding window counter,100,hash,listpack,93
3,Sliding window counter,100,hash,listpack,93
3,Sliding window counter,100,hash,listpack,93
3,Sliding window counter,100,hash,listpack,93
3,Sliding window counter,100,hash,listpack,93
3,Sliding window counter,100,hash,listpack,93
3,Sliding window counter,100,hash,listpack,93
3,Sliding window counter,100,hash,listpack,93
3,Sliding window counter,100,hash,listpack,93
3,Sliding window counter,100,hash,listpack,93
3,Sliding window counter,100,hash,listpack,93
3,Sliding window counter,100,hash,listpack,93
3,Sliding window counter,100,hash,listpack,93
3,Sliding window counter,100,hash,listpack,93
3,Sliding window counter,100,hash,listpack,93
3,Sliding window counter,100,hash,listpack,93
3,Sliding window counter,100,hash,listpack,93
3,Sliding window counter,100,hash,listpack,93
3,Sliding window counter,100,hash,listpack,93
3,Sliding window counter,100,hash,listpack,93
3,Sliding window counter,100,hash,listpack,93
3,Sliding window counter,100,hash,listpack,93
3,Sliding window counter,100,hash,listpack,93
3,Sliding window counter,100,hash,listpack,93
3,Sliding window counter,100,hash,listpack,93
3,Sliding window counter,100,hash,listpack,93
3,Sliding window counter,100,hash,listpack,93
3,Sliding window counter,100,hash,listpack,93
3,Sliding window counter,100,hash,listpack,93
3,Sliding window counter,100,hash,listpack,93
3,Sliding window counter,100,hash,listpack,93
3,Sliding window counter,100,hash,listpack,93
3,Sliding window counter,100,hash,listpack,93
3,Sliding window counter,100,hash,listpack,93
3,Sliding window counter,100,hash,listpack,93
3,Sliding window counter,100,hash,listpack,93
3,Sliding window counter,100,hash,listpack,93
3,Sliding window counter,100,hash,listpack,93
3,Sliding window counter,100,hash,listpack,93
3,Sliding window counter,100,hash,listpack,93
3,Sliding window counter,100,hash,listpack,93
3,Sliding window counter,100,hash,listpack,93
3,Sliding window counter,100,hash,listpack,93
3,Sliding window counter,100,hash,listpack,93
3,Sliding window counter,100,hash,listpack,93
3,Sliding window counter,100,hash,listpack,93
3,Sliding window counter,100,hash,listpack,93
3,Sliding window counter,100,hash,listpack,93
3,Sliding window counter,100,hash,listpack,93
3,Sliding window counter,100,hash,listpack,93
3,Sliding window counter,100,hash,listpack,93
3,Sliding window counter,100,hash,listpack,93
3,Sliding window counter,100,hash,listpack,93
3,Sliding window counter,100,hash,listpack,93
3,Sliding window counter,100,hash,listpack,93
3,Sliding window counter,100,hash,listpack,93
3,Token bucket,100,hash,listpack,117
3,Token bucket,100,hash,listpack,116
3,Token bucket,100,hash,listpack,116
3,Token bucket,100,hash,listpack,117
3,Token bucket,100,hash,listpack,117
3,Token bucket,100,hash,listpack,117
3,Token bucket,100,hash,listpack,117
3,Token bucket,100,hash,listpack,117
3,Token bucket,100,hash,listpack,116
3,Token bucket,100,hash,listpack,117
3,Token bucket,100,hash,listpack,116
3,Token bucket,100,hash,listpack,117
3,Token bucket,100,hash,listpack,117
3,Token bucket,100,hash,listpack,115
3,Token bucket,100,hash,listpack,116
3,Token bucket,100,hash,listpack,116
3,Token bucket,100,hash,listpack,117
3,Token bucket,100,hash,listpack,116
3,Token bucket,100,hash,listpack,117
3,Token bucket,100,hash,listpack,117
3,Token bucket,100,hash,listpack,117
3,Token bucket,100,hash,listpack,116
3,Token bucket,100,hash,listpack,116
3,Token bucket,100,hash,listpack,117
3,Token bucket,100,hash,listpack,116
3,Token bucket,100,hash,listpack,116
3,Token bucket,100,hash,listpack,117
3,Token bucket,100,hash,listpack,117
3,Token bucket,100,hash,listpack,117
3,Token bucket,100,hash,listpack,116
3,Token bucket,100,hash,listpack,116
3,Token bucket,100,hash,listpack,117
3,Token bucket,100,hash,listpack,116
3,Token bucket,100,hash,listpack,116
3,Token bucket,100,hash,listpack,116
3,Token bucket,100,hash,listpack,117
3,Token bucket,100,hash,listpack,117
3,Token bucket,100,hash,listpack,116
3,Token bucket,100,hash,listpack,117
3,Token bucket,100,hash,listpack,115
3,Token bucket,100,hash,listpack,116
3,Token bucket,100,hash,listpack,117
3,Token bucket,100,hash,listpack,117
3,Token bucket,100,hash,listpack,116
3,Token bucket,100,hash,listpack,117
3,Token bucket,100,hash,listpack,116
3,Token bucket,100,hash,listpack,117
3,Token bucket,100,hash,listpack,117
3,Token bucket,100,hash,listpack,117
3,Token bucket,100,hash,listpack,116
3,Token bucket,100,hash,listpack,115
3,Token bucket,100,hash,listpack,116
3,Token bucket,100,hash,listpack,117
3,Token bucket,100,hash,listpack,116
3,Token bucket,100,hash,listpack,116
3,Token bucket,100,hash,listpack,117
3,Token bucket,100,hash,listpack,116
3,Token bucket,100,hash,listpack,117
3,Token bucket,100,hash,listpack,117
3,Token bucket,100,hash,listpack,117
3,Token bucket,100,hash,listpack,117
3,Token bucket,100,hash,listpack,116
3,Token bucket,100,hash,listpack,117
3,Token bucket,100,hash,listpack,117
3,Token bucket,100,hash,listpack,116
3,Token bucket,100,hash,listpack,116
3,Token bucket,100,hash,listpack,116
3,Token bucket,100,hash,listpack,117
3,Token bucket,100,hash,listpack,117
3,Token bucket,100,hash,listpack,116
3,Token bucket,100,hash,listpack,116
3,Token bucket,100,hash,listpack,117
3,Token bucket,100,hash,listpack,117
3,Token bucket,100,hash,listpack,116
3,Token bucket,100,hash,listpack,116
3,Token bucket,100,hash,listpack,117
3,Token bucket,100,hash,listpack,117
3,Token bucket,100,hash,listpack,116
3,Token bucket,100,hash,listpack,117
3,Token bucket,100,hash,listpack,117
3,Token bucket,100,hash,listpack,116
3,Token bucket,100,hash,listpack,116
3,Token bucket,100,hash,listpack,117
3,Token bucket,100,hash,listpack,117
3,Token bucket,100,hash,listpack,116
3,Token bucket,100,hash,listpack,117
3,Token bucket,100,hash,listpack,117
3,Token bucket,100,hash,listpack,117
3,Token bucket,100,hash,listpack,116
3,Token bucket,100,hash,listpack,116
3,Token bucket,100,hash,listpack,116
3,Token bucket,100,hash,listpack,117
3,Token bucket,100,hash,listpack,116
3,Token bucket,100,hash,listpack,117
3,Token bucket,100,hash,listpack,117
3,Token bucket,100,hash,listpack,117
3,Token bucket,100,hash,listpack,117
3,Token bucket,100,hash,listpack,116
3,Token bucket,100,hash,listpack,117
3,Token bucket,100,hash,listpack,116
3,Token bucket,100,hash,listpack,117
3,Token bucket,100,hash,listpack,117
3,Token bucket,100,hash,listpack,115
3,Token bucket,100,hash,listpack,116
3,Token bucket,100,hash,listpack,116
3,Token bucket,100,hash,listpack,117
3,Token bucket,100,hash,listpack,116
3,Token bucket,100,hash,listpack,117
3,Token bucket,100,hash,listpack,117
3,Token bucket,100,hash,listpack,117
3,Token bucket,100,hash,listpack,116
3,Token bucket,100,hash,listpack,117
3,Token bucket,100,hash,listpack,117
3,Token bucket,100,hash,listpack,116
3,Token bucket,100,hash,listpack,117
3,Token bucket,100,hash,listpack,117
3,Token bucket,100,hash,listpack,117
3,Token bucket,100,hash,listpack,116
3,Token bucket,100,hash,listpack,117
3,Token bucket,100,hash,listpack,116
3,Token bucket,100,hash,listpack,117
3,Token bucket,100,hash,listpack,116
3,Token bucket,100,hash,listpack,117
3,Token bucket,100,hash,listpack,117
3,Token bucket,100,hash,listpack,117
3,Token bucket,100,hash,listpack,117
3,Token bucket,100,hash,listpack,116
3,Token bucket,100,hash,listpack,117
3,Token bucket,100,hash,listpack,117
3,Token bucket,100,hash,listpack,116
3,Token bucket,100,hash,listpack,116
3,Token bucket,100,hash,listpack,116
3,Token bucket,100,hash,listpack,117
3,Token bucket,100,hash,listpack,117
3,Token bucket,100,hash,listpack,115
3,Token bucket,100,hash,listpack,117
3,Token bucket,100,hash,listpack,117
3,Token bucket,100,hash,listpack,116
3,Token bucket,100,hash,listpack,116
3,Token bucket,100,hash,listpack,117
3,Token bucket,100,hash,listpack,117
3,Token bucket,100,hash,listpack,116
3,Token bucket,100,hash,listpack,117
3,Token bucket,100,hash,listpack,116
3,Token bucket,100,hash,listpack,116
3,Token bucket,100,hash,listpack,116
3,Token bucket,100,hash,listpack,117
3,Token bucket,100,hash,listpack,117
3,Token bucket,100,hash,listpack,117
3,Token bucket,100,hash,listpack,117
3,Token bucket,100,hash,listpack,116
3,Token bucket,100,hash,listpack,117
3,Token bucket,100,hash,listpack,116
3,Token bucket,100,hash,listpack,117
3,Token bucket,100,hash,listpack,117
3,Token bucket,100,hash,listpack,117
3,Token bucket,100,hash,listpack,117
3,Token bucket,100,hash,listpack,117
3,Token bucket,100,hash,listpack,117
3,Token bucket,100,hash,listpack,116
3,Token bucket,100,hash,listpack,117
3,Token bucket,100,hash,listpack,117
3,Token bucket,100,hash,listpack,117
3,Token bucket,100,hash,listpack,117
3,Token bucket,100,hash,listpack,117
3,Token bucket,100,hash,listpack,116
3,Token bucket,100,hash,listpack,116
3,Token bucket,100,hash,listpack,116
3,Token bucket,100,hash,listpack,116
3,Token bucket,100,hash,listpack,116
3,Token bucket,100,hash,listpack,116
3,Token bucket,100,hash,listpack,116
3,Token bucket,100,hash,listpack,117
3,Token bucket,100,hash,listpack,116
3,Token bucket,100,hash,listpack,117
3,Token bucket,100,hash,listpack,116
3,Token bucket,100,hash,listpack,116
3,Token bucket,100,hash,listpack,115
3,Token bucket,100,hash,listpack,117
3,Token bucket,100,hash,listpack,117
3,Token bucket,100,hash,listpack,117
3,Token bucket,100,hash,listpack,116
3,Token bucket,100,hash,listpack,117
3,Token bucket,100,hash,listpack,116
3,Token bucket,100,hash,listpack,117
3,Token bucket,100,hash,listpack,116
3,Token bucket,100,hash,listpack,116
3,Token bucket,100,hash,listpack,116
3,Token bucket,100,hash,listpack,116
3,Token bucket,100,hash,listpack,116
3,Token bucket,100,hash,listpack,117
3,Token bucket,100,hash,listpack,115
3,Token bucket,100,hash,listpack,117
3,Token bucket,100,hash,listpack,117
3,Token bucket,100,hash,listpack,117
3,Token bucket,100,hash,listpack,116
3,Token bucket,100,hash,listpack,115
3,Token bucket,100,hash,listpack,116
3,Token bucket,100,hash,listpack,117
3,Token bucket,100,hash,listpack,115
3,Leaky bucket,100,hash,listpack,112
3,Leaky bucket,100,hash,listpack,113
3,Leaky bucket,100,hash,listpack,113
3,Leaky bucket,100,hash,listpack,113
3,Leaky bucket,100,hash,listpack,113
3,Leaky bucket,100,hash,listpack,111
3,Leaky bucket,100,hash,listpack,112
3,Leaky bucket,100,hash,listpack,113
3,Leaky bucket,100,hash,listpack,113
3,Leaky bucket,100,hash,listpack,111
3,Leaky bucket,100,hash,listpack,113
3,Leaky bucket,100,hash,listpack,112
3,Leaky bucket,100,hash,listpack,113
3,Leaky bucket,100,hash,listpack,113
3,Leaky bucket,100,hash,listpack,113
3,Leaky bucket,100,hash,listpack,113
3,Leaky bucket,100,hash,listpack,112
3,Leaky bucket,100,hash,listpack,112
3,Leaky bucket,100,hash,listpack,112
3,Leaky bucket,100,hash,listpack,112
3,Leaky bucket,100,hash,listpack,113
3,Leaky bucket,100,hash,listpack,113
3,Leaky bucket,100,hash,listpack,113
3,Leaky bucket,100,hash,listpack,112
3,Leaky bucket,100,hash,listpack,112
3,Leaky bucket,100,hash,listpack,112
3,Leaky bucket,100,hash,listpack,112
3,Leaky bucket,100,hash,listpack,112
3,Leaky bucket,100,hash,listpack,112
3,Leaky bucket,100,hash,listpack,113
3,Leaky bucket,100,hash,listpack,112
3,Leaky bucket,100,hash,listpack,113
3,Leaky bucket,100,hash,listpack,111
3,Leaky bucket,100,hash,listpack,112
3,Leaky bucket,100,hash,listpack,113
3,Leaky bucket,100,hash,listpack,113
3,Leaky bucket,100,hash,listpack,112
3,Leaky bucket,100,hash,listpack,113
3,Leaky bucket,100,hash,listpack,112
3,Leaky bucket,100,hash,listpack,112
3,Leaky bucket,100,hash,listpack,113
3,Leaky bucket,100,hash,listpack,113
3,Leaky bucket,100,hash,listpack,113
3,Leaky bucket,100,hash,listpack,113
3,Leaky bucket,100,hash,listpack,113
3,Leaky bucket,100,hash,listpack,113
3,Leaky bucket,100,hash,listpack,113
3,Leaky bucket,100,hash,listpack,113
3,Leaky bucket,100,hash,listpack,112
3,Leaky bucket,100,hash,listpack,113
3,Leaky bucket,100,hash,listpack,113
3,Leaky bucket,100,hash,listpack,113
3,Leaky bucket,100,hash,listpack,113
3,Leaky bucket,100,hash,listpack,111
3,Leaky bucket,100,hash,listpack,111
3,Leaky bucket,100,hash,listpack,113
3,Leaky bucket,100,hash,listpack,112
3,Leaky bucket,100,hash,listpack,113
3,Leaky bucket,100,hash,listpack,113
3,Leaky bucket,100,hash,listpack,113
3,Leaky bucket,100,hash,listpack,112
3,Leaky bucket,100,hash,listpack,113
3,Leaky bucket,100,hash,listpack,112
3,Leaky bucket,100,hash,listpack,112
3,Leaky bucket,100,hash,listpack,112
3,Leaky bucket,100,hash,listpack,113
3,Leaky bucket,100,hash,listpack,112
3,Leaky bucket,100,hash,listpack,112
3,Leaky bucket,100,hash,listpack,113
3,Leaky bucket,100,hash,listpack,113
3,Leaky bucket,100,hash,listpack,113
3,Leaky bucket,100,hash,listpack,113
3,Leaky bucket,100,hash,listpack,112
3,Leaky bucket,100,hash,listpack,112
3,Leaky bucket,100,hash,listpack,113
3,Leaky bucket,100,hash,listpack,113
3,Leaky bucket,100,hash,listpack,113
3,Leaky bucket,100,hash,listpack,113
3,Leaky bucket,100,hash,listpack,113
3,Leaky bucket,100,hash,listpack,113
3,Leaky bucket,100,hash,listpack,113
3,Leaky bucket,100,hash,listpack,113
3,Leaky bucket,100,hash,listpack,113
3,Leaky bucket,100,hash,listpack,111
3,Leaky bucket,100,hash,listpack,112
3,Leaky bucket,100,hash,listpack,113
3,Leaky bucket,100,hash,listpack,112
3,Leaky bucket,100,hash,listpack,113
3,Leaky bucket,100,hash,listpack,113
3,Leaky bucket,100,hash,listpack,113
3,Leaky bucket,100,hash,listpack,112
3,Leaky bucket,100,hash,listpack,112
3,Leaky bucket,100,hash,listpack,113
3,Leaky bucket,100,hash,listpack,113
3,Leaky bucket,100,hash,listpack,111
3,Leaky bucket,100,hash,listpack,112
3,Leaky bucket,100,hash,listpack,113
3,Leaky bucket,100,hash,listpack,112
3,Leaky bucket,100,hash,listpack,113
3,Leaky bucket,100,hash,listpack,112
3,Leaky bucket,100,hash,listpack,113
3,Leaky bucket,100,hash,listpack,111
3,Leaky bucket,100,hash,listpack,113
3,Leaky bucket,100,hash,listpack,113
3,Leaky bucket,100,hash,listpack,113
3,Leaky bucket,100,hash,listpack,112
3,Leaky bucket,100,hash,listpack,112
3,Leaky bucket,100,hash,listpack,113
3,Leaky bucket,100,hash,listpack,111
3,Leaky bucket,100,hash,listpack,113
3,Leaky bucket,100,hash,listpack,112
3,Leaky bucket,100,hash,listpack,113
3,Leaky bucket,100,hash,listpack,113
3,Leaky bucket,100,hash,listpack,112
3,Leaky bucket,100,hash,listpack,113
3,Leaky bucket,100,hash,listpack,112
3,Leaky bucket,100,hash,listpack,113
3,Leaky bucket,100,hash,listpack,113
3,Leaky bucket,100,hash,listpack,113
3,Leaky bucket,100,hash,listpack,112
3,Leaky bucket,100,hash,listpack,113
3,Leaky bucket,100,hash,listpack,112
3,Leaky bucket,100,hash,listpack,112
3,Leaky bucket,100,hash,listpack,112
3,Leaky bucket,100,hash,listpack,112
3,Leaky bucket,100,hash,listpack,113
3,Leaky bucket,100,hash,listpack,113
3,Leaky bucket,100,hash,listpack,113
3,Leaky bucket,100,hash,listpack,112
3,Leaky bucket,100,hash,listpack,113
3,Leaky bucket,100,hash,listpack,117
3,Leaky bucket,100,hash,listpack,113
3,Leaky bucket,100,hash,listpack,112
3,Leaky bucket,100,hash,listpack,113
3,Leaky bucket,100,hash,listpack,112
3,Leaky bucket,100,hash,listpack,112
3,Leaky bucket,100,hash,listpack,112
3,Leaky bucket,100,hash,listpack,112
3,Leaky bucket,100,hash,listpack,112
3,Leaky bucket,100,hash,listpack,113
3,Leaky bucket,100,hash,listpack,113
3,Leaky bucket,100,hash,listpack,113
3,Leaky bucket,100,hash,listpack,112
3,Leaky bucket,100,hash,listpack,109
3,Leaky bucket,100,hash,listpack,113
3,Leaky bucket,100,hash,listpack,113
3,Leaky bucket,100,hash,listpack,113
3,Leaky bucket,100,hash,listpack,112
3,Leaky bucket,100,hash,listpack,113
3,Leaky bucket,100,hash,listpack,113
3,Leaky bucket,100,hash,listpack,113
3,Leaky bucket,100,hash,listpack,112
3,Leaky bucket,100,hash,listpack,113
3,Leaky bucket,100,hash,listpack,113
3,Leaky bucket,100,hash,listpack,112
3,Leaky bucket,100,hash,listpack,111
3,Leaky bucket,100,hash,listpack,113
3,Leaky bucket,100,hash,listpack,112
3,Leaky bucket,100,hash,listpack,112
3,Leaky bucket,100,hash,listpack,113
3,Leaky bucket,100,hash,listpack,113
3,Leaky bucket,100,hash,listpack,113
3,Leaky bucket,100,hash,listpack,113
3,Leaky bucket,100,hash,listpack,113
3,Leaky bucket,100,hash,listpack,113
3,Leaky bucket,100,hash,listpack,113
3,Leaky bucket,100,hash,listpack,113
3,Leaky bucket,100,hash,listpack,112
3,Leaky bucket,100,hash,listpack,112
3,Leaky bucket,100,hash,listpack,113
3,Leaky bucket,100,hash,listpack,113
3,Leaky bucket,100,hash,listpack,113
3,Leaky bucket,100,hash,listpack,112
3,Leaky bucket,100,hash,listpack,113
3,Leaky bucket,100,hash,listpack,113
3,Leaky bucket,100,hash,listpack,113
3,Leaky bucket,100,hash,listpack,112
3,Leaky bucket,100,hash,listpack,113
3,Leaky bucket,100,hash,listpack,113
3,Leaky bucket,100,hash,listpack,113
3,Leaky bucket,100,hash,listpack,113
3,Leaky bucket,100,hash,listpack,113
3,Leaky bucket,100,hash,listpack,111
3,Leaky bucket,100,hash,listpack,113
3,Leaky bucket,100,hash,listpack,113
3,Leaky bucket,100,hash,listpack,112
3,Leaky bucket,100,hash,listpack,113
3,Leaky bucket,100,hash,listpack,113
3,Leaky bucket,100,hash,listpack,113
3,Leaky bucket,100,hash,listpack,113
3,Leaky bucket,100,hash,listpack,113
3,Leaky bucket,100,hash,listpack,112
3,Leaky bucket,100,hash,listpack,111
3,Leaky bucket,100,hash,listpack,113
3,Leaky bucket,100,hash,listpack,112
3,Leaky bucket,100,hash,listpack,113
3,Leaky bucket,100,hash,listpack,113
3,Leaky bucket,100,hash,listpack,113
3,Leaky bucket,100,hash,listpack,111
3,Leaky bucket,100,hash,listpack,112
3,GCRA,100,string,embstr,80
3,GCRA,100,string,raw,71
3,GCRA,100,string,embstr,80
3,GCRA,100,string,raw,71
3,GCRA,100,string,embstr,80
3,GCRA,100,string,raw,71
3,GCRA,100,string,raw,71
3,GCRA,100,string,raw,71
3,GCRA,100,string,embstr,80
3,GCRA,100,string,embstr,80
3,GCRA,100,string,raw,71
3,GCRA,100,string,raw,71
3,GCRA,100,string,embstr,80
3,GCRA,100,string,raw,71
3,GCRA,100,string,embstr,80
3,GCRA,100,string,embstr,80
3,GCRA,100,string,raw,71
3,GCRA,100,string,embstr,80
3,GCRA,100,string,embstr,80
3,GCRA,100,string,embstr,80
3,GCRA,100,string,embstr,80
3,GCRA,100,string,embstr,80
3,GCRA,100,string,raw,71
3,GCRA,100,string,raw,71
3,GCRA,100,string,raw,71
3,GCRA,100,string,embstr,80
3,GCRA,100,string,raw,71
3,GCRA,100,string,embstr,80
3,GCRA,100,string,embstr,80
3,GCRA,100,string,embstr,80
3,GCRA,100,string,embstr,80
3,GCRA,100,string,embstr,80
3,GCRA,100,string,embstr,80
3,GCRA,100,string,raw,71
3,GCRA,100,string,embstr,80
3,GCRA,100,string,embstr,80
3,GCRA,100,string,embstr,80
3,GCRA,100,string,raw,71
3,GCRA,100,string,embstr,80
3,GCRA,100,string,embstr,80
3,GCRA,100,string,embstr,80
3,GCRA,100,string,embstr,80
3,GCRA,100,string,embstr,80
3,GCRA,100,string,embstr,80
3,GCRA,100,string,embstr,80
3,GCRA,100,string,embstr,80
3,GCRA,100,string,embstr,80
3,GCRA,100,string,embstr,80
3,GCRA,100,string,embstr,80
3,GCRA,100,string,raw,71
3,GCRA,100,string,embstr,80
3,GCRA,100,string,embstr,80
3,GCRA,100,string,embstr,80
3,GCRA,100,string,raw,71
3,GCRA,100,string,raw,71
3,GCRA,100,string,embstr,80
3,GCRA,100,string,raw,71
3,GCRA,100,string,raw,71
3,GCRA,100,string,embstr,80
3,GCRA,100,string,embstr,80
3,GCRA,100,string,embstr,80
3,GCRA,100,string,raw,71
3,GCRA,100,string,embstr,80
3,GCRA,100,string,embstr,80
3,GCRA,100,string,embstr,80
3,GCRA,100,string,embstr,80
3,GCRA,100,string,raw,71
3,GCRA,100,string,raw,71
3,GCRA,100,string,embstr,80
3,GCRA,100,string,raw,71
3,GCRA,100,string,embstr,80
3,GCRA,100,string,embstr,80
3,GCRA,100,string,embstr,80
3,GCRA,100,string,embstr,80
3,GCRA,100,string,embstr,80
3,GCRA,100,string,embstr,80
3,GCRA,100,string,embstr,80
3,GCRA,100,string,raw,71
3,GCRA,100,string,raw,71
3,GCRA,100,string,embstr,80
3,GCRA,100,string,embstr,80
3,GCRA,100,string,embstr,80
3,GCRA,100,string,embstr,80
3,GCRA,100,string,embstr,80
3,GCRA,100,string,embstr,80
3,GCRA,100,string,raw,71
3,GCRA,100,string,embstr,80
3,GCRA,100,string,embstr,80
3,GCRA,100,string,raw,71
3,GCRA,100,string,embstr,80
3,GCRA,100,string,embstr,80
3,GCRA,100,string,embstr,80
3,GCRA,100,string,embstr,80
3,GCRA,100,string,embstr,80
3,GCRA,100,string,embstr,80
3,GCRA,100,string,embstr,80
3,GCRA,100,string,embstr,80
3,GCRA,100,string,embstr,80
3,GCRA,100,string,raw,71
3,GCRA,100,string,embstr,80
3,GCRA,100,string,embstr,80
3,GCRA,100,string,embstr,80
3,GCRA,100,string,embstr,80
3,GCRA,100,string,embstr,80
3,GCRA,100,string,embstr,80
3,GCRA,100,string,embstr,80
3,GCRA,100,string,embstr,80
3,GCRA,100,string,embstr,80
3,GCRA,100,string,embstr,80
3,GCRA,100,string,embstr,80
3,GCRA,100,string,embstr,80
3,GCRA,100,string,raw,71
3,GCRA,100,string,raw,71
3,GCRA,100,string,embstr,80
3,GCRA,100,string,embstr,80
3,GCRA,100,string,embstr,80
3,GCRA,100,string,embstr,80
3,GCRA,100,string,raw,71
3,GCRA,100,string,embstr,80
3,GCRA,100,string,embstr,80
3,GCRA,100,string,embstr,80
3,GCRA,100,string,raw,71
3,GCRA,100,string,raw,71
3,GCRA,100,string,raw,71
3,GCRA,100,string,embstr,80
3,GCRA,100,string,embstr,80
3,GCRA,100,string,embstr,80
3,GCRA,100,string,embstr,80
3,GCRA,100,string,raw,71
3,GCRA,100,string,embstr,80
3,GCRA,100,string,embstr,80
3,GCRA,100,string,embstr,80
3,GCRA,100,string,embstr,80
3,GCRA,100,string,raw,71
3,GCRA,100,string,raw,71
3,GCRA,100,string,raw,71
3,GCRA,100,string,embstr,80
3,GCRA,100,string,embstr,80
3,GCRA,100,string,embstr,80
3,GCRA,100,string,embstr,80
3,GCRA,100,string,embstr,80
3,GCRA,100,string,raw,71
3,GCRA,100,string,raw,71
3,GCRA,100,string,embstr,80
3,GCRA,100,string,embstr,80
3,GCRA,100,string,raw,71
3,GCRA,100,string,raw,71
3,GCRA,100,string,embstr,80
3,GCRA,100,string,raw,71
3,GCRA,100,string,raw,71
3,GCRA,100,string,embstr,80
3,GCRA,100,string,raw,71
3,GCRA,100,string,embstr,80
3,GCRA,100,string,raw,71
3,GCRA,100,string,embstr,80
3,GCRA,100,string,raw,71
3,GCRA,100,string,embstr,80
3,GCRA,100,string,raw,71
3,GCRA,100,string,raw,71
3,GCRA,100,string,embstr,80
3,GCRA,100,string,embstr,80
3,GCRA,100,string,embstr,80
3,GCRA,100,string,embstr,80
3,GCRA,100,string,raw,71
3,GCRA,100,string,raw,71
3,GCRA,100,string,embstr,80
3,GCRA,100,string,embstr,80
3,GCRA,100,string,embstr,80
3,GCRA,100,string,raw,71
3,GCRA,100,string,raw,71
3,GCRA,100,string,raw,71
3,GCRA,100,string,embstr,80
3,GCRA,100,string,raw,71
3,GCRA,100,string,embstr,80
3,GCRA,100,string,embstr,80
3,GCRA,100,string,embstr,80
3,GCRA,100,string,embstr,80
3,GCRA,100,string,raw,71
3,GCRA,100,string,embstr,80
3,GCRA,100,string,embstr,80
3,GCRA,100,string,raw,71
3,GCRA,100,string,raw,71
3,GCRA,100,string,embstr,80
3,GCRA,100,string,raw,71
3,GCRA,100,string,embstr,80
3,GCRA,100,string,embstr,80
3,GCRA,100,string,embstr,80
3,GCRA,100,string,embstr,80
3,GCRA,100,string,embstr,80
3,GCRA,100,string,raw,71
3,GCRA,100,string,embstr,80
3,GCRA,100,string,embstr,80
3,GCRA,100,string,embstr,80
3,GCRA,100,string,embstr,80
3,GCRA,100,string,embstr,80
3,GCRA,100,string,embstr,80
3,GCRA,100,string,embstr,80
3,GCRA,100,string,raw,71
3,GCRA,100,string,raw,71
3,GCRA,100,string,embstr,80
3,"Sliding window log at 1,000/min",1000,zset,skiplist,110472
3,"Sliding window log at 1,000/min",1000,zset,skiplist,110456
3,"Sliding window log at 1,000/min",1000,zset,skiplist,110792
3,"Sliding window log at 1,000/min",1000,zset,skiplist,110504
3,"Sliding window log at 1,000/min",1000,zset,skiplist,110408
3,"Sliding window log at 1,000/min",1000,zset,skiplist,110424
3,"Sliding window log at 1,000/min",1000,zset,skiplist,110504
3,"Sliding window log at 1,000/min",1000,zset,skiplist,110792
3,"Sliding window log at 1,000/min",1000,zset,skiplist,110456
3,"Sliding window log at 1,000/min",1000,zset,skiplist,110392
3,"Sliding window log at 1,000/min",1000,zset,skiplist,110008
3,"Sliding window log at 1,000/min",1000,zset,skiplist,110168
3,"Sliding window log at 1,000/min",1000,zset,skiplist,109960
3,"Sliding window log at 1,000/min",1000,zset,skiplist,110264
3,"Sliding window log at 1,000/min",1000,zset,skiplist,110424
3,"Sliding window log at 1,000/min",1000,zset,skiplist,110248
3,"Sliding window log at 1,000/min",1000,zset,skiplist,110568
3,"Sliding window log at 1,000/min",1000,zset,skiplist,109832
3,"Sliding window log at 1,000/min",1000,zset,skiplist,110520
3,"Sliding window log at 1,000/min",1000,zset,skiplist,110760
3,"Sliding window log at 1,000/min",1000,zset,skiplist,110904
3,"Sliding window log at 1,000/min",1000,zset,skiplist,110296
3,"Sliding window log at 1,000/min",1000,zset,skiplist,110520
3,"Sliding window log at 1,000/min",1000,zset,skiplist,110440
3,"Sliding window log at 1,000/min",1000,zset,skiplist,110120
3,"Sliding window log at 1,000/min",1000,zset,skiplist,109976
3,"Sliding window log at 1,000/min",1000,zset,skiplist,109960
3,"Sliding window log at 1,000/min",1000,zset,skiplist,110056
3,"Sliding window log at 1,000/min",1000,zset,skiplist,110728
3,"Sliding window log at 1,000/min",1000,zset,skiplist,110472
3,"Sliding window log at 1,000/min",1000,zset,skiplist,109544
3,"Sliding window log at 1,000/min",1000,zset,skiplist,110440
3,"Sliding window log at 1,000/min",1000,zset,skiplist,110664
3,"Sliding window log at 1,000/min",1000,zset,skiplist,110264
3,"Sliding window log at 1,000/min",1000,zset,skiplist,110520
3,"Sliding window log at 1,000/min",1000,zset,skiplist,110056
3,"Sliding window log at 1,000/min",1000,zset,skiplist,110232
3,"Sliding window log at 1,000/min",1000,zset,skiplist,110792
3,"Sliding window log at 1,000/min",1000,zset,skiplist,109736
3,"Sliding window log at 1,000/min",1000,zset,skiplist,110264
4,Fixed window,100,string,int,56
4,Fixed window,100,string,int,56
4,Fixed window,100,string,int,56
4,Fixed window,100,string,int,56
4,Fixed window,100,string,int,56
4,Fixed window,100,string,int,56
4,Fixed window,100,string,int,56
4,Fixed window,100,string,int,56
4,Fixed window,100,string,int,56
4,Fixed window,100,string,int,56
4,Fixed window,100,string,int,56
4,Fixed window,100,string,int,56
4,Fixed window,100,string,int,56
4,Fixed window,100,string,int,56
4,Fixed window,100,string,int,56
4,Fixed window,100,string,int,56
4,Fixed window,100,string,int,56
4,Fixed window,100,string,int,56
4,Fixed window,100,string,int,56
4,Fixed window,100,string,int,56
4,Fixed window,100,string,int,56
4,Fixed window,100,string,int,56
4,Fixed window,100,string,int,56
4,Fixed window,100,string,int,56
4,Fixed window,100,string,int,56
4,Fixed window,100,string,int,56
4,Fixed window,100,string,int,56
4,Fixed window,100,string,int,56
4,Fixed window,100,string,int,56
4,Fixed window,100,string,int,56
4,Fixed window,100,string,int,56
4,Fixed window,100,string,int,56
4,Fixed window,100,string,int,56
4,Fixed window,100,string,int,56
4,Fixed window,100,string,int,56
4,Fixed window,100,string,int,56
4,Fixed window,100,string,int,56
4,Fixed window,100,string,int,56
4,Fixed window,100,string,int,56
4,Fixed window,100,string,int,56
4,Fixed window,100,string,int,56
4,Fixed window,100,string,int,56
4,Fixed window,100,string,int,56
4,Fixed window,100,string,int,56
4,Fixed window,100,string,int,56
4,Fixed window,100,string,int,56
4,Fixed window,100,string,int,56
4,Fixed window,100,string,int,56
4,Fixed window,100,string,int,56
4,Fixed window,100,string,int,56
4,Fixed window,100,string,int,56
4,Fixed window,100,string,int,56
4,Fixed window,100,string,int,56
4,Fixed window,100,string,int,56
4,Fixed window,100,string,int,56
4,Fixed window,100,string,int,56
4,Fixed window,100,string,int,56
4,Fixed window,100,string,int,56
4,Fixed window,100,string,int,56
4,Fixed window,100,string,int,56
4,Fixed window,100,string,int,56
4,Fixed window,100,string,int,56
4,Fixed window,100,string,int,56
4,Fixed window,100,string,int,56
4,Fixed window,100,string,int,56
4,Fixed window,100,string,int,56
4,Fixed window,100,string,int,56
4,Fixed window,100,string,int,56
4,Fixed window,100,string,int,56
4,Fixed window,100,string,int,56
4,Fixed window,100,string,int,56
4,Fixed window,100,string,int,56
4,Fixed window,100,string,int,56
4,Fixed window,100,string,int,56
4,Fixed window,100,string,int,56
4,Fixed window,100,string,int,56
4,Fixed window,100,string,int,56
4,Fixed window,100,string,int,56
4,Fixed window,100,string,int,56
4,Fixed window,100,string,int,56
4,Fixed window,100,string,int,56
4,Fixed window,100,string,int,56
4,Fixed window,100,string,int,56
4,Fixed window,100,string,int,56
4,Fixed window,100,string,int,56
4,Fixed window,100,string,int,56
4,Fixed window,100,string,int,56
4,Fixed window,100,string,int,56
4,Fixed window,100,string,int,56
4,Fixed window,100,string,int,56
4,Fixed window,100,string,int,56
4,Fixed window,100,string,int,56
4,Fixed window,100,string,int,56
4,Fixed window,100,string,int,56
4,Fixed window,100,string,int,56
4,Fixed window,100,string,int,56
4,Fixed window,100,string,int,56
4,Fixed window,100,string,int,56
4,Fixed window,100,string,int,56
4,Fixed window,100,string,int,56
4,Fixed window,100,string,int,56
4,Fixed window,100,string,int,56
4,Fixed window,100,string,int,56
4,Fixed window,100,string,int,56
4,Fixed window,100,string,int,56
4,Fixed window,100,string,int,56
4,Fixed window,100,string,int,56
4,Fixed window,100,string,int,56
4,Fixed window,100,string,int,56
4,Fixed window,100,string,int,56
4,Fixed window,100,string,int,56
4,Fixed window,100,string,int,56
4,Fixed window,100,string,int,56
4,Fixed window,100,string,int,56
4,Fixed window,100,string,int,56
4,Fixed window,100,string,int,56
4,Fixed window,100,string,int,56
4,Fixed window,100,string,int,56
4,Fixed window,100,string,int,56
4,Fixed window,100,string,int,56
4,Fixed window,100,string,int,56
4,Fixed window,100,string,int,56
4,Fixed window,100,string,int,56
4,Fixed window,100,string,int,56
4,Fixed window,100,string,int,56
4,Fixed window,100,string,int,56
4,Fixed window,100,string,int,56
4,Fixed window,100,string,int,56
4,Fixed window,100,string,int,56
4,Fixed window,100,string,int,56
4,Fixed window,100,string,int,56
4,Fixed window,100,string,int,56
4,Fixed window,100,string,int,56
4,Fixed window,100,string,int,56
4,Fixed window,100,string,int,56
4,Fixed window,100,string,int,56
4,Fixed window,100,string,int,56
4,Fixed window,100,string,int,56
4,Fixed window,100,string,int,56
4,Fixed window,100,string,int,56
4,Fixed window,100,string,int,56
4,Fixed window,100,string,int,56
4,Fixed window,100,string,int,56
4,Fixed window,100,string,int,56
4,Fixed window,100,string,int,56
4,Fixed window,100,string,int,56
4,Fixed window,100,string,int,56
4,Fixed window,100,string,int,56
4,Fixed window,100,string,int,56
4,Fixed window,100,string,int,56
4,Fixed window,100,string,int,56
4,Fixed window,100,string,int,56
4,Fixed window,100,string,int,56
4,Fixed window,100,string,int,56
4,Fixed window,100,string,int,56
4,Fixed window,100,string,int,56
4,Fixed window,100,string,int,56
4,Fixed window,100,string,int,56
4,Fixed window,100,string,int,56
4,Fixed window,100,string,int,56
4,Fixed window,100,string,int,56
4,Fixed window,100,string,int,56
4,Fixed window,100,string,int,56
4,Fixed window,100,string,int,56
4,Fixed window,100,string,int,56
4,Fixed window,100,string,int,56
4,Fixed window,100,string,int,56
4,Fixed window,100,string,int,56
4,Fixed window,100,string,int,56
4,Fixed window,100,string,int,56
4,Fixed window,100,string,int,56
4,Fixed window,100,string,int,56
4,Fixed window,100,string,int,56
4,Fixed window,100,string,int,56
4,Fixed window,100,string,int,56
4,Fixed window,100,string,int,56
4,Fixed window,100,string,int,56
4,Fixed window,100,string,int,56
4,Fixed window,100,string,int,56
4,Fixed window,100,string,int,56
4,Fixed window,100,string,int,56
4,Fixed window,100,string,int,56
4,Fixed window,100,string,int,56
4,Fixed window,100,string,int,56
4,Fixed window,100,string,int,56
4,Fixed window,100,string,int,56
4,Fixed window,100,string,int,56
4,Fixed window,100,string,int,56
4,Fixed window,100,string,int,56
4,Fixed window,100,string,int,56
4,Fixed window,100,string,int,56
4,Fixed window,100,string,int,56
4,Fixed window,100,string,int,56
4,Fixed window,100,string,int,56
4,Fixed window,100,string,int,56
4,Fixed window,100,string,int,56
4,Fixed window,100,string,int,56
4,Fixed window,100,string,int,56
4,Fixed window,100,string,int,56
4,Fixed window,100,string,int,56
4,Sliding window log,100,zset,listpack,5359
4,Sliding window log,100,zset,listpack,5347
4,Sliding window log,100,zset,listpack,5351
4,Sliding window log,100,zset,listpack,5351
4,Sliding window log,100,zset,listpack,5351
4,Sliding window log,100,zset,listpack,5350
4,Sliding window log,100,zset,listpack,5353
4,Sliding window log,100,zset,listpack,5349
4,Sliding window log,100,zset,listpack,5351
4,Sliding window log,100,zset,listpack,5348
4,Sliding window log,100,zset,listpack,5341
4,Sliding window log,100,zset,listpack,5349
4,Sliding window log,100,zset,listpack,5355
4,Sliding window log,100,zset,listpack,5349
4,Sliding window log,100,zset,listpack,5346
4,Sliding window log,100,zset,listpack,5353
4,Sliding window log,100,zset,listpack,5354
4,Sliding window log,100,zset,listpack,5356
4,Sliding window log,100,zset,listpack,5352
4,Sliding window log,100,zset,listpack,5346
4,Sliding window log,100,zset,listpack,5352
4,Sliding window log,100,zset,listpack,5347
4,Sliding window log,100,zset,listpack,5349
4,Sliding window log,100,zset,listpack,5352
4,Sliding window log,100,zset,listpack,5347
4,Sliding window log,100,zset,listpack,5356
4,Sliding window log,100,zset,listpack,5354
4,Sliding window log,100,zset,listpack,5356
4,Sliding window log,100,zset,listpack,5354
4,Sliding window log,100,zset,listpack,5352
4,Sliding window log,100,zset,listpack,5354
4,Sliding window log,100,zset,listpack,5356
4,Sliding window log,100,zset,listpack,5360
4,Sliding window log,100,zset,listpack,5350
4,Sliding window log,100,zset,listpack,5353
4,Sliding window log,100,zset,listpack,5354
4,Sliding window log,100,zset,listpack,5355
4,Sliding window log,100,zset,listpack,5349
4,Sliding window log,100,zset,listpack,5350
4,Sliding window log,100,zset,listpack,5354
4,Sliding window log,100,zset,listpack,5349
4,Sliding window log,100,zset,listpack,5354
4,Sliding window log,100,zset,listpack,5343
4,Sliding window log,100,zset,listpack,5354
4,Sliding window log,100,zset,listpack,5354
4,Sliding window log,100,zset,listpack,5355
4,Sliding window log,100,zset,listpack,5348
4,Sliding window log,100,zset,listpack,5347
4,Sliding window log,100,zset,listpack,5356
4,Sliding window log,100,zset,listpack,5349
4,Sliding window log,100,zset,listpack,5363
4,Sliding window log,100,zset,listpack,5363
4,Sliding window log,100,zset,listpack,5349
4,Sliding window log,100,zset,listpack,5360
4,Sliding window log,100,zset,listpack,5346
4,Sliding window log,100,zset,listpack,5355
4,Sliding window log,100,zset,listpack,5353
4,Sliding window log,100,zset,listpack,5350
4,Sliding window log,100,zset,listpack,5341
4,Sliding window log,100,zset,listpack,5354
4,Sliding window log,100,zset,listpack,5359
4,Sliding window log,100,zset,listpack,5357
4,Sliding window log,100,zset,listpack,5352
4,Sliding window log,100,zset,listpack,5347
4,Sliding window log,100,zset,listpack,5351
4,Sliding window log,100,zset,listpack,5355
4,Sliding window log,100,zset,listpack,5354
4,Sliding window log,100,zset,listpack,5341
4,Sliding window log,100,zset,listpack,5348
4,Sliding window log,100,zset,listpack,5350
4,Sliding window log,100,zset,listpack,5347
4,Sliding window log,100,zset,listpack,5353
4,Sliding window log,100,zset,listpack,5354
4,Sliding window log,100,zset,listpack,5351
4,Sliding window log,100,zset,listpack,5350
4,Sliding window log,100,zset,listpack,5353
4,Sliding window log,100,zset,listpack,5345
4,Sliding window log,100,zset,listpack,5352
4,Sliding window log,100,zset,listpack,5347
4,Sliding window log,100,zset,listpack,5353
4,Sliding window log,100,zset,listpack,5355
4,Sliding window log,100,zset,listpack,5355
4,Sliding window log,100,zset,listpack,5354
4,Sliding window log,100,zset,listpack,5350
4,Sliding window log,100,zset,listpack,5353
4,Sliding window log,100,zset,listpack,5349
4,Sliding window log,100,zset,listpack,5347
4,Sliding window log,100,zset,listpack,5355
4,Sliding window log,100,zset,listpack,5353
4,Sliding window log,100,zset,listpack,5354
4,Sliding window log,100,zset,listpack,5352
4,Sliding window log,100,zset,listpack,5358
4,Sliding window log,100,zset,listpack,5343
4,Sliding window log,100,zset,listpack,5347
4,Sliding window log,100,zset,listpack,5356
4,Sliding window log,100,zset,listpack,5349
4,Sliding window log,100,zset,listpack,5353
4,Sliding window log,100,zset,listpack,5357
4,Sliding window log,100,zset,listpack,5351
4,Sliding window log,100,zset,listpack,5350
4,Sliding window log,100,zset,listpack,5349
4,Sliding window log,100,zset,listpack,5357
4,Sliding window log,100,zset,listpack,5348
4,Sliding window log,100,zset,listpack,5355
4,Sliding window log,100,zset,listpack,5340
4,Sliding window log,100,zset,listpack,5349
4,Sliding window log,100,zset,listpack,5348
4,Sliding window log,100,zset,listpack,5351
4,Sliding window log,100,zset,listpack,5350
4,Sliding window log,100,zset,listpack,5354
4,Sliding window log,100,zset,listpack,5353
4,Sliding window log,100,zset,listpack,5351
4,Sliding window log,100,zset,listpack,5351
4,Sliding window log,100,zset,listpack,5347
4,Sliding window log,100,zset,listpack,5353
4,Sliding window log,100,zset,listpack,5350
4,Sliding window log,100,zset,listpack,5355
4,Sliding window log,100,zset,listpack,5356
4,Sliding window log,100,zset,listpack,5357
4,Sliding window log,100,zset,listpack,5352
4,Sliding window log,100,zset,listpack,5355
4,Sliding window log,100,zset,listpack,5354
4,Sliding window log,100,zset,listpack,5357
4,Sliding window log,100,zset,listpack,5349
4,Sliding window log,100,zset,listpack,5352
4,Sliding window log,100,zset,listpack,5355
4,Sliding window log,100,zset,listpack,5350
4,Sliding window log,100,zset,listpack,5353
4,Sliding window log,100,zset,listpack,5344
4,Sliding window log,100,zset,listpack,5350
4,Sliding window log,100,zset,listpack,5351
4,Sliding window log,100,zset,listpack,5349
4,Sliding window log,100,zset,listpack,5353
4,Sliding window log,100,zset,listpack,5351
4,Sliding window log,100,zset,listpack,5350
4,Sliding window log,100,zset,listpack,5357
4,Sliding window log,100,zset,listpack,5353
4,Sliding window log,100,zset,listpack,5343
4,Sliding window log,100,zset,listpack,5350
4,Sliding window log,100,zset,listpack,5346
4,Sliding window log,100,zset,listpack,5346
4,Sliding window log,100,zset,listpack,5353
4,Sliding window log,100,zset,listpack,5349
4,Sliding window log,100,zset,listpack,5353
4,Sliding window log,100,zset,listpack,5350
4,Sliding window log,100,zset,listpack,5354
4,Sliding window log,100,zset,listpack,5355
4,Sliding window log,100,zset,listpack,5354
4,Sliding window log,100,zset,listpack,5355
4,Sliding window log,100,zset,listpack,5350
4,Sliding window log,100,zset,listpack,5350
4,Sliding window log,100,zset,listpack,5352
4,Sliding window log,100,zset,listpack,5347
4,Sliding window log,100,zset,listpack,5347
4,Sliding window log,100,zset,listpack,5353
4,Sliding window log,100,zset,listpack,5348
4,Sliding window log,100,zset,listpack,5348
4,Sliding window log,100,zset,listpack,5356
4,Sliding window log,100,zset,listpack,5350
4,Sliding window log,100,zset,listpack,5352
4,Sliding window log,100,zset,listpack,5355
4,Sliding window log,100,zset,listpack,5351
4,Sliding window log,100,zset,listpack,5352
4,Sliding window log,100,zset,listpack,5353
4,Sliding window log,100,zset,listpack,5353
4,Sliding window log,100,zset,listpack,5344
4,Sliding window log,100,zset,listpack,5352
4,Sliding window log,100,zset,listpack,5357
4,Sliding window log,100,zset,listpack,5357
4,Sliding window log,100,zset,listpack,5357
4,Sliding window log,100,zset,listpack,5347
4,Sliding window log,100,zset,listpack,5352
4,Sliding window log,100,zset,listpack,5353
4,Sliding window log,100,zset,listpack,5356
4,Sliding window log,100,zset,listpack,5348
4,Sliding window log,100,zset,listpack,5351
4,Sliding window log,100,zset,listpack,5350
4,Sliding window log,100,zset,listpack,5353
4,Sliding window log,100,zset,listpack,5349
4,Sliding window log,100,zset,listpack,5348
4,Sliding window log,100,zset,listpack,5342
4,Sliding window log,100,zset,listpack,5350
4,Sliding window log,100,zset,listpack,5362
4,Sliding window log,100,zset,listpack,5348
4,Sliding window log,100,zset,listpack,5347
4,Sliding window log,100,zset,listpack,5354
4,Sliding window log,100,zset,listpack,5359
4,Sliding window log,100,zset,listpack,5355
4,Sliding window log,100,zset,listpack,5354
4,Sliding window log,100,zset,listpack,5356
4,Sliding window log,100,zset,listpack,5345
4,Sliding window log,100,zset,listpack,5347
4,Sliding window log,100,zset,listpack,5357
4,Sliding window log,100,zset,listpack,5355
4,Sliding window log,100,zset,listpack,5352
4,Sliding window log,100,zset,listpack,5353
4,Sliding window log,100,zset,listpack,5354
4,Sliding window log,100,zset,listpack,5349
4,Sliding window log,100,zset,listpack,5353
4,Sliding window log,100,zset,listpack,5359
4,Sliding window counter,100,hash,listpack,93
4,Sliding window counter,100,hash,listpack,93
4,Sliding window counter,100,hash,listpack,93
4,Sliding window counter,100,hash,listpack,93
4,Sliding window counter,100,hash,listpack,93
4,Sliding window counter,100,hash,listpack,93
4,Sliding window counter,100,hash,listpack,93
4,Sliding window counter,100,hash,listpack,93
4,Sliding window counter,100,hash,listpack,93
4,Sliding window counter,100,hash,listpack,93
4,Sliding window counter,100,hash,listpack,93
4,Sliding window counter,100,hash,listpack,93
4,Sliding window counter,100,hash,listpack,93
4,Sliding window counter,100,hash,listpack,93
4,Sliding window counter,100,hash,listpack,93
4,Sliding window counter,100,hash,listpack,93
4,Sliding window counter,100,hash,listpack,93
4,Sliding window counter,100,hash,listpack,93
4,Sliding window counter,100,hash,listpack,93
4,Sliding window counter,100,hash,listpack,93
4,Sliding window counter,100,hash,listpack,93
4,Sliding window counter,100,hash,listpack,93
4,Sliding window counter,100,hash,listpack,93
4,Sliding window counter,100,hash,listpack,93
4,Sliding window counter,100,hash,listpack,93
4,Sliding window counter,100,hash,listpack,93
4,Sliding window counter,100,hash,listpack,93
4,Sliding window counter,100,hash,listpack,93
4,Sliding window counter,100,hash,listpack,93
4,Sliding window counter,100,hash,listpack,93
4,Sliding window counter,100,hash,listpack,93
4,Sliding window counter,100,hash,listpack,93
4,Sliding window counter,100,hash,listpack,93
4,Sliding window counter,100,hash,listpack,93
4,Sliding window counter,100,hash,listpack,93
4,Sliding window counter,100,hash,listpack,93
4,Sliding window counter,100,hash,listpack,93
4,Sliding window counter,100,hash,listpack,93
4,Sliding window counter,100,hash,listpack,93
4,Sliding window counter,100,hash,listpack,93
4,Sliding window counter,100,hash,listpack,93
4,Sliding window counter,100,hash,listpack,93
4,Sliding window counter,100,hash,listpack,93
4,Sliding window counter,100,hash,listpack,93
4,Sliding window counter,100,hash,listpack,93
4,Sliding window counter,100,hash,listpack,93
4,Sliding window counter,100,hash,listpack,93
4,Sliding window counter,100,hash,listpack,93
4,Sliding window counter,100,hash,listpack,93
4,Sliding window counter,100,hash,listpack,93
4,Sliding window counter,100,hash,listpack,93
4,Sliding window counter,100,hash,listpack,93
4,Sliding window counter,100,hash,listpack,93
4,Sliding window counter,100,hash,listpack,93
4,Sliding window counter,100,hash,listpack,93
4,Sliding window counter,100,hash,listpack,93
4,Sliding window counter,100,hash,listpack,93
4,Sliding window counter,100,hash,listpack,93
4,Sliding window counter,100,hash,listpack,93
4,Sliding window counter,100,hash,listpack,93
4,Sliding window counter,100,hash,listpack,93
4,Sliding window counter,100,hash,listpack,93
4,Sliding window counter,100,hash,listpack,93
4,Sliding window counter,100,hash,listpack,93
4,Sliding window counter,100,hash,listpack,93
4,Sliding window counter,100,hash,listpack,93
4,Sliding window counter,100,hash,listpack,93
4,Sliding window counter,100,hash,listpack,93
4,Sliding window counter,100,hash,listpack,93
4,Sliding window counter,100,hash,listpack,93
4,Sliding window counter,100,hash,listpack,93
4,Sliding window counter,100,hash,listpack,93
4,Sliding window counter,100,hash,listpack,93
4,Sliding window counter,100,hash,listpack,93
4,Sliding window counter,100,hash,listpack,93
4,Sliding window counter,100,hash,listpack,93
4,Sliding window counter,100,hash,listpack,93
4,Sliding window counter,100,hash,listpack,93
4,Sliding window counter,100,hash,listpack,93
4,Sliding window counter,100,hash,listpack,93
4,Sliding window counter,100,hash,listpack,93
4,Sliding window counter,100,hash,listpack,93
4,Sliding window counter,100,hash,listpack,93
4,Sliding window counter,100,hash,listpack,93
4,Sliding window counter,100,hash,listpack,93
4,Sliding window counter,100,hash,listpack,93
4,Sliding window counter,100,hash,listpack,93
4,Sliding window counter,100,hash,listpack,93
4,Sliding window counter,100,hash,listpack,93
4,Sliding window counter,100,hash,listpack,93
4,Sliding window counter,100,hash,listpack,93
4,Sliding window counter,100,hash,listpack,93
4,Sliding window counter,100,hash,listpack,93
4,Sliding window counter,100,hash,listpack,93
4,Sliding window counter,100,hash,listpack,93
4,Sliding window counter,100,hash,listpack,93
4,Sliding window counter,100,hash,listpack,93
4,Sliding window counter,100,hash,listpack,93
4,Sliding window counter,100,hash,listpack,93
4,Sliding window counter,100,hash,listpack,93
4,Sliding window counter,100,hash,listpack,93
4,Sliding window counter,100,hash,listpack,93
4,Sliding window counter,100,hash,listpack,93
4,Sliding window counter,100,hash,listpack,93
4,Sliding window counter,100,hash,listpack,93
4,Sliding window counter,100,hash,listpack,93
4,Sliding window counter,100,hash,listpack,93
4,Sliding window counter,100,hash,listpack,93
4,Sliding window counter,100,hash,listpack,93
4,Sliding window counter,100,hash,listpack,93
4,Sliding window counter,100,hash,listpack,93
4,Sliding window counter,100,hash,listpack,93
4,Sliding window counter,100,hash,listpack,93
4,Sliding window counter,100,hash,listpack,93
4,Sliding window counter,100,hash,listpack,93
4,Sliding window counter,100,hash,listpack,93
4,Sliding window counter,100,hash,listpack,93
4,Sliding window counter,100,hash,listpack,93
4,Sliding window counter,100,hash,listpack,93
4,Sliding window counter,100,hash,listpack,93
4,Sliding window counter,100,hash,listpack,93
4,Sliding window counter,100,hash,listpack,93
4,Sliding window counter,100,hash,listpack,93
4,Sliding window counter,100,hash,listpack,93
4,Sliding window counter,100,hash,listpack,93
4,Sliding window counter,100,hash,listpack,93
4,Sliding window counter,100,hash,listpack,93
4,Sliding window counter,100,hash,listpack,93
4,Sliding window counter,100,hash,listpack,93
4,Sliding window counter,100,hash,listpack,93
4,Sliding window counter,100,hash,listpack,93
4,Sliding window counter,100,hash,listpack,93
4,Sliding window counter,100,hash,listpack,93
4,Sliding window counter,100,hash,listpack,93
4,Sliding window counter,100,hash,listpack,93
4,Sliding window counter,100,hash,listpack,93
4,Sliding window counter,100,hash,listpack,93
4,Sliding window counter,100,hash,listpack,93
4,Sliding window counter,100,hash,listpack,93
4,Sliding window counter,100,hash,listpack,93
4,Sliding window counter,100,hash,listpack,93
4,Sliding window counter,100,hash,listpack,93
4,Sliding window counter,100,hash,listpack,93
4,Sliding window counter,100,hash,listpack,93
4,Sliding window counter,100,hash,listpack,93
4,Sliding window counter,100,hash,listpack,93
4,Sliding window counter,100,hash,listpack,93
4,Sliding window counter,100,hash,listpack,93
4,Sliding window counter,100,hash,listpack,93
4,Sliding window counter,100,hash,listpack,93
4,Sliding window counter,100,hash,listpack,93
4,Sliding window counter,100,hash,listpack,93
4,Sliding window counter,100,hash,listpack,93
4,Sliding window counter,100,hash,listpack,93
4,Sliding window counter,100,hash,listpack,93
4,Sliding window counter,100,hash,listpack,93
4,Sliding window counter,100,hash,listpack,93
4,Sliding window counter,100,hash,listpack,93
4,Sliding window counter,100,hash,listpack,93
4,Sliding window counter,100,hash,listpack,93
4,Sliding window counter,100,hash,listpack,93
4,Sliding window counter,100,hash,listpack,93
4,Sliding window counter,100,hash,listpack,93
4,Sliding window counter,100,hash,listpack,93
4,Sliding window counter,100,hash,listpack,93
4,Sliding window counter,100,hash,listpack,93
4,Sliding window counter,100,hash,listpack,93
4,Sliding window counter,100,hash,listpack,93
4,Sliding window counter,100,hash,listpack,93
4,Sliding window counter,100,hash,listpack,93
4,Sliding window counter,100,hash,listpack,93
4,Sliding window counter,100,hash,listpack,93
4,Sliding window counter,100,hash,listpack,93
4,Sliding window counter,100,hash,listpack,93
4,Sliding window counter,100,hash,listpack,93
4,Sliding window counter,100,hash,listpack,93
4,Sliding window counter,100,hash,listpack,93
4,Sliding window counter,100,hash,listpack,93
4,Sliding window counter,100,hash,listpack,93
4,Sliding window counter,100,hash,listpack,93
4,Sliding window counter,100,hash,listpack,93
4,Sliding window counter,100,hash,listpack,93
4,Sliding window counter,100,hash,listpack,93
4,Sliding window counter,100,hash,listpack,93
4,Sliding window counter,100,hash,listpack,93
4,Sliding window counter,100,hash,listpack,93
4,Sliding window counter,100,hash,listpack,93
4,Sliding window counter,100,hash,listpack,93
4,Sliding window counter,100,hash,listpack,93
4,Sliding window counter,100,hash,listpack,93
4,Sliding window counter,100,hash,listpack,93
4,Sliding window counter,100,hash,listpack,93
4,Sliding window counter,100,hash,listpack,93
4,Sliding window counter,100,hash,listpack,93
4,Sliding window counter,100,hash,listpack,93
4,Sliding window counter,100,hash,listpack,93
4,Sliding window counter,100,hash,listpack,93
4,Sliding window counter,100,hash,listpack,93
4,Sliding window counter,100,hash,listpack,93
4,Sliding window counter,100,hash,listpack,93
4,Token bucket,100,hash,listpack,116
4,Token bucket,100,hash,listpack,116
4,Token bucket,100,hash,listpack,116
4,Token bucket,100,hash,listpack,117
4,Token bucket,100,hash,listpack,117
4,Token bucket,100,hash,listpack,116
4,Token bucket,100,hash,listpack,115
4,Token bucket,100,hash,listpack,117
4,Token bucket,100,hash,listpack,117
4,Token bucket,100,hash,listpack,117
4,Token bucket,100,hash,listpack,116
4,Token bucket,100,hash,listpack,117
4,Token bucket,100,hash,listpack,117
4,Token bucket,100,hash,listpack,117
4,Token bucket,100,hash,listpack,117
4,Token bucket,100,hash,listpack,117
4,Token bucket,100,hash,listpack,117
4,Token bucket,100,hash,listpack,116
4,Token bucket,100,hash,listpack,117
4,Token bucket,100,hash,listpack,117
4,Token bucket,100,hash,listpack,117
4,Token bucket,100,hash,listpack,117
4,Token bucket,100,hash,listpack,116
4,Token bucket,100,hash,listpack,116
4,Token bucket,100,hash,listpack,117
4,Token bucket,100,hash,listpack,116
4,Token bucket,100,hash,listpack,116
4,Token bucket,100,hash,listpack,117
4,Token bucket,100,hash,listpack,116
4,Token bucket,100,hash,listpack,116
4,Token bucket,100,hash,listpack,116
4,Token bucket,100,hash,listpack,117
4,Token bucket,100,hash,listpack,117
4,Token bucket,100,hash,listpack,116
4,Token bucket,100,hash,listpack,117
4,Token bucket,100,hash,listpack,116
4,Token bucket,100,hash,listpack,117
4,Token bucket,100,hash,listpack,117
4,Token bucket,100,hash,listpack,117
4,Token bucket,100,hash,listpack,116
4,Token bucket,100,hash,listpack,117
4,Token bucket,100,hash,listpack,117
4,Token bucket,100,hash,listpack,116
4,Token bucket,100,hash,listpack,117
4,Token bucket,100,hash,listpack,116
4,Token bucket,100,hash,listpack,116
4,Token bucket,100,hash,listpack,117
4,Token bucket,100,hash,listpack,116
4,Token bucket,100,hash,listpack,116
4,Token bucket,100,hash,listpack,117
4,Token bucket,100,hash,listpack,117
4,Token bucket,100,hash,listpack,117
4,Token bucket,100,hash,listpack,117
4,Token bucket,100,hash,listpack,117
4,Token bucket,100,hash,listpack,116
4,Token bucket,100,hash,listpack,116
4,Token bucket,100,hash,listpack,116
4,Token bucket,100,hash,listpack,116
4,Token bucket,100,hash,listpack,117
4,Token bucket,100,hash,listpack,117
4,Token bucket,100,hash,listpack,116
4,Token bucket,100,hash,listpack,116
4,Token bucket,100,hash,listpack,117
4,Token bucket,100,hash,listpack,117
4,Token bucket,100,hash,listpack,117
4,Token bucket,100,hash,listpack,117
4,Token bucket,100,hash,listpack,115
4,Token bucket,100,hash,listpack,116
4,Token bucket,100,hash,listpack,117
4,Token bucket,100,hash,listpack,116
4,Token bucket,100,hash,listpack,117
4,Token bucket,100,hash,listpack,116
4,Token bucket,100,hash,listpack,115
4,Token bucket,100,hash,listpack,117
4,Token bucket,100,hash,listpack,117
4,Token bucket,100,hash,listpack,117
4,Token bucket,100,hash,listpack,117
4,Token bucket,100,hash,listpack,117
4,Token bucket,100,hash,listpack,117
4,Token bucket,100,hash,listpack,117
4,Token bucket,100,hash,listpack,117
4,Token bucket,100,hash,listpack,117
4,Token bucket,100,hash,listpack,117
4,Token bucket,100,hash,listpack,117
4,Token bucket,100,hash,listpack,117
4,Token bucket,100,hash,listpack,117
4,Token bucket,100,hash,listpack,117
4,Token bucket,100,hash,listpack,117
4,Token bucket,100,hash,listpack,116
4,Token bucket,100,hash,listpack,116
4,Token bucket,100,hash,listpack,117
4,Token bucket,100,hash,listpack,116
4,Token bucket,100,hash,listpack,116
4,Token bucket,100,hash,listpack,116
4,Token bucket,100,hash,listpack,117
4,Token bucket,100,hash,listpack,116
4,Token bucket,100,hash,listpack,117
4,Token bucket,100,hash,listpack,116
4,Token bucket,100,hash,listpack,117
4,Token bucket,100,hash,listpack,116
4,Token bucket,100,hash,listpack,117
4,Token bucket,100,hash,listpack,117
4,Token bucket,100,hash,listpack,117
4,Token bucket,100,hash,listpack,116
4,Token bucket,100,hash,listpack,117
4,Token bucket,100,hash,listpack,116
4,Token bucket,100,hash,listpack,117
4,Token bucket,100,hash,listpack,117
4,Token bucket,100,hash,listpack,117
4,Token bucket,100,hash,listpack,116
4,Token bucket,100,hash,listpack,116
4,Token bucket,100,hash,listpack,117
4,Token bucket,100,hash,listpack,117
4,Token bucket,100,hash,listpack,117
4,Token bucket,100,hash,listpack,116
4,Token bucket,100,hash,listpack,116
4,Token bucket,100,hash,listpack,116
4,Token bucket,100,hash,listpack,117
4,Token bucket,100,hash,listpack,117
4,Token bucket,100,hash,listpack,116
4,Token bucket,100,hash,listpack,117
4,Token bucket,100,hash,listpack,116
4,Token bucket,100,hash,listpack,117
4,Token bucket,100,hash,listpack,117
4,Token bucket,100,hash,listpack,113
4,Token bucket,100,hash,listpack,116
4,Token bucket,100,hash,listpack,115
4,Token bucket,100,hash,listpack,116
4,Token bucket,100,hash,listpack,116
4,Token bucket,100,hash,listpack,117
4,Token bucket,100,hash,listpack,117
4,Token bucket,100,hash,listpack,116
4,Token bucket,100,hash,listpack,117
4,Token bucket,100,hash,listpack,116
4,Token bucket,100,hash,listpack,116
4,Token bucket,100,hash,listpack,116
4,Token bucket,100,hash,listpack,117
4,Token bucket,100,hash,listpack,117
4,Token bucket,100,hash,listpack,115
4,Token bucket,100,hash,listpack,117
4,Token bucket,100,hash,listpack,117
4,Token bucket,100,hash,listpack,117
4,Token bucket,100,hash,listpack,117
4,Token bucket,100,hash,listpack,117
4,Token bucket,100,hash,listpack,117
4,Token bucket,100,hash,listpack,116
4,Token bucket,100,hash,listpack,117
4,Token bucket,100,hash,listpack,116
4,Token bucket,100,hash,listpack,115
4,Token bucket,100,hash,listpack,116
4,Token bucket,100,hash,listpack,117
4,Token bucket,100,hash,listpack,116
4,Token bucket,100,hash,listpack,116
4,Token bucket,100,hash,listpack,117
4,Token bucket,100,hash,listpack,117
4,Token bucket,100,hash,listpack,116
4,Token bucket,100,hash,listpack,117
4,Token bucket,100,hash,listpack,116
4,Token bucket,100,hash,listpack,117
4,Token bucket,100,hash,listpack,117
4,Token bucket,100,hash,listpack,117
4,Token bucket,100,hash,listpack,117
4,Token bucket,100,hash,listpack,117
4,Token bucket,100,hash,listpack,116
4,Token bucket,100,hash,listpack,117
4,Token bucket,100,hash,listpack,115
4,Token bucket,100,hash,listpack,116
4,Token bucket,100,hash,listpack,117
4,Token bucket,100,hash,listpack,117
4,Token bucket,100,hash,listpack,117
4,Token bucket,100,hash,listpack,116
4,Token bucket,100,hash,listpack,116
4,Token bucket,100,hash,listpack,116
4,Token bucket,100,hash,listpack,116
4,Token bucket,100,hash,listpack,117
4,Token bucket,100,hash,listpack,117
4,Token bucket,100,hash,listpack,117
4,Token bucket,100,hash,listpack,115
4,Token bucket,100,hash,listpack,117
4,Token bucket,100,hash,listpack,117
4,Token bucket,100,hash,listpack,117
4,Token bucket,100,hash,listpack,117
4,Token bucket,100,hash,listpack,117
4,Token bucket,100,hash,listpack,116
4,Token bucket,100,hash,listpack,117
4,Token bucket,100,hash,listpack,117
4,Token bucket,100,hash,listpack,117
4,Token bucket,100,hash,listpack,117
4,Token bucket,100,hash,listpack,116
4,Token bucket,100,hash,listpack,117
4,Token bucket,100,hash,listpack,117
4,Token bucket,100,hash,listpack,115
4,Token bucket,100,hash,listpack,117
4,Token bucket,100,hash,listpack,115
4,Token bucket,100,hash,listpack,117
4,Token bucket,100,hash,listpack,117
4,Token bucket,100,hash,listpack,117
4,Token bucket,100,hash,listpack,115
4,Token bucket,100,hash,listpack,117
4,Token bucket,100,hash,listpack,117
4,Leaky bucket,100,hash,listpack,112
4,Leaky bucket,100,hash,listpack,111
4,Leaky bucket,100,hash,listpack,112
4,Leaky bucket,100,hash,listpack,111
4,Leaky bucket,100,hash,listpack,112
4,Leaky bucket,100,hash,listpack,113
4,Leaky bucket,100,hash,listpack,112
4,Leaky bucket,100,hash,listpack,113
4,Leaky bucket,100,hash,listpack,113
4,Leaky bucket,100,hash,listpack,112
4,Leaky bucket,100,hash,listpack,113
4,Leaky bucket,100,hash,listpack,112
4,Leaky bucket,100,hash,listpack,113
4,Leaky bucket,100,hash,listpack,113
4,Leaky bucket,100,hash,listpack,112
4,Leaky bucket,100,hash,listpack,111
4,Leaky bucket,100,hash,listpack,113
4,Leaky bucket,100,hash,listpack,113
4,Leaky bucket,100,hash,listpack,113
4,Leaky bucket,100,hash,listpack,113
4,Leaky bucket,100,hash,listpack,113
4,Leaky bucket,100,hash,listpack,113
4,Leaky bucket,100,hash,listpack,113
4,Leaky bucket,100,hash,listpack,113
4,Leaky bucket,100,hash,listpack,113
4,Leaky bucket,100,hash,listpack,113
4,Leaky bucket,100,hash,listpack,113
4,Leaky bucket,100,hash,listpack,113
4,Leaky bucket,100,hash,listpack,112
4,Leaky bucket,100,hash,listpack,112
4,Leaky bucket,100,hash,listpack,112
4,Leaky bucket,100,hash,listpack,113
4,Leaky bucket,100,hash,listpack,113
4,Leaky bucket,100,hash,listpack,113
4,Leaky bucket,100,hash,listpack,113
4,Leaky bucket,100,hash,listpack,112
4,Leaky bucket,100,hash,listpack,113
4,Leaky bucket,100,hash,listpack,111
4,Leaky bucket,100,hash,listpack,112
4,Leaky bucket,100,hash,listpack,112
4,Leaky bucket,100,hash,listpack,112
4,Leaky bucket,100,hash,listpack,112
4,Leaky bucket,100,hash,listpack,113
4,Leaky bucket,100,hash,listpack,112
4,Leaky bucket,100,hash,listpack,111
4,Leaky bucket,100,hash,listpack,111
4,Leaky bucket,100,hash,listpack,112
4,Leaky bucket,100,hash,listpack,113
4,Leaky bucket,100,hash,listpack,113
4,Leaky bucket,100,hash,listpack,112
4,Leaky bucket,100,hash,listpack,112
4,Leaky bucket,100,hash,listpack,113
4,Leaky bucket,100,hash,listpack,113
4,Leaky bucket,100,hash,listpack,113
4,Leaky bucket,100,hash,listpack,112
4,Leaky bucket,100,hash,listpack,113
4,Leaky bucket,100,hash,listpack,112
4,Leaky bucket,100,hash,listpack,112
4,Leaky bucket,100,hash,listpack,113
4,Leaky bucket,100,hash,listpack,113
4,Leaky bucket,100,hash,listpack,112
4,Leaky bucket,100,hash,listpack,112
4,Leaky bucket,100,hash,listpack,112
4,Leaky bucket,100,hash,listpack,113
4,Leaky bucket,100,hash,listpack,112
4,Leaky bucket,100,hash,listpack,113
4,Leaky bucket,100,hash,listpack,112
4,Leaky bucket,100,hash,listpack,113
4,Leaky bucket,100,hash,listpack,111
4,Leaky bucket,100,hash,listpack,113
4,Leaky bucket,100,hash,listpack,113
4,Leaky bucket,100,hash,listpack,113
4,Leaky bucket,100,hash,listpack,112
4,Leaky bucket,100,hash,listpack,112
4,Leaky bucket,100,hash,listpack,113
4,Leaky bucket,100,hash,listpack,113
4,Leaky bucket,100,hash,listpack,113
4,Leaky bucket,100,hash,listpack,112
4,Leaky bucket,100,hash,listpack,112
4,Leaky bucket,100,hash,listpack,113
4,Leaky bucket,100,hash,listpack,113
4,Leaky bucket,100,hash,listpack,113
4,Leaky bucket,100,hash,listpack,112
4,Leaky bucket,100,hash,listpack,113
4,Leaky bucket,100,hash,listpack,113
4,Leaky bucket,100,hash,listpack,112
4,Leaky bucket,100,hash,listpack,113
4,Leaky bucket,100,hash,listpack,113
4,Leaky bucket,100,hash,listpack,112
4,Leaky bucket,100,hash,listpack,111
4,Leaky bucket,100,hash,listpack,113
4,Leaky bucket,100,hash,listpack,113
4,Leaky bucket,100,hash,listpack,112
4,Leaky bucket,100,hash,listpack,113
4,Leaky bucket,100,hash,listpack,113
4,Leaky bucket,100,hash,listpack,113
4,Leaky bucket,100,hash,listpack,110
4,Leaky bucket,100,hash,listpack,113
4,Leaky bucket,100,hash,listpack,112
4,Leaky bucket,100,hash,listpack,113
4,Leaky bucket,100,hash,listpack,113
4,Leaky bucket,100,hash,listpack,113
4,Leaky bucket,100,hash,listpack,113
4,Leaky bucket,100,hash,listpack,113
4,Leaky bucket,100,hash,listpack,113
4,Leaky bucket,100,hash,listpack,112
4,Leaky bucket,100,hash,listpack,113
4,Leaky bucket,100,hash,listpack,110
4,Leaky bucket,100,hash,listpack,113
4,Leaky bucket,100,hash,listpack,113
4,Leaky bucket,100,hash,listpack,112
4,Leaky bucket,100,hash,listpack,113
4,Leaky bucket,100,hash,listpack,112
4,Leaky bucket,100,hash,listpack,112
4,Leaky bucket,100,hash,listpack,112
4,Leaky bucket,100,hash,listpack,113
4,Leaky bucket,100,hash,listpack,112
4,Leaky bucket,100,hash,listpack,112
4,Leaky bucket,100,hash,listpack,113
4,Leaky bucket,100,hash,listpack,112
4,Leaky bucket,100,hash,listpack,112
4,Leaky bucket,100,hash,listpack,112
4,Leaky bucket,100,hash,listpack,113
4,Leaky bucket,100,hash,listpack,112
4,Leaky bucket,100,hash,listpack,111
4,Leaky bucket,100,hash,listpack,111
4,Leaky bucket,100,hash,listpack,112
4,Leaky bucket,100,hash,listpack,112
4,Leaky bucket,100,hash,listpack,113
4,Leaky bucket,100,hash,listpack,112
4,Leaky bucket,100,hash,listpack,113
4,Leaky bucket,100,hash,listpack,113
4,Leaky bucket,100,hash,listpack,111
4,Leaky bucket,100,hash,listpack,113
4,Leaky bucket,100,hash,listpack,113
4,Leaky bucket,100,hash,listpack,112
4,Leaky bucket,100,hash,listpack,113
4,Leaky bucket,100,hash,listpack,113
4,Leaky bucket,100,hash,listpack,113
4,Leaky bucket,100,hash,listpack,113
4,Leaky bucket,100,hash,listpack,113
4,Leaky bucket,100,hash,listpack,113
4,Leaky bucket,100,hash,listpack,113
4,Leaky bucket,100,hash,listpack,112
4,Leaky bucket,100,hash,listpack,110
4,Leaky bucket,100,hash,listpack,112
4,Leaky bucket,100,hash,listpack,112
4,Leaky bucket,100,hash,listpack,112
4,Leaky bucket,100,hash,listpack,113
4,Leaky bucket,100,hash,listpack,112
4,Leaky bucket,100,hash,listpack,112
4,Leaky bucket,100,hash,listpack,113
4,Leaky bucket,100,hash,listpack,113
4,Leaky bucket,100,hash,listpack,113
4,Leaky bucket,100,hash,listpack,113
4,Leaky bucket,100,hash,listpack,112
4,Leaky bucket,100,hash,listpack,112
4,Leaky bucket,100,hash,listpack,113
4,Leaky bucket,100,hash,listpack,113
4,Leaky bucket,100,hash,listpack,112
4,Leaky bucket,100,hash,listpack,113
4,Leaky bucket,100,hash,listpack,112
4,Leaky bucket,100,hash,listpack,113
4,Leaky bucket,100,hash,listpack,112
4,Leaky bucket,100,hash,listpack,112
4,Leaky bucket,100,hash,listpack,112
4,Leaky bucket,100,hash,listpack,112
4,Leaky bucket,100,hash,listpack,112
4,Leaky bucket,100,hash,listpack,112
4,Leaky bucket,100,hash,listpack,112
4,Leaky bucket,100,hash,listpack,113
4,Leaky bucket,100,hash,listpack,112
4,Leaky bucket,100,hash,listpack,112
4,Leaky bucket,100,hash,listpack,112
4,Leaky bucket,100,hash,listpack,111
4,Leaky bucket,100,hash,listpack,113
4,Leaky bucket,100,hash,listpack,113
4,Leaky bucket,100,hash,listpack,111
4,Leaky bucket,100,hash,listpack,112
4,Leaky bucket,100,hash,listpack,113
4,Leaky bucket,100,hash,listpack,112
4,Leaky bucket,100,hash,listpack,113
4,Leaky bucket,100,hash,listpack,112
4,Leaky bucket,100,hash,listpack,112
4,Leaky bucket,100,hash,listpack,113
4,Leaky bucket,100,hash,listpack,112
4,Leaky bucket,100,hash,listpack,112
4,Leaky bucket,100,hash,listpack,112
4,Leaky bucket,100,hash,listpack,113
4,Leaky bucket,100,hash,listpack,112
4,Leaky bucket,100,hash,listpack,113
4,Leaky bucket,100,hash,listpack,112
4,Leaky bucket,100,hash,listpack,112
4,Leaky bucket,100,hash,listpack,112
4,Leaky bucket,100,hash,listpack,113
4,Leaky bucket,100,hash,listpack,113
4,Leaky bucket,100,hash,listpack,113
4,Leaky bucket,100,hash,listpack,113
4,Leaky bucket,100,hash,listpack,113
4,Leaky bucket,100,hash,listpack,112
4,GCRA,100,string,embstr,80
4,GCRA,100,string,raw,71
4,GCRA,100,string,raw,71
4,GCRA,100,string,raw,71
4,GCRA,100,string,embstr,80
4,GCRA,100,string,raw,71
4,GCRA,100,string,raw,71
4,GCRA,100,string,embstr,80
4,GCRA,100,string,raw,71
4,GCRA,100,string,embstr,80
4,GCRA,100,string,embstr,80
4,GCRA,100,string,embstr,80
4,GCRA,100,string,raw,71
4,GCRA,100,string,embstr,80
4,GCRA,100,string,embstr,80
4,GCRA,100,string,embstr,80
4,GCRA,100,string,embstr,80
4,GCRA,100,string,raw,71
4,GCRA,100,string,raw,71
4,GCRA,100,string,raw,71
4,GCRA,100,string,raw,71
4,GCRA,100,string,embstr,80
4,GCRA,100,string,raw,71
4,GCRA,100,string,raw,71
4,GCRA,100,string,embstr,80
4,GCRA,100,string,embstr,80
4,GCRA,100,string,raw,71
4,GCRA,100,string,embstr,80
4,GCRA,100,string,raw,71
4,GCRA,100,string,embstr,80
4,GCRA,100,string,embstr,80
4,GCRA,100,string,embstr,80
4,GCRA,100,string,embstr,80
4,GCRA,100,string,embstr,80
4,GCRA,100,string,raw,71
4,GCRA,100,string,embstr,80
4,GCRA,100,string,embstr,80
4,GCRA,100,string,embstr,80
4,GCRA,100,string,raw,71
4,GCRA,100,string,raw,71
4,GCRA,100,string,embstr,80
4,GCRA,100,string,embstr,80
4,GCRA,100,string,embstr,80
4,GCRA,100,string,raw,71
4,GCRA,100,string,embstr,80
4,GCRA,100,string,raw,71
4,GCRA,100,string,embstr,80
4,GCRA,100,string,raw,71
4,GCRA,100,string,embstr,80
4,GCRA,100,string,raw,71
4,GCRA,100,string,embstr,80
4,GCRA,100,string,embstr,80
4,GCRA,100,string,embstr,80
4,GCRA,100,string,embstr,80
4,GCRA,100,string,embstr,80
4,GCRA,100,string,raw,71
4,GCRA,100,string,embstr,80
4,GCRA,100,string,raw,71
4,GCRA,100,string,raw,71
4,GCRA,100,string,raw,71
4,GCRA,100,string,embstr,80
4,GCRA,100,string,embstr,80
4,GCRA,100,string,embstr,80
4,GCRA,100,string,embstr,80
4,GCRA,100,string,embstr,80
4,GCRA,100,string,embstr,80
4,GCRA,100,string,embstr,80
4,GCRA,100,string,embstr,80
4,GCRA,100,string,embstr,80
4,GCRA,100,string,raw,71
4,GCRA,100,string,embstr,80
4,GCRA,100,string,raw,71
4,GCRA,100,string,raw,71
4,GCRA,100,string,embstr,80
4,GCRA,100,string,embstr,80
4,GCRA,100,string,raw,71
4,GCRA,100,string,raw,71
4,GCRA,100,string,raw,71
4,GCRA,100,string,raw,71
4,GCRA,100,string,embstr,80
4,GCRA,100,string,embstr,80
4,GCRA,100,string,raw,71
4,GCRA,100,string,raw,71
4,GCRA,100,string,embstr,80
4,GCRA,100,string,raw,71
4,GCRA,100,string,raw,71
4,GCRA,100,string,embstr,80
4,GCRA,100,string,embstr,80
4,GCRA,100,string,embstr,80
4,GCRA,100,string,embstr,80
4,GCRA,100,string,embstr,80
4,GCRA,100,string,embstr,80
4,GCRA,100,string,embstr,80
4,GCRA,100,string,embstr,80
4,GCRA,100,string,embstr,80
4,GCRA,100,string,raw,71
4,GCRA,100,string,raw,71
4,GCRA,100,string,embstr,80
4,GCRA,100,string,raw,71
4,GCRA,100,string,raw,71
4,GCRA,100,string,raw,71
4,GCRA,100,string,embstr,80
4,GCRA,100,string,embstr,80
4,GCRA,100,string,embstr,80
4,GCRA,100,string,embstr,80
4,GCRA,100,string,embstr,80
4,GCRA,100,string,embstr,80
4,GCRA,100,string,embstr,80
4,GCRA,100,string,embstr,80
4,GCRA,100,string,embstr,80
4,GCRA,100,string,raw,71
4,GCRA,100,string,raw,71
4,GCRA,100,string,embstr,80
4,GCRA,100,string,raw,71
4,GCRA,100,string,raw,71
4,GCRA,100,string,raw,71
4,GCRA,100,string,raw,71
4,GCRA,100,string,embstr,80
4,GCRA,100,string,raw,71
4,GCRA,100,string,raw,71
4,GCRA,100,string,embstr,80
4,GCRA,100,string,embstr,80
4,GCRA,100,string,embstr,80
4,GCRA,100,string,raw,71
4,GCRA,100,string,embstr,80
4,GCRA,100,string,embstr,80
4,GCRA,100,string,raw,71
4,GCRA,100,string,embstr,80
4,GCRA,100,string,raw,71
4,GCRA,100,string,embstr,80
4,GCRA,100,string,raw,71
4,GCRA,100,string,raw,71
4,GCRA,100,string,embstr,80
4,GCRA,100,string,embstr,80
4,GCRA,100,string,raw,71
4,GCRA,100,string,embstr,80
4,GCRA,100,string,embstr,80
4,GCRA,100,string,embstr,80
4,GCRA,100,string,raw,71
4,GCRA,100,string,embstr,80
4,GCRA,100,string,embstr,80
4,GCRA,100,string,raw,71
4,GCRA,100,string,raw,71
4,GCRA,100,string,embstr,80
4,GCRA,100,string,embstr,80
4,GCRA,100,string,embstr,80
4,GCRA,100,string,embstr,80
4,GCRA,100,string,embstr,80
4,GCRA,100,string,raw,71
4,GCRA,100,string,embstr,80
4,GCRA,100,string,embstr,80
4,GCRA,100,string,embstr,80
4,GCRA,100,string,embstr,80
4,GCRA,100,string,raw,71
4,GCRA,100,string,embstr,80
4,GCRA,100,string,raw,71
4,GCRA,100,string,embstr,80
4,GCRA,100,string,embstr,80
4,GCRA,100,string,raw,71
4,GCRA,100,string,raw,71
4,GCRA,100,string,embstr,80
4,GCRA,100,string,raw,71
4,GCRA,100,string,raw,71
4,GCRA,100,string,embstr,80
4,GCRA,100,string,raw,71
4,GCRA,100,string,embstr,80
4,GCRA,100,string,raw,71
4,GCRA,100,string,raw,71
4,GCRA,100,string,embstr,80
4,GCRA,100,string,raw,71
4,GCRA,100,string,embstr,80
4,GCRA,100,string,raw,71
4,GCRA,100,string,raw,71
4,GCRA,100,string,embstr,80
4,GCRA,100,string,raw,71
4,GCRA,100,string,raw,71
4,GCRA,100,string,embstr,80
4,GCRA,100,string,raw,71
4,GCRA,100,string,raw,71
4,GCRA,100,string,embstr,80
4,GCRA,100,string,raw,71
4,GCRA,100,string,embstr,80
4,GCRA,100,string,raw,71
4,GCRA,100,string,raw,71
4,GCRA,100,string,raw,71
4,GCRA,100,string,embstr,80
4,GCRA,100,string,raw,71
4,GCRA,100,string,raw,71
4,GCRA,100,string,raw,71
4,GCRA,100,string,embstr,80
4,GCRA,100,string,raw,71
4,GCRA,100,string,embstr,80
4,GCRA,100,string,embstr,80
4,GCRA,100,string,embstr,80
4,GCRA,100,string,raw,71
4,GCRA,100,string,raw,71
4,GCRA,100,string,embstr,80
4,GCRA,100,string,embstr,80
4,GCRA,100,string,embstr,80
4,GCRA,100,string,raw,71
4,"Sliding window log at 1,000/min",1000,zset,skiplist,110568
4,"Sliding window log at 1,000/min",1000,zset,skiplist,109992
4,"Sliding window log at 1,000/min",1000,zset,skiplist,109864
4,"Sliding window log at 1,000/min",1000,zset,skiplist,110616
4,"Sliding window log at 1,000/min",1000,zset,skiplist,110632
4,"Sliding window log at 1,000/min",1000,zset,skiplist,110456
4,"Sliding window log at 1,000/min",1000,zset,skiplist,110744
4,"Sliding window log at 1,000/min",1000,zset,skiplist,110728
4,"Sliding window log at 1,000/min",1000,zset,skiplist,109976
4,"Sliding window log at 1,000/min",1000,zset,skiplist,110888
4,"Sliding window log at 1,000/min",1000,zset,skiplist,110136
4,"Sliding window log at 1,000/min",1000,zset,skiplist,110408
4,"Sliding window log at 1,000/min",1000,zset,skiplist,110472
4,"Sliding window log at 1,000/min",1000,zset,skiplist,110120
4,"Sliding window log at 1,000/min",1000,zset,skiplist,110456
4,"Sliding window log at 1,000/min",1000,zset,skiplist,110072
4,"Sliding window log at 1,000/min",1000,zset,skiplist,111416
4,"Sliding window log at 1,000/min",1000,zset,skiplist,110312
4,"Sliding window log at 1,000/min",1000,zset,skiplist,110264
4,"Sliding window log at 1,000/min",1000,zset,skiplist,110600
4,"Sliding window log at 1,000/min",1000,zset,skiplist,110328
4,"Sliding window log at 1,000/min",1000,zset,skiplist,109768
4,"Sliding window log at 1,000/min",1000,zset,skiplist,110504
4,"Sliding window log at 1,000/min",1000,zset,skiplist,110856
4,"Sliding window log at 1,000/min",1000,zset,skiplist,110344
4,"Sliding window log at 1,000/min",1000,zset,skiplist,110472
4,"Sliding window log at 1,000/min",1000,zset,skiplist,110600
4,"Sliding window log at 1,000/min",1000,zset,skiplist,109688
4,"Sliding window log at 1,000/min",1000,zset,skiplist,110200
4,"Sliding window log at 1,000/min",1000,zset,skiplist,110376
4,"Sliding window log at 1,000/min",1000,zset,skiplist,110440
4,"Sliding window log at 1,000/min",1000,zset,skiplist,110152
4,"Sliding window log at 1,000/min",1000,zset,skiplist,109784
4,"Sliding window log at 1,000/min",1000,zset,skiplist,110904
4,"Sliding window log at 1,000/min",1000,zset,skiplist,110360
4,"Sliding window log at 1,000/min",1000,zset,skiplist,110536
4,"Sliding window log at 1,000/min",1000,zset,skiplist,110504
4,"Sliding window log at 1,000/min",1000,zset,skiplist,110120
4,"Sliding window log at 1,000/min",1000,zset,skiplist,110760
4,"Sliding window log at 1,000/min",1000,zset,skiplist,110840
