lane,second,proxies_failing,requests,failed_requests
"naive, global push",0.0,0,120,0
"naive, global push",0.1,0,108,0
"naive, global push",0.2,0,129,0
"naive, global push",0.3,0,116,0
"naive, global push",0.4,0,116,0
"naive, global push",0.5,0,131,0
"naive, global push",0.6,0,108,0
"naive, global push",0.7,0,132,0
"naive, global push",0.8,0,108,0
"naive, global push",0.9,0,128,0
"naive, global push",1.0,0,124,0
"naive, global push",1.1,0,108,0
"naive, global push",1.2,0,131,0
"naive, global push",1.3,0,116,0
"naive, global push",1.4,0,124,0
"naive, global push",1.5,0,114,0
"naive, global push",1.6,0,116,0
"naive, global push",1.7,0,131,0
"naive, global push",1.8,0,108,0
"naive, global push",1.9,0,131,0
"naive, global push",2.0,0,113,0
"naive, global push",2.1,0,117,0
"naive, global push",2.2,0,131,0
"naive, global push",2.3,0,108,0
"naive, global push",2.4,0,128,0
"naive, global push",2.5,0,124,0
"naive, global push",2.6,0,108,0
"naive, global push",2.7,0,132,0
"naive, global push",2.8,0,108,0
"naive, global push",2.9,0,125,0
"naive, global push",3.0,0,127,0
"naive, global push",3.1,0,116,0
"naive, global push",3.2,0,124,0
"naive, global push",3.3,0,108,0
"naive, global push",3.4,0,122,0
"naive, global push",3.5,0,130,0
"naive, global push",3.6,0,108,0
"naive, global push",3.7,0,129,0
"naive, global push",3.8,0,123,0
"naive, global push",3.9,0,109,0
"naive, global push",4.0,0,131,0
"naive, global push",4.1,0,108,0
"naive, global push",4.2,0,130,0
"naive, global push",4.3,0,113,0
"naive, global push",4.4,0,118,0
"naive, global push",4.5,0,131,0
"naive, global push",4.6,0,108,0
"naive, global push",4.7,0,129,0
"naive, global push",4.8,0,123,0
"naive, global push",4.9,0,116,0
"naive, global push",5.0,0,124,0
"naive, global push",5.1,0,108,0
"naive, global push",5.2,0,126,0
"naive, global push",5.3,0,124,0
"naive, global push",5.4,0,111,0
"naive, global push",5.5,0,131,0
"naive, global push",5.6,0,108,0
"naive, global push",5.7,0,132,0
"naive, global push",5.8,0,107,0
"naive, global push",5.9,0,129,0
"naive, global push",6.0,0,124,0
"naive, global push",6.1,0,108,0
"naive, global push",6.2,0,131,0
"naive, global push",6.3,0,109,0
"naive, global push",6.4,0,126,0
"naive, global push",6.5,0,126,0
"naive, global push",6.6,0,117,0
"naive, global push",6.7,0,122,0
"naive, global push",6.8,0,109,0
"naive, global push",6.9,0,123,0
"naive, global push",7.0,0,129,0
"naive, global push",7.1,0,108,0
"naive, global push",7.2,0,132,0
"naive, global push",7.3,0,108,0
"naive, global push",7.4,0,124,0
"naive, global push",7.5,0,128,0
"naive, global push",7.6,0,108,0
"naive, global push",7.7,0,129,0
"naive, global push",7.8,0,121,0
"naive, global push",7.9,0,111,0
"naive, global push",8.0,0,131,0
"naive, global push",8.1,0,108,0
"naive, global push",8.2,0,123,0
"naive, global push",8.3,0,129,0
"naive, global push",8.4,0,117,0
"naive, global push",8.5,0,123,0
"naive, global push",8.6,0,108,0
"naive, global push",8.7,0,127,0
"naive, global push",8.8,0,125,0
"naive, global push",8.9,0,108,0
"naive, global push",9.0,0,130,0
"naive, global push",9.1,0,110,0
"naive, global push",9.2,0,124,0
"naive, global push",9.3,0,128,0
"naive, global push",9.4,0,108,0
"naive, global push",9.5,0,132,0
"naive, global push",9.6,0,120,0
"naive, global push",9.7,0,111,0
"naive, global push",9.8,0,129,0
"naive, global push",9.9,0,108,0
"naive, global push",10.0,0,132,0
"naive, global push",10.1,0,110,0
"naive, global push",10.2,0,128,0
"naive, global push",10.3,0,122,0
"naive, global push",10.4,0,108,0
"naive, global push",10.5,0,129,0
"naive, global push",10.6,0,123,0
"naive, global push",10.7,0,108,0
"naive, global push",10.8,0,131,0
"naive, global push",10.9,0,109,0
"naive, global push",11.0,0,124,0
"naive, global push",11.1,0,128,0
"naive, global push",11.2,0,108,0
"naive, global push",11.3,0,132,0
"naive, global push",11.4,0,108,0
"naive, global push",11.5,0,121,0
"naive, global push",11.6,0,131,0
"naive, global push",11.7,0,108,0
"naive, global push",11.8,0,132,0
"naive, global push",11.9,0,109,0
"naive, global push",12.0,0,129,0
"naive, global push",12.1,0,122,0
"naive, global push",12.2,0,108,0
"naive, global push",12.3,0,131,0
"naive, global push",12.4,0,110,0
"naive, global push",12.5,0,120,0
"naive, global push",12.6,0,131,0
"naive, global push",12.7,0,108,0
"naive, global push",12.8,0,130,0
"naive, global push",12.9,0,111,0
"naive, global push",13.0,0,122,0
"naive, global push",13.1,0,129,0
"naive, global push",13.2,0,108,0
"naive, global push",13.3,0,132,0
"naive, global push",13.4,0,108,0
"naive, global push",13.5,0,122,0
"naive, global push",13.6,0,130,0
"naive, global push",13.7,0,116,0
"naive, global push",13.8,0,124,0
"naive, global push",13.9,0,108,0
"naive, global push",14.0,0,129,0
"naive, global push",14.1,0,123,0
"naive, global push",14.2,0,110,0
"naive, global push",14.3,0,130,0
"naive, global push",14.4,0,108,0
"naive, global push",14.5,0,132,0
"naive, global push",14.6,0,108,0
"naive, global push",14.7,0,125,0
"naive, global push",14.8,0,127,0
"naive, global push",14.9,0,108,0
"naive, global push",15.0,0,132,0
"naive, global push",15.1,0,108,0
"naive, global push",15.2,0,132,0
"naive, global push",15.3,0,108,0
"naive, global push",15.4,0,130,0
"naive, global push",15.5,0,112,0
"naive, global push",15.6,0,122,0
"naive, global push",15.7,0,128,0
"naive, global push",15.8,0,108,0
"naive, global push",15.9,0,130,0
"naive, global push",16.0,0,111,0
"naive, global push",16.1,0,125,0
"naive, global push",16.2,0,114,0
"naive, global push",16.3,0,127,0
"naive, global push",16.4,0,122,0
"naive, global push",16.5,0,112,0
"naive, global push",16.6,0,131,0
"naive, global push",16.7,0,108,0
"naive, global push",16.8,0,122,0
"naive, global push",16.9,0,130,0
"naive, global push",17.0,0,114,0
"naive, global push",17.1,0,125,0
"naive, global push",17.2,0,117,0
"naive, global push",17.3,0,112,0
"naive, global push",17.4,0,132,0
"naive, global push",17.5,0,108,0
"naive, global push",17.6,0,128,0
"naive, global push",17.7,0,124,0
"naive, global push",17.8,0,108,0
"naive, global push",17.9,0,132,0
"naive, global push",18.0,0,108,0
"naive, global push",18.1,0,126,0
"naive, global push",18.2,0,123,0
"naive, global push",18.3,0,111,0
"naive, global push",18.4,0,132,0
"naive, global push",18.5,0,108,0
"naive, global push",18.6,0,123,0
"naive, global push",18.7,0,129,0
"naive, global push",18.8,0,117,0
"naive, global push",18.9,0,123,0
"naive, global push",19.0,0,108,0
"naive, global push",19.1,0,124,0
"naive, global push",19.2,0,128,0
"naive, global push",19.3,0,108,0
"naive, global push",19.4,0,132,0
"naive, global push",19.5,0,108,0
"naive, global push",19.6,0,130,0
"naive, global push",19.7,0,112,0
"naive, global push",19.8,0,125,0
"naive, global push",19.9,0,125,0
"naive, global push",20.0,0,109,0
"naive, global push",20.1,0,131,0
"naive, global push",20.2,0,108,0
"naive, global push",20.3,0,132,0
"naive, global push",20.4,0,108,0
"naive, global push",20.5,0,129,0
"naive, global push",20.6,0,117,0
"naive, global push",20.7,0,114,0
"naive, global push",20.8,0,132,0
"naive, global push",20.9,0,108,0
"naive, global push",21.0,0,128,0
"naive, global push",21.1,0,124,0
"naive, global push",21.2,0,109,0
"naive, global push",21.3,0,131,0
"naive, global push",21.4,0,108,0
"naive, global push",21.5,0,132,0
"naive, global push",21.6,0,108,0
"naive, global push",21.7,0,128,0
"naive, global push",21.8,0,120,0
"naive, global push",21.9,0,112,0
"naive, global push",22.0,0,132,0
"naive, global push",22.1,0,113,0
"naive, global push",22.2,0,126,0
"naive, global push",22.3,0,109,0
"naive, global push",22.4,0,128,0
"naive, global push",22.5,0,124,0
"naive, global push",22.6,0,110,0
"naive, global push",22.7,0,130,0
"naive, global push",22.8,0,108,0
"naive, global push",22.9,0,127,0
"naive, global push",23.0,0,125,0
"naive, global push",23.1,0,108,0
"naive, global push",23.2,0,132,0
"naive, global push",23.3,0,108,0
"naive, global push",23.4,0,132,0
"naive, global push",23.5,0,108,0
"naive, global push",23.6,0,126,0
"naive, global push",23.7,0,126,0
"naive, global push",23.8,0,117,0
"naive, global push",23.9,0,123,0
"naive, global push",24.0,0,108,0
"naive, global push",24.1,0,129,0
"naive, global push",24.2,0,111,0
"naive, global push",24.3,0,122,0
"naive, global push",24.4,0,130,0
"naive, global push",24.5,0,108,0
"naive, global push",24.6,0,131,0
"naive, global push",24.7,0,109,0
"naive, global push",24.8,0,127,0
"naive, global push",24.9,0,125,0
"naive, global push",25.0,0,108,0
"naive, global push",25.1,0,132,0
"naive, global push",25.2,0,108,0
"naive, global push",25.3,0,127,0
"naive, global push",25.4,0,125,0
"naive, global push",25.5,0,115,0
"naive, global push",25.6,0,125,0
"naive, global push",25.7,0,108,0
"naive, global push",25.8,0,125,0
"naive, global push",25.9,0,127,0
"naive, global push",26.0,0,108,0
"naive, global push",26.1,0,131,0
"naive, global push",26.2,0,109,0
"naive, global push",26.3,0,122,0
"naive, global push",26.4,0,130,0
"naive, global push",26.5,0,108,0
"naive, global push",26.6,0,129,0
"naive, global push",26.7,0,123,0
"naive, global push",26.8,0,109,0
"naive, global push",26.9,0,131,0
"naive, global push",27.0,0,108,0
"naive, global push",27.1,0,130,0
"naive, global push",27.2,0,115,0
"naive, global push",27.3,0,125,0
"naive, global push",27.4,0,118,0
"naive, global push",27.5,0,112,0
"naive, global push",27.6,0,132,0
"naive, global push",27.7,0,108,0
"naive, global push",27.8,0,121,0
"naive, global push",27.9,0,131,0
"naive, global push",28.0,0,108,0
"naive, global push",28.1,0,132,0
"naive, global push",28.2,0,108,0
"naive, global push",28.3,0,123,0
"naive, global push",28.4,0,129,0
"naive, global push",28.5,0,108,0
"naive, global push",28.6,0,132,0
"naive, global push",28.7,0,108,0
"naive, global push",28.8,0,124,0
"naive, global push",28.9,0,128,0
"naive, global push",29.0,0,117,0
"naive, global push",29.1,0,123,0
"naive, global push",29.2,0,108,0
"naive, global push",29.3,0,122,0
"naive, global push",29.4,0,120,0
"naive, global push",29.5,0,119,0
"naive, global push",29.6,0,131,0
"naive, global push",29.7,0,108,0
"naive, global push",29.8,0,132,0
"naive, global push",29.9,0,108,0
"naive, global push",30.0,0,126,0
"naive, global push",30.1,0,120,0
"naive, global push",30.2,0,117,0
"naive, global push",30.3,0,129,0
"naive, global push",30.4,0,108,0
"naive, global push",30.5,0,132,0
"naive, global push",30.6,0,109,0
"naive, global push",30.7,0,129,0
"naive, global push",30.8,0,111,0
"naive, global push",30.9,0,120,0
"naive, global push",31.0,0,131,0
"naive, global push",31.1,0,108,0
"naive, global push",31.2,0,132,0
"naive, global push",31.3,0,108,0
"naive, global push",31.4,0,132,0
"naive, global push",31.5,0,108,0
"naive, global push",31.6,0,124,0
"naive, global push",31.7,0,128,0
"naive, global push",31.8,0,115,0
"naive, global push",31.9,0,125,0
"naive, global push",32.0,0,108,0
"naive, global push",32.1,0,132,0
"naive, global push",32.2,0,110,0
"naive, global push",32.3,0,126,0
"naive, global push",32.4,0,120,0
"naive, global push",32.5,0,112,0
"naive, global push",32.6,0,132,0
"naive, global push",32.7,0,108,0
"naive, global push",32.8,0,131,0
"naive, global push",32.9,0,109,0
"naive, global push",33.0,0,129,0
"naive, global push",33.1,0,123,0
"naive, global push",33.2,0,109,0
"naive, global push",33.3,0,131,0
"naive, global push",33.4,0,108,0
"naive, global push",33.5,0,129,0
"naive, global push",33.6,0,123,0
"naive, global push",33.7,0,114,0
"naive, global push",33.8,0,126,0
"naive, global push",33.9,0,113,0
"naive, global push",34.0,0,127,0
"naive, global push",34.1,0,108,0
"naive, global push",34.2,0,130,0
"naive, global push",34.3,0,110,0
"naive, global push",34.4,0,127,0
"naive, global push",34.5,0,125,0
"naive, global push",34.6,0,108,0
"naive, global push",34.7,0,132,0
"naive, global push",34.8,0,108,0
"naive, global push",34.9,0,131,0
"naive, global push",35.0,0,111,0
"naive, global push",35.1,0,120,0
"naive, global push",35.2,0,130,0
"naive, global push",35.3,0,108,0
"naive, global push",35.4,0,131,0
"naive, global push",35.5,0,116,0
"naive, global push",35.6,0,119,0
"naive, global push",35.7,0,126,0
"naive, global push",35.8,0,108,0
"naive, global push",35.9,0,130,0
"naive, global push",36.0,0,110,0
"naive, global push",36.1,0,125,0
"naive, global push",36.2,0,127,0
"naive, global push",36.3,0,109,0
"naive, global push",36.4,0,131,0
"naive, global push",36.5,0,109,0
"naive, global push",36.6,0,131,0
"naive, global push",36.7,0,108,0
"naive, global push",36.8,0,126,0
"naive, global push",36.9,0,126,0
"naive, global push",37.0,0,108,0
"naive, global push",37.1,0,132,0
"naive, global push",37.2,0,108,0
"naive, global push",37.3,0,127,0
"naive, global push",37.4,0,125,0
"naive, global push",37.5,0,108,0
"naive, global push",37.6,0,130,0
"naive, global push",37.7,0,114,0
"naive, global push",37.8,0,118,0
"naive, global push",37.9,0,130,0
"naive, global push",38.0,0,108,0
"naive, global push",38.1,0,132,0
"naive, global push",38.2,0,108,0
"naive, global push",38.3,0,129,0
"naive, global push",38.4,0,123,0
"naive, global push",38.5,0,108,0
"naive, global push",38.6,0,132,0
"naive, global push",38.7,0,108,0
"naive, global push",38.8,0,132,0
"naive, global push",38.9,0,108,0
"naive, global push",39.0,0,129,0
"naive, global push",39.1,0,111,0
"naive, global push",39.2,0,124,0
"naive, global push",39.3,0,128,0
"naive, global push",39.4,0,108,0
"naive, global push",39.5,0,132,0
"naive, global push",39.6,0,108,0
"naive, global push",39.7,0,126,0
"naive, global push",39.8,0,126,0
"naive, global push",39.9,0,109,0
"naive, global push",40.0,0,131,0
"naive, global push",40.1,0,108,0
"naive, global push",40.2,0,129,0
"naive, global push",40.3,0,119,0
"naive, global push",40.4,0,112,0
"naive, global push",40.5,0,132,0
"naive, global push",40.6,0,113,0
"naive, global push",40.7,0,127,0
"naive, global push",40.8,0,108,0
"naive, global push",40.9,0,127,0
"naive, global push",41.0,0,125,0
"naive, global push",41.1,0,109,0
"naive, global push",41.2,0,131,0
"naive, global push",41.3,0,108,0
"naive, global push",41.4,0,130,0
"naive, global push",41.5,0,111,0
"naive, global push",41.6,0,119,0
"naive, global push",41.7,0,132,0
"naive, global push",41.8,0,108,0
"naive, global push",41.9,0,126,0
"naive, global push",42.0,0,114,0
"naive, global push",42.1,0,131,0
"naive, global push",42.2,0,112,0
"naive, global push",42.3,0,125,0
"naive, global push",42.4,0,124,0
"naive, global push",42.5,0,108,0
"naive, global push",42.6,0,130,0
"naive, global push",42.7,0,110,0
"naive, global push",42.8,0,121,0
"naive, global push",42.9,0,131,0
"naive, global push",43.0,0,108,0
"naive, global push",43.1,0,131,0
"naive, global push",43.2,0,109,0
"naive, global push",43.3,0,123,0
"naive, global push",43.4,0,129,0
"naive, global push",43.5,0,108,0
"naive, global push",43.6,0,132,0
"naive, global push",43.7,0,108,0
"naive, global push",43.8,0,132,0
"naive, global push",43.9,0,110,0
"naive, global push",44.0,0,130,0
"naive, global push",44.1,0,108,0
"naive, global push",44.2,0,129,0
"naive, global push",44.3,0,111,0
"naive, global push",44.4,0,130,0
"naive, global push",44.5,0,109,0
"naive, global push",44.6,0,122,0
"naive, global push",44.7,0,131,0
"naive, global push",44.8,0,108,0
"naive, global push",44.9,0,132,0
"naive, global push",45.0,12,108,102
"naive, global push",45.1,12,131,131
"naive, global push",45.2,12,121,121
"naive, global push",45.3,12,111,111
"naive, global push",45.4,12,129,129
"naive, global push",45.5,12,113,113
"naive, global push",45.6,12,127,127
"naive, global push",45.7,12,108,108
"naive, global push",45.8,12,124,124
"naive, global push",45.9,12,128,128
"naive, global push",46.0,12,108,108
"naive, global push",46.1,12,132,132
"naive, global push",46.2,12,108,108
"naive, global push",46.3,12,127,127
"naive, global push",46.4,12,116,116
"naive, global push",46.5,12,118,118
"naive, global push",46.6,12,131,131
"naive, global push",46.7,12,108,108
"naive, global push",46.8,12,130,130
"naive, global push",46.9,12,111,111
"naive, global push",47.0,12,123,123
"naive, global push",47.1,12,121,121
"naive, global push",47.2,12,121,121
"naive, global push",47.3,12,126,126
"naive, global push",47.4,12,108,108
"naive, global push",47.5,12,130,130
"naive, global push",47.6,12,115,115
"naive, global push",47.7,12,116,116
"naive, global push",47.8,12,131,131
"naive, global push",47.9,12,108,108
"naive, global push",48.0,12,132,132
"naive, global push",48.1,12,108,108
"naive, global push",48.2,12,126,126
"naive, global push",48.3,12,121,121
"naive, global push",48.4,12,116,116
"naive, global push",48.5,12,129,129
"naive, global push",48.6,12,108,108
"naive, global push",48.7,12,129,129
"naive, global push",48.8,12,121,121
"naive, global push",48.9,12,117,117
"naive, global push",49.0,12,120,120
"naive, global push",49.1,12,114,114
"naive, global push",49.2,12,131,131
"naive, global push",49.3,12,108,108
"naive, global push",49.4,12,132,132
"naive, global push",49.5,12,108,108
"naive, global push",49.6,12,131,131
"naive, global push",49.7,12,109,109
"naive, global push",49.8,12,121,121
"naive, global push",49.9,12,131,131
"naive, global push",50.0,1,108,1
"naive, global push",50.1,0,124,0
"naive, global push",50.2,0,128,0
"naive, global push",50.3,0,108,0
"naive, global push",50.4,0,131,0
"naive, global push",50.5,0,120,0
"naive, global push",50.6,0,114,0
"naive, global push",50.7,0,127,0
"naive, global push",50.8,0,108,0
"naive, global push",50.9,0,127,0
"naive, global push",51.0,0,125,0
"naive, global push",51.1,0,108,0
"naive, global push",51.2,0,132,0
"naive, global push",51.3,0,108,0
"naive, global push",51.4,0,131,0
"naive, global push",51.5,0,109,0
"naive, global push",51.6,0,127,0
"naive, global push",51.7,0,113,0
"naive, global push",51.8,0,127,0
"naive, global push",51.9,0,125,0
"naive, global push",52.0,0,109,0
"naive, global push",52.1,0,131,0
"naive, global push",52.2,0,108,0
"naive, global push",52.3,0,128,0
"naive, global push",52.4,0,116,0
"naive, global push",52.5,0,116,0
"naive, global push",52.6,0,131,0
"naive, global push",52.7,0,109,0
"naive, global push",52.8,0,124,0
"naive, global push",52.9,0,128,0
"naive, global push",53.0,0,108,0
"naive, global push",53.1,0,130,0
"naive, global push",53.2,0,116,0
"naive, global push",53.3,0,114,0
"naive, global push",53.4,0,132,0
"naive, global push",53.5,0,108,0
"naive, global push",53.6,0,127,0
"naive, global push",53.7,0,120,0
"naive, global push",53.8,0,114,0
"naive, global push",53.9,0,131,0
"naive, global push",54.0,0,109,0
"naive, global push",54.1,0,128,0
"naive, global push",54.2,0,112,0
"naive, global push",54.3,0,120,0
"naive, global push",54.4,0,131,0
"naive, global push",54.5,0,108,0
"naive, global push",54.6,0,132,0
"naive, global push",54.7,0,108,0
"naive, global push",54.8,0,129,0
"naive, global push",54.9,0,118,0
"naive, global push",55.0,12,114,108
"naive, global push",55.1,12,131,131
"naive, global push",55.2,12,108,108
"naive, global push",55.3,12,132,132
"naive, global push",55.4,12,108,108
"naive, global push",55.5,12,125,125
"naive, global push",55.6,12,127,127
"naive, global push",55.7,12,113,113
"naive, global push",55.8,12,126,126
"naive, global push",55.9,12,109,109
"naive, global push",56.0,12,126,126
"naive, global push",56.1,12,126,126
"naive, global push",56.2,12,109,109
"naive, global push",56.3,12,131,131
"naive, global push",56.4,12,108,108
"naive, global push",56.5,12,130,130
"naive, global push",56.6,12,111,111
"naive, global push",56.7,12,120,120
"naive, global push",56.8,12,131,131
"naive, global push",56.9,12,109,109
"naive, global push",57.0,12,131,131
"naive, global push",57.1,12,108,108
"naive, global push",57.2,12,132,132
"naive, global push",57.3,12,106,106
"naive, global push",57.4,12,129,129
"naive, global push",57.5,12,125,125
"naive, global push",57.6,12,108,108
"naive, global push",57.7,12,128,128
"naive, global push",57.8,12,124,124
"naive, global push",57.9,12,108,108
"naive, global push",58.0,12,132,132
"naive, global push",58.1,12,108,108
"naive, global push",58.2,12,124,124
"naive, global push",58.3,12,128,128
"naive, global push",58.4,12,108,108
"naive, global push",58.5,12,131,131
"naive, global push",58.6,12,112,112
"naive, global push",58.7,12,121,121
"naive, global push",58.8,12,128,128
"naive, global push",58.9,12,108,108
"naive, global push",59.0,12,132,132
"naive, global push",59.1,12,108,108
"naive, global push",59.2,12,130,130
"naive, global push",59.3,12,114,114
"naive, global push",59.4,12,116,116
"naive, global push",59.5,12,132,132
"naive, global push",59.6,12,108,108
"naive, global push",59.7,12,130,130
"naive, global push",59.8,12,110,110
"naive, global push",59.9,12,121,121
"naive, global push",60.0,0,131,0
"naive, global push",60.1,0,108,0
"naive, global push",60.2,0,132,0
"naive, global push",60.3,0,108,0
"naive, global push",60.4,0,129,0
"naive, global push",60.5,0,123,0
"naive, global push",60.6,0,108,0
"naive, global push",60.7,0,132,0
"naive, global push",60.8,0,108,0
"naive, global push",60.9,0,128,0
"naive, global push",61.0,0,116,0
"naive, global push",61.1,0,117,0
"naive, global push",61.2,0,131,0
"naive, global push",61.3,0,108,0
"naive, global push",61.4,0,127,0
"naive, global push",61.5,0,125,0
"naive, global push",61.6,0,108,0
"naive, global push",61.7,0,131,0
"naive, global push",61.8,0,109,0
"naive, global push",61.9,0,122,0
"naive, global push",62.0,0,130,0
"naive, global push",62.1,0,108,0
"naive, global push",62.2,0,131,0
"naive, global push",62.3,0,109,0
"naive, global push",62.4,0,129,0
"naive, global push",62.5,0,123,0
"naive, global push",62.6,0,112,0
"naive, global push",62.7,0,128,0
"naive, global push",62.8,0,108,0
"naive, global push",62.9,0,121,0
"naive, global push",63.0,0,131,0
"naive, global push",63.1,0,108,0
"naive, global push",63.2,0,132,0
"naive, global push",63.3,0,108,0
"naive, global push",63.4,0,125,0
"naive, global push",63.5,0,127,0
"naive, global push",63.6,0,108,0
"naive, global push",63.7,0,132,0
"naive, global push",63.8,0,108,0
"naive, global push",63.9,0,126,0
"naive, global push",64.0,0,126,0
"naive, global push",64.1,0,108,0
"naive, global push",64.2,0,132,0
"naive, global push",64.3,0,115,0
"naive, global push",64.4,0,119,0
"naive, global push",64.5,0,122,0
"naive, global push",64.6,0,112,0
"naive, global push",64.7,0,132,0
"naive, global push",64.8,0,108,0
"naive, global push",64.9,0,130,0
"naive, global push",65.0,0,122,0
"naive, global push",65.1,0,111,0
"naive, global push",65.2,0,129,0
"naive, global push",65.3,0,108,0
"naive, global push",65.4,0,132,0
"naive, global push",65.5,0,108,0
"naive, global push",65.6,0,126,0
"naive, global push",65.7,0,126,0
"naive, global push",65.8,0,109,0
"naive, global push",65.9,0,131,0
"naive, global push",66.0,0,113,0
"naive, global push",66.1,0,127,0
"naive, global push",66.2,0,108,0
"naive, global push",66.3,0,131,0
"naive, global push",66.4,0,112,0
"naive, global push",66.5,0,119,0
"naive, global push",66.6,0,130,0
"naive, global push",66.7,0,108,0
"naive, global push",66.8,0,131,0
"naive, global push",66.9,0,109,0
"naive, global push",67.0,0,123,0
"naive, global push",67.1,0,129,0
"naive, global push",67.2,0,108,0
"naive, global push",67.3,0,131,0
"naive, global push",67.4,0,109,0
"naive, global push",67.5,0,131,0
"naive, global push",67.6,0,109,0
"naive, global push",67.7,0,128,0
"naive, global push",67.8,0,116,0
"naive, global push",67.9,0,116,0
"naive, global push",68.0,0,132,0
"naive, global push",68.1,0,108,0
"naive, global push",68.2,0,124,0
"naive, global push",68.3,0,120,0
"naive, global push",68.4,0,118,0
"naive, global push",68.5,0,130,0
"naive, global push",68.6,0,108,0
"naive, global push",68.7,0,129,0
"naive, global push",68.8,0,116,0
"naive, global push",68.9,0,116,0
"naive, global push",69.0,0,131,0
"naive, global push",69.1,0,108,0
"naive, global push",69.2,0,130,0
"naive, global push",69.3,0,111,0
"naive, global push",69.4,0,125,0
"naive, global push",69.5,0,122,0
"naive, global push",69.6,0,112,0
"naive, global push",69.7,0,132,0
"naive, global push",69.8,0,108,0
"naive, global push",69.9,0,132,0
"naive, global push",70.0,12,108,107
"naive, global push",70.1,12,129,129
"naive, global push",70.2,12,112,112
"naive, global push",70.3,12,120,120
"naive, global push",70.4,12,131,131
"naive, global push",70.5,12,108,108
"naive, global push",70.6,12,124,124
"naive, global push",70.7,12,128,128
"naive, global push",70.8,12,108,108
"naive, global push",70.9,12,132,132
"naive, global push",71.0,12,108,108
"naive, global push",71.1,12,129,129
"naive, global push",71.2,12,117,117
"naive, global push",71.3,12,114,114
"naive, global push",71.4,12,132,132
"naive, global push",71.5,12,108,108
"naive, global push",71.6,12,130,130
"naive, global push",71.7,12,109,109
"naive, global push",71.8,12,124,124
"naive, global push",71.9,12,129,129
"naive, global push",72.0,12,108,108
"naive, global push",72.1,12,132,132
"naive, global push",72.2,12,108,108
"naive, global push",72.3,12,132,132
"naive, global push",72.4,12,108,108
"naive, global push",72.5,12,131,131
"naive, global push",72.6,12,110,110
"naive, global push",72.7,12,126,126
"naive, global push",72.8,12,116,116
"naive, global push",72.9,12,117,117
"naive, global push",73.0,12,131,131
"naive, global push",73.1,12,109,109
"naive, global push",73.2,12,123,123
"naive, global push",73.3,12,129,129
"naive, global push",73.4,12,108,108
"naive, global push",73.5,12,129,129
"naive, global push",73.6,12,119,119
"naive, global push",73.7,12,113,113
"naive, global push",73.8,12,131,131
"naive, global push",73.9,12,108,108
"naive, global push",74.0,12,132,132
"naive, global push",74.1,12,108,108
"naive, global push",74.2,12,131,131
"naive, global push",74.3,12,111,111
"naive, global push",74.4,12,124,124
"naive, global push",74.5,12,125,125
"naive, global push",74.6,12,109,109
"naive, global push",74.7,12,132,132
"naive, global push",74.8,12,108,108
"naive, global push",74.9,12,132,132
"naive, global push",75.0,0,108,0
"naive, global push",75.1,0,128,0
"naive, global push",75.2,0,124,0
"naive, global push",75.3,0,109,0
"naive, global push",75.4,0,131,0
"naive, global push",75.5,0,108,0
"naive, global push",75.6,0,131,0
"naive, global push",75.7,0,109,0
"naive, global push",75.8,0,131,0
"naive, global push",75.9,0,111,0
"naive, global push",76.0,0,124,0
"naive, global push",76.1,0,123,0
"naive, global push",76.2,0,111,0
"naive, global push",76.3,0,130,0
"naive, global push",76.4,0,110,0
"naive, global push",76.5,0,129,0
"naive, global push",76.6,0,111,0
"naive, global push",76.7,0,122,0
"naive, global push",76.8,0,130,0
"naive, global push",76.9,0,108,0
"naive, global push",77.0,0,132,0
"naive, global push",77.1,0,108,0
"naive, global push",77.2,0,130,0
"naive, global push",77.3,0,118,0
"naive, global push",77.4,0,118,0
"naive, global push",77.5,0,126,0
"naive, global push",77.6,0,113,0
"naive, global push",77.7,0,127,0
"naive, global push",77.8,0,108,0
"naive, global push",77.9,0,131,0
"naive, global push",78.0,0,109,0
"naive, global push",78.1,0,130,0
"naive, global push",78.2,0,110,0
"naive, global push",78.3,0,122,0
"naive, global push",78.4,0,130,0
"naive, global push",78.5,0,108,0
"naive, global push",78.6,0,132,0
"naive, global push",78.7,0,108,0
"naive, global push",78.8,0,132,0
"naive, global push",78.9,0,108,0
"naive, global push",79.0,0,132,0
"naive, global push",79.1,0,109,0
"naive, global push",79.2,0,130,0
"naive, global push",79.3,0,107,0
"naive, global push",79.4,0,123,0
"naive, global push",79.5,0,131,0
"naive, global push",79.6,0,108,0
"naive, global push",79.7,0,132,0
"naive, global push",79.8,0,108,0
"naive, global push",79.9,0,132,0
"naive, global push",80.0,0,108,0
"naive, global push",80.1,0,132,0
"naive, global push",80.2,0,108,0
"naive, global push",80.3,0,130,0
"naive, global push",80.4,0,110,0
"naive, global push",80.5,0,129,0
"naive, global push",80.6,0,123,0
"naive, global push",80.7,0,114,0
"naive, global push",80.8,0,126,0
"naive, global push",80.9,0,108,0
"naive, global push",81.0,0,132,0
"naive, global push",81.1,0,108,0
"naive, global push",81.2,0,132,0
"naive, global push",81.3,0,108,0
"naive, global push",81.4,0,127,0
"naive, global push",81.5,0,124,0
"naive, global push",81.6,0,109,0
"naive, global push",81.7,0,132,0
"naive, global push",81.8,0,108,0
"naive, global push",81.9,0,132,0
"naive, global push",82.0,0,108,0
"naive, global push",82.1,0,132,0
"naive, global push",82.2,0,108,0
"naive, global push",82.3,0,128,0
"naive, global push",82.4,0,114,0
"naive, global push",82.5,0,119,0
"naive, global push",82.6,0,131,0
"naive, global push",82.7,0,108,0
"naive, global push",82.8,0,132,0
"naive, global push",82.9,0,108,0
"naive, global push",83.0,0,127,0
"naive, global push",83.1,0,125,0
"naive, global push",83.2,0,108,0
"naive, global push",83.3,0,132,0
"naive, global push",83.4,0,108,0
"naive, global push",83.5,0,132,0
"naive, global push",83.6,0,108,0
"naive, global push",83.7,0,131,0
"naive, global push",83.8,0,109,0
"naive, global push",83.9,0,129,0
"naive, global push",84.0,0,109,0
"naive, global push",84.1,0,127,0
"naive, global push",84.2,0,118,0
"naive, global push",84.3,0,119,0
"naive, global push",84.4,0,130,0
"naive, global push",84.5,0,109,0
"naive, global push",84.6,0,131,0
"naive, global push",84.7,0,108,0
"naive, global push",84.8,0,132,0
"naive, global push",84.9,0,108,0
"naive, global push",85.0,12,121,108
"naive, global push",85.1,12,131,131
"naive, global push",85.2,12,108,108
"naive, global push",85.3,12,132,132
"naive, global push",85.4,12,110,110
"naive, global push",85.5,12,126,126
"naive, global push",85.6,12,110,110
"naive, global push",85.7,12,128,128
"naive, global push",85.8,12,119,119
"naive, global push",85.9,12,119,119
"naive, global push",86.0,12,115,115
"naive, global push",86.1,12,124,124
"naive, global push",86.2,12,129,129
"naive, global push",86.3,12,109,109
"naive, global push",86.4,12,131,131
"naive, global push",86.5,12,108,108
"naive, global push",86.6,12,132,132
"naive, global push",86.7,12,108,108
"naive, global push",86.8,12,131,131
"naive, global push",86.9,12,109,109
"naive, global push",87.0,12,128,128
"naive, global push",87.1,12,112,112
"naive, global push",87.2,12,123,123
"naive, global push",87.3,12,126,126
"naive, global push",87.4,12,111,111
"naive, global push",87.5,12,132,132
"naive, global push",87.6,12,108,108
"naive, global push",87.7,12,132,132
"naive, global push",87.8,12,108,108
"naive, global push",87.9,12,126,126
"naive, global push",88.0,12,126,126
"naive, global push",88.1,12,111,111
"naive, global push",88.2,12,129,129
"naive, global push",88.3,12,108,108
"naive, global push",88.4,12,132,132
"naive, global push",88.5,12,108,108
"naive, global push",88.6,12,128,128
"naive, global push",88.7,12,113,113
"naive, global push",88.8,12,119,119
"naive, global push",88.9,12,132,132
"naive, global push",89.0,12,108,108
"naive, global push",89.1,12,128,128
"naive, global push",89.2,12,118,118
"naive, global push",89.3,12,114,114
"naive, global push",89.4,12,132,132
"naive, global push",89.5,12,108,108
"naive, global push",89.6,12,131,131
"naive, global push",89.7,12,109,109
"naive, global push",89.8,12,121,121
"naive, global push",89.9,12,131,131
"naive, global push",90.0,12,108,108
"naive, global push",90.1,12,132,132
"naive, global push",90.2,12,111,111
"naive, global push",90.3,12,127,127
"naive, global push",90.4,12,110,110
"naive, global push",90.5,12,126,126
"naive, global push",90.6,12,126,126
"naive, global push",90.7,12,109,109
"naive, global push",90.8,12,131,131
"naive, global push",90.9,12,108,108
"naive, global push",91.0,12,131,131
"naive, global push",91.1,12,109,109
"naive, global push",91.2,12,130,130
"naive, global push",91.3,12,116,116
"naive, global push",91.4,12,114,114
"naive, global push",91.5,12,132,132
"naive, global push",91.6,12,108,108
"naive, global push",91.7,12,131,131
"naive, global push",91.8,12,120,120
"naive, global push",91.9,12,115,115
"naive, global push",92.0,12,126,126
"naive, global push",92.1,12,108,108
"naive, global push",92.2,12,127,127
"naive, global push",92.3,12,125,125
"naive, global push",92.4,12,108,108
"naive, global push",92.5,12,132,132
"naive, global push",92.6,12,108,108
"naive, global push",92.7,12,131,131
"naive, global push",92.8,12,109,109
"naive, global push",92.9,12,126,126
"naive, global push",93.0,12,126,126
"naive, global push",93.1,12,108,108
"naive, global push",93.2,12,131,131
"naive, global push",93.3,12,109,109
"naive, global push",93.4,12,129,129
"naive, global push",93.5,12,121,121
"naive, global push",93.6,12,116,116
"naive, global push",93.7,12,126,126
"naive, global push",93.8,12,108,108
"naive, global push",93.9,12,129,129
"naive, global push",94.0,12,111,111
"naive, global push",94.1,12,121,121
"naive, global push",94.2,12,131,131
"naive, global push",94.3,12,108,108
"naive, global push",94.4,12,129,129
"naive, global push",94.5,12,111,111
"naive, global push",94.6,12,120,120
"naive, global push",94.7,12,132,132
"naive, global push",94.8,12,108,108
"naive, global push",94.9,12,130,130
"naive, global push",95.0,12,111,111
"naive, global push",95.1,12,123,123
"naive, global push",95.2,12,128,128
"naive, global push",95.3,12,109,109
"naive, global push",95.4,12,131,131
"naive, global push",95.5,12,108,108
"naive, global push",95.6,12,123,123
"naive, global push",95.7,12,129,129
"naive, global push",95.8,12,108,108
"naive, global push",95.9,12,130,130
"naive, global push",96.0,12,110,110
"naive, global push",96.1,12,121,121
"naive, global push",96.2,12,131,131
"naive, global push",96.3,12,108,108
"naive, global push",96.4,12,131,131
"naive, global push",96.5,12,109,109
"naive, global push",96.6,12,126,126
"naive, global push",96.7,12,126,126
"naive, global push",96.8,12,109,109
"naive, global push",96.9,12,131,131
"naive, global push",97.0,12,109,109
"naive, global push",97.1,12,127,127
"naive, global push",97.2,12,122,122
"naive, global push",97.3,12,110,110
"naive, global push",97.4,12,132,132
"naive, global push",97.5,12,108,108
"naive, global push",97.6,12,130,130
"naive, global push",97.7,12,115,115
"naive, global push",97.8,12,119,119
"naive, global push",97.9,12,128,128
"naive, global push",98.0,12,109,109
"naive, global push",98.1,12,131,131
"naive, global push",98.2,12,108,108
"naive, global push",98.3,12,131,131
"naive, global push",98.4,12,109,109
"naive, global push",98.5,12,131,131
"naive, global push",98.6,12,110,110
"naive, global push",98.7,12,126,126
"naive, global push",98.8,12,124,124
"naive, global push",98.9,12,109,109
"naive, global push",99.0,12,132,132
"naive, global push",99.1,12,108,108
"naive, global push",99.2,12,128,128
"naive, global push",99.3,12,121,121
"naive, global push",99.4,12,112,112
"naive, global push",99.5,12,131,131
"naive, global push",99.6,12,108,108
"naive, global push",99.7,12,132,132
"naive, global push",99.8,12,108,108
"naive, global push",99.9,12,131,131
"naive, global push",100.0,12,117,117
"naive, global push",100.1,12,115,115
"naive, global push",100.2,12,129,129
"naive, global push",100.3,12,114,114
"naive, global push",100.4,12,126,126
"naive, global push",100.5,12,108,108
"naive, global push",100.6,12,127,127
"naive, global push",100.7,12,125,125
"naive, global push",100.8,12,108,108
"naive, global push",100.9,12,132,132
"naive, global push",101.0,12,108,108
"naive, global push",101.1,12,130,130
"naive, global push",101.2,12,110,110
"naive, global push",101.3,12,126,126
"naive, global push",101.4,12,123,123
"naive, global push",101.5,12,112,112
"naive, global push",101.6,12,131,131
"naive, global push",101.7,12,109,109
"naive, global push",101.8,12,131,131
"naive, global push",101.9,12,112,112
"naive, global push",102.0,12,124,124
"naive, global push",102.1,12,122,122
"naive, global push",102.2,12,111,111
"naive, global push",102.3,12,131,131
"naive, global push",102.4,12,108,108
"naive, global push",102.5,12,130,130
"naive, global push",102.6,12,122,122
"naive, global push",102.7,12,110,110
"naive, global push",102.8,12,130,130
"naive, global push",102.9,12,109,109
"naive, global push",103.0,12,131,131
"naive, global push",103.1,12,108,108
"naive, global push",103.2,12,132,132
"naive, global push",103.3,12,108,108
"naive, global push",103.4,12,130,130
"naive, global push",103.5,12,122,122
"naive, global push",103.6,12,115,115
"naive, global push",103.7,12,116,116
"naive, global push",103.8,12,118,118
"naive, global push",103.9,12,131,131
"naive, global push",104.0,12,108,108
"naive, global push",104.1,12,132,132
"naive, global push",104.2,12,108,108
"naive, global push",104.3,12,127,127
"naive, global push",104.4,12,113,113
"naive, global push",104.5,12,123,123
"naive, global push",104.6,12,129,129
"naive, global push",104.7,12,109,109
"naive, global push",104.8,12,131,131
"naive, global push",104.9,12,108,108
"naive, global push",105.0,12,132,132
"naive, global push",105.1,12,112,112
"naive, global push",105.2,12,124,124
"naive, global push",105.3,12,117,117
"naive, global push",105.4,12,118,118
"naive, global push",105.5,12,129,129
"naive, global push",105.6,12,109,109
"naive, global push",105.7,12,131,131
"naive, global push",105.8,12,108,108
"naive, global push",105.9,12,132,132
"naive, global push",106.0,12,108,108
"naive, global push",106.1,12,132,132
"naive, global push",106.2,12,108,108
"naive, global push",106.3,12,132,132
"naive, global push",106.4,12,108,108
"naive, global push",106.5,12,132,132
"naive, global push",106.6,12,108,108
"naive, global push",106.7,12,131,131
"naive, global push",106.8,12,109,109
"naive, global push",106.9,12,123,123
"naive, global push",107.0,12,125,125
"naive, global push",107.1,12,114,114
"naive, global push",107.2,12,130,130
"naive, global push",107.3,12,108,108
"naive, global push",107.4,12,132,132
"naive, global push",107.5,12,108,108
"naive, global push",107.6,12,132,132
"naive, global push",107.7,12,108,108
"naive, global push",107.8,12,132,132
"naive, global push",107.9,12,108,108
"naive, global push",108.0,12,132,132
"naive, global push",108.1,12,112,112
"naive, global push",108.2,12,128,128
"naive, global push",108.3,12,108,108
"naive, global push",108.4,12,129,129
"naive, global push",108.5,12,111,111
"naive, global push",108.6,12,126,126
"naive, global push",108.7,12,126,126
"naive, global push",108.8,12,110,110
"naive, global push",108.9,12,130,130
"naive, global push",109.0,12,108,108
"naive, global push",109.1,12,132,132
"naive, global push",109.2,12,108,108
"naive, global push",109.3,12,132,132
"naive, global push",109.4,12,108,108
"naive, global push",109.5,12,131,131
"naive, global push",109.6,12,119,119
"naive, global push",109.7,12,115,115
"naive, global push",109.8,12,125,125
"naive, global push",109.9,12,111,111
"naive, global push",110.0,12,131,131
"naive, global push",110.1,12,108,108
"naive, global push",110.2,12,132,132
"naive, global push",110.3,12,108,108
"naive, global push",110.4,12,130,130
"naive, global push",110.5,12,110,110
"naive, global push",110.6,12,129,129
"naive, global push",110.7,12,111,111
"naive, global push",110.8,12,126,126
"naive, global push",110.9,12,126,126
"naive, global push",111.0,12,111,111
"naive, global push",111.1,12,127,127
"naive, global push",111.2,12,116,116
"naive, global push",111.3,12,123,123
"naive, global push",111.4,12,111,111
"naive, global push",111.5,12,132,132
"naive, global push",111.6,12,108,108
"naive, global push",111.7,12,131,131
"naive, global push",111.8,12,109,109
"naive, global push",111.9,12,129,129
"naive, global push",112.0,12,110,110
"naive, global push",112.1,12,124,124
"naive, global push",112.2,12,129,129
"naive, global push",112.3,12,110,110
"naive, global push",112.4,12,130,130
"naive, global push",112.5,12,108,108
"naive, global push",112.6,12,132,132
"naive, global push",112.7,12,109,109
"naive, global push",112.8,12,128,128
"naive, global push",112.9,12,113,113
"naive, global push",113.0,12,123,123
"naive, global push",113.1,12,119,119
"naive, global push",113.2,12,121,121
"naive, global push",113.3,12,127,127
"naive, global push",113.4,12,109,109
"naive, global push",113.5,12,131,131
"naive, global push",113.6,12,108,108
"naive, global push",113.7,12,132,132
"naive, global push",113.8,12,108,108
"naive, global push",113.9,12,132,132
"naive, global push",114.0,12,108,108
"naive, global push",114.1,12,132,132
"naive, global push",114.2,12,108,108
"naive, global push",114.3,12,131,131
"naive, global push",114.4,12,113,113
"naive, global push",114.5,12,119,119
"naive, global push",114.6,12,129,129
"naive, global push",114.7,12,109,109
"naive, global push",114.8,12,131,131
"naive, global push",114.9,12,108,108
"naive, global push",115.0,12,131,131
"naive, global push",115.1,12,109,109
"naive, global push",115.2,12,129,129
"naive, global push",115.3,12,111,111
"naive, global push",115.4,12,126,126
"naive, global push",115.5,12,114,114
"naive, global push",115.6,12,126,126
"naive, global push",115.7,12,124,124
"naive, global push",115.8,12,117,117
"naive, global push",115.9,12,123,123
"naive, global push",116.0,12,111,111
"naive, global push",116.1,12,131,131
"naive, global push",116.2,12,108,108
"naive, global push",116.3,12,132,132
"naive, global push",116.4,12,109,109
"naive, global push",116.5,12,131,131
"naive, global push",116.6,12,108,108
"naive, global push",116.7,12,132,132
"naive, global push",116.8,12,108,108
"naive, global push",116.9,12,132,132
"naive, global push",117.0,12,108,108
"naive, global push",117.1,12,130,130
"naive, global push",117.2,12,120,120
"naive, global push",117.3,12,117,117
"naive, global push",117.4,12,118,118
"naive, global push",117.5,12,116,116
"naive, global push",117.6,12,131,131
"naive, global push",117.7,12,108,108
"naive, global push",117.8,12,132,132
"naive, global push",117.9,12,108,108
"naive, global push",118.0,12,132,132
"naive, global push",118.1,12,108,108
"naive, global push",118.2,12,132,132
"naive, global push",118.3,12,108,108
"naive, global push",118.4,12,125,125
"naive, global push",118.5,12,115,115
"naive, global push",118.6,12,124,124
"naive, global push",118.7,12,126,126
"naive, global push",118.8,12,118,118
"naive, global push",118.9,12,118,118
"naive, global push",119.0,12,114,114
"naive, global push",119.1,12,132,132
"naive, global push",119.2,12,108,108
"naive, global push",119.3,12,132,132
"naive, global push",119.4,12,108,108
"naive, global push",119.5,12,132,132
"naive, global push",119.6,12,108,108
"naive, global push",119.7,12,132,132
"naive, global push",119.8,12,108,108
"naive, global push",119.9,12,127,127
"naive, global push",120.0,12,124,124
"naive, global push",120.1,12,114,114
"naive, global push",120.2,12,122,122
"naive, global push",120.3,12,119,119
"naive, global push",120.4,12,126,126
"naive, global push",120.5,12,108,108
"naive, global push",120.6,12,132,132
"naive, global push",120.7,12,108,108
"naive, global push",120.8,12,130,130
"naive, global push",120.9,12,110,110
"naive, global push",121.0,12,129,129
"naive, global push",121.1,12,111,111
"naive, global push",121.2,12,129,129
"naive, global push",121.3,12,111,111
"naive, global push",121.4,12,132,132
"naive, global push",121.5,12,108,108
"naive, global push",121.6,12,132,132
"naive, global push",121.7,12,109,109
"naive, global push",121.8,12,128,128
"naive, global push",121.9,12,118,118
"naive, global push",122.0,12,114,114
"naive, global push",122.1,12,131,131
"naive, global push",122.2,12,108,108
"naive, global push",122.3,12,132,132
"naive, global push",122.4,12,108,108
"naive, global push",122.5,12,124,124
"naive, global push",122.6,12,128,128
"naive, global push",122.7,12,110,110
"naive, global push",122.8,12,130,130
"naive, global push",122.9,12,109,109
"naive, global push",123.0,12,131,131
"naive, global push",123.1,12,108,108
"naive, global push",123.2,12,132,132
"naive, global push",123.3,12,109,109
"naive, global push",123.4,12,130,130
"naive, global push",123.5,12,109,109
"naive, global push",123.6,12,130,130
"naive, global push",123.7,12,110,110
"naive, global push",123.8,12,127,127
"naive, global push",123.9,12,120,120
"naive, global push",124.0,12,116,116
"naive, global push",124.1,12,129,129
"naive, global push",124.2,12,108,108
"naive, global push",124.3,12,132,132
"naive, global push",124.4,12,108,108
"naive, global push",124.5,12,132,132
"naive, global push",124.6,12,108,108
"naive, global push",124.7,12,132,132
"naive, global push",124.8,12,108,108
"naive, global push",124.9,12,128,128
"naive, global push",125.0,12,118,118
"naive, global push",125.1,12,114,114
"naive, global push",125.2,12,132,132
"naive, global push",125.3,12,108,108
"naive, global push",125.4,12,132,132
"naive, global push",125.5,12,108,108
"naive, global push",125.6,12,132,132
"naive, global push",125.7,12,108,108
"naive, global push",125.8,12,131,131
"naive, global push",125.9,12,109,109
"naive, global push",126.0,12,126,126
"naive, global push",126.1,12,117,117
"naive, global push",126.2,12,124,124
"naive, global push",126.3,12,125,125
"naive, global push",126.4,12,114,114
"naive, global push",126.5,12,118,118
"naive, global push",126.6,12,117,117
"naive, global push",126.7,12,131,131
"naive, global push",126.8,12,108,108
"naive, global push",126.9,12,132,132
"naive, global push",127.0,12,108,108
"naive, global push",127.1,12,130,130
"naive, global push",127.2,12,110,110
"naive, global push",127.3,12,126,126
"naive, global push",127.4,12,126,126
"naive, global push",127.5,12,109,109
"naive, global push",127.6,12,131,131
"naive, global push",127.7,12,108,108
"naive, global push",127.8,12,132,132
"naive, global push",127.9,12,111,111
"naive, global push",128.0,12,128,128
"naive, global push",128.1,12,109,109
"naive, global push",128.2,12,130,130
"naive, global push",128.3,12,110,110
"naive, global push",128.4,12,130,130
"naive, global push",128.5,12,110,110
"naive, global push",128.6,12,128,128
"naive, global push",128.7,12,116,116
"naive, global push",128.8,12,120,120
"naive, global push",128.9,12,128,128
"naive, global push",129.0,12,109,109
"naive, global push",129.1,12,131,131
"naive, global push",129.2,12,109,109
"naive, global push",129.3,12,131,131
"naive, global push",129.4,12,112,112
"naive, global push",129.5,12,126,126
"naive, global push",129.6,12,110,110
"naive, global push",129.7,12,132,132
"naive, global push",129.8,12,108,108
"naive, global push",129.9,12,128,128
"naive, global push",130.0,12,124,124
"naive, global push",130.1,12,109,109
"naive, global push",130.2,12,131,131
"naive, global push",130.3,12,108,108
"naive, global push",130.4,12,132,132
"naive, global push",130.5,12,108,108
"naive, global push",130.6,12,126,126
"naive, global push",130.7,12,115,115
"naive, global push",130.8,12,120,120
"naive, global push",130.9,12,131,131
"naive, global push",131.0,12,113,113
"naive, global push",131.1,12,123,123
"naive, global push",131.2,12,112,112
"naive, global push",131.3,12,132,132
"naive, global push",131.4,12,108,108
"naive, global push",131.5,12,129,129
"naive, global push",131.6,12,116,116
"naive, global push",131.7,12,118,118
"naive, global push",131.8,12,129,129
"naive, global push",131.9,12,108,108
"naive, global push",132.0,12,132,132
"naive, global push",132.1,12,108,108
"naive, global push",132.2,12,132,132
"naive, global push",132.3,12,108,108
"naive, global push",132.4,12,132,132
"naive, global push",132.5,12,108,108
"naive, global push",132.6,12,131,131
"naive, global push",132.7,12,111,111
"naive, global push",132.8,12,127,127
"naive, global push",132.9,12,113,113
"naive, global push",133.0,12,124,124
"naive, global push",133.1,12,123,123
"naive, global push",133.2,12,116,116
"naive, global push",133.3,12,127,127
"naive, global push",133.4,12,109,109
"naive, global push",133.5,12,130,130
"naive, global push",133.6,12,112,112
"naive, global push",133.7,12,121,121
"naive, global push",133.8,12,118,118
"naive, global push",133.9,12,130,130
"naive, global push",134.0,12,114,114
"naive, global push",134.1,12,126,126
"naive, global push",134.2,12,108,108
"naive, global push",134.3,12,130,130
"naive, global push",134.4,12,110,110
"naive, global push",134.5,12,128,128
"naive, global push",134.6,12,112,112
"naive, global push",134.7,12,128,128
"naive, global push",134.8,12,118,118
"naive, global push",134.9,12,118,118
"naive, global push",135.0,12,127,127
"naive, global push",135.1,12,113,113
"naive, global push",135.2,12,128,128
"naive, global push",135.3,12,113,113
"naive, global push",135.4,12,121,121
"naive, global push",135.5,12,122,122
"naive, global push",135.6,12,121,121
"naive, global push",135.7,12,111,111
"naive, global push",135.8,12,132,132
"naive, global push",135.9,12,108,108
"naive, global push",136.0,12,129,129
"naive, global push",136.1,12,110,110
"naive, global push",136.2,12,129,129
"naive, global push",136.3,12,116,116
"naive, global push",136.4,12,119,119
"naive, global push",136.5,12,129,129
"naive, global push",136.6,12,109,109
"naive, global push",136.7,12,131,131
"naive, global push",136.8,12,108,108
"naive, global push",136.9,12,132,132
"naive, global push",137.0,12,113,113
"naive, global push",137.1,12,124,124
"naive, global push",137.2,12,111,111
"naive, global push",137.3,12,130,130
"naive, global push",137.4,12,110,110
"naive, global push",137.5,12,128,128
"naive, global push",137.6,12,117,117
"naive, global push",137.7,12,117,117
"naive, global push",137.8,12,130,130
"naive, global push",137.9,12,108,108
"naive, global push",138.0,12,132,132
"naive, global push",138.1,12,109,109
"naive, global push",138.2,12,127,127
"naive, global push",138.3,12,121,121
"naive, global push",138.4,12,113,113
"naive, global push",138.5,12,126,126
"naive, global push",138.6,12,119,119
"naive, global push",138.7,12,114,114
"naive, global push",138.8,12,131,131
"naive, global push",138.9,12,108,108
"naive, global push",139.0,12,132,132
"naive, global push",139.1,12,108,108
"naive, global push",139.2,12,132,132
"naive, global push",139.3,12,108,108
"naive, global push",139.4,12,132,132
"naive, global push",139.5,12,108,108
"naive, global push",139.6,12,131,131
"naive, global push",139.7,12,110,110
"naive, global push",139.8,12,126,126
"naive, global push",139.9,12,124,124
"naive, global push",140.0,12,114,114
"naive, global push",140.1,12,126,126
"naive, global push",140.2,12,109,109
"naive, global push",140.3,12,132,132
"naive, global push",140.4,12,108,108
"naive, global push",140.5,12,130,130
"naive, global push",140.6,12,110,110
"naive, global push",140.7,12,128,128
"naive, global push",140.8,12,112,112
"naive, global push",140.9,12,121,121
"naive, global push",141.0,12,131,131
"naive, global push",141.1,12,108,108
"naive, global push",141.2,12,132,132
"naive, global push",141.3,12,108,108
"naive, global push",141.4,12,132,132
"naive, global push",141.5,12,110,110
"naive, global push",141.6,12,129,129
"naive, global push",141.7,12,109,109
"naive, global push",141.8,12,131,131
"naive, global push",141.9,12,112,112
"naive, global push",142.0,12,126,126
"naive, global push",142.1,12,123,123
"naive, global push",142.2,12,110,110
"naive, global push",142.3,12,130,130
"naive, global push",142.4,12,109,109
"naive, global push",142.5,12,131,131
"naive, global push",142.6,12,108,108
"naive, global push",142.7,12,132,132
"naive, global push",142.8,12,108,108
"naive, global push",142.9,12,132,132
"naive, global push",143.0,12,109,109
"naive, global push",143.1,12,130,130
"naive, global push",143.2,12,109,109
"naive, global push",143.3,12,131,131
"naive, global push",143.4,12,109,109
"naive, global push",143.5,12,130,130
"naive, global push",143.6,12,110,110
"naive, global push",143.7,12,125,125
"naive, global push",143.8,12,126,126
"naive, global push",143.9,12,111,111
"naive, global push",144.0,12,130,130
"naive, global push",144.1,12,109,109
"naive, global push",144.2,12,131,131
"naive, global push",144.3,12,108,108
"naive, global push",144.4,12,132,132
"naive, global push",144.5,12,109,109
"naive, global push",144.6,12,130,130
"naive, global push",144.7,12,109,109
"naive, global push",144.8,12,129,129
"naive, global push",144.9,12,111,111
"naive, global push",145.0,12,126,126
"naive, global push",145.1,12,118,118
"naive, global push",145.2,12,117,117
"naive, global push",145.3,12,131,131
"naive, global push",145.4,12,108,108
"naive, global push",145.5,12,132,132
"naive, global push",145.6,12,108,108
"naive, global push",145.7,12,131,131
"naive, global push",145.8,12,109,109
"naive, global push",145.9,12,131,131
"naive, global push",146.0,12,119,119
"naive, global push",146.1,12,116,116
"naive, global push",146.2,12,125,125
"naive, global push",146.3,12,110,110
"naive, global push",146.4,12,131,131
"naive, global push",146.5,12,109,109
"naive, global push",146.6,12,131,131
"naive, global push",146.7,12,108,108
"naive, global push",146.8,12,132,132
"naive, global push",146.9,12,108,108
"naive, global push",147.0,12,130,130
"naive, global push",147.1,12,110,110
"naive, global push",147.2,12,128,128
"naive, global push",147.3,12,114,114
"naive, global push",147.4,12,129,129
"naive, global push",147.5,12,109,109
"naive, global push",147.6,12,128,128
"naive, global push",147.7,12,116,116
"naive, global push",147.8,12,117,117
"naive, global push",147.9,12,131,131
"naive, global push",148.0,12,108,108
"naive, global push",148.1,12,132,132
"naive, global push",148.2,12,108,108
"naive, global push",148.3,12,129,129
"naive, global push",148.4,12,111,111
"naive, global push",148.5,12,129,129
"naive, global push",148.6,12,117,117
"naive, global push",148.7,12,117,117
"naive, global push",148.8,12,129,129
"naive, global push",148.9,12,110,110
"naive, global push",149.0,12,130,130
"naive, global push",149.1,12,113,113
"naive, global push",149.2,12,127,127
"naive, global push",149.3,12,108,108
"naive, global push",149.4,12,128,128
"naive, global push",149.5,12,119,119
"naive, global push",149.6,12,114,114
"naive, global push",149.7,12,131,131
"naive, global push",149.8,12,108,108
"naive, global push",149.9,12,132,132
"naive, staged rollout",0.0,0,120,0
"naive, staged rollout",0.1,0,108,0
"naive, staged rollout",0.2,0,131,0
"naive, staged rollout",0.3,0,114,0
"naive, staged rollout",0.4,0,116,0
"naive, staged rollout",0.5,0,131,0
"naive, staged rollout",0.6,0,108,0
"naive, staged rollout",0.7,0,132,0
"naive, staged rollout",0.8,0,108,0
"naive, staged rollout",0.9,0,127,0
"naive, staged rollout",1.0,0,125,0
"naive, staged rollout",1.1,0,108,0
"naive, staged rollout",1.2,0,132,0
"naive, staged rollout",1.3,0,113,0
"naive, staged rollout",1.4,0,127,0
"naive, staged rollout",1.5,0,114,0
"naive, staged rollout",1.6,0,116,0
"naive, staged rollout",1.7,0,130,0
"naive, staged rollout",1.8,0,108,0
"naive, staged rollout",1.9,0,131,0
"naive, staged rollout",2.0,0,111,0
"naive, staged rollout",2.1,0,119,0
"naive, staged rollout",2.2,0,131,0
"naive, staged rollout",2.3,0,108,0
"naive, staged rollout",2.4,0,130,0
"naive, staged rollout",2.5,0,122,0
"naive, staged rollout",2.6,0,108,0
"naive, staged rollout",2.7,0,132,0
"naive, staged rollout",2.8,0,108,0
"naive, staged rollout",2.9,0,126,0
"naive, staged rollout",3.0,0,126,0
"naive, staged rollout",3.1,0,119,0
"naive, staged rollout",3.2,0,121,0
"naive, staged rollout",3.3,0,108,0
"naive, staged rollout",3.4,0,122,0
"naive, staged rollout",3.5,0,130,0
"naive, staged rollout",3.6,0,108,0
"naive, staged rollout",3.7,0,130,0
"naive, staged rollout",3.8,0,122,0
"naive, staged rollout",3.9,0,108,0
"naive, staged rollout",4.0,0,132,0
"naive, staged rollout",4.1,0,108,0
"naive, staged rollout",4.2,0,131,0
"naive, staged rollout",4.3,0,113,0
"naive, staged rollout",4.4,0,117,0
"naive, staged rollout",4.5,0,131,0
"naive, staged rollout",4.6,0,108,0
"naive, staged rollout",4.7,0,130,0
"naive, staged rollout",4.8,0,122,0
"naive, staged rollout",4.9,0,118,0
"naive, staged rollout",5.0,0,120,0
"naive, staged rollout",5.1,0,110,0
"naive, staged rollout",5.2,0,128,0
"naive, staged rollout",5.3,0,121,0
"naive, staged rollout",5.4,0,112,0
"naive, staged rollout",5.5,0,131,0
"naive, staged rollout",5.6,0,108,0
"naive, staged rollout",5.7,0,132,0
"naive, staged rollout",5.8,0,108,0
"naive, staged rollout",5.9,0,125,0
"naive, staged rollout",6.0,0,127,0
"naive, staged rollout",6.1,0,108,0
"naive, staged rollout",6.2,0,132,0
"naive, staged rollout",6.3,0,108,0
"naive, staged rollout",6.4,0,126,0
"naive, staged rollout",6.5,0,126,0
"naive, staged rollout",6.6,0,116,0
"naive, staged rollout",6.7,0,124,0
"naive, staged rollout",6.8,0,108,0
"naive, staged rollout",6.9,0,125,0
"naive, staged rollout",7.0,0,127,0
"naive, staged rollout",7.1,0,108,0
"naive, staged rollout",7.2,0,132,0
"naive, staged rollout",7.3,0,108,0
"naive, staged rollout",7.4,0,124,0
"naive, staged rollout",7.5,0,128,0
"naive, staged rollout",7.6,0,108,0
"naive, staged rollout",7.7,0,131,0
"naive, staged rollout",7.8,0,118,0
"naive, staged rollout",7.9,0,111,0
"naive, staged rollout",8.0,0,132,0
"naive, staged rollout",8.1,0,108,0
"naive, staged rollout",8.2,0,121,0
"naive, staged rollout",8.3,0,131,0
"naive, staged rollout",8.4,0,118,0
"naive, staged rollout",8.5,0,122,0
"naive, staged rollout",8.6,0,108,0
"naive, staged rollout",8.7,0,125,0
"naive, staged rollout",8.8,0,127,0
"naive, staged rollout",8.9,0,108,0
"naive, staged rollout",9.0,0,132,0
"naive, staged rollout",9.1,0,108,0
"naive, staged rollout",9.2,0,125,0
"naive, staged rollout",9.3,0,127,0
"naive, staged rollout",9.4,0,108,0
"naive, staged rollout",9.5,0,132,0
"naive, staged rollout",9.6,0,120,0
"naive, staged rollout",9.7,0,111,0
"naive, staged rollout",9.8,0,129,0
"naive, staged rollout",9.9,0,108,0
"naive, staged rollout",10.0,0,132,0
"naive, staged rollout",10.1,0,111,0
"naive, staged rollout",10.2,0,129,0
"naive, staged rollout",10.3,0,120,0
"naive, staged rollout",10.4,0,108,0
"naive, staged rollout",10.5,0,129,0
"naive, staged rollout",10.6,0,123,0
"naive, staged rollout",10.7,0,108,0
"naive, staged rollout",10.8,0,131,0
"naive, staged rollout",10.9,0,109,0
"naive, staged rollout",11.0,0,125,0
"naive, staged rollout",11.1,0,127,0
"naive, staged rollout",11.2,0,108,0
"naive, staged rollout",11.3,0,132,0
"naive, staged rollout",11.4,0,108,0
"naive, staged rollout",11.5,0,121,0
"naive, staged rollout",11.6,0,131,0
"naive, staged rollout",11.7,0,108,0
"naive, staged rollout",11.8,0,131,0
"naive, staged rollout",11.9,0,112,0
"naive, staged rollout",12.0,0,127,0
"naive, staged rollout",12.1,0,122,0
"naive, staged rollout",12.2,0,108,0
"naive, staged rollout",12.3,0,131,0
"naive, staged rollout",12.4,0,110,0
"naive, staged rollout",12.5,0,120,0
"naive, staged rollout",12.6,0,131,0
"naive, staged rollout",12.7,0,108,0
"naive, staged rollout",12.8,0,128,0
"naive, staged rollout",12.9,0,113,0
"naive, staged rollout",13.0,0,123,0
"naive, staged rollout",13.1,0,128,0
"naive, staged rollout",13.2,0,108,0
"naive, staged rollout",13.3,0,132,0
"naive, staged rollout",13.4,0,108,0
"naive, staged rollout",13.5,0,122,0
"naive, staged rollout",13.6,0,130,0
"naive, staged rollout",13.7,0,118,0
"naive, staged rollout",13.8,0,121,0
"naive, staged rollout",13.9,0,109,0
"naive, staged rollout",14.0,0,127,0
"naive, staged rollout",14.1,0,125,0
"naive, staged rollout",14.2,0,111,0
"naive, staged rollout",14.3,0,129,0
"naive, staged rollout",14.4,0,108,0
"naive, staged rollout",14.5,0,131,0
"naive, staged rollout",14.6,0,109,0
"naive, staged rollout",14.7,0,124,0
"naive, staged rollout",14.8,0,128,0
"naive, staged rollout",14.9,0,108,0
"naive, staged rollout",15.0,0,132,0
"naive, staged rollout",15.1,0,108,0
"naive, staged rollout",15.2,0,132,0
"naive, staged rollout",15.3,0,108,0
"naive, staged rollout",15.4,0,131,0
"naive, staged rollout",15.5,0,114,0
"naive, staged rollout",15.6,0,119,0
"naive, staged rollout",15.7,0,128,0
"naive, staged rollout",15.8,0,108,0
"naive, staged rollout",15.9,0,131,0
"naive, staged rollout",16.0,0,110,0
"naive, staged rollout",16.1,0,125,0
"naive, staged rollout",16.2,0,114,0
"naive, staged rollout",16.3,0,127,0
"naive, staged rollout",16.4,0,120,0
"naive, staged rollout",16.5,0,115,0
"naive, staged rollout",16.6,0,130,0
"naive, staged rollout",16.7,0,108,0
"naive, staged rollout",16.8,0,122,0
"naive, staged rollout",16.9,0,130,0
"naive, staged rollout",17.0,0,112,0
"naive, staged rollout",17.1,0,126,0
"naive, staged rollout",17.2,0,114,0
"naive, staged rollout",17.3,0,116,0
"naive, staged rollout",17.4,0,131,0
"naive, staged rollout",17.5,0,109,0
"naive, staged rollout",17.6,0,128,0
"naive, staged rollout",17.7,0,124,0
"naive, staged rollout",17.8,0,108,0
"naive, staged rollout",17.9,0,132,0
"naive, staged rollout",18.0,0,108,0
"naive, staged rollout",18.1,0,126,0
"naive, staged rollout",18.2,0,126,0
"naive, staged rollout",18.3,0,108,0
"naive, staged rollout",18.4,0,132,0
"naive, staged rollout",18.5,0,108,0
"naive, staged rollout",18.6,0,125,0
"naive, staged rollout",18.7,0,127,0
"naive, staged rollout",18.8,0,118,0
"naive, staged rollout",18.9,0,122,0
"naive, staged rollout",19.0,0,108,0
"naive, staged rollout",19.1,0,124,0
"naive, staged rollout",19.2,0,128,0
"naive, staged rollout",19.3,0,108,0
"naive, staged rollout",19.4,0,132,0
"naive, staged rollout",19.5,0,108,0
"naive, staged rollout",19.6,0,131,0
"naive, staged rollout",19.7,0,111,0
"naive, staged rollout",19.8,0,125,0
"naive, staged rollout",19.9,0,125,0
"naive, staged rollout",20.0,0,108,0
"naive, staged rollout",20.1,0,132,0
"naive, staged rollout",20.2,0,108,0
"naive, staged rollout",20.3,0,131,0
"naive, staged rollout",20.4,0,109,0
"naive, staged rollout",20.5,0,129,0
"naive, staged rollout",20.6,0,116,0
"naive, staged rollout",20.7,0,115,0
"naive, staged rollout",20.8,0,132,0
"naive, staged rollout",20.9,0,108,0
"naive, staged rollout",21.0,0,129,0
"naive, staged rollout",21.1,0,123,0
"naive, staged rollout",21.2,0,108,0
"naive, staged rollout",21.3,0,132,0
"naive, staged rollout",21.4,0,108,0
"naive, staged rollout",21.5,0,132,0
"naive, staged rollout",21.6,0,108,0
"naive, staged rollout",21.7,0,128,0
"naive, staged rollout",21.8,0,119,0
"naive, staged rollout",21.9,0,115,0
"naive, staged rollout",22.0,0,130,0
"naive, staged rollout",22.1,0,116,0
"naive, staged rollout",22.2,0,123,0
"naive, staged rollout",22.3,0,109,0
"naive, staged rollout",22.4,0,127,0
"naive, staged rollout",22.5,0,125,0
"naive, staged rollout",22.6,0,112,0
"naive, staged rollout",22.7,0,128,0
"naive, staged rollout",22.8,0,108,0
"naive, staged rollout",22.9,0,127,0
"naive, staged rollout",23.0,0,125,0
"naive, staged rollout",23.1,0,108,0
"naive, staged rollout",23.2,0,132,0
"naive, staged rollout",23.3,0,108,0
"naive, staged rollout",23.4,0,132,0
"naive, staged rollout",23.5,0,108,0
"naive, staged rollout",23.6,0,125,0
"naive, staged rollout",23.7,0,127,0
"naive, staged rollout",23.8,0,119,0
"naive, staged rollout",23.9,0,121,0
"naive, staged rollout",24.0,0,108,0
"naive, staged rollout",24.1,0,130,0
"naive, staged rollout",24.2,0,110,0
"naive, staged rollout",24.3,0,123,0
"naive, staged rollout",24.4,0,129,0
"naive, staged rollout",24.5,0,108,0
"naive, staged rollout",24.6,0,131,0
"naive, staged rollout",24.7,0,109,0
"naive, staged rollout",24.8,0,128,0
"naive, staged rollout",24.9,0,124,0
"naive, staged rollout",25.0,0,108,0
"naive, staged rollout",25.1,0,132,0
"naive, staged rollout",25.2,0,108,0
"naive, staged rollout",25.3,0,130,0
"naive, staged rollout",25.4,0,122,0
"naive, staged rollout",25.5,0,118,0
"naive, staged rollout",25.6,0,122,0
"naive, staged rollout",25.7,0,108,0
"naive, staged rollout",25.8,0,125,0
"naive, staged rollout",25.9,0,127,0
"naive, staged rollout",26.0,0,108,0
"naive, staged rollout",26.1,0,131,0
"naive, staged rollout",26.2,0,109,0
"naive, staged rollout",26.3,0,122,0
"naive, staged rollout",26.4,0,130,0
"naive, staged rollout",26.5,0,108,0
"naive, staged rollout",26.6,0,129,0
"naive, staged rollout",26.7,0,123,0
"naive, staged rollout",26.8,0,109,0
"naive, staged rollout",26.9,0,131,0
"naive, staged rollout",27.0,0,108,0
"naive, staged rollout",27.1,0,130,0
"naive, staged rollout",27.2,0,113,0
"naive, staged rollout",27.3,0,127,0
"naive, staged rollout",27.4,0,115,0
"naive, staged rollout",27.5,0,115,0
"naive, staged rollout",27.6,0,132,0
"naive, staged rollout",27.7,0,108,0
"naive, staged rollout",27.8,0,122,0
"naive, staged rollout",27.9,0,130,0
"naive, staged rollout",28.0,0,108,0
"naive, staged rollout",28.1,0,132,0
"naive, staged rollout",28.2,0,108,0
"naive, staged rollout",28.3,0,124,0
"naive, staged rollout",28.4,0,128,0
"naive, staged rollout",28.5,0,108,0
"naive, staged rollout",28.6,0,131,0
"naive, staged rollout",28.7,0,109,0
"naive, staged rollout",28.8,0,127,0
"naive, staged rollout",28.9,0,125,0
"naive, staged rollout",29.0,0,115,0
"naive, staged rollout",29.1,0,125,0
"naive, staged rollout",29.2,0,108,0
"naive, staged rollout",29.3,0,123,0
"naive, staged rollout",29.4,0,120,0
"naive, staged rollout",29.5,0,118,0
"naive, staged rollout",29.6,0,131,0
"naive, staged rollout",29.7,0,108,0
"naive, staged rollout",29.8,0,132,0
"naive, staged rollout",29.9,0,108,0
"naive, staged rollout",30.0,0,126,0
"naive, staged rollout",30.1,0,121,0
"naive, staged rollout",30.2,0,117,0
"naive, staged rollout",30.3,0,128,0
"naive, staged rollout",30.4,0,108,0
"naive, staged rollout",30.5,0,131,0
"naive, staged rollout",30.6,0,109,0
"naive, staged rollout",30.7,0,131,0
"naive, staged rollout",30.8,0,111,0
"naive, staged rollout",30.9,0,118,0
"naive, staged rollout",31.0,0,132,0
"naive, staged rollout",31.1,0,108,0
"naive, staged rollout",31.2,0,132,0
"naive, staged rollout",31.3,0,108,0
"naive, staged rollout",31.4,0,132,0
"naive, staged rollout",31.5,0,108,0
"naive, staged rollout",31.6,0,125,0
"naive, staged rollout",31.7,0,127,0
"naive, staged rollout",31.8,0,113,0
"naive, staged rollout",31.9,0,127,0
"naive, staged rollout",32.0,0,108,0
"naive, staged rollout",32.1,0,132,0
"naive, staged rollout",32.2,0,112,0
"naive, staged rollout",32.3,0,126,0
"naive, staged rollout",32.4,0,119,0
"naive, staged rollout",32.5,0,111,0
"naive, staged rollout",32.6,0,132,0
"naive, staged rollout",32.7,0,108,0
"naive, staged rollout",32.8,0,131,0
"naive, staged rollout",32.9,0,109,0
"naive, staged rollout",33.0,0,130,0
"naive, staged rollout",33.1,0,122,0
"naive, staged rollout",33.2,0,109,0
"naive, staged rollout",33.3,0,131,0
"naive, staged rollout",33.4,0,108,0
"naive, staged rollout",33.5,0,131,0
"naive, staged rollout",33.6,0,121,0
"naive, staged rollout",33.7,0,116,0
"naive, staged rollout",33.8,0,124,0
"naive, staged rollout",33.9,0,114,0
"naive, staged rollout",34.0,0,126,0
"naive, staged rollout",34.1,0,108,0
"naive, staged rollout",34.2,0,131,0
"naive, staged rollout",34.3,0,109,0
"naive, staged rollout",34.4,0,126,0
"naive, staged rollout",34.5,0,126,0
"naive, staged rollout",34.6,0,108,0
"naive, staged rollout",34.7,0,132,0
"naive, staged rollout",34.8,0,108,0
"naive, staged rollout",34.9,0,132,0
"naive, staged rollout",35.0,0,110,0
"naive, staged rollout",35.1,0,120,0
"naive, staged rollout",35.2,0,130,0
"naive, staged rollout",35.3,0,108,0
"naive, staged rollout",35.4,0,132,0
"naive, staged rollout",35.5,0,118,0
"naive, staged rollout",35.6,0,118,0
"naive, staged rollout",35.7,0,124,0
"naive, staged rollout",35.8,0,108,0
"naive, staged rollout",35.9,0,132,0
"naive, staged rollout",36.0,0,108,0
"naive, staged rollout",36.1,0,124,0
"naive, staged rollout",36.2,0,128,0
"naive, staged rollout",36.3,0,109,0
"naive, staged rollout",36.4,0,131,0
"naive, staged rollout",36.5,0,108,0
"naive, staged rollout",36.6,0,132,0
"naive, staged rollout",36.7,0,108,0
"naive, staged rollout",36.8,0,125,0
"naive, staged rollout",36.9,0,127,0
"naive, staged rollout",37.0,0,108,0
"naive, staged rollout",37.1,0,132,0
"naive, staged rollout",37.2,0,108,0
"naive, staged rollout",37.3,0,128,0
"naive, staged rollout",37.4,0,124,0
"naive, staged rollout",37.5,0,108,0
"naive, staged rollout",37.6,0,131,0
"naive, staged rollout",37.7,0,111,0
"naive, staged rollout",37.8,0,121,0
"naive, staged rollout",37.9,0,129,0
"naive, staged rollout",38.0,0,108,0
"naive, staged rollout",38.1,0,131,0
"naive, staged rollout",38.2,0,109,0
"naive, staged rollout",38.3,0,130,0
"naive, staged rollout",38.4,0,122,0
"naive, staged rollout",38.5,0,108,0
"naive, staged rollout",38.6,0,132,0
"naive, staged rollout",38.7,0,108,0
"naive, staged rollout",38.8,0,132,0
"naive, staged rollout",38.9,0,108,0
"naive, staged rollout",39.0,0,129,0
"naive, staged rollout",39.1,0,112,0
"naive, staged rollout",39.2,0,123,0
"naive, staged rollout",39.3,0,128,0
"naive, staged rollout",39.4,0,108,0
"naive, staged rollout",39.5,0,132,0
"naive, staged rollout",39.6,0,108,0
"naive, staged rollout",39.7,0,124,0
"naive, staged rollout",39.8,0,128,0
"naive, staged rollout",39.9,0,110,0
"naive, staged rollout",40.0,0,130,0
"naive, staged rollout",40.1,0,108,0
"naive, staged rollout",40.2,0,130,0
"naive, staged rollout",40.3,0,120,0
"naive, staged rollout",40.4,0,110,0
"naive, staged rollout",40.5,0,132,0
"naive, staged rollout",40.6,0,112,0
"naive, staged rollout",40.7,0,128,0
"naive, staged rollout",40.8,0,108,0
"naive, staged rollout",40.9,0,126,0
"naive, staged rollout",41.0,0,126,0
"naive, staged rollout",41.1,0,108,0
"naive, staged rollout",41.2,0,132,0
"naive, staged rollout",41.3,0,108,0
"naive, staged rollout",41.4,0,131,0
"naive, staged rollout",41.5,0,109,0
"naive, staged rollout",41.6,0,120,0
"naive, staged rollout",41.7,0,132,0
"naive, staged rollout",41.8,0,108,0
"naive, staged rollout",41.9,0,127,0
"naive, staged rollout",42.0,0,113,0
"naive, staged rollout",42.1,0,132,0
"naive, staged rollout",42.2,0,110,0
"naive, staged rollout",42.3,0,127,0
"naive, staged rollout",42.4,0,123,0
"naive, staged rollout",42.5,0,108,0
"naive, staged rollout",42.6,0,131,0
"naive, staged rollout",42.7,0,109,0
"naive, staged rollout",42.8,0,121,0
"naive, staged rollout",42.9,0,131,0
"naive, staged rollout",43.0,0,108,0
"naive, staged rollout",43.1,0,132,0
"naive, staged rollout",43.2,0,108,0
"naive, staged rollout",43.3,0,124,0
"naive, staged rollout",43.4,0,128,0
"naive, staged rollout",43.5,0,108,0
"naive, staged rollout",43.6,0,132,0
"naive, staged rollout",43.7,0,108,0
"naive, staged rollout",43.8,0,132,0
"naive, staged rollout",43.9,0,111,0
"naive, staged rollout",44.0,0,129,0
"naive, staged rollout",44.1,0,108,0
"naive, staged rollout",44.2,0,131,0
"naive, staged rollout",44.3,0,109,0
"naive, staged rollout",44.4,0,131,0
"naive, staged rollout",44.5,0,109,0
"naive, staged rollout",44.6,0,121,0
"naive, staged rollout",44.7,0,131,0
"naive, staged rollout",44.8,0,108,0
"naive, staged rollout",44.9,0,132,0
"naive, staged rollout",45.0,1,108,9
"naive, staged rollout",45.1,1,131,11
"naive, staged rollout",45.2,1,120,10
"naive, staged rollout",45.3,0,116,0
"naive, staged rollout",45.4,0,125,0
"naive, staged rollout",45.5,0,114,0
"naive, staged rollout",45.6,0,126,0
"naive, staged rollout",45.7,0,108,0
"naive, staged rollout",45.8,0,126,0
"naive, staged rollout",45.9,0,126,0
"naive, staged rollout",46.0,0,108,0
"naive, staged rollout",46.1,0,132,0
"naive, staged rollout",46.2,0,108,0
"naive, staged rollout",46.3,0,126,0
"naive, staged rollout",46.4,0,115,0
"naive, staged rollout",46.5,0,119,0
"naive, staged rollout",46.6,0,132,0
"naive, staged rollout",46.7,0,108,0
"naive, staged rollout",46.8,0,131,0
"naive, staged rollout",46.9,0,110,0
"naive, staged rollout",47.0,0,125,0
"naive, staged rollout",47.1,0,118,0
"naive, staged rollout",47.2,0,124,0
"naive, staged rollout",47.3,0,124,0
"naive, staged rollout",47.4,0,108,0
"naive, staged rollout",47.5,0,132,0
"naive, staged rollout",47.6,0,116,0
"naive, staged rollout",47.7,0,113,0
"naive, staged rollout",47.8,0,131,0
"naive, staged rollout",47.9,0,108,0
"naive, staged rollout",48.0,0,132,0
"naive, staged rollout",48.1,0,108,0
"naive, staged rollout",48.2,0,125,0
"naive, staged rollout",48.3,0,122,0
"naive, staged rollout",48.4,0,117,0
"naive, staged rollout",48.5,0,128,0
"naive, staged rollout",48.6,0,108,0
"naive, staged rollout",48.7,0,131,0
"naive, staged rollout",48.8,0,117,0
"naive, staged rollout",48.9,0,121,0
"naive, staged rollout",49.0,0,113,0
"naive, staged rollout",49.1,0,119,0
"naive, staged rollout",49.2,0,131,0
"naive, staged rollout",49.3,0,108,0
"naive, staged rollout",49.4,0,132,0
"naive, staged rollout",49.5,0,108,0
"naive, staged rollout",49.6,0,132,0
"naive, staged rollout",49.7,0,108,0
"naive, staged rollout",49.8,0,121,0
"naive, staged rollout",49.9,0,131,0
"naive, staged rollout",50.0,0,108,0
"naive, staged rollout",50.1,0,124,0
"naive, staged rollout",50.2,0,128,0
"naive, staged rollout",50.3,0,108,0
"naive, staged rollout",50.4,0,132,0
"naive, staged rollout",50.5,0,115,0
"naive, staged rollout",50.6,0,119,0
"naive, staged rollout",50.7,0,126,0
"naive, staged rollout",50.8,0,108,0
"naive, staged rollout",50.9,0,128,0
"naive, staged rollout",51.0,0,124,0
"naive, staged rollout",51.1,0,108,0
"naive, staged rollout",51.2,0,132,0
"naive, staged rollout",51.3,0,108,0
"naive, staged rollout",51.4,0,132,0
"naive, staged rollout",51.5,0,108,0
"naive, staged rollout",51.6,0,128,0
"naive, staged rollout",51.7,0,112,0
"naive, staged rollout",51.8,0,126,0
"naive, staged rollout",51.9,0,126,0
"naive, staged rollout",52.0,0,108,0
"naive, staged rollout",52.1,0,132,0
"naive, staged rollout",52.2,0,108,0
"naive, staged rollout",52.3,0,132,0
"naive, staged rollout",52.4,0,116,0
"naive, staged rollout",52.5,0,112,0
"naive, staged rollout",52.6,0,132,0
"naive, staged rollout",52.7,0,108,0
"naive, staged rollout",52.8,0,124,0
"naive, staged rollout",52.9,0,128,0
"naive, staged rollout",53.0,0,108,0
"naive, staged rollout",53.1,0,130,0
"naive, staged rollout",53.2,0,118,0
"naive, staged rollout",53.3,0,112,0
"naive, staged rollout",53.4,0,132,0
"naive, staged rollout",53.5,0,108,0
"naive, staged rollout",53.6,0,127,0
"naive, staged rollout",53.7,0,121,0
"naive, staged rollout",53.8,0,115,0
"naive, staged rollout",53.9,0,129,0
"naive, staged rollout",54.0,0,108,0
"naive, staged rollout",54.1,0,130,0
"naive, staged rollout",54.2,0,114,0
"naive, staged rollout",54.3,0,117,0
"naive, staged rollout",54.4,0,131,0
"naive, staged rollout",54.5,0,108,0
"naive, staged rollout",54.6,0,132,0
"naive, staged rollout",54.7,0,108,0
"naive, staged rollout",54.8,0,132,0
"naive, staged rollout",54.9,0,117,0
"naive, staged rollout",55.0,1,113,9
"naive, staged rollout",55.1,1,130,10
"naive, staged rollout",55.2,1,108,9
"naive, staged rollout",55.3,1,132,2
"naive, staged rollout",55.4,0,108,0
"naive, staged rollout",55.5,0,127,0
"naive, staged rollout",55.6,0,125,0
"naive, staged rollout",55.7,0,113,0
"naive, staged rollout",55.8,0,127,0
"naive, staged rollout",55.9,0,108,0
"naive, staged rollout",56.0,0,127,0
"naive, staged rollout",56.1,0,125,0
"naive, staged rollout",56.2,0,109,0
"naive, staged rollout",56.3,0,131,0
"naive, staged rollout",56.4,0,108,0
"naive, staged rollout",56.5,0,132,0
"naive, staged rollout",56.6,0,107,0
"naive, staged rollout",56.7,0,123,0
"naive, staged rollout",56.8,0,130,0
"naive, staged rollout",56.9,0,109,0
"naive, staged rollout",57.0,0,131,0
"naive, staged rollout",57.1,0,108,0
"naive, staged rollout",57.2,0,132,0
"naive, staged rollout",57.3,0,111,0
"naive, staged rollout",57.4,0,125,0
"naive, staged rollout",57.5,0,124,0
"naive, staged rollout",57.6,0,108,0
"naive, staged rollout",57.7,0,130,0
"naive, staged rollout",57.8,0,122,0
"naive, staged rollout",57.9,0,108,0
"naive, staged rollout",58.0,0,132,0
"naive, staged rollout",58.1,0,108,0
"naive, staged rollout",58.2,0,124,0
"naive, staged rollout",58.3,0,128,0
"naive, staged rollout",58.4,0,108,0
"naive, staged rollout",58.5,0,132,0
"naive, staged rollout",58.6,0,112,0
"naive, staged rollout",58.7,0,121,0
"naive, staged rollout",58.8,0,127,0
"naive, staged rollout",58.9,0,108,0
"naive, staged rollout",59.0,0,132,0
"naive, staged rollout",59.1,0,110,0
"naive, staged rollout",59.2,0,130,0
"naive, staged rollout",59.3,0,114,0
"naive, staged rollout",59.4,0,114,0
"naive, staged rollout",59.5,0,132,0
"naive, staged rollout",59.6,0,108,0
"naive, staged rollout",59.7,0,131,0
"naive, staged rollout",59.8,0,109,0
"naive, staged rollout",59.9,0,123,0
"naive, staged rollout",60.0,0,129,0
"naive, staged rollout",60.1,0,108,0
"naive, staged rollout",60.2,0,132,0
"naive, staged rollout",60.3,0,108,0
"naive, staged rollout",60.4,0,129,0
"naive, staged rollout",60.5,0,123,0
"naive, staged rollout",60.6,0,108,0
"naive, staged rollout",60.7,0,132,0
"naive, staged rollout",60.8,0,108,0
"naive, staged rollout",60.9,0,128,0
"naive, staged rollout",61.0,0,119,0
"naive, staged rollout",61.1,0,114,0
"naive, staged rollout",61.2,0,131,0
"naive, staged rollout",61.3,0,108,0
"naive, staged rollout",61.4,0,125,0
"naive, staged rollout",61.5,0,127,0
"naive, staged rollout",61.6,0,108,0
"naive, staged rollout",61.7,0,132,0
"naive, staged rollout",61.8,0,108,0
"naive, staged rollout",61.9,0,122,0
"naive, staged rollout",62.0,0,130,0
"naive, staged rollout",62.1,0,108,0
"naive, staged rollout",62.2,0,132,0
"naive, staged rollout",62.3,0,108,0
"naive, staged rollout",62.4,0,128,0
"naive, staged rollout",62.5,0,124,0
"naive, staged rollout",62.6,0,115,0
"naive, staged rollout",62.7,0,125,0
"naive, staged rollout",62.8,0,108,0
"naive, staged rollout",62.9,0,122,0
"naive, staged rollout",63.0,0,130,0
"naive, staged rollout",63.1,0,108,0
"naive, staged rollout",63.2,0,132,0
"naive, staged rollout",63.3,0,108,0
"naive, staged rollout",63.4,0,126,0
"naive, staged rollout",63.5,0,126,0
"naive, staged rollout",63.6,0,108,0
"naive, staged rollout",63.7,0,132,0
"naive, staged rollout",63.8,0,108,0
"naive, staged rollout",63.9,0,127,0
"naive, staged rollout",64.0,0,125,0
"naive, staged rollout",64.1,0,108,0
"naive, staged rollout",64.2,0,132,0
"naive, staged rollout",64.3,0,115,0
"naive, staged rollout",64.4,0,121,0
"naive, staged rollout",64.5,0,121,0
"naive, staged rollout",64.6,0,111,0
"naive, staged rollout",64.7,0,132,0
"naive, staged rollout",64.8,0,108,0
"naive, staged rollout",64.9,0,130,0
"naive, staged rollout",65.0,0,122,0
"naive, staged rollout",65.1,0,112,0
"naive, staged rollout",65.2,0,128,0
"naive, staged rollout",65.3,0,108,0
"naive, staged rollout",65.4,0,132,0
"naive, staged rollout",65.5,0,108,0
"naive, staged rollout",65.6,0,126,0
"naive, staged rollout",65.7,0,126,0
"naive, staged rollout",65.8,0,108,0
"naive, staged rollout",65.9,0,132,0
"naive, staged rollout",66.0,0,114,0
"naive, staged rollout",66.1,0,126,0
"naive, staged rollout",66.2,0,108,0
"naive, staged rollout",66.3,0,131,0
"naive, staged rollout",66.4,0,111,0
"naive, staged rollout",66.5,0,122,0
"naive, staged rollout",66.6,0,128,0
"naive, staged rollout",66.7,0,108,0
"naive, staged rollout",66.8,0,132,0
"naive, staged rollout",66.9,0,108,0
"naive, staged rollout",67.0,0,124,0
"naive, staged rollout",67.1,0,128,0
"naive, staged rollout",67.2,0,108,0
"naive, staged rollout",67.3,0,132,0
"naive, staged rollout",67.4,0,108,0
"naive, staged rollout",67.5,0,132,0
"naive, staged rollout",67.6,0,109,0
"naive, staged rollout",67.7,0,128,0
"naive, staged rollout",67.8,0,115,0
"naive, staged rollout",67.9,0,116,0
"naive, staged rollout",68.0,0,132,0
"naive, staged rollout",68.1,0,108,0
"naive, staged rollout",68.2,0,124,0
"naive, staged rollout",68.3,0,121,0
"naive, staged rollout",68.4,0,119,0
"naive, staged rollout",68.5,0,128,0
"naive, staged rollout",68.6,0,108,0
"naive, staged rollout",68.7,0,131,0
"naive, staged rollout",68.8,0,119,0
"naive, staged rollout",68.9,0,112,0
"naive, staged rollout",69.0,0,130,0
"naive, staged rollout",69.1,0,108,0
"naive, staged rollout",69.2,0,131,0
"naive, staged rollout",69.3,0,110,0
"naive, staged rollout",69.4,0,127,0
"naive, staged rollout",69.5,0,121,0
"naive, staged rollout",69.6,0,111,0
"naive, staged rollout",69.7,0,132,0
"naive, staged rollout",69.8,0,108,0
"naive, staged rollout",69.9,0,132,0
"naive, staged rollout",70.0,1,108,9
"naive, staged rollout",70.1,1,131,11
"naive, staged rollout",70.2,1,110,6
"naive, staged rollout",70.3,0,120,0
"naive, staged rollout",70.4,0,131,0
"naive, staged rollout",70.5,0,108,0
"naive, staged rollout",70.6,0,124,0
"naive, staged rollout",70.7,0,128,0
"naive, staged rollout",70.8,0,108,0
"naive, staged rollout",70.9,0,132,0
"naive, staged rollout",71.0,0,109,0
"naive, staged rollout",71.1,0,127,0
"naive, staged rollout",71.2,0,122,0
"naive, staged rollout",71.3,0,110,0
"naive, staged rollout",71.4,0,132,0
"naive, staged rollout",71.5,0,108,0
"naive, staged rollout",71.6,0,131,0
"naive, staged rollout",71.7,0,109,0
"naive, staged rollout",71.8,0,124,0
"naive, staged rollout",71.9,0,128,0
"naive, staged rollout",72.0,0,108,0
"naive, staged rollout",72.1,0,132,0
"naive, staged rollout",72.2,0,108,0
"naive, staged rollout",72.3,0,132,0
"naive, staged rollout",72.4,0,108,0
"naive, staged rollout",72.5,0,132,0
"naive, staged rollout",72.6,0,109,0
"naive, staged rollout",72.7,0,127,0
"naive, staged rollout",72.8,0,120,0
"naive, staged rollout",72.9,0,112,0
"naive, staged rollout",73.0,0,132,0
"naive, staged rollout",73.1,0,108,0
"naive, staged rollout",73.2,0,124,0
"naive, staged rollout",73.3,0,128,0
"naive, staged rollout",73.4,0,108,0
"naive, staged rollout",73.5,0,132,0
"naive, staged rollout",73.6,0,116,0
"naive, staged rollout",73.7,0,112,0
"naive, staged rollout",73.8,0,132,0
"naive, staged rollout",73.9,0,108,0
"naive, staged rollout",74.0,0,131,0
"naive, staged rollout",74.1,0,109,0
"naive, staged rollout",74.2,0,132,0
"naive, staged rollout",74.3,0,110,0
"naive, staged rollout",74.4,0,128,0
"naive, staged rollout",74.5,0,121,0
"naive, staged rollout",74.6,0,109,0
"naive, staged rollout",74.7,0,132,0
"naive, staged rollout",74.8,0,108,0
"naive, staged rollout",74.9,0,132,0
"naive, staged rollout",75.0,0,108,0
"naive, staged rollout",75.1,0,129,0
"naive, staged rollout",75.2,0,123,0
"naive, staged rollout",75.3,0,109,0
"naive, staged rollout",75.4,0,131,0
"naive, staged rollout",75.5,0,108,0
"naive, staged rollout",75.6,0,131,0
"naive, staged rollout",75.7,0,109,0
"naive, staged rollout",75.8,0,132,0
"naive, staged rollout",75.9,0,109,0
"naive, staged rollout",76.0,0,127,0
"naive, staged rollout",76.1,0,120,0
"naive, staged rollout",76.2,0,112,0
"naive, staged rollout",76.3,0,131,0
"naive, staged rollout",76.4,0,109,0
"naive, staged rollout",76.5,0,129,0
"naive, staged rollout",76.6,0,111,0
"naive, staged rollout",76.7,0,125,0
"naive, staged rollout",76.8,0,127,0
"naive, staged rollout",76.9,0,108,0
"naive, staged rollout",77.0,0,132,0
"naive, staged rollout",77.1,0,108,0
"naive, staged rollout",77.2,0,131,0
"naive, staged rollout",77.3,0,117,0
"naive, staged rollout",77.4,0,118,0
"naive, staged rollout",77.5,0,126,0
"naive, staged rollout",77.6,0,115,0
"naive, staged rollout",77.7,0,125,0
"naive, staged rollout",77.8,0,108,0
"naive, staged rollout",77.9,0,131,0
"naive, staged rollout",78.0,0,109,0
"naive, staged rollout",78.1,0,131,0
"naive, staged rollout",78.2,0,109,0
"naive, staged rollout",78.3,0,123,0
"naive, staged rollout",78.4,0,129,0
"naive, staged rollout",78.5,0,108,0
"naive, staged rollout",78.6,0,132,0
"naive, staged rollout",78.7,0,108,0
"naive, staged rollout",78.8,0,132,0
"naive, staged rollout",78.9,0,108,0
"naive, staged rollout",79.0,0,132,0
"naive, staged rollout",79.1,0,108,0
"naive, staged rollout",79.2,0,132,0
"naive, staged rollout",79.3,0,108,0
"naive, staged rollout",79.4,0,122,0
"naive, staged rollout",79.5,0,130,0
"naive, staged rollout",79.6,0,108,0
"naive, staged rollout",79.7,0,132,0
"naive, staged rollout",79.8,0,108,0
"naive, staged rollout",79.9,0,132,0
"naive, staged rollout",80.0,0,108,0
"naive, staged rollout",80.1,0,132,0
"naive, staged rollout",80.2,0,108,0
"naive, staged rollout",80.3,0,131,0
"naive, staged rollout",80.4,0,109,0
"naive, staged rollout",80.5,0,127,0
"naive, staged rollout",80.6,0,125,0
"naive, staged rollout",80.7,0,115,0
"naive, staged rollout",80.8,0,125,0
"naive, staged rollout",80.9,0,108,0
"naive, staged rollout",81.0,0,132,0
"naive, staged rollout",81.1,0,108,0
"naive, staged rollout",81.2,0,132,0
"naive, staged rollout",81.3,0,108,0
"naive, staged rollout",81.4,0,127,0
"naive, staged rollout",81.5,0,122,0
"naive, staged rollout",81.6,0,111,0
"naive, staged rollout",81.7,0,132,0
"naive, staged rollout",81.8,0,108,0
"naive, staged rollout",81.9,0,132,0
"naive, staged rollout",82.0,0,108,0
"naive, staged rollout",82.1,0,132,0
"naive, staged rollout",82.2,0,110,0
"naive, staged rollout",82.3,0,128,0
"naive, staged rollout",82.4,0,115,0
"naive, staged rollout",82.5,0,117,0
"naive, staged rollout",82.6,0,130,0
"naive, staged rollout",82.7,0,108,0
"naive, staged rollout",82.8,0,132,0
"naive, staged rollout",82.9,0,108,0
"naive, staged rollout",83.0,0,126,0
"naive, staged rollout",83.1,0,126,0
"naive, staged rollout",83.2,0,108,0
"naive, staged rollout",83.3,0,132,0
"naive, staged rollout",83.4,0,108,0
"naive, staged rollout",83.5,0,132,0
"naive, staged rollout",83.6,0,108,0
"naive, staged rollout",83.7,0,132,0
"naive, staged rollout",83.8,0,108,0
"naive, staged rollout",83.9,0,131,0
"naive, staged rollout",84.0,0,109,0
"naive, staged rollout",84.1,0,127,0
"naive, staged rollout",84.2,0,117,0
"naive, staged rollout",84.3,0,118,0
"naive, staged rollout",84.4,0,130,0
"naive, staged rollout",84.5,0,109,0
"naive, staged rollout",84.6,0,131,0
"naive, staged rollout",84.7,0,108,0
"naive, staged rollout",84.8,0,132,0
"naive, staged rollout",84.9,0,108,0
"naive, staged rollout",85.0,1,120,8
"naive, staged rollout",85.1,1,132,11
"naive, staged rollout",85.2,1,108,9
"naive, staged rollout",85.3,1,132,2
"naive, staged rollout",85.4,0,109,0
"naive, staged rollout",85.5,0,128,0
"naive, staged rollout",85.6,0,113,0
"naive, staged rollout",85.7,0,122,0
"naive, staged rollout",85.8,0,122,0
"naive, staged rollout",85.9,0,118,0
"naive, staged rollout",86.0,0,115,0
"naive, staged rollout",86.1,0,125,0
"naive, staged rollout",86.2,0,128,0
"naive, staged rollout",86.3,0,110,0
"naive, staged rollout",86.4,0,130,0
"naive, staged rollout",86.5,0,108,0
"naive, staged rollout",86.6,0,132,0
"naive, staged rollout",86.7,0,108,0
"naive, staged rollout",86.8,0,131,0
"naive, staged rollout",86.9,0,109,0
"naive, staged rollout",87.0,0,131,0
"naive, staged rollout",87.1,0,109,0
"naive, staged rollout",87.2,0,124,0
"naive, staged rollout",87.3,0,125,0
"naive, staged rollout",87.4,0,111,0
"naive, staged rollout",87.5,0,132,0
"naive, staged rollout",87.6,0,108,0
"naive, staged rollout",87.7,0,132,0
"naive, staged rollout",87.8,0,108,0
"naive, staged rollout",87.9,0,126,0
"naive, staged rollout",88.0,0,126,0
"naive, staged rollout",88.1,0,111,0
"naive, staged rollout",88.2,0,129,0
"naive, staged rollout",88.3,0,108,0
"naive, staged rollout",88.4,0,132,0
"naive, staged rollout",88.5,0,108,0
"naive, staged rollout",88.6,0,128,0
"naive, staged rollout",88.7,0,115,0
"naive, staged rollout",88.8,0,117,0
"naive, staged rollout",88.9,0,132,0
"naive, staged rollout",89.0,0,108,0
"naive, staged rollout",89.1,0,128,0
"naive, staged rollout",89.2,0,121,0
"naive, staged rollout",89.3,0,113,0
"naive, staged rollout",89.4,0,130,0
"naive, staged rollout",89.5,0,108,0
"naive, staged rollout",89.6,0,132,0
"naive, staged rollout",89.7,0,108,0
"naive, staged rollout",89.8,0,121,0
"naive, staged rollout",89.9,0,131,0
"naive, staged rollout",90.0,1,108,8
"naive, staged rollout",90.1,1,132,11
"naive, staged rollout",90.2,1,110,10
"naive, staged rollout",90.3,1,130,1
"naive, staged rollout",90.4,0,108,0
"naive, staged rollout",90.5,0,127,0
"naive, staged rollout",90.6,0,125,0
"naive, staged rollout",90.7,0,109,0
"naive, staged rollout",90.8,0,131,0
"naive, staged rollout",90.9,0,108,0
"naive, staged rollout",91.0,0,132,0
"naive, staged rollout",91.1,0,108,0
"naive, staged rollout",91.2,0,128,0
"naive, staged rollout",91.3,0,118,0
"naive, staged rollout",91.4,0,114,0
"naive, staged rollout",91.5,0,132,0
"naive, staged rollout",91.6,0,108,0
"naive, staged rollout",91.7,0,132,0
"naive, staged rollout",91.8,0,118,0
"naive, staged rollout",91.9,0,118,0
"naive, staged rollout",92.0,0,124,0
"naive, staged rollout",92.1,0,108,0
"naive, staged rollout",92.2,0,127,0
"naive, staged rollout",92.3,0,125,0
"naive, staged rollout",92.4,0,108,0
"naive, staged rollout",92.5,0,132,0
"naive, staged rollout",92.6,0,108,0
"naive, staged rollout",92.7,0,132,0
"naive, staged rollout",92.8,0,108,0
"naive, staged rollout",92.9,0,125,0
"naive, staged rollout",93.0,0,127,0
"naive, staged rollout",93.1,0,108,0
"naive, staged rollout",93.2,0,131,0
"naive, staged rollout",93.3,0,109,0
"naive, staged rollout",93.4,0,129,0
"naive, staged rollout",93.5,0,121,0
"naive, staged rollout",93.6,0,114,0
"naive, staged rollout",93.7,0,128,0
"naive, staged rollout",93.8,0,108,0
"naive, staged rollout",93.9,0,129,0
"naive, staged rollout",94.0,0,111,0
"naive, staged rollout",94.1,0,121,0
"naive, staged rollout",94.2,0,131,0
"naive, staged rollout",94.3,0,108,0
"naive, staged rollout",94.4,0,132,0
"naive, staged rollout",94.5,0,108,0
"naive, staged rollout",94.6,0,122,0
"naive, staged rollout",94.7,0,130,0
"naive, staged rollout",94.8,0,108,0
"naive, staged rollout",94.9,0,131,0
"naive, staged rollout",95.0,1,110,8
"naive, staged rollout",95.1,1,125,11
"naive, staged rollout",95.2,1,126,10
"naive, staged rollout",95.3,0,110,0
"naive, staged rollout",95.4,0,130,0
"naive, staged rollout",95.5,0,108,0
"naive, staged rollout",95.6,0,125,0
"naive, staged rollout",95.7,0,127,0
"naive, staged rollout",95.8,0,108,0
"naive, staged rollout",95.9,0,131,0
"naive, staged rollout",96.0,0,109,0
"naive, staged rollout",96.1,0,121,0
"naive, staged rollout",96.2,0,131,0
"naive, staged rollout",96.3,0,108,0
"naive, staged rollout",96.4,0,131,0
"naive, staged rollout",96.5,0,109,0
"naive, staged rollout",96.6,0,127,0
"naive, staged rollout",96.7,0,125,0
"naive, staged rollout",96.8,0,110,0
"naive, staged rollout",96.9,0,130,0
"naive, staged rollout",97.0,0,108,0
"naive, staged rollout",97.1,0,129,0
"naive, staged rollout",97.2,0,118,0
"naive, staged rollout",97.3,0,113,0
"naive, staged rollout",97.4,0,132,0
"naive, staged rollout",97.5,0,108,0
"naive, staged rollout",97.6,0,131,0
"naive, staged rollout",97.7,0,115,0
"naive, staged rollout",97.8,0,119,0
"naive, staged rollout",97.9,0,127,0
"naive, staged rollout",98.0,0,110,0
"naive, staged rollout",98.1,0,130,0
"naive, staged rollout",98.2,0,108,0
"naive, staged rollout",98.3,0,131,0
"naive, staged rollout",98.4,0,109,0
"naive, staged rollout",98.5,0,132,0
"naive, staged rollout",98.6,0,111,0
"naive, staged rollout",98.7,0,125,0
"naive, staged rollout",98.8,0,119,0
"naive, staged rollout",98.9,0,113,0
"naive, staged rollout",99.0,0,132,0
"naive, staged rollout",99.1,0,108,0
"naive, staged rollout",99.2,0,127,0
"naive, staged rollout",99.3,0,123,0
"naive, staged rollout",99.4,0,111,0
"naive, staged rollout",99.5,0,131,0
"naive, staged rollout",99.6,0,108,0
"naive, staged rollout",99.7,0,132,0
"naive, staged rollout",99.8,0,108,0
"naive, staged rollout",99.9,0,132,0
"naive, staged rollout",100.0,1,111,9
"naive, staged rollout",100.1,1,121,11
"naive, staged rollout",100.2,1,124,10
"naive, staged rollout",100.3,0,119,0
"naive, staged rollout",100.4,0,125,0
"naive, staged rollout",100.5,0,108,0
"naive, staged rollout",100.6,0,128,0
"naive, staged rollout",100.7,0,124,0
"naive, staged rollout",100.8,0,108,0
"naive, staged rollout",100.9,0,132,0
"naive, staged rollout",101.0,0,108,0
"naive, staged rollout",101.1,0,131,0
"naive, staged rollout",101.2,0,109,0
"naive, staged rollout",101.3,0,128,0
"naive, staged rollout",101.4,0,124,0
"naive, staged rollout",101.5,0,109,0
"naive, staged rollout",101.6,0,131,0
"naive, staged rollout",101.7,0,108,0
"naive, staged rollout",101.8,0,132,0
"naive, staged rollout",101.9,0,111,0
"naive, staged rollout",102.0,0,127,0
"naive, staged rollout",102.1,0,117,0
"naive, staged rollout",102.2,0,113,0
"naive, staged rollout",102.3,0,132,0
"naive, staged rollout",102.4,0,108,0
"naive, staged rollout",102.5,0,131,0
"naive, staged rollout",102.6,0,121,0
"naive, staged rollout",102.7,0,111,0
"naive, staged rollout",102.8,0,129,0
"naive, staged rollout",102.9,0,108,0
"naive, staged rollout",103.0,0,132,0
"naive, staged rollout",103.1,0,108,0
"naive, staged rollout",103.2,0,132,0
"naive, staged rollout",103.3,0,108,0
"naive, staged rollout",103.4,0,130,0
"naive, staged rollout",103.5,0,120,0
"naive, staged rollout",103.6,0,118,0
"naive, staged rollout",103.7,0,116,0
"naive, staged rollout",103.8,0,119,0
"naive, staged rollout",103.9,0,129,0
"naive, staged rollout",104.0,0,108,0
"naive, staged rollout",104.1,0,132,0
"naive, staged rollout",104.2,0,108,0
"naive, staged rollout",104.3,0,128,0
"naive, staged rollout",104.4,0,112,0
"naive, staged rollout",104.5,0,123,0
"naive, staged rollout",104.6,0,129,0
"naive, staged rollout",104.7,0,108,0
"naive, staged rollout",104.8,0,132,0
"naive, staged rollout",104.9,0,108,0
"naive, staged rollout",105.0,1,132,9
"naive, staged rollout",105.1,1,109,9
"naive, staged rollout",105.2,1,128,11
"naive, staged rollout",105.3,1,117,1
"naive, staged rollout",105.4,0,117,0
"naive, staged rollout",105.5,0,129,0
"naive, staged rollout",105.6,0,108,0
"naive, staged rollout",105.7,0,132,0
"naive, staged rollout",105.8,0,108,0
"naive, staged rollout",105.9,0,132,0
"naive, staged rollout",106.0,0,108,0
"naive, staged rollout",106.1,0,132,0
"naive, staged rollout",106.2,0,108,0
"naive, staged rollout",106.3,0,132,0
"naive, staged rollout",106.4,0,108,0
"naive, staged rollout",106.5,0,132,0
"naive, staged rollout",106.6,0,108,0
"naive, staged rollout",106.7,0,132,0
"naive, staged rollout",106.8,0,108,0
"naive, staged rollout",106.9,0,124,0
"naive, staged rollout",107.0,0,127,0
"naive, staged rollout",107.1,0,112,0
"naive, staged rollout",107.2,0,129,0
"naive, staged rollout",107.3,0,108,0
"naive, staged rollout",107.4,0,132,0
"naive, staged rollout",107.5,0,108,0
"naive, staged rollout",107.6,0,132,0
"naive, staged rollout",107.7,0,108,0
"naive, staged rollout",107.8,0,132,0
"naive, staged rollout",107.9,0,108,0
"naive, staged rollout",108.0,0,132,0
"naive, staged rollout",108.1,0,110,0
"naive, staged rollout",108.2,0,130,0
"naive, staged rollout",108.3,0,108,0
"naive, staged rollout",108.4,0,131,0
"naive, staged rollout",108.5,0,109,0
"naive, staged rollout",108.6,0,127,0
"naive, staged rollout",108.7,0,125,0
"naive, staged rollout",108.8,0,111,0
"naive, staged rollout",108.9,0,129,0
"naive, staged rollout",109.0,0,108,0
"naive, staged rollout",109.1,0,132,0
"naive, staged rollout",109.2,0,108,0
"naive, staged rollout",109.3,0,132,0
"naive, staged rollout",109.4,0,108,0
"naive, staged rollout",109.5,0,132,0
"naive, staged rollout",109.6,0,118,0
"naive, staged rollout",109.7,0,118,0
"naive, staged rollout",109.8,0,123,0
"naive, staged rollout",109.9,0,109,0
"naive, staged rollout",110.0,1,132,9
"naive, staged rollout",110.1,1,108,9
"naive, staged rollout",110.2,1,132,6
"naive, staged rollout",110.3,0,108,0
"naive, staged rollout",110.4,0,131,0
"naive, staged rollout",110.5,0,109,0
"naive, staged rollout",110.6,0,130,0
"naive, staged rollout",110.7,0,110,0
"naive, staged rollout",110.8,0,125,0
"naive, staged rollout",110.9,0,127,0
"naive, staged rollout",111.0,0,111,0
"naive, staged rollout",111.1,0,129,0
"naive, staged rollout",111.2,0,116,0
"naive, staged rollout",111.3,0,124,0
"naive, staged rollout",111.4,0,108,0
"naive, staged rollout",111.5,0,132,0
"naive, staged rollout",111.6,0,108,0
"naive, staged rollout",111.7,0,132,0
"naive, staged rollout",111.8,0,108,0
"naive, staged rollout",111.9,0,128,0
"naive, staged rollout",112.0,0,115,0
"naive, staged rollout",112.1,0,121,0
"naive, staged rollout",112.2,0,128,0
"naive, staged rollout",112.3,0,110,0
"naive, staged rollout",112.4,0,130,0
"naive, staged rollout",112.5,0,108,0
"naive, staged rollout",112.6,0,132,0
"naive, staged rollout",112.7,0,110,0
"naive, staged rollout",112.8,0,128,0
"naive, staged rollout",112.9,0,112,0
"naive, staged rollout",113.0,0,124,0
"naive, staged rollout",113.1,0,115,0
"naive, staged rollout",113.2,0,123,0
"naive, staged rollout",113.3,0,128,0
"naive, staged rollout",113.4,0,110,0
"naive, staged rollout",113.5,0,130,0
"naive, staged rollout",113.6,0,108,0
"naive, staged rollout",113.7,0,132,0
"naive, staged rollout",113.8,0,108,0
"naive, staged rollout",113.9,0,132,0
"naive, staged rollout",114.0,0,108,0
"naive, staged rollout",114.1,0,132,0
"naive, staged rollout",114.2,0,108,0
"naive, staged rollout",114.3,0,129,0
"naive, staged rollout",114.4,0,113,0
"naive, staged rollout",114.5,0,122,0
"naive, staged rollout",114.6,0,128,0
"naive, staged rollout",114.7,0,108,0
"naive, staged rollout",114.8,0,132,0
"naive, staged rollout",114.9,0,108,0
"naive, staged rollout",115.0,1,132,10
"naive, staged rollout",115.1,1,108,9
"naive, staged rollout",115.2,1,130,6
"naive, staged rollout",115.3,0,111,0
"naive, staged rollout",115.4,0,125,0
"naive, staged rollout",115.5,0,114,0
"naive, staged rollout",115.6,0,126,0
"naive, staged rollout",115.7,0,125,0
"naive, staged rollout",115.8,0,117,0
"naive, staged rollout",115.9,0,121,0
"naive, staged rollout",116.0,0,111,0
"naive, staged rollout",116.1,0,132,0
"naive, staged rollout",116.2,0,108,0
"naive, staged rollout",116.3,0,132,0
"naive, staged rollout",116.4,0,109,0
"naive, staged rollout",116.5,0,131,0
"naive, staged rollout",116.6,0,108,0
"naive, staged rollout",116.7,0,132,0
"naive, staged rollout",116.8,0,108,0
"naive, staged rollout",116.9,0,132,0
"naive, staged rollout",117.0,0,109,0
"naive, staged rollout",117.1,0,130,0
"naive, staged rollout",117.2,0,118,0
"naive, staged rollout",117.3,0,119,0
"naive, staged rollout",117.4,0,118,0
"naive, staged rollout",117.5,0,115,0
"naive, staged rollout",117.6,0,131,0
"naive, staged rollout",117.7,0,108,0
"naive, staged rollout",117.8,0,132,0
"naive, staged rollout",117.9,0,108,0
"naive, staged rollout",118.0,0,132,0
"naive, staged rollout",118.1,0,108,0
"naive, staged rollout",118.2,0,132,0
"naive, staged rollout",118.3,0,108,0
"naive, staged rollout",118.4,0,124,0
"naive, staged rollout",118.5,0,116,0
"naive, staged rollout",118.6,0,126,0
"naive, staged rollout",118.7,0,126,0
"naive, staged rollout",118.8,0,116,0
"naive, staged rollout",118.9,0,119,0
"naive, staged rollout",119.0,0,113,0
"naive, staged rollout",119.1,0,132,0
"naive, staged rollout",119.2,0,108,0
"naive, staged rollout",119.3,0,132,0
"naive, staged rollout",119.4,0,108,0
"naive, staged rollout",119.5,0,132,0
"naive, staged rollout",119.6,0,108,0
"naive, staged rollout",119.7,0,132,0
"naive, staged rollout",119.8,0,108,0
"naive, staged rollout",119.9,0,127,0
"naive, staged rollout",120.0,1,120,9
"naive, staged rollout",120.1,1,120,11
"naive, staged rollout",120.2,1,124,10
"naive, staged rollout",120.3,0,117,0
"naive, staged rollout",120.4,0,124,0
"naive, staged rollout",120.5,0,108,0
"naive, staged rollout",120.6,0,132,0
"naive, staged rollout",120.7,0,108,0
"naive, staged rollout",120.8,0,131,0
"naive, staged rollout",120.9,0,109,0
"naive, staged rollout",121.0,0,131,0
"naive, staged rollout",121.1,0,109,0
"naive, staged rollout",121.2,0,130,0
"naive, staged rollout",121.3,0,110,0
"naive, staged rollout",121.4,0,132,0
"naive, staged rollout",121.5,0,108,0
"naive, staged rollout",121.6,0,132,0
"naive, staged rollout",121.7,0,110,0
"naive, staged rollout",121.8,0,129,0
"naive, staged rollout",121.9,0,119,0
"naive, staged rollout",122.0,0,110,0
"naive, staged rollout",122.1,0,132,0
"naive, staged rollout",122.2,0,108,0
"naive, staged rollout",122.3,0,132,0
"naive, staged rollout",122.4,0,108,0
"naive, staged rollout",122.5,0,124,0
"naive, staged rollout",122.6,0,128,0
"naive, staged rollout",122.7,0,112,0
"naive, staged rollout",122.8,0,128,0
"naive, staged rollout",122.9,0,108,0
"naive, staged rollout",123.0,0,132,0
"naive, staged rollout",123.1,0,108,0
"naive, staged rollout",123.2,0,132,0
"naive, staged rollout",123.3,0,110,0
"naive, staged rollout",123.4,0,130,0
"naive, staged rollout",123.5,0,108,0
"naive, staged rollout",123.6,0,130,0
"naive, staged rollout",123.7,0,110,0
"naive, staged rollout",123.8,0,126,0
"naive, staged rollout",123.9,0,125,0
"naive, staged rollout",124.0,0,114,0
"naive, staged rollout",124.1,0,127,0
"naive, staged rollout",124.2,0,108,0
"naive, staged rollout",124.3,0,132,0
"naive, staged rollout",124.4,0,108,0
"naive, staged rollout",124.5,0,132,0
"naive, staged rollout",124.6,0,108,0
"naive, staged rollout",124.7,0,132,0
"naive, staged rollout",124.8,0,108,0
"naive, staged rollout",124.9,0,129,0
"naive, staged rollout",125.0,1,120,10
"naive, staged rollout",125.1,1,112,10
"naive, staged rollout",125.2,1,131,6
"naive, staged rollout",125.3,0,108,0
"naive, staged rollout",125.4,0,132,0
"naive, staged rollout",125.5,0,108,0
"naive, staged rollout",125.6,0,132,0
"naive, staged rollout",125.7,0,108,0
"naive, staged rollout",125.8,0,132,0
"naive, staged rollout",125.9,0,108,0
"naive, staged rollout",126.0,0,127,0
"naive, staged rollout",126.1,0,115,0
"naive, staged rollout",126.2,0,129,0
"naive, staged rollout",126.3,0,119,0
"naive, staged rollout",126.4,0,118,0
"naive, staged rollout",126.5,0,115,0
"naive, staged rollout",126.6,0,118,0
"naive, staged rollout",126.7,0,131,0
"naive, staged rollout",126.8,0,108,0
"naive, staged rollout",126.9,0,132,0
"naive, staged rollout",127.0,0,108,0
"naive, staged rollout",127.1,0,131,0
"naive, staged rollout",127.2,0,109,0
"naive, staged rollout",127.3,0,125,0
"naive, staged rollout",127.4,0,127,0
"naive, staged rollout",127.5,0,109,0
"naive, staged rollout",127.6,0,131,0
"naive, staged rollout",127.7,0,108,0
"naive, staged rollout",127.8,0,132,0
"naive, staged rollout",127.9,0,111,0
"naive, staged rollout",128.0,0,129,0
"naive, staged rollout",128.1,0,108,0
"naive, staged rollout",128.2,0,132,0
"naive, staged rollout",128.3,0,108,0
"naive, staged rollout",128.4,0,130,0
"naive, staged rollout",128.5,0,110,0
"naive, staged rollout",128.6,0,129,0
"naive, staged rollout",128.7,0,114,0
"naive, staged rollout",128.8,0,121,0
"naive, staged rollout",128.9,0,128,0
"naive, staged rollout",129.0,0,109,0
"naive, staged rollout",129.1,0,131,0
"naive, staged rollout",129.2,0,111,0
"naive, staged rollout",129.3,0,129,0
"naive, staged rollout",129.4,0,115,0
"naive, staged rollout",129.5,0,125,0
"naive, staged rollout",129.6,0,108,0
"naive, staged rollout",129.7,0,132,0
"naive, staged rollout",129.8,0,108,0
"naive, staged rollout",129.9,0,130,0
"naive, staged rollout",130.0,1,122,10
"naive, staged rollout",130.1,1,108,9
"naive, staged rollout",130.2,1,132,6
"naive, staged rollout",130.3,0,108,0
"naive, staged rollout",130.4,0,132,0
"naive, staged rollout",130.5,0,108,0
"naive, staged rollout",130.6,0,126,0
"naive, staged rollout",130.7,0,117,0
"naive, staged rollout",130.8,0,119,0
"naive, staged rollout",130.9,0,130,0
"naive, staged rollout",131.0,0,115,0
"naive, staged rollout",131.1,0,121,0
"naive, staged rollout",131.2,0,112,0
"naive, staged rollout",131.3,0,132,0
"naive, staged rollout",131.4,0,108,0
"naive, staged rollout",131.5,0,131,0
"naive, staged rollout",131.6,0,112,0
"naive, staged rollout",131.7,0,121,0
"naive, staged rollout",131.8,0,128,0
"naive, staged rollout",131.9,0,108,0
"naive, staged rollout",132.0,0,132,0
"naive, staged rollout",132.1,0,108,0
"naive, staged rollout",132.2,0,132,0
"naive, staged rollout",132.3,0,108,0
"naive, staged rollout",132.4,0,132,0
"naive, staged rollout",132.5,0,108,0
"naive, staged rollout",132.6,0,131,0
"naive, staged rollout",132.7,0,112,0
"naive, staged rollout",132.8,0,125,0
"naive, staged rollout",132.9,0,114,0
"naive, staged rollout",133.0,0,124,0
"naive, staged rollout",133.1,0,121,0
"naive, staged rollout",133.2,0,117,0
"naive, staged rollout",133.3,0,128,0
"naive, staged rollout",133.4,0,111,0
"naive, staged rollout",133.5,0,128,0
"naive, staged rollout",133.6,0,113,0
"naive, staged rollout",133.7,0,123,0
"naive, staged rollout",133.8,0,117,0
"naive, staged rollout",133.9,0,128,0
"naive, staged rollout",134.0,0,116,0
"naive, staged rollout",134.1,0,124,0
"naive, staged rollout",134.2,0,108,0
"naive, staged rollout",134.3,0,132,0
"naive, staged rollout",134.4,0,108,0
"naive, staged rollout",134.5,0,128,0
"naive, staged rollout",134.6,0,112,0
"naive, staged rollout",134.7,0,128,0
"naive, staged rollout",134.8,0,119,0
"naive, staged rollout",134.9,0,117,0
"naive, staged rollout",135.0,1,128,10
"naive, staged rollout",135.1,1,115,10
"naive, staged rollout",135.2,1,125,10
"naive, staged rollout",135.3,0,114,0
"naive, staged rollout",135.4,0,121,0
"naive, staged rollout",135.5,0,122,0
"naive, staged rollout",135.6,0,120,0
"naive, staged rollout",135.7,0,111,0
"naive, staged rollout",135.8,0,132,0
"naive, staged rollout",135.9,0,108,0
"naive, staged rollout",136.0,0,128,0
"naive, staged rollout",136.1,0,112,0
"naive, staged rollout",136.2,0,129,0
"naive, staged rollout",136.3,0,117,0
"naive, staged rollout",136.4,0,118,0
"naive, staged rollout",136.5,0,128,0
"naive, staged rollout",136.6,0,108,0
"naive, staged rollout",136.7,0,132,0
"naive, staged rollout",136.8,0,108,0
"naive, staged rollout",136.9,0,132,0
"naive, staged rollout",137.0,0,114,0
"naive, staged rollout",137.1,0,126,0
"naive, staged rollout",137.2,0,108,0
"naive, staged rollout",137.3,0,131,0
"naive, staged rollout",137.4,0,109,0
"naive, staged rollout",137.5,0,129,0
"naive, staged rollout",137.6,0,120,0
"naive, staged rollout",137.7,0,114,0
"naive, staged rollout",137.8,0,129,0
"naive, staged rollout",137.9,0,108,0
"naive, staged rollout",138.0,0,132,0
"naive, staged rollout",138.1,0,109,0
"naive, staged rollout",138.2,0,126,0
"naive, staged rollout",138.3,0,123,0
"naive, staged rollout",138.4,0,115,0
"naive, staged rollout",138.5,0,124,0
"naive, staged rollout",138.6,0,119,0
"naive, staged rollout",138.7,0,112,0
"naive, staged rollout",138.8,0,132,0
"naive, staged rollout",138.9,0,108,0
"naive, staged rollout",139.0,0,132,0
"naive, staged rollout",139.1,0,108,0
"naive, staged rollout",139.2,0,132,0
"naive, staged rollout",139.3,0,108,0
"naive, staged rollout",139.4,0,132,0
"naive, staged rollout",139.5,0,108,0
"naive, staged rollout",139.6,0,132,0
"naive, staged rollout",139.7,0,108,0
"naive, staged rollout",139.8,0,125,0
"naive, staged rollout",139.9,0,125,0
"naive, staged rollout",140.0,1,118,10
"naive, staged rollout",140.1,1,122,10
"naive, staged rollout",140.2,0,110,0
"naive, staged rollout",140.3,0,132,0
"naive, staged rollout",140.4,0,108,0
"naive, staged rollout",140.5,0,130,0
"naive, staged rollout",140.6,0,110,0
"naive, staged rollout",140.7,0,129,0
"naive, staged rollout",140.8,0,111,0
"naive, staged rollout",140.9,0,124,0
"naive, staged rollout",141.0,0,128,0
"naive, staged rollout",141.1,0,108,0
"naive, staged rollout",141.2,0,132,0
"naive, staged rollout",141.3,0,108,0
"naive, staged rollout",141.4,0,132,0
"naive, staged rollout",141.5,0,113,0
"naive, staged rollout",141.6,0,127,0
"naive, staged rollout",141.7,0,108,0
"naive, staged rollout",141.8,0,132,0
"naive, staged rollout",141.9,0,110,0
"naive, staged rollout",142.0,0,127,0
"naive, staged rollout",142.1,0,123,0
"naive, staged rollout",142.2,0,111,0
"naive, staged rollout",142.3,0,129,0
"naive, staged rollout",142.4,0,109,0
"naive, staged rollout",142.5,0,131,0
"naive, staged rollout",142.6,0,108,0
"naive, staged rollout",142.7,0,132,0
"naive, staged rollout",142.8,0,108,0
"naive, staged rollout",142.9,0,132,0
"naive, staged rollout",143.0,0,109,0
"naive, staged rollout",143.1,0,131,0
"naive, staged rollout",143.2,0,108,0
"naive, staged rollout",143.3,0,132,0
"naive, staged rollout",143.4,0,108,0
"naive, staged rollout",143.5,0,132,0
"naive, staged rollout",143.6,0,108,0
"naive, staged rollout",143.7,0,124,0
"naive, staged rollout",143.8,0,127,0
"naive, staged rollout",143.9,0,113,0
"naive, staged rollout",144.0,0,128,0
"naive, staged rollout",144.1,0,110,0
"naive, staged rollout",144.2,0,130,0
"naive, staged rollout",144.3,0,108,0
"naive, staged rollout",144.4,0,132,0
"naive, staged rollout",144.5,0,110,0
"naive, staged rollout",144.6,0,130,0
"naive, staged rollout",144.7,0,108,0
"naive, staged rollout",144.8,0,128,0
"naive, staged rollout",144.9,0,112,0
"naive, staged rollout",145.0,1,128,9
"naive, staged rollout",145.1,1,116,9
"naive, staged rollout",145.2,1,118,6
"naive, staged rollout",145.3,0,130,0
"naive, staged rollout",145.4,0,108,0
"naive, staged rollout",145.5,0,132,0
"naive, staged rollout",145.6,0,108,0
"naive, staged rollout",145.7,0,131,0
"naive, staged rollout",145.8,0,109,0
"naive, staged rollout",145.9,0,131,0
"naive, staged rollout",146.0,0,118,0
"naive, staged rollout",146.1,0,119,0
"naive, staged rollout",146.2,0,120,0
"naive, staged rollout",146.3,0,113,0
"naive, staged rollout",146.4,0,131,0
"naive, staged rollout",146.5,0,109,0
"naive, staged rollout",146.6,0,131,0
"naive, staged rollout",146.7,0,108,0
"naive, staged rollout",146.8,0,132,0
"naive, staged rollout",146.9,0,108,0
"naive, staged rollout",147.0,0,131,0
"naive, staged rollout",147.1,0,109,0
"naive, staged rollout",147.2,0,130,0
"naive, staged rollout",147.3,0,114,0
"naive, staged rollout",147.4,0,128,0
"naive, staged rollout",147.5,0,108,0
"naive, staged rollout",147.6,0,128,0
"naive, staged rollout",147.7,0,115,0
"naive, staged rollout",147.8,0,118,0
"naive, staged rollout",147.9,0,131,0
"naive, staged rollout",148.0,0,108,0
"naive, staged rollout",148.1,0,132,0
"naive, staged rollout",148.2,0,108,0
"naive, staged rollout",148.3,0,131,0
"naive, staged rollout",148.4,0,109,0
"naive, staged rollout",148.5,0,129,0
"naive, staged rollout",148.6,0,117,0
"naive, staged rollout",148.7,0,118,0
"naive, staged rollout",148.8,0,128,0
"naive, staged rollout",148.9,0,111,0
"naive, staged rollout",149.0,0,129,0
"naive, staged rollout",149.1,0,115,0
"naive, staged rollout",149.2,0,125,0
"naive, staged rollout",149.3,0,108,0
"naive, staged rollout",149.4,0,128,0
"naive, staged rollout",149.5,0,116,0
"naive, staged rollout",149.6,0,117,0
"naive, staged rollout",149.7,0,131,0
"naive, staged rollout",149.8,0,108,0
"naive, staged rollout",149.9,0,132,0
"hardened, global push",0.0,0,120,0
"hardened, global push",0.1,0,108,0
"hardened, global push",0.2,0,131,0
"hardened, global push",0.3,0,117,0
"hardened, global push",0.4,0,113,0
"hardened, global push",0.5,0,131,0
"hardened, global push",0.6,0,108,0
"hardened, global push",0.7,0,132,0
"hardened, global push",0.8,0,108,0
"hardened, global push",0.9,0,129,0
"hardened, global push",1.0,0,123,0
"hardened, global push",1.1,0,108,0
"hardened, global push",1.2,0,132,0
"hardened, global push",1.3,0,111,0
"hardened, global push",1.4,0,129,0
"hardened, global push",1.5,0,112,0
"hardened, global push",1.6,0,117,0
"hardened, global push",1.7,0,131,0
"hardened, global push",1.8,0,108,0
"hardened, global push",1.9,0,131,0
"hardened, global push",2.0,0,110,0
"hardened, global push",2.1,0,120,0
"hardened, global push",2.2,0,131,0
"hardened, global push",2.3,0,108,0
"hardened, global push",2.4,0,130,0
"hardened, global push",2.5,0,120,0
"hardened, global push",2.6,0,110,0
"hardened, global push",2.7,0,132,0
"hardened, global push",2.8,0,108,0
"hardened, global push",2.9,0,123,0
"hardened, global push",3.0,0,129,0
"hardened, global push",3.1,0,117,0
"hardened, global push",3.2,0,121,0
"hardened, global push",3.3,0,110,0
"hardened, global push",3.4,0,121,0
"hardened, global push",3.5,0,131,0
"hardened, global push",3.6,0,108,0
"hardened, global push",3.7,0,131,0
"hardened, global push",3.8,0,121,0
"hardened, global push",3.9,0,109,0
"hardened, global push",4.0,0,131,0
"hardened, global push",4.1,0,108,0
"hardened, global push",4.2,0,132,0
"hardened, global push",4.3,0,111,0
"hardened, global push",4.4,0,117,0
"hardened, global push",4.5,0,132,0
"hardened, global push",4.6,0,108,0
"hardened, global push",4.7,0,130,0
"hardened, global push",4.8,0,122,0
"hardened, global push",4.9,0,118,0
"hardened, global push",5.0,0,121,0
"hardened, global push",5.1,0,109,0
"hardened, global push",5.2,0,126,0
"hardened, global push",5.3,0,124,0
"hardened, global push",5.4,0,111,0
"hardened, global push",5.5,0,131,0
"hardened, global push",5.6,0,108,0
"hardened, global push",5.7,0,132,0
"hardened, global push",5.8,0,108,0
"hardened, global push",5.9,0,126,0
"hardened, global push",6.0,0,126,0
"hardened, global push",6.1,0,108,0
"hardened, global push",6.2,0,132,0
"hardened, global push",6.3,0,108,0
"hardened, global push",6.4,0,126,0
"hardened, global push",6.5,0,126,0
"hardened, global push",6.6,0,118,0
"hardened, global push",6.7,0,122,0
"hardened, global push",6.8,0,108,0
"hardened, global push",6.9,0,126,0
"hardened, global push",7.0,0,126,0
"hardened, global push",7.1,0,108,0
"hardened, global push",7.2,0,132,0
"hardened, global push",7.3,0,108,0
"hardened, global push",7.4,0,125,0
"hardened, global push",7.5,0,127,0
"hardened, global push",7.6,0,108,0
"hardened, global push",7.7,0,131,0
"hardened, global push",7.8,0,120,0
"hardened, global push",7.9,0,110,0
"hardened, global push",8.0,0,131,0
"hardened, global push",8.1,0,108,0
"hardened, global push",8.2,0,126,0
"hardened, global push",8.3,0,126,0
"hardened, global push",8.4,0,117,0
"hardened, global push",8.5,0,121,0
"hardened, global push",8.6,0,110,0
"hardened, global push",8.7,0,127,0
"hardened, global push",8.8,0,125,0
"hardened, global push",8.9,0,108,0
"hardened, global push",9.0,0,132,0
"hardened, global push",9.1,0,108,0
"hardened, global push",9.2,0,123,0
"hardened, global push",9.3,0,129,0
"hardened, global push",9.4,0,108,0
"hardened, global push",9.5,0,132,0
"hardened, global push",9.6,0,120,0
"hardened, global push",9.7,0,110,0
"hardened, global push",9.8,0,130,0
"hardened, global push",9.9,0,108,0
"hardened, global push",10.0,0,132,0
"hardened, global push",10.1,0,110,0
"hardened, global push",10.2,0,129,0
"hardened, global push",10.3,0,121,0
"hardened, global push",10.4,0,108,0
"hardened, global push",10.5,0,130,0
"hardened, global push",10.6,0,122,0
"hardened, global push",10.7,0,108,0
"hardened, global push",10.8,0,132,0
"hardened, global push",10.9,0,108,0
"hardened, global push",11.0,0,124,0
"hardened, global push",11.1,0,128,0
"hardened, global push",11.2,0,108,0
"hardened, global push",11.3,0,132,0
"hardened, global push",11.4,0,108,0
"hardened, global push",11.5,0,121,0
"hardened, global push",11.6,0,131,0
"hardened, global push",11.7,0,108,0
"hardened, global push",11.8,0,132,0
"hardened, global push",11.9,0,109,0
"hardened, global push",12.0,0,130,0
"hardened, global push",12.1,0,121,0
"hardened, global push",12.2,0,108,0
"hardened, global push",12.3,0,132,0
"hardened, global push",12.4,0,109,0
"hardened, global push",12.5,0,120,0
"hardened, global push",12.6,0,131,0
"hardened, global push",12.7,0,108,0
"hardened, global push",12.8,0,130,0
"hardened, global push",12.9,0,110,0
"hardened, global push",13.0,0,125,0
"hardened, global push",13.1,0,127,0
"hardened, global push",13.2,0,108,0
"hardened, global push",13.3,0,132,0
"hardened, global push",13.4,0,108,0
"hardened, global push",13.5,0,124,0
"hardened, global push",13.6,0,128,0
"hardened, global push",13.7,0,119,0
"hardened, global push",13.8,0,119,0
"hardened, global push",13.9,0,110,0
"hardened, global push",14.0,0,130,0
"hardened, global push",14.1,0,122,0
"hardened, global push",14.2,0,110,0
"hardened, global push",14.3,0,130,0
"hardened, global push",14.4,0,108,0
"hardened, global push",14.5,0,132,0
"hardened, global push",14.6,0,108,0
"hardened, global push",14.7,0,125,0
"hardened, global push",14.8,0,127,0
"hardened, global push",14.9,0,108,0
"hardened, global push",15.0,0,132,0
"hardened, global push",15.1,0,108,0
"hardened, global push",15.2,0,132,0
"hardened, global push",15.3,0,109,0
"hardened, global push",15.4,0,131,0
"hardened, global push",15.5,0,109,0
"hardened, global push",15.6,0,122,0
"hardened, global push",15.7,0,129,0
"hardened, global push",15.8,0,108,0
"hardened, global push",15.9,0,131,0
"hardened, global push",16.0,0,110,0
"hardened, global push",16.1,0,125,0
"hardened, global push",16.2,0,114,0
"hardened, global push",16.3,0,125,0
"hardened, global push",16.4,0,123,0
"hardened, global push",16.5,0,113,0
"hardened, global push",16.6,0,131,0
"hardened, global push",16.7,0,108,0
"hardened, global push",16.8,0,122,0
"hardened, global push",16.9,0,130,0
"hardened, global push",17.0,0,115,0
"hardened, global push",17.1,0,124,0
"hardened, global push",17.2,0,110,0
"hardened, global push",17.3,0,119,0
"hardened, global push",17.4,0,132,0
"hardened, global push",17.5,0,108,0
"hardened, global push",17.6,0,128,0
"hardened, global push",17.7,0,124,0
"hardened, global push",17.8,0,108,0
"hardened, global push",17.9,0,132,0
"hardened, global push",18.0,0,108,0
"hardened, global push",18.1,0,125,0
"hardened, global push",18.2,0,126,0
"hardened, global push",18.3,0,109,0
"hardened, global push",18.4,0,132,0
"hardened, global push",18.5,0,108,0
"hardened, global push",18.6,0,122,0
"hardened, global push",18.7,0,130,0
"hardened, global push",18.8,0,119,0
"hardened, global push",18.9,0,121,0
"hardened, global push",19.0,0,108,0
"hardened, global push",19.1,0,125,0
"hardened, global push",19.2,0,127,0
"hardened, global push",19.3,0,108,0
"hardened, global push",19.4,0,132,0
"hardened, global push",19.5,0,108,0
"hardened, global push",19.6,0,131,0
"hardened, global push",19.7,0,111,0
"hardened, global push",19.8,0,124,0
"hardened, global push",19.9,0,126,0
"hardened, global push",20.0,0,108,0
"hardened, global push",20.1,0,132,0
"hardened, global push",20.2,0,108,0
"hardened, global push",20.3,0,130,0
"hardened, global push",20.4,0,111,0
"hardened, global push",20.5,0,131,0
"hardened, global push",20.6,0,119,0
"hardened, global push",20.7,0,109,0
"hardened, global push",20.8,0,132,0
"hardened, global push",20.9,0,108,0
"hardened, global push",21.0,0,130,0
"hardened, global push",21.1,0,122,0
"hardened, global push",21.2,0,109,0
"hardened, global push",21.3,0,131,0
"hardened, global push",21.4,0,108,0
"hardened, global push",21.5,0,132,0
"hardened, global push",21.6,0,108,0
"hardened, global push",21.7,0,129,0
"hardened, global push",21.8,0,116,0
"hardened, global push",21.9,0,116,0
"hardened, global push",22.0,0,131,0
"hardened, global push",22.1,0,113,0
"hardened, global push",22.2,0,126,0
"hardened, global push",22.3,0,109,0
"hardened, global push",22.4,0,129,0
"hardened, global push",22.5,0,123,0
"hardened, global push",22.6,0,109,0
"hardened, global push",22.7,0,131,0
"hardened, global push",22.8,0,108,0
"hardened, global push",22.9,0,126,0
"hardened, global push",23.0,0,126,0
"hardened, global push",23.1,0,108,0
"hardened, global push",23.2,0,132,0
"hardened, global push",23.3,0,108,0
"hardened, global push",23.4,0,132,0
"hardened, global push",23.5,0,108,0
"hardened, global push",23.6,0,127,0
"hardened, global push",23.7,0,125,0
"hardened, global push",23.8,0,120,0
"hardened, global push",23.9,0,120,0
"hardened, global push",24.0,0,108,0
"hardened, global push",24.1,0,129,0
"hardened, global push",24.2,0,111,0
"hardened, global push",24.3,0,122,0
"hardened, global push",24.4,0,130,0
"hardened, global push",24.5,0,108,0
"hardened, global push",24.6,0,132,0
"hardened, global push",24.7,0,108,0
"hardened, global push",24.8,0,128,0
"hardened, global push",24.9,0,124,0
"hardened, global push",25.0,0,108,0
"hardened, global push",25.1,0,132,0
"hardened, global push",25.2,0,108,0
"hardened, global push",25.3,0,128,0
"hardened, global push",25.4,0,124,0
"hardened, global push",25.5,0,114,0
"hardened, global push",25.6,0,126,0
"hardened, global push",25.7,0,108,0
"hardened, global push",25.8,0,126,0
"hardened, global push",25.9,0,126,0
"hardened, global push",26.0,0,108,0
"hardened, global push",26.1,0,132,0
"hardened, global push",26.2,0,108,0
"hardened, global push",26.3,0,121,0
"hardened, global push",26.4,0,131,0
"hardened, global push",26.5,0,108,0
"hardened, global push",26.6,0,131,0
"hardened, global push",26.7,0,121,0
"hardened, global push",26.8,0,109,0
"hardened, global push",26.9,0,131,0
"hardened, global push",27.0,0,108,0
"hardened, global push",27.1,0,130,0
"hardened, global push",27.2,0,112,0
"hardened, global push",27.3,0,129,0
"hardened, global push",27.4,0,118,0
"hardened, global push",27.5,0,111,0
"hardened, global push",27.6,0,132,0
"hardened, global push",27.7,0,108,0
"hardened, global push",27.8,0,121,0
"hardened, global push",27.9,0,131,0
"hardened, global push",28.0,0,108,0
"hardened, global push",28.1,0,132,0
"hardened, global push",28.2,0,108,0
"hardened, global push",28.3,0,123,0
"hardened, global push",28.4,0,129,0
"hardened, global push",28.5,0,108,0
"hardened, global push",28.6,0,132,0
"hardened, global push",28.7,0,108,0
"hardened, global push",28.8,0,124,0
"hardened, global push",28.9,0,128,0
"hardened, global push",29.0,0,117,0
"hardened, global push",29.1,0,123,0
"hardened, global push",29.2,0,108,0
"hardened, global push",29.3,0,122,0
"hardened, global push",29.4,0,125,0
"hardened, global push",29.5,0,114,0
"hardened, global push",29.6,0,131,0
"hardened, global push",29.7,0,108,0
"hardened, global push",29.8,0,132,0
"hardened, global push",29.9,0,108,0
"hardened, global push",30.0,0,126,0
"hardened, global push",30.1,0,121,0
"hardened, global push",30.2,0,114,0
"hardened, global push",30.3,0,131,0
"hardened, global push",30.4,0,108,0
"hardened, global push",30.5,0,132,0
"hardened, global push",30.6,0,108,0
"hardened, global push",30.7,0,132,0
"hardened, global push",30.8,0,113,0
"hardened, global push",30.9,0,116,0
"hardened, global push",31.0,0,131,0
"hardened, global push",31.1,0,108,0
"hardened, global push",31.2,0,132,0
"hardened, global push",31.3,0,108,0
"hardened, global push",31.4,0,132,0
"hardened, global push",31.5,0,108,0
"hardened, global push",31.6,0,125,0
"hardened, global push",31.7,0,127,0
"hardened, global push",31.8,0,112,0
"hardened, global push",31.9,0,128,0
"hardened, global push",32.0,0,108,0
"hardened, global push",32.1,0,132,0
"hardened, global push",32.2,0,110,0
"hardened, global push",32.3,0,129,0
"hardened, global push",32.4,0,120,0
"hardened, global push",32.5,0,109,0
"hardened, global push",32.6,0,132,0
"hardened, global push",32.7,0,108,0
"hardened, global push",32.8,0,132,0
"hardened, global push",32.9,0,108,0
"hardened, global push",33.0,0,130,0
"hardened, global push",33.1,0,122,0
"hardened, global push",33.2,0,109,0
"hardened, global push",33.3,0,131,0
"hardened, global push",33.4,0,108,0
"hardened, global push",33.5,0,129,0
"hardened, global push",33.6,0,123,0
"hardened, global push",33.7,0,113,0
"hardened, global push",33.8,0,127,0
"hardened, global push",33.9,0,116,0
"hardened, global push",34.0,0,124,0
"hardened, global push",34.1,0,108,0
"hardened, global push",34.2,0,132,0
"hardened, global push",34.3,0,108,0
"hardened, global push",34.4,0,127,0
"hardened, global push",34.5,0,125,0
"hardened, global push",34.6,0,108,0
"hardened, global push",34.7,0,132,0
"hardened, global push",34.8,0,108,0
"hardened, global push",34.9,0,132,0
"hardened, global push",35.0,0,109,0
"hardened, global push",35.1,0,120,0
"hardened, global push",35.2,0,131,0
"hardened, global push",35.3,0,108,0
"hardened, global push",35.4,0,132,0
"hardened, global push",35.5,0,119,0
"hardened, global push",35.6,0,117,0
"hardened, global push",35.7,0,124,0
"hardened, global push",35.8,0,108,0
"hardened, global push",35.9,0,132,0
"hardened, global push",36.0,0,108,0
"hardened, global push",36.1,0,124,0
"hardened, global push",36.2,0,128,0
"hardened, global push",36.3,0,109,0
"hardened, global push",36.4,0,131,0
"hardened, global push",36.5,0,108,0
"hardened, global push",36.6,0,132,0
"hardened, global push",36.7,0,108,0
"hardened, global push",36.8,0,126,0
"hardened, global push",36.9,0,126,0
"hardened, global push",37.0,0,108,0
"hardened, global push",37.1,0,132,0
"hardened, global push",37.2,0,108,0
"hardened, global push",37.3,0,130,0
"hardened, global push",37.4,0,117,0
"hardened, global push",37.5,0,113,0
"hardened, global push",37.6,0,131,0
"hardened, global push",37.7,0,111,0
"hardened, global push",37.8,0,119,0
"hardened, global push",37.9,0,131,0
"hardened, global push",38.0,0,108,0
"hardened, global push",38.1,0,132,0
"hardened, global push",38.2,0,108,0
"hardened, global push",38.3,0,130,0
"hardened, global push",38.4,0,122,0
"hardened, global push",38.5,0,108,0
"hardened, global push",38.6,0,132,0
"hardened, global push",38.7,0,108,0
"hardened, global push",38.8,0,132,0
"hardened, global push",38.9,0,109,0
"hardened, global push",39.0,0,128,0
"hardened, global push",39.1,0,114,0
"hardened, global push",39.2,0,122,0
"hardened, global push",39.3,0,127,0
"hardened, global push",39.4,0,108,0
"hardened, global push",39.5,0,132,0
"hardened, global push",39.6,0,108,0
"hardened, global push",39.7,0,127,0
"hardened, global push",39.8,0,125,0
"hardened, global push",39.9,0,109,0
"hardened, global push",40.0,0,131,0
"hardened, global push",40.1,0,108,0
"hardened, global push",40.2,0,130,0
"hardened, global push",40.3,0,121,0
"hardened, global push",40.4,0,109,0
"hardened, global push",40.5,0,132,0
"hardened, global push",40.6,0,111,0
"hardened, global push",40.7,0,129,0
"hardened, global push",40.8,0,108,0
"hardened, global push",40.9,0,125,0
"hardened, global push",41.0,0,127,0
"hardened, global push",41.1,0,109,0
"hardened, global push",41.2,0,131,0
"hardened, global push",41.3,0,108,0
"hardened, global push",41.4,0,132,0
"hardened, global push",41.5,0,108,0
"hardened, global push",41.6,0,120,0
"hardened, global push",41.7,0,132,0
"hardened, global push",41.8,0,108,0
"hardened, global push",41.9,0,128,0
"hardened, global push",42.0,0,112,0
"hardened, global push",42.1,0,132,0
"hardened, global push",42.2,0,108,0
"hardened, global push",42.3,0,129,0
"hardened, global push",42.4,0,123,0
"hardened, global push",42.5,0,108,0
"hardened, global push",42.6,0,132,0
"hardened, global push",42.7,0,108,0
"hardened, global push",42.8,0,121,0
"hardened, global push",42.9,0,131,0
"hardened, global push",43.0,0,108,0
"hardened, global push",43.1,0,132,0
"hardened, global push",43.2,0,108,0
"hardened, global push",43.3,0,122,0
"hardened, global push",43.4,0,130,0
"hardened, global push",43.5,0,108,0
"hardened, global push",43.6,0,132,0
"hardened, global push",43.7,0,108,0
"hardened, global push",43.8,0,132,0
"hardened, global push",43.9,0,111,0
"hardened, global push",44.0,0,129,0
"hardened, global push",44.1,0,108,0
"hardened, global push",44.2,0,132,0
"hardened, global push",44.3,0,108,0
"hardened, global push",44.4,0,131,0
"hardened, global push",44.5,0,109,0
"hardened, global push",44.6,0,121,0
"hardened, global push",44.7,0,131,0
"hardened, global push",44.8,0,108,0
"hardened, global push",44.9,0,132,0
"hardened, global push",45.0,0,108,0
"hardened, global push",45.1,0,131,0
"hardened, global push",45.2,0,121,0
"hardened, global push",45.3,0,110,0
"hardened, global push",45.4,0,130,0
"hardened, global push",45.5,0,115,0
"hardened, global push",45.6,0,125,0
"hardened, global push",45.7,0,108,0
"hardened, global push",45.8,0,125,0
"hardened, global push",45.9,0,127,0
"hardened, global push",46.0,0,108,0
"hardened, global push",46.1,0,132,0
"hardened, global push",46.2,0,108,0
"hardened, global push",46.3,0,127,0
"hardened, global push",46.4,0,113,0
"hardened, global push",46.5,0,121,0
"hardened, global push",46.6,0,131,0
"hardened, global push",46.7,0,108,0
"hardened, global push",46.8,0,131,0
"hardened, global push",46.9,0,110,0
"hardened, global push",47.0,0,121,0
"hardened, global push",47.1,0,127,0
"hardened, global push",47.2,0,119,0
"hardened, global push",47.3,0,124,0
"hardened, global push",47.4,0,108,0
"hardened, global push",47.5,0,132,0
"hardened, global push",47.6,0,115,0
"hardened, global push",47.7,0,114,0
"hardened, global push",47.8,0,131,0
"hardened, global push",47.9,0,108,0
"hardened, global push",48.0,0,132,0
"hardened, global push",48.1,0,108,0
"hardened, global push",48.2,0,124,0
"hardened, global push",48.3,0,126,0
"hardened, global push",48.4,0,113,0
"hardened, global push",48.5,0,129,0
"hardened, global push",48.6,0,108,0
"hardened, global push",48.7,0,128,0
"hardened, global push",48.8,0,122,0
"hardened, global push",48.9,0,119,0
"hardened, global push",49.0,0,119,0
"hardened, global push",49.1,0,113,0
"hardened, global push",49.2,0,131,0
"hardened, global push",49.3,0,108,0
"hardened, global push",49.4,0,132,0
"hardened, global push",49.5,0,108,0
"hardened, global push",49.6,0,132,0
"hardened, global push",49.7,0,108,0
"hardened, global push",49.8,0,121,0
"hardened, global push",49.9,0,131,0
"hardened, global push",50.0,0,108,0
"hardened, global push",50.1,0,123,0
"hardened, global push",50.2,0,129,0
"hardened, global push",50.3,0,108,0
"hardened, global push",50.4,0,132,0
"hardened, global push",50.5,0,119,0
"hardened, global push",50.6,0,114,0
"hardened, global push",50.7,0,127,0
"hardened, global push",50.8,0,108,0
"hardened, global push",50.9,0,127,0
"hardened, global push",51.0,0,125,0
"hardened, global push",51.1,0,108,0
"hardened, global push",51.2,0,132,0
"hardened, global push",51.3,0,108,0
"hardened, global push",51.4,0,132,0
"hardened, global push",51.5,0,108,0
"hardened, global push",51.6,0,129,0
"hardened, global push",51.7,0,111,0
"hardened, global push",51.8,0,127,0
"hardened, global push",51.9,0,125,0
"hardened, global push",52.0,0,108,0
"hardened, global push",52.1,0,132,0
"hardened, global push",52.2,0,109,0
"hardened, global push",52.3,0,129,0
"hardened, global push",52.4,0,119,0
"hardened, global push",52.5,0,111,0
"hardened, global push",52.6,0,132,0
"hardened, global push",52.7,0,108,0
"hardened, global push",52.8,0,125,0
"hardened, global push",52.9,0,127,0
"hardened, global push",53.0,0,108,0
"hardened, global push",53.1,0,129,0
"hardened, global push",53.2,0,120,0
"hardened, global push",53.3,0,111,0
"hardened, global push",53.4,0,132,0
"hardened, global push",53.5,0,108,0
"hardened, global push",53.6,0,130,0
"hardened, global push",53.7,0,117,0
"hardened, global push",53.8,0,115,0
"hardened, global push",53.9,0,130,0
"hardened, global push",54.0,0,109,0
"hardened, global push",54.1,0,131,0
"hardened, global push",54.2,0,113,0
"hardened, global push",54.3,0,115,0
"hardened, global push",54.4,0,132,0
"hardened, global push",54.5,0,108,0
"hardened, global push",54.6,0,132,0
"hardened, global push",54.7,0,108,0
"hardened, global push",54.8,0,132,0
"hardened, global push",54.9,0,118,0
"hardened, global push",55.0,0,111,0
"hardened, global push",55.1,0,131,0
"hardened, global push",55.2,0,108,0
"hardened, global push",55.3,0,132,0
"hardened, global push",55.4,0,108,0
"hardened, global push",55.5,0,123,0
"hardened, global push",55.6,0,129,0
"hardened, global push",55.7,0,113,0
"hardened, global push",55.8,0,127,0
"hardened, global push",55.9,0,108,0
"hardened, global push",56.0,0,127,0
"hardened, global push",56.1,0,125,0
"hardened, global push",56.2,0,109,0
"hardened, global push",56.3,0,131,0
"hardened, global push",56.4,0,108,0
"hardened, global push",56.5,0,131,0
"hardened, global push",56.6,0,112,0
"hardened, global push",56.7,0,118,0
"hardened, global push",56.8,0,131,0
"hardened, global push",56.9,0,109,0
"hardened, global push",57.0,0,131,0
"hardened, global push",57.1,0,108,0
"hardened, global push",57.2,0,130,0
"hardened, global push",57.3,0,117,0
"hardened, global push",57.4,0,122,0
"hardened, global push",57.5,0,123,0
"hardened, global push",57.6,0,108,0
"hardened, global push",57.7,0,131,0
"hardened, global push",57.8,0,121,0
"hardened, global push",57.9,0,108,0
"hardened, global push",58.0,0,132,0
"hardened, global push",58.1,0,108,0
"hardened, global push",58.2,0,124,0
"hardened, global push",58.3,0,128,0
"hardened, global push",58.4,0,108,0
"hardened, global push",58.5,0,132,0
"hardened, global push",58.6,0,113,0
"hardened, global push",58.7,0,123,0
"hardened, global push",58.8,0,124,0
"hardened, global push",58.9,0,108,0
"hardened, global push",59.0,0,132,0
"hardened, global push",59.1,0,110,0
"hardened, global push",59.2,0,129,0
"hardened, global push",59.3,0,117,0
"hardened, global push",59.4,0,112,0
"hardened, global push",59.5,0,132,0
"hardened, global push",59.6,0,108,0
"hardened, global push",59.7,0,132,0
"hardened, global push",59.8,0,108,0
"hardened, global push",59.9,0,121,0
"hardened, global push",60.0,0,131,0
"hardened, global push",60.1,0,108,0
"hardened, global push",60.2,0,132,0
"hardened, global push",60.3,0,108,0
"hardened, global push",60.4,0,129,0
"hardened, global push",60.5,0,123,0
"hardened, global push",60.6,0,108,0
"hardened, global push",60.7,0,132,0
"hardened, global push",60.8,0,108,0
"hardened, global push",60.9,0,130,0
"hardened, global push",61.0,0,117,0
"hardened, global push",61.1,0,113,0
"hardened, global push",61.2,0,132,0
"hardened, global push",61.3,0,108,0
"hardened, global push",61.4,0,126,0
"hardened, global push",61.5,0,126,0
"hardened, global push",61.6,0,108,0
"hardened, global push",61.7,0,132,0
"hardened, global push",61.8,0,108,0
"hardened, global push",61.9,0,121,0
"hardened, global push",62.0,0,131,0
"hardened, global push",62.1,0,108,0
"hardened, global push",62.2,0,132,0
"hardened, global push",62.3,0,108,0
"hardened, global push",62.4,0,127,0
"hardened, global push",62.5,0,125,0
"hardened, global push",62.6,0,115,0
"hardened, global push",62.7,0,125,0
"hardened, global push",62.8,0,108,0
"hardened, global push",62.9,0,121,0
"hardened, global push",63.0,0,131,0
"hardened, global push",63.1,0,108,0
"hardened, global push",63.2,0,132,0
"hardened, global push",63.3,0,108,0
"hardened, global push",63.4,0,126,0
"hardened, global push",63.5,0,126,0
"hardened, global push",63.6,0,108,0
"hardened, global push",63.7,0,132,0
"hardened, global push",63.8,0,108,0
"hardened, global push",63.9,0,128,0
"hardened, global push",64.0,0,124,0
"hardened, global push",64.1,0,108,0
"hardened, global push",64.2,0,132,0
"hardened, global push",64.3,0,113,0
"hardened, global push",64.4,0,125,0
"hardened, global push",64.5,0,120,0
"hardened, global push",64.6,0,110,0
"hardened, global push",64.7,0,132,0
"hardened, global push",64.8,0,108,0
"hardened, global push",64.9,0,132,0
"hardened, global push",65.0,0,120,0
"hardened, global push",65.1,0,109,0
"hardened, global push",65.2,0,131,0
"hardened, global push",65.3,0,108,0
"hardened, global push",65.4,0,132,0
"hardened, global push",65.5,0,108,0
"hardened, global push",65.6,0,127,0
"hardened, global push",65.7,0,125,0
"hardened, global push",65.8,0,109,0
"hardened, global push",65.9,0,131,0
"hardened, global push",66.0,0,115,0
"hardened, global push",66.1,0,125,0
"hardened, global push",66.2,0,108,0
"hardened, global push",66.3,0,132,0
"hardened, global push",66.4,0,112,0
"hardened, global push",66.5,0,118,0
"hardened, global push",66.6,0,130,0
"hardened, global push",66.7,0,108,0
"hardened, global push",66.8,0,132,0
"hardened, global push",66.9,0,108,0
"hardened, global push",67.0,0,122,0
"hardened, global push",67.1,0,130,0
"hardened, global push",67.2,0,108,0
"hardened, global push",67.3,0,132,0
"hardened, global push",67.4,0,108,0
"hardened, global push",67.5,0,132,0
"hardened, global push",67.6,0,108,0
"hardened, global push",67.7,0,129,0
"hardened, global push",67.8,0,119,0
"hardened, global push",67.9,0,112,0
"hardened, global push",68.0,0,132,0
"hardened, global push",68.1,0,108,0
"hardened, global push",68.2,0,124,0
"hardened, global push",68.3,0,121,0
"hardened, global push",68.4,0,116,0
"hardened, global push",68.5,0,131,0
"hardened, global push",68.6,0,108,0
"hardened, global push",68.7,0,132,0
"hardened, global push",68.8,0,118,0
"hardened, global push",68.9,0,111,0
"hardened, global push",69.0,0,131,0
"hardened, global push",69.1,0,108,0
"hardened, global push",69.2,0,131,0
"hardened, global push",69.3,0,110,0
"hardened, global push",69.4,0,128,0
"hardened, global push",69.5,0,121,0
"hardened, global push",69.6,0,110,0
"hardened, global push",69.7,0,132,0
"hardened, global push",69.8,0,108,0
"hardened, global push",69.9,0,132,0
"hardened, global push",70.0,0,108,0
"hardened, global push",70.1,0,131,0
"hardened, global push",70.2,0,110,0
"hardened, global push",70.3,0,120,0
"hardened, global push",70.4,0,131,0
"hardened, global push",70.5,0,108,0
"hardened, global push",70.6,0,125,0
"hardened, global push",70.7,0,127,0
"hardened, global push",70.8,0,108,0
"hardened, global push",70.9,0,132,0
"hardened, global push",71.0,0,109,0
"hardened, global push",71.1,0,130,0
"hardened, global push",71.2,0,120,0
"hardened, global push",71.3,0,109,0
"hardened, global push",71.4,0,132,0
"hardened, global push",71.5,0,108,0
"hardened, global push",71.6,0,128,0
"hardened, global push",71.7,0,113,0
"hardened, global push",71.8,0,123,0
"hardened, global push",71.9,0,128,0
"hardened, global push",72.0,0,108,0
"hardened, global push",72.1,0,132,0
"hardened, global push",72.2,0,108,0
"hardened, global push",72.3,0,132,0
"hardened, global push",72.4,0,108,0
"hardened, global push",72.5,0,132,0
"hardened, global push",72.6,0,108,0
"hardened, global push",72.7,0,129,0
"hardened, global push",72.8,0,116,0
"hardened, global push",72.9,0,115,0
"hardened, global push",73.0,0,132,0
"hardened, global push",73.1,0,108,0
"hardened, global push",73.2,0,123,0
"hardened, global push",73.3,0,129,0
"hardened, global push",73.4,0,108,0
"hardened, global push",73.5,0,132,0
"hardened, global push",73.6,0,118,0
"hardened, global push",73.7,0,111,0
"hardened, global push",73.8,0,131,0
"hardened, global push",73.9,0,108,0
"hardened, global push",74.0,0,132,0
"hardened, global push",74.1,0,108,0
"hardened, global push",74.2,0,132,0
"hardened, global push",74.3,0,110,0
"hardened, global push",74.4,0,127,0
"hardened, global push",74.5,0,119,0
"hardened, global push",74.6,0,112,0
"hardened, global push",74.7,0,132,0
"hardened, global push",74.8,0,108,0
"hardened, global push",74.9,0,132,0
"hardened, global push",75.0,0,108,0
"hardened, global push",75.1,0,130,0
"hardened, global push",75.2,0,122,0
"hardened, global push",75.3,0,109,0
"hardened, global push",75.4,0,131,0
"hardened, global push",75.5,0,108,0
"hardened, global push",75.6,0,132,0
"hardened, global push",75.7,0,108,0
"hardened, global push",75.8,0,132,0
"hardened, global push",75.9,0,111,0
"hardened, global push",76.0,0,124,0
"hardened, global push",76.1,0,125,0
"hardened, global push",76.2,0,108,0
"hardened, global push",76.3,0,132,0
"hardened, global push",76.4,0,108,0
"hardened, global push",76.5,0,130,0
"hardened, global push",76.6,0,110,0
"hardened, global push",76.7,0,124,0
"hardened, global push",76.8,0,128,0
"hardened, global push",76.9,0,108,0
"hardened, global push",77.0,0,132,0
"hardened, global push",77.1,0,108,0
"hardened, global push",77.2,0,132,0
"hardened, global push",77.3,0,117,0
"hardened, global push",77.4,0,116,0
"hardened, global push",77.5,0,127,0
"hardened, global push",77.6,0,116,0
"hardened, global push",77.7,0,124,0
"hardened, global push",77.8,0,108,0
"hardened, global push",77.9,0,132,0
"hardened, global push",78.0,0,108,0
"hardened, global push",78.1,0,131,0
"hardened, global push",78.2,0,109,0
"hardened, global push",78.3,0,123,0
"hardened, global push",78.4,0,129,0
"hardened, global push",78.5,0,108,0
"hardened, global push",78.6,0,132,0
"hardened, global push",78.7,0,108,0
"hardened, global push",78.8,0,132,0
"hardened, global push",78.9,0,108,0
"hardened, global push",79.0,0,132,0
"hardened, global push",79.1,0,108,0
"hardened, global push",79.2,0,131,0
"hardened, global push",79.3,0,111,0
"hardened, global push",79.4,0,119,0
"hardened, global push",79.5,0,131,0
"hardened, global push",79.6,0,108,0
"hardened, global push",79.7,0,132,0
"hardened, global push",79.8,0,108,0
"hardened, global push",79.9,0,132,0
"hardened, global push",80.0,0,108,0
"hardened, global push",80.1,0,132,0
"hardened, global push",80.2,0,108,0
"hardened, global push",80.3,0,131,0
"hardened, global push",80.4,0,109,0
"hardened, global push",80.5,0,128,0
"hardened, global push",80.6,0,124,0
"hardened, global push",80.7,0,116,0
"hardened, global push",80.8,0,124,0
"hardened, global push",80.9,0,108,0
"hardened, global push",81.0,0,132,0
"hardened, global push",81.1,0,108,0
"hardened, global push",81.2,0,132,0
"hardened, global push",81.3,0,108,0
"hardened, global push",81.4,0,126,0
"hardened, global push",81.5,0,125,0
"hardened, global push",81.6,0,109,0
"hardened, global push",81.7,0,132,0
"hardened, global push",81.8,0,108,0
"hardened, global push",81.9,0,132,0
"hardened, global push",82.0,0,108,0
"hardened, global push",82.1,0,132,0
"hardened, global push",82.2,0,108,0
"hardened, global push",82.3,0,131,0
"hardened, global push",82.4,0,111,0
"hardened, global push",82.5,0,119,0
"hardened, global push",82.6,0,131,0
"hardened, global push",82.7,0,108,0
"hardened, global push",82.8,0,132,0
"hardened, global push",82.9,0,108,0
"hardened, global push",83.0,0,125,0
"hardened, global push",83.1,0,127,0
"hardened, global push",83.2,0,109,0
"hardened, global push",83.3,0,131,0
"hardened, global push",83.4,0,108,0
"hardened, global push",83.5,0,132,0
"hardened, global push",83.6,0,108,0
"hardened, global push",83.7,0,132,0
"hardened, global push",83.8,0,108,0
"hardened, global push",83.9,0,130,0
"hardened, global push",84.0,0,110,0
"hardened, global push",84.1,0,126,0
"hardened, global push",84.2,0,119,0
"hardened, global push",84.3,0,116,0
"hardened, global push",84.4,0,131,0
"hardened, global push",84.5,0,109,0
"hardened, global push",84.6,0,131,0
"hardened, global push",84.7,0,108,0
"hardened, global push",84.8,0,132,0
"hardened, global push",84.9,0,108,0
"hardened, global push",85.0,0,121,0
"hardened, global push",85.1,0,131,0
"hardened, global push",85.2,0,108,0
"hardened, global push",85.3,0,132,0
"hardened, global push",85.4,0,109,0
"hardened, global push",85.5,0,130,0
"hardened, global push",85.6,0,112,0
"hardened, global push",85.7,0,125,0
"hardened, global push",85.8,0,117,0
"hardened, global push",85.9,0,119,0
"hardened, global push",86.0,0,116,0
"hardened, global push",86.1,0,124,0
"hardened, global push",86.2,0,128,0
"hardened, global push",86.3,0,109,0
"hardened, global push",86.4,0,131,0
"hardened, global push",86.5,0,108,0
"hardened, global push",86.6,0,132,0
"hardened, global push",86.7,0,108,0
"hardened, global push",86.8,0,131,0
"hardened, global push",86.9,0,109,0
"hardened, global push",87.0,0,130,0
"hardened, global push",87.1,0,110,0
"hardened, global push",87.2,0,124,0
"hardened, global push",87.3,0,126,0
"hardened, global push",87.4,0,110,0
"hardened, global push",87.5,0,132,0
"hardened, global push",87.6,0,108,0
"hardened, global push",87.7,0,132,0
"hardened, global push",87.8,0,108,0
"hardened, global push",87.9,0,125,0
"hardened, global push",88.0,0,127,0
"hardened, global push",88.1,0,109,0
"hardened, global push",88.2,0,131,0
"hardened, global push",88.3,0,108,0
"hardened, global push",88.4,0,132,0
"hardened, global push",88.5,0,108,0
"hardened, global push",88.6,0,130,0
"hardened, global push",88.7,0,113,0
"hardened, global push",88.8,0,117,0
"hardened, global push",88.9,0,132,0
"hardened, global push",89.0,0,108,0
"hardened, global push",89.1,0,128,0
"hardened, global push",89.2,0,121,0
"hardened, global push",89.3,0,112,0
"hardened, global push",89.4,0,131,0
"hardened, global push",89.5,0,108,0
"hardened, global push",89.6,0,132,0
"hardened, global push",89.7,0,108,0
"hardened, global push",89.8,0,121,0
"hardened, global push",89.9,0,131,0
"hardened, global push",90.0,0,108,0
"hardened, global push",90.1,0,132,0
"hardened, global push",90.2,0,108,0
"hardened, global push",90.3,0,132,0
"hardened, global push",90.4,0,108,0
"hardened, global push",90.5,0,126,0
"hardened, global push",90.6,0,126,0
"hardened, global push",90.7,0,108,0
"hardened, global push",90.8,0,132,0
"hardened, global push",90.9,0,108,0
"hardened, global push",91.0,0,132,0
"hardened, global push",91.1,0,108,0
"hardened, global push",91.2,0,130,0
"hardened, global push",91.3,0,116,0
"hardened, global push",91.4,0,114,0
"hardened, global push",91.5,0,132,0
"hardened, global push",91.6,0,108,0
"hardened, global push",91.7,0,131,0
"hardened, global push",91.8,0,121,0
"hardened, global push",91.9,0,116,0
"hardened, global push",92.0,0,123,0
"hardened, global push",92.1,0,109,0
"hardened, global push",92.2,0,127,0
"hardened, global push",92.3,0,125,0
"hardened, global push",92.4,0,108,0
"hardened, global push",92.5,0,132,0
"hardened, global push",92.6,0,108,0
"hardened, global push",92.7,0,132,0
"hardened, global push",92.8,0,108,0
"hardened, global push",92.9,0,126,0
"hardened, global push",93.0,0,126,0
"hardened, global push",93.1,0,108,0
"hardened, global push",93.2,0,132,0
"hardened, global push",93.3,0,108,0
"hardened, global push",93.4,0,128,0
"hardened, global push",93.5,0,124,0
"hardened, global push",93.6,0,112,0
"hardened, global push",93.7,0,128,0
"hardened, global push",93.8,0,108,0
"hardened, global push",93.9,0,130,0
"hardened, global push",94.0,0,110,0
"hardened, global push",94.1,0,121,0
"hardened, global push",94.2,0,131,0
"hardened, global push",94.3,0,108,0
"hardened, global push",94.4,0,131,0
"hardened, global push",94.5,0,109,0
"hardened, global push",94.6,0,121,0
"hardened, global push",94.7,0,131,0
"hardened, global push",94.8,0,108,0
"hardened, global push",94.9,0,132,0
"hardened, global push",95.0,0,108,0
"hardened, global push",95.1,0,121,0
"hardened, global push",95.2,0,131,0
"hardened, global push",95.3,0,109,0
"hardened, global push",95.4,0,131,0
"hardened, global push",95.5,0,108,0
"hardened, global push",95.6,0,125,0
"hardened, global push",95.7,0,127,0
"hardened, global push",95.8,0,108,0
"hardened, global push",95.9,0,132,0
"hardened, global push",96.0,0,108,0
"hardened, global push",96.1,0,121,0
"hardened, global push",96.2,0,131,0
"hardened, global push",96.3,0,108,0
"hardened, global push",96.4,0,132,0
"hardened, global push",96.5,0,108,0
"hardened, global push",96.6,0,128,0
"hardened, global push",96.7,0,124,0
"hardened, global push",96.8,0,109,0
"hardened, global push",96.9,0,131,0
"hardened, global push",97.0,0,108,0
"hardened, global push",97.1,0,131,0
"hardened, global push",97.2,0,113,0
"hardened, global push",97.3,0,116,0
"hardened, global push",97.4,0,132,0
"hardened, global push",97.5,0,108,0
"hardened, global push",97.6,0,130,0
"hardened, global push",97.7,0,116,0
"hardened, global push",97.8,0,117,0
"hardened, global push",97.9,0,129,0
"hardened, global push",98.0,0,109,0
"hardened, global push",98.1,0,131,0
"hardened, global push",98.2,0,108,0
"hardened, global push",98.3,0,132,0
"hardened, global push",98.4,0,108,0
"hardened, global push",98.5,0,132,0
"hardened, global push",98.6,0,111,0
"hardened, global push",98.7,0,126,0
"hardened, global push",98.8,0,119,0
"hardened, global push",98.9,0,112,0
"hardened, global push",99.0,0,132,0
"hardened, global push",99.1,0,108,0
"hardened, global push",99.2,0,126,0
"hardened, global push",99.3,0,125,0
"hardened, global push",99.4,0,110,0
"hardened, global push",99.5,0,131,0
"hardened, global push",99.6,0,108,0
"hardened, global push",99.7,0,132,0
"hardened, global push",99.8,0,108,0
"hardened, global push",99.9,0,132,0
"hardened, global push",100.0,0,114,0
"hardened, global push",100.1,0,116,0
"hardened, global push",100.2,0,128,0
"hardened, global push",100.3,0,119,0
"hardened, global push",100.4,0,123,0
"hardened, global push",100.5,0,108,0
"hardened, global push",100.6,0,125,0
"hardened, global push",100.7,0,127,0
"hardened, global push",100.8,0,108,0
"hardened, global push",100.9,0,132,0
"hardened, global push",101.0,0,108,0
"hardened, global push",101.1,0,132,0
"hardened, global push",101.2,0,108,0
"hardened, global push",101.3,0,129,0
"hardened, global push",101.4,0,123,0
"hardened, global push",101.5,0,109,0
"hardened, global push",101.6,0,131,0
"hardened, global push",101.7,0,108,0
"hardened, global push",101.8,0,132,0
"hardened, global push",101.9,0,112,0
"hardened, global push",102.0,0,126,0
"hardened, global push",102.1,0,119,0
"hardened, global push",102.2,0,112,0
"hardened, global push",102.3,0,131,0
"hardened, global push",102.4,0,108,0
"hardened, global push",102.5,0,130,0
"hardened, global push",102.6,0,122,0
"hardened, global push",102.7,0,110,0
"hardened, global push",102.8,0,130,0
"hardened, global push",102.9,0,109,0
"hardened, global push",103.0,0,131,0
"hardened, global push",103.1,0,108,0
"hardened, global push",103.2,0,131,0
"hardened, global push",103.3,0,109,0
"hardened, global push",103.4,0,130,0
"hardened, global push",103.5,0,120,0
"hardened, global push",103.6,0,120,0
"hardened, global push",103.7,0,116,0
"hardened, global push",103.8,0,115,0
"hardened, global push",103.9,0,131,0
"hardened, global push",104.0,0,108,0
"hardened, global push",104.1,0,132,0
"hardened, global push",104.2,0,108,0
"hardened, global push",104.3,0,128,0
"hardened, global push",104.4,0,112,0
"hardened, global push",104.5,0,124,0
"hardened, global push",104.6,0,128,0
"hardened, global push",104.7,0,109,0
"hardened, global push",104.8,0,131,0
"hardened, global push",104.9,0,108,0
"hardened, global push",105.0,0,132,0
"hardened, global push",105.1,0,112,0
"hardened, global push",105.2,0,126,0
"hardened, global push",105.3,0,111,0
"hardened, global push",105.4,0,122,0
"hardened, global push",105.5,0,129,0
"hardened, global push",105.6,0,109,0
"hardened, global push",105.7,0,131,0
"hardened, global push",105.8,0,108,0
"hardened, global push",105.9,0,132,0
"hardened, global push",106.0,0,108,0
"hardened, global push",106.1,0,132,0
"hardened, global push",106.2,0,108,0
"hardened, global push",106.3,0,132,0
"hardened, global push",106.4,0,108,0
"hardened, global push",106.5,0,132,0
"hardened, global push",106.6,0,109,0
"hardened, global push",106.7,0,131,0
"hardened, global push",106.8,0,108,0
"hardened, global push",106.9,0,123,0
"hardened, global push",107.0,0,128,0
"hardened, global push",107.1,0,113,0
"hardened, global push",107.2,0,128,0
"hardened, global push",107.3,0,108,0
"hardened, global push",107.4,0,132,0
"hardened, global push",107.5,0,108,0
"hardened, global push",107.6,0,132,0
"hardened, global push",107.7,0,108,0
"hardened, global push",107.8,0,132,0
"hardened, global push",107.9,0,108,0
"hardened, global push",108.0,0,132,0
"hardened, global push",108.1,0,110,0
"hardened, global push",108.2,0,130,0
"hardened, global push",108.3,0,108,0
"hardened, global push",108.4,0,131,0
"hardened, global push",108.5,0,109,0
"hardened, global push",108.6,0,126,0
"hardened, global push",108.7,0,126,0
"hardened, global push",108.8,0,109,0
"hardened, global push",108.9,0,131,0
"hardened, global push",109.0,0,108,0
"hardened, global push",109.1,0,132,0
"hardened, global push",109.2,0,108,0
"hardened, global push",109.3,0,132,0
"hardened, global push",109.4,0,108,0
"hardened, global push",109.5,0,132,0
"hardened, global push",109.6,0,115,0
"hardened, global push",109.7,0,122,0
"hardened, global push",109.8,0,120,0
"hardened, global push",109.9,0,112,0
"hardened, global push",110.0,0,131,0
"hardened, global push",110.1,0,108,0
"hardened, global push",110.2,0,132,0
"hardened, global push",110.3,0,108,0
"hardened, global push",110.4,0,132,0
"hardened, global push",110.5,0,108,0
"hardened, global push",110.6,0,130,0
"hardened, global push",110.7,0,110,0
"hardened, global push",110.8,0,127,0
"hardened, global push",110.9,0,125,0
"hardened, global push",111.0,0,112,0
"hardened, global push",111.1,0,128,0
"hardened, global push",111.2,0,117,0
"hardened, global push",111.3,0,120,0
"hardened, global push",111.4,0,111,0
"hardened, global push",111.5,0,132,0
"hardened, global push",111.6,0,108,0
"hardened, global push",111.7,0,132,0
"hardened, global push",111.8,0,108,0
"hardened, global push",111.9,0,130,0
"hardened, global push",112.0,0,112,0
"hardened, global push",112.1,0,121,0
"hardened, global push",112.2,0,129,0
"hardened, global push",112.3,0,109,0
"hardened, global push",112.4,0,131,0
"hardened, global push",112.5,0,108,0
"hardened, global push",112.6,0,132,0
"hardened, global push",112.7,0,109,0
"hardened, global push",112.8,0,130,0
"hardened, global push",112.9,0,115,0
"hardened, global push",113.0,0,120,0
"hardened, global push",113.1,0,118,0
"hardened, global push",113.2,0,120,0
"hardened, global push",113.3,0,128,0
"hardened, global push",113.4,0,109,0
"hardened, global push",113.5,0,131,0
"hardened, global push",113.6,0,108,0
"hardened, global push",113.7,0,132,0
"hardened, global push",113.8,0,108,0
"hardened, global push",113.9,0,132,0
"hardened, global push",114.0,0,108,0
"hardened, global push",114.1,0,132,0
"hardened, global push",114.2,0,108,0
"hardened, global push",114.3,0,132,0
"hardened, global push",114.4,0,111,0
"hardened, global push",114.5,0,121,0
"hardened, global push",114.6,0,128,0
"hardened, global push",114.7,0,109,0
"hardened, global push",114.8,0,131,0
"hardened, global push",114.9,0,108,0
"hardened, global push",115.0,0,131,0
"hardened, global push",115.1,0,109,0
"hardened, global push",115.2,0,129,0
"hardened, global push",115.3,0,111,0
"hardened, global push",115.4,0,127,0
"hardened, global push",115.5,0,113,0
"hardened, global push",115.6,0,126,0
"hardened, global push",115.7,0,123,0
"hardened, global push",115.8,0,120,0
"hardened, global push",115.9,0,121,0
"hardened, global push",116.0,0,111,0
"hardened, global push",116.1,0,131,0
"hardened, global push",116.2,0,108,0
"hardened, global push",116.3,0,132,0
"hardened, global push",116.4,0,109,0
"hardened, global push",116.5,0,131,0
"hardened, global push",116.6,0,108,0
"hardened, global push",116.7,0,132,0
"hardened, global push",116.8,0,108,0
"hardened, global push",116.9,0,132,0
"hardened, global push",117.0,0,110,0
"hardened, global push",117.1,0,129,0
"hardened, global push",117.2,0,116,0
"hardened, global push",117.3,0,122,0
"hardened, global push",117.4,0,117,0
"hardened, global push",117.5,0,115,0
"hardened, global push",117.6,0,131,0
"hardened, global push",117.7,0,108,0
"hardened, global push",117.8,0,132,0
"hardened, global push",117.9,0,108,0
"hardened, global push",118.0,0,132,0
"hardened, global push",118.1,0,108,0
"hardened, global push",118.2,0,132,0
"hardened, global push",118.3,0,108,0
"hardened, global push",118.4,0,126,0
"hardened, global push",118.5,0,114,0
"hardened, global push",118.6,0,122,0
"hardened, global push",118.7,0,130,0
"hardened, global push",118.8,0,119,0
"hardened, global push",118.9,0,118,0
"hardened, global push",119.0,0,111,0
"hardened, global push",119.1,0,132,0
"hardened, global push",119.2,0,108,0
"hardened, global push",119.3,0,132,0
"hardened, global push",119.4,0,108,0
"hardened, global push",119.5,0,132,0
"hardened, global push",119.6,0,108,0
"hardened, global push",119.7,0,132,0
"hardened, global push",119.8,0,108,0
"hardened, global push",119.9,0,129,0
"hardened, global push",120.0,0,122,0
"hardened, global push",120.1,0,115,0
"hardened, global push",120.2,0,125,0
"hardened, global push",120.3,0,118,0
"hardened, global push",120.4,0,123,0
"hardened, global push",120.5,0,108,0
"hardened, global push",120.6,0,132,0
"hardened, global push",120.7,0,108,0
"hardened, global push",120.8,0,132,0
"hardened, global push",120.9,0,108,0
"hardened, global push",121.0,0,132,0
"hardened, global push",121.1,0,108,0
"hardened, global push",121.2,0,130,0
"hardened, global push",121.3,0,110,0
"hardened, global push",121.4,0,132,0
"hardened, global push",121.5,0,108,0
"hardened, global push",121.6,0,132,0
"hardened, global push",121.7,0,109,0
"hardened, global push",121.8,0,130,0
"hardened, global push",121.9,0,119,0
"hardened, global push",122.0,0,110,0
"hardened, global push",122.1,0,132,0
"hardened, global push",122.2,0,108,0
"hardened, global push",122.3,0,132,0
"hardened, global push",122.4,0,108,0
"hardened, global push",122.5,0,124,0
"hardened, global push",122.6,0,128,0
"hardened, global push",122.7,0,110,0
"hardened, global push",122.8,0,130,0
"hardened, global push",122.9,0,109,0
"hardened, global push",123.0,0,131,0
"hardened, global push",123.1,0,108,0
"hardened, global push",123.2,0,132,0
"hardened, global push",123.3,0,111,0
"hardened, global push",123.4,0,129,0
"hardened, global push",123.5,0,108,0
"hardened, global push",123.6,0,131,0
"hardened, global push",123.7,0,109,0
"hardened, global push",123.8,0,127,0
"hardened, global push",123.9,0,123,0
"hardened, global push",124.0,0,114,0
"hardened, global push",124.1,0,128,0
"hardened, global push",124.2,0,108,0
"hardened, global push",124.3,0,132,0
"hardened, global push",124.4,0,108,0
"hardened, global push",124.5,0,132,0
"hardened, global push",124.6,0,108,0
"hardened, global push",124.7,0,132,0
"hardened, global push",124.8,0,108,0
"hardened, global push",124.9,0,129,0
"hardened, global push",125.0,0,119,0
"hardened, global push",125.1,0,113,0
"hardened, global push",125.2,0,131,0
"hardened, global push",125.3,0,108,0
"hardened, global push",125.4,0,132,0
"hardened, global push",125.5,0,108,0
"hardened, global push",125.6,0,132,0
"hardened, global push",125.7,0,108,0
"hardened, global push",125.8,0,132,0
"hardened, global push",125.9,0,108,0
"hardened, global push",126.0,0,127,0
"hardened, global push",126.1,0,114,0
"hardened, global push",126.2,0,128,0
"hardened, global push",126.3,0,122,0
"hardened, global push",126.4,0,118,0
"hardened, global push",126.5,0,119,0
"hardened, global push",126.6,0,113,0
"hardened, global push",126.7,0,131,0
"hardened, global push",126.8,0,108,0
"hardened, global push",126.9,0,132,0
"hardened, global push",127.0,0,108,0
"hardened, global push",127.1,0,131,0
"hardened, global push",127.2,0,109,0
"hardened, global push",127.3,0,125,0
"hardened, global push",127.4,0,127,0
"hardened, global push",127.5,0,109,0
"hardened, global push",127.6,0,131,0
"hardened, global push",127.7,0,108,0
"hardened, global push",127.8,0,132,0
"hardened, global push",127.9,0,112,0
"hardened, global push",128.0,0,128,0
"hardened, global push",128.1,0,108,0
"hardened, global push",128.2,0,132,0
"hardened, global push",128.3,0,108,0
"hardened, global push",128.4,0,131,0
"hardened, global push",128.5,0,109,0
"hardened, global push",128.6,0,129,0
"hardened, global push",128.7,0,116,0
"hardened, global push",128.8,0,119,0
"hardened, global push",128.9,0,128,0
"hardened, global push",129.0,0,109,0
"hardened, global push",129.1,0,131,0
"hardened, global push",129.2,0,109,0
"hardened, global push",129.3,0,131,0
"hardened, global push",129.4,0,113,0
"hardened, global push",129.5,0,127,0
"hardened, global push",129.6,0,108,0
"hardened, global push",129.7,0,132,0
"hardened, global push",129.8,0,108,0
"hardened, global push",129.9,0,131,0
"hardened, global push",130.0,0,121,0
"hardened, global push",130.1,0,109,0
"hardened, global push",130.2,0,131,0
"hardened, global push",130.3,0,108,0
"hardened, global push",130.4,0,132,0
"hardened, global push",130.5,0,108,0
"hardened, global push",130.6,0,126,0
"hardened, global push",130.7,0,118,0
"hardened, global push",130.8,0,118,0
"hardened, global push",130.9,0,130,0
"hardened, global push",131.0,0,116,0
"hardened, global push",131.1,0,120,0
"hardened, global push",131.2,0,112,0
"hardened, global push",131.3,0,132,0
"hardened, global push",131.4,0,108,0
"hardened, global push",131.5,0,131,0
"hardened, global push",131.6,0,112,0
"hardened, global push",131.7,0,119,0
"hardened, global push",131.8,0,130,0
"hardened, global push",131.9,0,108,0
"hardened, global push",132.0,0,132,0
"hardened, global push",132.1,0,108,0
"hardened, global push",132.2,0,132,0
"hardened, global push",132.3,0,108,0
"hardened, global push",132.4,0,132,0
"hardened, global push",132.5,0,109,0
"hardened, global push",132.6,0,129,0
"hardened, global push",132.7,0,112,0
"hardened, global push",132.8,0,127,0
"hardened, global push",132.9,0,115,0
"hardened, global push",133.0,0,122,0
"hardened, global push",133.1,0,124,0
"hardened, global push",133.2,0,114,0
"hardened, global push",133.3,0,128,0
"hardened, global push",133.4,0,109,0
"hardened, global push",133.5,0,129,0
"hardened, global push",133.6,0,111,0
"hardened, global push",133.7,0,125,0
"hardened, global push",133.8,0,117,0
"hardened, global push",133.9,0,129,0
"hardened, global push",134.0,0,115,0
"hardened, global push",134.1,0,125,0
"hardened, global push",134.2,0,108,0
"hardened, global push",134.3,0,132,0
"hardened, global push",134.4,0,108,0
"hardened, global push",134.5,0,132,0
"hardened, global push",134.6,0,108,0
"hardened, global push",134.7,0,129,0
"hardened, global push",134.8,0,119,0
"hardened, global push",134.9,0,115,0
"hardened, global push",135.0,0,129,0
"hardened, global push",135.1,0,113,0
"hardened, global push",135.2,0,127,0
"hardened, global push",135.3,0,114,0
"hardened, global push",135.4,0,118,0
"hardened, global push",135.5,0,125,0
"hardened, global push",135.6,0,122,0
"hardened, global push",135.7,0,109,0
"hardened, global push",135.8,0,132,0
"hardened, global push",135.9,0,108,0
"hardened, global push",136.0,0,131,0
"hardened, global push",136.1,0,109,0
"hardened, global push",136.2,0,130,0
"hardened, global push",136.3,0,120,0
"hardened, global push",136.4,0,113,0
"hardened, global push",136.5,0,129,0
"hardened, global push",136.6,0,108,0
"hardened, global push",136.7,0,132,0
"hardened, global push",136.8,0,108,0
"hardened, global push",136.9,0,132,0
"hardened, global push",137.0,0,114,0
"hardened, global push",137.1,0,126,0
"hardened, global push",137.2,0,108,0
"hardened, global push",137.3,0,132,0
"hardened, global push",137.4,0,108,0
"hardened, global push",137.5,0,127,0
"hardened, global push",137.6,0,125,0
"hardened, global push",137.7,0,110,0
"hardened, global push",137.8,0,130,0
"hardened, global push",137.9,0,108,0
"hardened, global push",138.0,0,132,0
"hardened, global push",138.1,0,109,0
"hardened, global push",138.2,0,128,0
"hardened, global push",138.3,0,118,0
"hardened, global push",138.4,0,117,0
"hardened, global push",138.5,0,126,0
"hardened, global push",138.6,0,121,0
"hardened, global push",138.7,0,109,0
"hardened, global push",138.8,0,132,0
"hardened, global push",138.9,0,108,0
"hardened, global push",139.0,0,132,0
"hardened, global push",139.1,0,108,0
"hardened, global push",139.2,0,132,0
"hardened, global push",139.3,0,108,0
"hardened, global push",139.4,0,132,0
"hardened, global push",139.5,0,108,0
"hardened, global push",139.6,0,132,0
"hardened, global push",139.7,0,108,0
"hardened, global push",139.8,0,124,0
"hardened, global push",139.9,0,128,0
"hardened, global push",140.0,0,115,0
"hardened, global push",140.1,0,124,0
"hardened, global push",140.2,0,109,0
"hardened, global push",140.3,0,132,0
"hardened, global push",140.4,0,108,0
"hardened, global push",140.5,0,132,0
"hardened, global push",140.6,0,108,0
"hardened, global push",140.7,0,128,0
"hardened, global push",140.8,0,112,0
"hardened, global push",140.9,0,124,0
"hardened, global push",141.0,0,128,0
"hardened, global push",141.1,0,108,0
"hardened, global push",141.2,0,132,0
"hardened, global push",141.3,0,108,0
"hardened, global push",141.4,0,132,0
"hardened, global push",141.5,0,113,0
"hardened, global push",141.6,0,127,0
"hardened, global push",141.7,0,108,0
"hardened, global push",141.8,0,132,0
"hardened, global push",141.9,0,109,0
"hardened, global push",142.0,0,128,0
"hardened, global push",142.1,0,123,0
"hardened, global push",142.2,0,109,0
"hardened, global push",142.3,0,131,0
"hardened, global push",142.4,0,109,0
"hardened, global push",142.5,0,131,0
"hardened, global push",142.6,0,108,0
"hardened, global push",142.7,0,132,0
"hardened, global push",142.8,0,108,0
"hardened, global push",142.9,0,132,0
"hardened, global push",143.0,0,109,0
"hardened, global push",143.1,0,130,0
"hardened, global push",143.2,0,109,0
"hardened, global push",143.3,0,132,0
"hardened, global push",143.4,0,108,0
"hardened, global push",143.5,0,132,0
"hardened, global push",143.6,0,108,0
"hardened, global push",143.7,0,125,0
"hardened, global push",143.8,0,125,0
"hardened, global push",143.9,0,113,0
"hardened, global push",144.0,0,129,0
"hardened, global push",144.1,0,109,0
"hardened, global push",144.2,0,131,0
"hardened, global push",144.3,0,108,0
"hardened, global push",144.4,0,132,0
"hardened, global push",144.5,0,109,0
"hardened, global push",144.6,0,131,0
"hardened, global push",144.7,0,108,0
"hardened, global push",144.8,0,128,0
"hardened, global push",144.9,0,112,0
"hardened, global push",145.0,0,127,0
"hardened, global push",145.1,0,115,0
"hardened, global push",145.2,0,118,0
"hardened, global push",145.3,0,132,0
"hardened, global push",145.4,0,108,0
"hardened, global push",145.5,0,132,0
"hardened, global push",145.6,0,108,0
"hardened, global push",145.7,0,130,0
"hardened, global push",145.8,0,110,0
"hardened, global push",145.9,0,130,0
"hardened, global push",146.0,0,120,0
"hardened, global push",146.1,0,118,0
"hardened, global push",146.2,0,118,0
"hardened, global push",146.3,0,114,0
"hardened, global push",146.4,0,132,0
"hardened, global push",146.5,0,109,0
"hardened, global push",146.6,0,131,0
"hardened, global push",146.7,0,108,0
"hardened, global push",146.8,0,132,0
"hardened, global push",146.9,0,108,0
"hardened, global push",147.0,0,132,0
"hardened, global push",147.1,0,108,0
"hardened, global push",147.2,0,130,0
"hardened, global push",147.3,0,112,0
"hardened, global push",147.4,0,130,0
"hardened, global push",147.5,0,108,0
"hardened, global push",147.6,0,130,0
"hardened, global push",147.7,0,118,0
"hardened, global push",147.8,0,113,0
"hardened, global push",147.9,0,131,0
"hardened, global push",148.0,0,108,0
"hardened, global push",148.1,0,132,0
"hardened, global push",148.2,0,108,0
"hardened, global push",148.3,0,131,0
"hardened, global push",148.4,0,109,0
"hardened, global push",148.5,0,130,0
"hardened, global push",148.6,0,117,0
"hardened, global push",148.7,0,115,0
"hardened, global push",148.8,0,130,0
"hardened, global push",148.9,0,109,0
"hardened, global push",149.0,0,131,0
"hardened, global push",149.1,0,115,0
"hardened, global push",149.2,0,125,0
"hardened, global push",149.3,0,108,0
"hardened, global push",149.4,0,128,0
"hardened, global push",149.5,0,119,0
"hardened, global push",149.6,0,114,0
"hardened, global push",149.7,0,131,0
"hardened, global push",149.8,0,108,0
"hardened, global push",149.9,0,132,0
