limiter_redis,client,round,status,ms
healthy,"both timeouts, no retries",1,200,30.78
healthy,"both timeouts, no retries",1,200,3.52
healthy,"both timeouts, no retries",1,200,2.85
healthy,"both timeouts, no retries",1,200,2.97
healthy,"both timeouts, no retries",1,200,2.76
healthy,"both timeouts, no retries",1,200,2.98
healthy,"both timeouts, no retries",1,200,2.86
healthy,"both timeouts, no retries",1,200,2.48
healthy,"both timeouts, no retries",1,200,2.73
healthy,"both timeouts, no retries",1,200,2.39
healthy,"both timeouts, no retries",1,200,2.7
healthy,"both timeouts, no retries",1,200,2.48
healthy,"both timeouts, no retries",1,200,2.75
healthy,"both timeouts, no retries",1,200,2.44
healthy,"both timeouts, no retries",1,200,2.67
healthy,"both timeouts, no retries",1,200,2.8
healthy,"both timeouts, no retries",1,200,2.57
healthy,"both timeouts, no retries",1,200,2.9
healthy,"both timeouts, no retries",1,200,2.77
healthy,"both timeouts, no retries",1,200,2.76
healthy,"both timeouts, no retries",1,200,2.61
healthy,"both timeouts, no retries",1,200,2.35
healthy,"both timeouts, no retries",1,200,2.78
healthy,"both timeouts, no retries",1,200,2.81
healthy,"both timeouts, no retries",1,200,2.72
healthy,"both timeouts, no retries",1,200,2.53
healthy,"both timeouts, no retries",1,200,2.61
healthy,"both timeouts, no retries",1,200,2.5
healthy,"both timeouts, no retries",1,200,2.6
healthy,"both timeouts, no retries",1,200,2.63
healthy,"both timeouts, no retries",1,200,2.48
healthy,"both timeouts, no retries",1,200,2.88
healthy,"both timeouts, no retries",1,200,2.52
healthy,"both timeouts, no retries",1,200,2.38
healthy,"both timeouts, no retries",1,200,2.79
healthy,"both timeouts, no retries",1,200,2.46
healthy,"both timeouts, no retries",1,200,2.67
healthy,"both timeouts, no retries",1,200,2.67
healthy,"both timeouts, no retries",1,200,2.51
healthy,"both timeouts, no retries",1,200,2.47
healthy,"both timeouts, no retries",1,200,3.23
healthy,"both timeouts, no retries",1,200,2.92
healthy,"both timeouts, no retries",1,200,2.74
healthy,"both timeouts, no retries",1,200,2.74
healthy,"both timeouts, no retries",1,200,2.54
healthy,"both timeouts, no retries",1,200,2.87
healthy,"both timeouts, no retries",1,200,2.53
healthy,"both timeouts, no retries",1,200,2.37
healthy,"both timeouts, no retries",1,200,2.81
healthy,"both timeouts, no retries",1,200,2.44
healthy,"both timeouts, no retries",1,200,2.62
healthy,"both timeouts, no retries",1,200,2.58
healthy,"both timeouts, no retries",1,200,2.62
healthy,"both timeouts, no retries",1,200,2.48
healthy,"both timeouts, no retries",1,200,2.52
healthy,"both timeouts, no retries",1,200,2.61
healthy,"both timeouts, no retries",1,200,2.48
healthy,"both timeouts, no retries",1,200,2.71
healthy,"both timeouts, no retries",1,200,2.7
healthy,"both timeouts, no retries",1,200,2.95
healthy,"both timeouts, no retries",1,200,2.94
healthy,"both timeouts, no retries",1,200,2.49
healthy,"both timeouts, no retries",1,200,2.71
healthy,"both timeouts, no retries",1,200,2.88
healthy,"both timeouts, no retries",1,200,2.67
healthy,"both timeouts, no retries",1,200,2.55
healthy,"both timeouts, no retries",1,200,2.38
healthy,"both timeouts, no retries",1,200,2.47
healthy,"both timeouts, no retries",1,200,2.53
healthy,"both timeouts, no retries",1,200,2.74
healthy,"both timeouts, no retries",1,200,2.55
healthy,"both timeouts, no retries",1,200,2.92
healthy,"both timeouts, no retries",1,200,2.68
healthy,"both timeouts, no retries",1,200,2.45
healthy,"both timeouts, no retries",1,200,2.72
healthy,"both timeouts, no retries",1,200,2.42
healthy,"both timeouts, no retries",1,200,2.92
healthy,"both timeouts, no retries",1,200,2.52
healthy,"both timeouts, no retries",1,200,2.81
healthy,"both timeouts, no retries",1,200,2.68
healthy,"both timeouts, no retries",1,200,2.42
healthy,"both timeouts, no retries",1,200,3.15
healthy,"both timeouts, no retries",1,200,2.57
healthy,"both timeouts, no retries",1,200,2.59
healthy,"both timeouts, no retries",1,200,2.46
healthy,"both timeouts, no retries",1,200,2.72
healthy,"both timeouts, no retries",1,200,2.99
healthy,"both timeouts, no retries",1,200,2.99
healthy,"both timeouts, no retries",1,200,2.6
healthy,"both timeouts, no retries",1,200,2.45
healthy,"both timeouts, no retries",1,200,2.86
healthy,"both timeouts, no retries",1,200,2.44
healthy,"both timeouts, no retries",1,200,2.82
healthy,"both timeouts, no retries",1,200,2.59
healthy,"both timeouts, no retries",1,200,2.42
healthy,"both timeouts, no retries",1,200,2.66
healthy,"both timeouts, no retries",1,200,2.65
healthy,"both timeouts, no retries",1,200,2.66
healthy,"both timeouts, no retries",1,200,2.53
healthy,"both timeouts, no retries",1,200,2.75
healthy,"both timeouts, no retries",2,200,2.52
healthy,"both timeouts, no retries",2,200,2.33
healthy,"both timeouts, no retries",2,200,2.69
healthy,"both timeouts, no retries",2,200,2.5
healthy,"both timeouts, no retries",2,200,2.78
healthy,"both timeouts, no retries",2,200,2.75
healthy,"both timeouts, no retries",2,200,2.71
healthy,"both timeouts, no retries",2,200,2.88
healthy,"both timeouts, no retries",2,200,2.71
healthy,"both timeouts, no retries",2,200,3.04
healthy,"both timeouts, no retries",2,200,2.75
healthy,"both timeouts, no retries",2,200,2.9
healthy,"both timeouts, no retries",2,200,2.66
healthy,"both timeouts, no retries",2,200,2.77
healthy,"both timeouts, no retries",2,200,2.69
healthy,"both timeouts, no retries",2,200,2.65
healthy,"both timeouts, no retries",2,200,2.81
healthy,"both timeouts, no retries",2,200,2.66
healthy,"both timeouts, no retries",2,200,2.71
healthy,"both timeouts, no retries",2,200,2.46
healthy,"both timeouts, no retries",2,200,2.75
healthy,"both timeouts, no retries",2,200,2.52
healthy,"both timeouts, no retries",2,200,2.69
healthy,"both timeouts, no retries",2,200,2.64
healthy,"both timeouts, no retries",2,200,2.72
healthy,"both timeouts, no retries",2,200,3.87
healthy,"both timeouts, no retries",2,200,3.09
healthy,"both timeouts, no retries",2,200,3.08
healthy,"both timeouts, no retries",2,200,2.86
healthy,"both timeouts, no retries",2,200,2.99
healthy,"both timeouts, no retries",2,200,2.93
healthy,"both timeouts, no retries",2,200,3.0
healthy,"both timeouts, no retries",2,200,3.04
healthy,"both timeouts, no retries",2,200,3.01
healthy,"both timeouts, no retries",2,200,3.03
healthy,"both timeouts, no retries",2,200,3.06
healthy,"both timeouts, no retries",2,200,2.84
healthy,"both timeouts, no retries",2,200,3.13
healthy,"both timeouts, no retries",2,200,2.68
healthy,"both timeouts, no retries",2,200,3.0
healthy,"both timeouts, no retries",2,200,2.77
healthy,"both timeouts, no retries",2,200,3.04
healthy,"both timeouts, no retries",2,200,3.05
healthy,"both timeouts, no retries",2,200,3.01
healthy,"both timeouts, no retries",2,200,2.86
healthy,"both timeouts, no retries",2,200,2.78
healthy,"both timeouts, no retries",2,200,2.77
healthy,"both timeouts, no retries",2,200,3.15
healthy,"both timeouts, no retries",2,200,3.17
healthy,"both timeouts, no retries",2,200,2.94
healthy,"both timeouts, no retries",2,200,3.17
healthy,"both timeouts, no retries",2,200,2.82
healthy,"both timeouts, no retries",2,200,3.4
healthy,"both timeouts, no retries",2,200,2.78
healthy,"both timeouts, no retries",2,200,3.21
healthy,"both timeouts, no retries",2,200,2.69
healthy,"both timeouts, no retries",2,200,3.05
healthy,"both timeouts, no retries",2,200,2.83
healthy,"both timeouts, no retries",2,200,3.49
healthy,"both timeouts, no retries",2,200,3.1
healthy,"both timeouts, no retries",2,200,3.43
healthy,"both timeouts, no retries",2,200,3.03
healthy,"both timeouts, no retries",2,200,3.04
healthy,"both timeouts, no retries",2,200,2.77
healthy,"both timeouts, no retries",2,200,3.22
healthy,"both timeouts, no retries",2,200,3.19
healthy,"both timeouts, no retries",2,200,3.88
healthy,"both timeouts, no retries",2,200,3.44
healthy,"both timeouts, no retries",2,200,3.85
healthy,"both timeouts, no retries",2,200,3.92
healthy,"both timeouts, no retries",2,200,3.95
healthy,"both timeouts, no retries",2,200,3.89
healthy,"both timeouts, no retries",2,200,4.92
healthy,"both timeouts, no retries",2,200,3.65
healthy,"both timeouts, no retries",2,200,4.34
healthy,"both timeouts, no retries",2,200,3.37
healthy,"both timeouts, no retries",2,200,3.11
healthy,"both timeouts, no retries",2,200,2.93
healthy,"both timeouts, no retries",2,200,3.51
healthy,"both timeouts, no retries",2,200,3.65
healthy,"both timeouts, no retries",2,200,3.57
healthy,"both timeouts, no retries",2,200,3.68
healthy,"both timeouts, no retries",2,200,3.06
healthy,"both timeouts, no retries",2,200,3.52
healthy,"both timeouts, no retries",2,200,3.37
healthy,"both timeouts, no retries",2,200,3.83
healthy,"both timeouts, no retries",2,200,3.46
healthy,"both timeouts, no retries",2,200,3.35
healthy,"both timeouts, no retries",2,200,3.61
healthy,"both timeouts, no retries",2,200,3.29
healthy,"both timeouts, no retries",2,200,3.83
healthy,"both timeouts, no retries",2,200,4.32
healthy,"both timeouts, no retries",2,200,4.08
healthy,"both timeouts, no retries",2,200,4.1
healthy,"both timeouts, no retries",2,200,3.04
healthy,"both timeouts, no retries",2,200,3.22
healthy,"both timeouts, no retries",2,200,2.81
healthy,"both timeouts, no retries",2,200,3.16
healthy,"both timeouts, no retries",2,200,2.94
healthy,"both timeouts, no retries",2,200,3.51
healthy,"both timeouts, no retries",3,200,2.9
healthy,"both timeouts, no retries",3,200,3.22
healthy,"both timeouts, no retries",3,200,2.89
healthy,"both timeouts, no retries",3,200,3.01
healthy,"both timeouts, no retries",3,200,2.54
healthy,"both timeouts, no retries",3,200,2.99
healthy,"both timeouts, no retries",3,200,2.68
healthy,"both timeouts, no retries",3,200,2.82
healthy,"both timeouts, no retries",3,200,2.7
healthy,"both timeouts, no retries",3,200,2.75
healthy,"both timeouts, no retries",3,200,2.6
healthy,"both timeouts, no retries",3,200,2.49
healthy,"both timeouts, no retries",3,200,2.78
healthy,"both timeouts, no retries",3,200,2.82
healthy,"both timeouts, no retries",3,200,2.86
healthy,"both timeouts, no retries",3,200,2.71
healthy,"both timeouts, no retries",3,200,2.88
healthy,"both timeouts, no retries",3,200,2.7
healthy,"both timeouts, no retries",3,200,2.73
healthy,"both timeouts, no retries",3,200,2.87
healthy,"both timeouts, no retries",3,200,2.49
healthy,"both timeouts, no retries",3,200,3.3
healthy,"both timeouts, no retries",3,200,2.81
healthy,"both timeouts, no retries",3,200,3.0
healthy,"both timeouts, no retries",3,200,3.12
healthy,"both timeouts, no retries",3,200,3.09
healthy,"both timeouts, no retries",3,200,2.6
healthy,"both timeouts, no retries",3,200,2.74
healthy,"both timeouts, no retries",3,200,2.64
healthy,"both timeouts, no retries",3,200,2.64
healthy,"both timeouts, no retries",3,200,2.87
healthy,"both timeouts, no retries",3,200,2.59
healthy,"both timeouts, no retries",3,200,2.97
healthy,"both timeouts, no retries",3,200,2.62
healthy,"both timeouts, no retries",3,200,2.7
healthy,"both timeouts, no retries",3,200,3.13
healthy,"both timeouts, no retries",3,200,3.84
healthy,"both timeouts, no retries",3,200,2.99
healthy,"both timeouts, no retries",3,200,3.4
healthy,"both timeouts, no retries",3,200,2.82
healthy,"both timeouts, no retries",3,200,3.21
healthy,"both timeouts, no retries",3,200,2.69
healthy,"both timeouts, no retries",3,200,3.28
healthy,"both timeouts, no retries",3,200,2.87
healthy,"both timeouts, no retries",3,200,2.98
healthy,"both timeouts, no retries",3,200,2.85
healthy,"both timeouts, no retries",3,200,3.33
healthy,"both timeouts, no retries",3,200,2.7
healthy,"both timeouts, no retries",3,200,2.74
healthy,"both timeouts, no retries",3,200,2.76
healthy,"both timeouts, no retries",3,200,2.6
healthy,"both timeouts, no retries",3,200,3.06
healthy,"both timeouts, no retries",3,200,2.6
healthy,"both timeouts, no retries",3,200,2.86
healthy,"both timeouts, no retries",3,200,2.52
healthy,"both timeouts, no retries",3,200,2.67
healthy,"both timeouts, no retries",3,200,2.57
healthy,"both timeouts, no retries",3,200,3.21
healthy,"both timeouts, no retries",3,200,2.59
healthy,"both timeouts, no retries",3,200,2.51
healthy,"both timeouts, no retries",3,200,2.85
healthy,"both timeouts, no retries",3,200,2.54
healthy,"both timeouts, no retries",3,200,3.36
healthy,"both timeouts, no retries",3,200,3.3
healthy,"both timeouts, no retries",3,200,3.44
healthy,"both timeouts, no retries",3,200,2.88
healthy,"both timeouts, no retries",3,200,3.06
healthy,"both timeouts, no retries",3,200,2.79
healthy,"both timeouts, no retries",3,200,3.08
healthy,"both timeouts, no retries",3,200,2.9
healthy,"both timeouts, no retries",3,200,3.21
healthy,"both timeouts, no retries",3,200,3.33
healthy,"both timeouts, no retries",3,200,3.62
healthy,"both timeouts, no retries",3,200,3.6
healthy,"both timeouts, no retries",3,200,3.78
healthy,"both timeouts, no retries",3,200,3.57
healthy,"both timeouts, no retries",3,200,3.51
healthy,"both timeouts, no retries",3,200,3.68
healthy,"both timeouts, no retries",3,200,3.37
healthy,"both timeouts, no retries",3,200,3.32
healthy,"both timeouts, no retries",3,200,3.19
healthy,"both timeouts, no retries",3,200,4.33
healthy,"both timeouts, no retries",3,200,3.83
healthy,"both timeouts, no retries",3,200,3.94
healthy,"both timeouts, no retries",3,200,3.74
healthy,"both timeouts, no retries",3,200,3.59
healthy,"both timeouts, no retries",3,200,3.78
healthy,"both timeouts, no retries",3,200,3.67
healthy,"both timeouts, no retries",3,200,3.64
healthy,"both timeouts, no retries",3,200,3.34
healthy,"both timeouts, no retries",3,200,3.07
healthy,"both timeouts, no retries",3,200,3.26
healthy,"both timeouts, no retries",3,200,3.17
healthy,"both timeouts, no retries",3,200,3.34
healthy,"both timeouts, no retries",3,200,3.19
healthy,"both timeouts, no retries",3,200,3.07
healthy,"both timeouts, no retries",3,200,2.88
healthy,"both timeouts, no retries",3,200,3.0
healthy,"both timeouts, no retries",3,200,2.68
healthy,"both timeouts, no retries",3,200,3.32
healthy,"both timeouts, no retries",4,200,3.34
healthy,"both timeouts, no retries",4,200,3.24
healthy,"both timeouts, no retries",4,200,2.86
healthy,"both timeouts, no retries",4,200,3.18
healthy,"both timeouts, no retries",4,200,3.16
healthy,"both timeouts, no retries",4,200,3.07
healthy,"both timeouts, no retries",4,200,2.81
healthy,"both timeouts, no retries",4,200,3.82
healthy,"both timeouts, no retries",4,200,3.1
healthy,"both timeouts, no retries",4,200,3.29
healthy,"both timeouts, no retries",4,200,2.85
healthy,"both timeouts, no retries",4,200,3.19
healthy,"both timeouts, no retries",4,200,2.99
healthy,"both timeouts, no retries",4,200,3.03
healthy,"both timeouts, no retries",4,200,2.79
healthy,"both timeouts, no retries",4,200,2.89
healthy,"both timeouts, no retries",4,200,2.67
healthy,"both timeouts, no retries",4,200,2.79
healthy,"both timeouts, no retries",4,200,2.58
healthy,"both timeouts, no retries",4,200,2.76
healthy,"both timeouts, no retries",4,200,2.85
healthy,"both timeouts, no retries",4,200,2.6
healthy,"both timeouts, no retries",4,200,2.8
healthy,"both timeouts, no retries",4,200,2.72
healthy,"both timeouts, no retries",4,200,2.86
healthy,"both timeouts, no retries",4,200,2.61
healthy,"both timeouts, no retries",4,200,2.82
healthy,"both timeouts, no retries",4,200,2.56
healthy,"both timeouts, no retries",4,200,2.79
healthy,"both timeouts, no retries",4,200,2.67
healthy,"both timeouts, no retries",4,200,2.55
healthy,"both timeouts, no retries",4,200,3.2
healthy,"both timeouts, no retries",4,200,3.01
healthy,"both timeouts, no retries",4,200,3.08
healthy,"both timeouts, no retries",4,200,2.77
healthy,"both timeouts, no retries",4,200,3.01
healthy,"both timeouts, no retries",4,200,2.96
healthy,"both timeouts, no retries",4,200,2.97
healthy,"both timeouts, no retries",4,200,3.02
healthy,"both timeouts, no retries",4,200,3.08
healthy,"both timeouts, no retries",4,200,3.03
healthy,"both timeouts, no retries",4,200,3.43
healthy,"both timeouts, no retries",4,200,3.02
healthy,"both timeouts, no retries",4,200,3.0
healthy,"both timeouts, no retries",4,200,2.94
healthy,"both timeouts, no retries",4,200,3.06
healthy,"both timeouts, no retries",4,200,3.16
healthy,"both timeouts, no retries",4,200,2.96
healthy,"both timeouts, no retries",4,200,3.4
healthy,"both timeouts, no retries",4,200,3.42
healthy,"both timeouts, no retries",4,200,3.96
healthy,"both timeouts, no retries",4,200,3.42
healthy,"both timeouts, no retries",4,200,3.37
healthy,"both timeouts, no retries",4,200,3.52
healthy,"both timeouts, no retries",4,200,3.67
healthy,"both timeouts, no retries",4,200,3.75
healthy,"both timeouts, no retries",4,200,4.03
healthy,"both timeouts, no retries",4,200,3.45
healthy,"both timeouts, no retries",4,200,3.77
healthy,"both timeouts, no retries",4,200,3.63
healthy,"both timeouts, no retries",4,200,3.5
healthy,"both timeouts, no retries",4,200,3.51
healthy,"both timeouts, no retries",4,200,3.5
healthy,"both timeouts, no retries",4,200,4.05
healthy,"both timeouts, no retries",4,200,3.59
healthy,"both timeouts, no retries",4,200,3.59
healthy,"both timeouts, no retries",4,200,3.41
healthy,"both timeouts, no retries",4,200,3.58
healthy,"both timeouts, no retries",4,200,4.0
healthy,"both timeouts, no retries",4,200,3.6
healthy,"both timeouts, no retries",4,200,4.01
healthy,"both timeouts, no retries",4,200,3.67
healthy,"both timeouts, no retries",4,200,3.92
healthy,"both timeouts, no retries",4,200,3.72
healthy,"both timeouts, no retries",4,200,2.96
healthy,"both timeouts, no retries",4,200,3.34
healthy,"both timeouts, no retries",4,200,3.28
healthy,"both timeouts, no retries",4,200,3.21
healthy,"both timeouts, no retries",4,200,3.01
healthy,"both timeouts, no retries",4,200,3.24
healthy,"both timeouts, no retries",4,200,3.91
healthy,"both timeouts, no retries",4,200,2.88
healthy,"both timeouts, no retries",4,200,3.19
healthy,"both timeouts, no retries",4,200,3.36
healthy,"both timeouts, no retries",4,200,2.92
healthy,"both timeouts, no retries",4,200,4.09
healthy,"both timeouts, no retries",4,200,5.15
healthy,"both timeouts, no retries",4,200,4.42
healthy,"both timeouts, no retries",4,200,4.67
healthy,"both timeouts, no retries",4,200,5.29
healthy,"both timeouts, no retries",4,200,4.23
healthy,"both timeouts, no retries",4,200,4.49
healthy,"both timeouts, no retries",4,200,4.42
healthy,"both timeouts, no retries",4,200,4.34
healthy,"both timeouts, no retries",4,200,3.51
healthy,"both timeouts, no retries",4,200,3.34
healthy,"both timeouts, no retries",4,200,3.92
healthy,"both timeouts, no retries",4,200,3.81
healthy,"both timeouts, no retries",4,200,3.42
healthy,"both timeouts, no retries",4,200,3.22
healthy,"both timeouts, no retries",5,200,4.11
healthy,"both timeouts, no retries",5,200,4.17
healthy,"both timeouts, no retries",5,200,3.56
healthy,"both timeouts, no retries",5,200,3.33
healthy,"both timeouts, no retries",5,200,3.19
healthy,"both timeouts, no retries",5,200,3.3
healthy,"both timeouts, no retries",5,200,2.92
healthy,"both timeouts, no retries",5,200,2.71
healthy,"both timeouts, no retries",5,200,2.65
healthy,"both timeouts, no retries",5,200,3.21
healthy,"both timeouts, no retries",5,200,2.65
healthy,"both timeouts, no retries",5,200,3.0
healthy,"both timeouts, no retries",5,200,2.62
healthy,"both timeouts, no retries",5,200,3.03
healthy,"both timeouts, no retries",5,200,3.12
healthy,"both timeouts, no retries",5,200,3.22
healthy,"both timeouts, no retries",5,200,3.04
healthy,"both timeouts, no retries",5,200,4.15
healthy,"both timeouts, no retries",5,200,3.94
healthy,"both timeouts, no retries",5,200,3.81
healthy,"both timeouts, no retries",5,200,3.51
healthy,"both timeouts, no retries",5,200,3.35
healthy,"both timeouts, no retries",5,200,3.69
healthy,"both timeouts, no retries",5,200,3.31
healthy,"both timeouts, no retries",5,200,3.17
healthy,"both timeouts, no retries",5,200,2.96
healthy,"both timeouts, no retries",5,200,4.04
healthy,"both timeouts, no retries",5,200,3.23
healthy,"both timeouts, no retries",5,200,3.28
healthy,"both timeouts, no retries",5,200,3.21
healthy,"both timeouts, no retries",5,200,3.69
healthy,"both timeouts, no retries",5,200,3.37
healthy,"both timeouts, no retries",5,200,3.42
healthy,"both timeouts, no retries",5,200,3.48
healthy,"both timeouts, no retries",5,200,2.9
healthy,"both timeouts, no retries",5,200,3.17
healthy,"both timeouts, no retries",5,200,3.05
healthy,"both timeouts, no retries",5,200,3.23
healthy,"both timeouts, no retries",5,200,2.79
healthy,"both timeouts, no retries",5,200,3.07
healthy,"both timeouts, no retries",5,200,2.83
healthy,"both timeouts, no retries",5,200,3.18
healthy,"both timeouts, no retries",5,200,3.28
healthy,"both timeouts, no retries",5,200,3.09
healthy,"both timeouts, no retries",5,200,3.01
healthy,"both timeouts, no retries",5,200,3.23
healthy,"both timeouts, no retries",5,200,2.87
healthy,"both timeouts, no retries",5,200,3.09
healthy,"both timeouts, no retries",5,200,2.89
healthy,"both timeouts, no retries",5,200,3.09
healthy,"both timeouts, no retries",5,200,2.92
healthy,"both timeouts, no retries",5,200,3.12
healthy,"both timeouts, no retries",5,200,2.99
healthy,"both timeouts, no retries",5,200,2.94
healthy,"both timeouts, no retries",5,200,2.86
healthy,"both timeouts, no retries",5,200,3.21
healthy,"both timeouts, no retries",5,200,3.21
healthy,"both timeouts, no retries",5,200,3.05
healthy,"both timeouts, no retries",5,200,2.93
healthy,"both timeouts, no retries",5,200,2.92
healthy,"both timeouts, no retries",5,200,3.03
healthy,"both timeouts, no retries",5,200,2.8
healthy,"both timeouts, no retries",5,200,3.15
healthy,"both timeouts, no retries",5,200,2.97
healthy,"both timeouts, no retries",5,200,3.11
healthy,"both timeouts, no retries",5,200,3.09
healthy,"both timeouts, no retries",5,200,3.29
healthy,"both timeouts, no retries",5,200,2.8
healthy,"both timeouts, no retries",5,200,3.25
healthy,"both timeouts, no retries",5,200,2.81
healthy,"both timeouts, no retries",5,200,3.04
healthy,"both timeouts, no retries",5,200,3.02
healthy,"both timeouts, no retries",5,200,3.17
healthy,"both timeouts, no retries",5,200,2.84
healthy,"both timeouts, no retries",5,200,3.13
healthy,"both timeouts, no retries",5,200,2.86
healthy,"both timeouts, no retries",5,200,3.1
healthy,"both timeouts, no retries",5,200,2.9
healthy,"both timeouts, no retries",5,200,3.29
healthy,"both timeouts, no retries",5,200,2.91
healthy,"both timeouts, no retries",5,200,3.22
healthy,"both timeouts, no retries",5,200,2.99
healthy,"both timeouts, no retries",5,200,3.27
healthy,"both timeouts, no retries",5,200,3.18
healthy,"both timeouts, no retries",5,200,3.35
healthy,"both timeouts, no retries",5,200,3.04
healthy,"both timeouts, no retries",5,200,3.23
healthy,"both timeouts, no retries",5,200,2.94
healthy,"both timeouts, no retries",5,200,3.21
healthy,"both timeouts, no retries",5,200,2.92
healthy,"both timeouts, no retries",5,200,3.24
healthy,"both timeouts, no retries",5,200,3.94
healthy,"both timeouts, no retries",5,200,4.0
healthy,"both timeouts, no retries",5,200,3.29
healthy,"both timeouts, no retries",5,200,3.47
healthy,"both timeouts, no retries",5,200,3.46
healthy,"both timeouts, no retries",5,200,3.25
healthy,"both timeouts, no retries",5,200,3.63
healthy,"both timeouts, no retries",5,200,3.2
healthy,"both timeouts, no retries",5,200,3.52
healthy,both timeouts,1,200,8.82
healthy,both timeouts,1,200,3.47
healthy,both timeouts,1,200,3.76
healthy,both timeouts,1,200,3.43
healthy,both timeouts,1,200,3.07
healthy,both timeouts,1,200,3.35
healthy,both timeouts,1,200,3.24
healthy,both timeouts,1,200,3.19
healthy,both timeouts,1,200,3.0
healthy,both timeouts,1,200,3.1
healthy,both timeouts,1,200,3.25
healthy,both timeouts,1,200,3.23
healthy,both timeouts,1,200,3.3
healthy,both timeouts,1,200,3.17
healthy,both timeouts,1,200,2.87
healthy,both timeouts,1,200,3.03
healthy,both timeouts,1,200,3.06
healthy,both timeouts,1,200,3.13
healthy,both timeouts,1,200,2.82
healthy,both timeouts,1,200,3.0
healthy,both timeouts,1,200,3.06
healthy,both timeouts,1,200,3.29
healthy,both timeouts,1,200,4.05
healthy,both timeouts,1,200,3.01
healthy,both timeouts,1,200,2.82
healthy,both timeouts,1,200,2.99
healthy,both timeouts,1,200,2.95
healthy,both timeouts,1,200,2.96
healthy,both timeouts,1,200,2.88
healthy,both timeouts,1,200,3.0
healthy,both timeouts,1,200,2.92
healthy,both timeouts,1,200,3.2
healthy,both timeouts,1,200,2.97
healthy,both timeouts,1,200,2.87
healthy,both timeouts,1,200,2.96
healthy,both timeouts,1,200,2.88
healthy,both timeouts,1,200,2.97
healthy,both timeouts,1,200,2.8
healthy,both timeouts,1,200,2.92
healthy,both timeouts,1,200,2.75
healthy,both timeouts,1,200,2.99
healthy,both timeouts,1,200,2.79
healthy,both timeouts,1,200,3.09
healthy,both timeouts,1,200,2.87
healthy,both timeouts,1,200,2.88
healthy,both timeouts,1,200,2.85
healthy,both timeouts,1,200,3.06
healthy,both timeouts,1,200,3.1
healthy,both timeouts,1,200,3.1
healthy,both timeouts,1,200,3.03
healthy,both timeouts,1,200,3.02
healthy,both timeouts,1,200,2.86
healthy,both timeouts,1,200,2.88
healthy,both timeouts,1,200,2.91
healthy,both timeouts,1,200,2.76
healthy,both timeouts,1,200,3.16
healthy,both timeouts,1,200,2.76
healthy,both timeouts,1,200,2.94
healthy,both timeouts,1,200,2.8
healthy,both timeouts,1,200,2.97
healthy,both timeouts,1,200,2.68
healthy,both timeouts,1,200,2.92
healthy,both timeouts,1,200,2.85
healthy,both timeouts,1,200,3.3
healthy,both timeouts,1,200,3.25
healthy,both timeouts,1,200,3.48
healthy,both timeouts,1,200,3.19
healthy,both timeouts,1,200,3.18
healthy,both timeouts,1,200,2.98
healthy,both timeouts,1,200,3.25
healthy,both timeouts,1,200,3.18
healthy,both timeouts,1,200,3.51
healthy,both timeouts,1,200,3.1
healthy,both timeouts,1,200,3.5
healthy,both timeouts,1,200,3.1
healthy,both timeouts,1,200,3.27
healthy,both timeouts,1,200,3.4
healthy,both timeouts,1,200,4.29
healthy,both timeouts,1,200,4.48
healthy,both timeouts,1,200,4.73
healthy,both timeouts,1,200,4.56
healthy,both timeouts,1,200,4.52
healthy,both timeouts,1,200,4.46
healthy,both timeouts,1,200,3.6
healthy,both timeouts,1,200,3.55
healthy,both timeouts,1,200,3.04
healthy,both timeouts,1,200,3.35
healthy,both timeouts,1,200,3.02
healthy,both timeouts,1,200,3.06
healthy,both timeouts,1,200,2.94
healthy,both timeouts,1,200,3.15
healthy,both timeouts,1,200,2.8
healthy,both timeouts,1,200,3.01
healthy,both timeouts,1,200,2.74
healthy,both timeouts,1,200,2.97
healthy,both timeouts,1,200,2.8
healthy,both timeouts,1,200,2.81
healthy,both timeouts,1,200,2.77
healthy,both timeouts,1,200,3.12
healthy,both timeouts,1,200,2.95
healthy,both timeouts,2,200,3.02
healthy,both timeouts,2,200,2.79
healthy,both timeouts,2,200,2.78
healthy,both timeouts,2,200,3.15
healthy,both timeouts,2,200,3.31
healthy,both timeouts,2,200,3.41
healthy,both timeouts,2,200,3.37
healthy,both timeouts,2,200,3.38
healthy,both timeouts,2,200,3.38
healthy,both timeouts,2,200,3.56
healthy,both timeouts,2,200,3.85
healthy,both timeouts,2,200,3.24
healthy,both timeouts,2,200,3.74
healthy,both timeouts,2,200,3.61
healthy,both timeouts,2,200,3.84
healthy,both timeouts,2,200,4.15
healthy,both timeouts,2,200,4.55
healthy,both timeouts,2,200,4.23
healthy,both timeouts,2,200,4.17
healthy,both timeouts,2,200,4.14
healthy,both timeouts,2,200,4.15
healthy,both timeouts,2,200,4.71
healthy,both timeouts,2,200,4.58
healthy,both timeouts,2,200,4.5
healthy,both timeouts,2,200,4.55
healthy,both timeouts,2,200,4.27
healthy,both timeouts,2,200,4.11
healthy,both timeouts,2,200,3.48
healthy,both timeouts,2,200,3.92
healthy,both timeouts,2,200,3.56
healthy,both timeouts,2,200,3.36
healthy,both timeouts,2,200,3.32
healthy,both timeouts,2,200,3.5
healthy,both timeouts,2,200,3.21
healthy,both timeouts,2,200,3.31
healthy,both timeouts,2,200,3.5
healthy,both timeouts,2,200,3.44
healthy,both timeouts,2,200,4.02
healthy,both timeouts,2,200,4.08
healthy,both timeouts,2,200,3.67
healthy,both timeouts,2,200,3.98
healthy,both timeouts,2,200,3.36
healthy,both timeouts,2,200,3.43
healthy,both timeouts,2,200,2.92
healthy,both timeouts,2,200,2.99
healthy,both timeouts,2,200,2.88
healthy,both timeouts,2,200,3.11
healthy,both timeouts,2,200,2.79
healthy,both timeouts,2,200,3.07
healthy,both timeouts,2,200,3.04
healthy,both timeouts,2,200,3.26
healthy,both timeouts,2,200,3.1
healthy,both timeouts,2,200,3.09
healthy,both timeouts,2,200,32.34
healthy,both timeouts,2,200,3.4
healthy,both timeouts,2,200,3.62
healthy,both timeouts,2,200,3.56
healthy,both timeouts,2,200,3.37
healthy,both timeouts,2,200,3.21
healthy,both timeouts,2,200,3.1
healthy,both timeouts,2,200,3.32
healthy,both timeouts,2,200,2.98
healthy,both timeouts,2,200,3.1
healthy,both timeouts,2,200,2.87
healthy,both timeouts,2,200,2.83
healthy,both timeouts,2,200,3.23
healthy,both timeouts,2,200,3.06
healthy,both timeouts,2,200,3.13
healthy,both timeouts,2,200,2.9
healthy,both timeouts,2,200,3.4
healthy,both timeouts,2,200,3.58
healthy,both timeouts,2,200,3.29
healthy,both timeouts,2,200,3.21
healthy,both timeouts,2,200,2.89
healthy,both timeouts,2,200,2.96
healthy,both timeouts,2,200,3.27
healthy,both timeouts,2,200,3.04
healthy,both timeouts,2,200,3.25
healthy,both timeouts,2,200,3.01
healthy,both timeouts,2,200,3.17
healthy,both timeouts,2,200,3.58
healthy,both timeouts,2,200,3.22
healthy,both timeouts,2,200,3.21
healthy,both timeouts,2,200,3.46
healthy,both timeouts,2,200,3.34
healthy,both timeouts,2,200,3.24
healthy,both timeouts,2,200,3.47
healthy,both timeouts,2,200,3.45
healthy,both timeouts,2,200,3.26
healthy,both timeouts,2,200,3.87
healthy,both timeouts,2,200,3.52
healthy,both timeouts,2,200,3.26
healthy,both timeouts,2,200,3.17
healthy,both timeouts,2,200,3.48
healthy,both timeouts,2,200,3.13
healthy,both timeouts,2,200,3.23
healthy,both timeouts,2,200,3.37
healthy,both timeouts,2,200,3.52
healthy,both timeouts,2,200,3.21
healthy,both timeouts,2,200,3.49
healthy,both timeouts,3,200,3.06
healthy,both timeouts,3,200,3.29
healthy,both timeouts,3,200,2.99
healthy,both timeouts,3,200,3.55
healthy,both timeouts,3,200,3.24
healthy,both timeouts,3,200,3.08
healthy,both timeouts,3,200,2.94
healthy,both timeouts,3,200,3.16
healthy,both timeouts,3,200,2.9
healthy,both timeouts,3,200,3.09
healthy,both timeouts,3,200,3.16
healthy,both timeouts,3,200,3.3
healthy,both timeouts,3,200,3.14
healthy,both timeouts,3,200,2.98
healthy,both timeouts,3,200,2.85
healthy,both timeouts,3,200,3.3
healthy,both timeouts,3,200,2.85
healthy,both timeouts,3,200,2.99
healthy,both timeouts,3,200,2.9
healthy,both timeouts,3,200,2.99
healthy,both timeouts,3,200,2.78
healthy,both timeouts,3,200,3.08
healthy,both timeouts,3,200,2.98
healthy,both timeouts,3,200,3.12
healthy,both timeouts,3,200,3.21
healthy,both timeouts,3,200,3.2
healthy,both timeouts,3,200,3.01
healthy,both timeouts,3,200,3.38
healthy,both timeouts,3,200,2.89
healthy,both timeouts,3,200,3.21
healthy,both timeouts,3,200,2.86
healthy,both timeouts,3,200,3.17
healthy,both timeouts,3,200,2.87
healthy,both timeouts,3,200,2.96
healthy,both timeouts,3,200,2.84
healthy,both timeouts,3,200,3.13
healthy,both timeouts,3,200,2.85
healthy,both timeouts,3,200,3.17
healthy,both timeouts,3,200,3.42
healthy,both timeouts,3,200,3.21
healthy,both timeouts,3,200,2.9
healthy,both timeouts,3,200,3.19
healthy,both timeouts,3,200,3.02
healthy,both timeouts,3,200,3.23
healthy,both timeouts,3,200,2.87
healthy,both timeouts,3,200,3.1
healthy,both timeouts,3,200,2.95
healthy,both timeouts,3,200,3.07
healthy,both timeouts,3,200,3.14
healthy,both timeouts,3,200,3.08
healthy,both timeouts,3,200,3.06
healthy,both timeouts,3,200,3.1
healthy,both timeouts,3,200,3.15
healthy,both timeouts,3,200,3.55
healthy,both timeouts,3,200,3.3
healthy,both timeouts,3,200,3.25
healthy,both timeouts,3,200,3.02
healthy,both timeouts,3,200,3.53
healthy,both timeouts,3,200,3.36
healthy,both timeouts,3,200,3.47
healthy,both timeouts,3,200,3.13
healthy,both timeouts,3,200,3.29
healthy,both timeouts,3,200,3.01
healthy,both timeouts,3,200,3.19
healthy,both timeouts,3,200,2.74
healthy,both timeouts,3,200,3.01
healthy,both timeouts,3,200,2.97
healthy,both timeouts,3,200,3.35
healthy,both timeouts,3,200,3.02
healthy,both timeouts,3,200,3.09
healthy,both timeouts,3,200,2.99
healthy,both timeouts,3,200,3.29
healthy,both timeouts,3,200,2.96
healthy,both timeouts,3,200,3.39
healthy,both timeouts,3,200,2.94
healthy,both timeouts,3,200,3.11
healthy,both timeouts,3,200,2.92
healthy,both timeouts,3,200,3.27
healthy,both timeouts,3,200,2.81
healthy,both timeouts,3,200,3.03
healthy,both timeouts,3,200,3.22
healthy,both timeouts,3,200,3.58
healthy,both timeouts,3,200,2.98
healthy,both timeouts,3,200,3.11
healthy,both timeouts,3,200,2.88
healthy,both timeouts,3,200,3.29
healthy,both timeouts,3,200,2.85
healthy,both timeouts,3,200,3.16
healthy,both timeouts,3,200,2.96
healthy,both timeouts,3,200,3.12
healthy,both timeouts,3,200,2.8
healthy,both timeouts,3,200,3.09
healthy,both timeouts,3,200,3.37
healthy,both timeouts,3,200,3.11
healthy,both timeouts,3,200,3.12
healthy,both timeouts,3,200,3.23
healthy,both timeouts,3,200,2.98
healthy,both timeouts,3,200,3.21
healthy,both timeouts,3,200,2.94
healthy,both timeouts,3,200,3.28
healthy,both timeouts,4,200,3.01
healthy,both timeouts,4,200,3.22
healthy,both timeouts,4,200,3.46
healthy,both timeouts,4,200,3.56
healthy,both timeouts,4,200,2.98
healthy,both timeouts,4,200,3.15
healthy,both timeouts,4,200,3.07
healthy,both timeouts,4,200,3.34
healthy,both timeouts,4,200,3.39
healthy,both timeouts,4,200,3.19
healthy,both timeouts,4,200,2.93
healthy,both timeouts,4,200,3.21
healthy,both timeouts,4,200,2.94
healthy,both timeouts,4,200,2.98
healthy,both timeouts,4,200,2.98
healthy,both timeouts,4,200,3.08
healthy,both timeouts,4,200,2.89
healthy,both timeouts,4,200,3.22
healthy,both timeouts,4,200,3.1
healthy,both timeouts,4,200,3.16
healthy,both timeouts,4,200,2.93
healthy,both timeouts,4,200,3.55
healthy,both timeouts,4,200,3.7
healthy,both timeouts,4,200,3.25
healthy,both timeouts,4,200,3.1
healthy,both timeouts,4,200,3.19
healthy,both timeouts,4,200,3.35
healthy,both timeouts,4,200,2.99
healthy,both timeouts,4,200,2.96
healthy,both timeouts,4,200,3.03
healthy,both timeouts,4,200,3.02
healthy,both timeouts,4,200,3.03
healthy,both timeouts,4,200,2.83
healthy,both timeouts,4,200,3.48
healthy,both timeouts,4,200,3.12
healthy,both timeouts,4,200,3.5
healthy,both timeouts,4,200,3.38
healthy,both timeouts,4,200,3.1
healthy,both timeouts,4,200,3.25
healthy,both timeouts,4,200,3.34
healthy,both timeouts,4,200,3.51
healthy,both timeouts,4,200,3.05
healthy,both timeouts,4,200,3.2
healthy,both timeouts,4,200,2.89
healthy,both timeouts,4,200,3.13
healthy,both timeouts,4,200,3.05
healthy,both timeouts,4,200,3.3
healthy,both timeouts,4,200,3.01
healthy,both timeouts,4,200,3.09
healthy,both timeouts,4,200,3.05
healthy,both timeouts,4,200,3.4
healthy,both timeouts,4,200,3.44
healthy,both timeouts,4,200,3.44
healthy,both timeouts,4,200,3.17
healthy,both timeouts,4,200,3.22
healthy,both timeouts,4,200,3.1
healthy,both timeouts,4,200,3.55
healthy,both timeouts,4,200,3.47
healthy,both timeouts,4,200,3.39
healthy,both timeouts,4,200,3.32
healthy,both timeouts,4,200,3.3
healthy,both timeouts,4,200,3.55
healthy,both timeouts,4,200,3.39
healthy,both timeouts,4,200,3.51
healthy,both timeouts,4,200,3.24
healthy,both timeouts,4,200,3.56
healthy,both timeouts,4,200,3.08
healthy,both timeouts,4,200,3.33
healthy,both timeouts,4,200,3.26
healthy,both timeouts,4,200,3.56
healthy,both timeouts,4,200,3.5
healthy,both timeouts,4,200,3.45
healthy,both timeouts,4,200,4.53
healthy,both timeouts,4,200,4.39
healthy,both timeouts,4,200,4.91
healthy,both timeouts,4,200,4.0
healthy,both timeouts,4,200,3.52
healthy,both timeouts,4,200,3.56
healthy,both timeouts,4,200,3.27
healthy,both timeouts,4,200,3.22
healthy,both timeouts,4,200,3.42
healthy,both timeouts,4,200,3.71
healthy,both timeouts,4,200,3.59
healthy,both timeouts,4,200,3.05
healthy,both timeouts,4,200,3.16
healthy,both timeouts,4,200,3.11
healthy,both timeouts,4,200,4.0
healthy,both timeouts,4,200,3.17
healthy,both timeouts,4,200,3.23
healthy,both timeouts,4,200,3.04
healthy,both timeouts,4,200,3.72
healthy,both timeouts,4,200,3.55
healthy,both timeouts,4,200,3.3
healthy,both timeouts,4,200,3.38
healthy,both timeouts,4,200,3.15
healthy,both timeouts,4,200,3.28
healthy,both timeouts,4,200,3.03
healthy,both timeouts,4,200,3.32
healthy,both timeouts,4,200,2.97
healthy,both timeouts,4,200,3.28
healthy,both timeouts,5,200,2.96
healthy,both timeouts,5,200,3.38
healthy,both timeouts,5,200,3.14
healthy,both timeouts,5,200,3.09
healthy,both timeouts,5,200,3.06
healthy,both timeouts,5,200,3.05
healthy,both timeouts,5,200,2.91
healthy,both timeouts,5,200,3.17
healthy,both timeouts,5,200,2.91
healthy,both timeouts,5,200,3.36
healthy,both timeouts,5,200,3.7
healthy,both timeouts,5,200,3.19
healthy,both timeouts,5,200,3.04
healthy,both timeouts,5,200,3.69
healthy,both timeouts,5,200,3.26
healthy,both timeouts,5,200,3.24
healthy,both timeouts,5,200,3.24
healthy,both timeouts,5,200,3.38
healthy,both timeouts,5,200,3.37
healthy,both timeouts,5,200,3.26
healthy,both timeouts,5,200,3.12
healthy,both timeouts,5,200,3.27
healthy,both timeouts,5,200,3.41
healthy,both timeouts,5,200,3.69
healthy,both timeouts,5,200,4.22
healthy,both timeouts,5,200,3.71
healthy,both timeouts,5,200,3.27
healthy,both timeouts,5,200,3.46
healthy,both timeouts,5,200,3.33
healthy,both timeouts,5,200,3.24
healthy,both timeouts,5,200,2.98
healthy,both timeouts,5,200,3.12
healthy,both timeouts,5,200,3.47
healthy,both timeouts,5,200,3.74
healthy,both timeouts,5,200,3.18
healthy,both timeouts,5,200,3.6
healthy,both timeouts,5,200,3.3
healthy,both timeouts,5,200,3.49
healthy,both timeouts,5,200,3.48
healthy,both timeouts,5,200,3.3
healthy,both timeouts,5,200,3.28
healthy,both timeouts,5,200,3.2
healthy,both timeouts,5,200,3.09
healthy,both timeouts,5,200,3.17
healthy,both timeouts,5,200,3.16
healthy,both timeouts,5,200,2.88
healthy,both timeouts,5,200,3.49
healthy,both timeouts,5,200,3.31
healthy,both timeouts,5,200,3.41
healthy,both timeouts,5,200,3.21
healthy,both timeouts,5,200,3.46
healthy,both timeouts,5,200,3.17
healthy,both timeouts,5,200,3.34
healthy,both timeouts,5,200,2.98
healthy,both timeouts,5,200,3.22
healthy,both timeouts,5,200,2.95
healthy,both timeouts,5,200,3.22
healthy,both timeouts,5,200,2.97
healthy,both timeouts,5,200,3.43
healthy,both timeouts,5,200,2.95
healthy,both timeouts,5,200,3.06
healthy,both timeouts,5,200,2.81
healthy,both timeouts,5,200,3.18
healthy,both timeouts,5,200,3.01
healthy,both timeouts,5,200,3.25
healthy,both timeouts,5,200,3.27
healthy,both timeouts,5,200,3.27
healthy,both timeouts,5,200,3.18
healthy,both timeouts,5,200,3.15
healthy,both timeouts,5,200,2.89
healthy,both timeouts,5,200,3.26
healthy,both timeouts,5,200,3.02
healthy,both timeouts,5,200,3.18
healthy,both timeouts,5,200,2.85
healthy,both timeouts,5,200,3.19
healthy,both timeouts,5,200,3.15
healthy,both timeouts,5,200,3.1
healthy,both timeouts,5,200,2.85
healthy,both timeouts,5,200,3.14
healthy,both timeouts,5,200,3.04
healthy,both timeouts,5,200,3.28
healthy,both timeouts,5,200,3.72
healthy,both timeouts,5,200,3.68
healthy,both timeouts,5,200,3.45
healthy,both timeouts,5,200,3.18
healthy,both timeouts,5,200,3.31
healthy,both timeouts,5,200,3.19
healthy,both timeouts,5,200,3.13
healthy,both timeouts,5,200,2.99
healthy,both timeouts,5,200,3.37
healthy,both timeouts,5,200,3.3
healthy,both timeouts,5,200,3.01
healthy,both timeouts,5,200,2.91
healthy,both timeouts,5,200,3.14
healthy,both timeouts,5,200,2.92
healthy,both timeouts,5,200,3.05
healthy,both timeouts,5,200,3.05
healthy,both timeouts,5,200,3.11
healthy,both timeouts,5,200,2.84
healthy,both timeouts,5,200,3.21
healthy,socket_timeout only,1,200,31.57
healthy,socket_timeout only,1,200,3.97
healthy,socket_timeout only,1,200,3.42
healthy,socket_timeout only,1,200,3.41
healthy,socket_timeout only,1,200,2.95
healthy,socket_timeout only,1,200,3.22
healthy,socket_timeout only,1,200,2.89
healthy,socket_timeout only,1,200,3.07
healthy,socket_timeout only,1,200,3.0
healthy,socket_timeout only,1,200,4.18
healthy,socket_timeout only,1,200,3.62
healthy,socket_timeout only,1,200,4.26
healthy,socket_timeout only,1,200,4.15
healthy,socket_timeout only,1,200,4.02
healthy,socket_timeout only,1,200,4.08
healthy,socket_timeout only,1,200,3.86
healthy,socket_timeout only,1,200,3.46
healthy,socket_timeout only,1,200,3.96
healthy,socket_timeout only,1,200,3.43
healthy,socket_timeout only,1,200,3.33
healthy,socket_timeout only,1,200,3.59
healthy,socket_timeout only,1,200,3.6
healthy,socket_timeout only,1,200,3.45
healthy,socket_timeout only,1,200,2.91
healthy,socket_timeout only,1,200,3.11
healthy,socket_timeout only,1,200,2.92
healthy,socket_timeout only,1,200,3.19
healthy,socket_timeout only,1,200,2.83
healthy,socket_timeout only,1,200,3.17
healthy,socket_timeout only,1,200,3.04
healthy,socket_timeout only,1,200,5.32
healthy,socket_timeout only,1,200,5.08
healthy,socket_timeout only,1,200,4.78
healthy,socket_timeout only,1,200,4.43
healthy,socket_timeout only,1,200,4.25
healthy,socket_timeout only,1,200,3.99
healthy,socket_timeout only,1,200,5.26
healthy,socket_timeout only,1,200,3.93
healthy,socket_timeout only,1,200,3.23
healthy,socket_timeout only,1,200,3.82
healthy,socket_timeout only,1,200,3.55
healthy,socket_timeout only,1,200,3.09
healthy,socket_timeout only,1,200,3.92
healthy,socket_timeout only,1,200,3.54
healthy,socket_timeout only,1,200,3.56
healthy,socket_timeout only,1,200,3.41
healthy,socket_timeout only,1,200,3.46
healthy,socket_timeout only,1,200,3.47
healthy,socket_timeout only,1,200,3.26
healthy,socket_timeout only,1,200,3.6
healthy,socket_timeout only,1,200,3.91
healthy,socket_timeout only,1,200,3.31
healthy,socket_timeout only,1,200,3.34
healthy,socket_timeout only,1,200,3.37
healthy,socket_timeout only,1,200,3.38
healthy,socket_timeout only,1,200,3.08
healthy,socket_timeout only,1,200,3.09
healthy,socket_timeout only,1,200,2.94
healthy,socket_timeout only,1,200,3.23
healthy,socket_timeout only,1,200,3.36
healthy,socket_timeout only,1,200,3.3
healthy,socket_timeout only,1,200,3.51
healthy,socket_timeout only,1,200,3.6
healthy,socket_timeout only,1,200,3.0
healthy,socket_timeout only,1,200,3.47
healthy,socket_timeout only,1,200,3.01
healthy,socket_timeout only,1,200,3.24
healthy,socket_timeout only,1,200,3.02
healthy,socket_timeout only,1,200,3.27
healthy,socket_timeout only,1,200,3.03
healthy,socket_timeout only,1,200,3.26
healthy,socket_timeout only,1,200,2.96
healthy,socket_timeout only,1,200,3.9
healthy,socket_timeout only,1,200,3.45
healthy,socket_timeout only,1,200,3.05
healthy,socket_timeout only,1,200,3.19
healthy,socket_timeout only,1,200,3.1
healthy,socket_timeout only,1,200,3.07
healthy,socket_timeout only,1,200,3.14
healthy,socket_timeout only,1,200,3.56
healthy,socket_timeout only,1,200,3.37
healthy,socket_timeout only,1,200,3.2
healthy,socket_timeout only,1,200,3.03
healthy,socket_timeout only,1,200,3.53
healthy,socket_timeout only,1,200,3.35
healthy,socket_timeout only,1,200,3.24
healthy,socket_timeout only,1,200,3.07
healthy,socket_timeout only,1,200,3.82
healthy,socket_timeout only,1,200,3.58
healthy,socket_timeout only,1,200,3.42
healthy,socket_timeout only,1,200,3.18
healthy,socket_timeout only,1,200,3.12
healthy,socket_timeout only,1,200,3.49
healthy,socket_timeout only,1,200,3.04
healthy,socket_timeout only,1,200,3.47
healthy,socket_timeout only,1,200,3.02
healthy,socket_timeout only,1,200,3.11
healthy,socket_timeout only,1,200,3.17
healthy,socket_timeout only,1,200,3.55
healthy,socket_timeout only,1,200,3.01
healthy,socket_timeout only,2,200,3.13
healthy,socket_timeout only,2,200,2.92
healthy,socket_timeout only,2,200,3.15
healthy,socket_timeout only,2,200,3.0
healthy,socket_timeout only,2,200,3.15
healthy,socket_timeout only,2,200,3.04
healthy,socket_timeout only,2,200,3.22
healthy,socket_timeout only,2,200,2.97
healthy,socket_timeout only,2,200,3.16
healthy,socket_timeout only,2,200,2.95
healthy,socket_timeout only,2,200,3.47
healthy,socket_timeout only,2,200,2.91
healthy,socket_timeout only,2,200,3.36
healthy,socket_timeout only,2,200,3.18
healthy,socket_timeout only,2,200,3.3
healthy,socket_timeout only,2,200,2.95
healthy,socket_timeout only,2,200,3.27
healthy,socket_timeout only,2,200,3.5
healthy,socket_timeout only,2,200,3.57
healthy,socket_timeout only,2,200,3.06
healthy,socket_timeout only,2,200,3.35
healthy,socket_timeout only,2,200,3.07
healthy,socket_timeout only,2,200,3.2
healthy,socket_timeout only,2,200,2.92
healthy,socket_timeout only,2,200,3.12
healthy,socket_timeout only,2,200,3.0
healthy,socket_timeout only,2,200,3.3
healthy,socket_timeout only,2,200,3.02
healthy,socket_timeout only,2,200,3.17
healthy,socket_timeout only,2,200,2.95
healthy,socket_timeout only,2,200,3.12
healthy,socket_timeout only,2,200,3.44
healthy,socket_timeout only,2,200,3.66
healthy,socket_timeout only,2,200,3.41
healthy,socket_timeout only,2,200,3.45
healthy,socket_timeout only,2,200,3.49
healthy,socket_timeout only,2,200,3.64
healthy,socket_timeout only,2,200,3.55
healthy,socket_timeout only,2,200,3.2
healthy,socket_timeout only,2,200,3.49
healthy,socket_timeout only,2,200,3.18
healthy,socket_timeout only,2,200,3.62
healthy,socket_timeout only,2,200,3.35
healthy,socket_timeout only,2,200,3.38
healthy,socket_timeout only,2,200,3.33
healthy,socket_timeout only,2,200,3.15
healthy,socket_timeout only,2,200,3.38
healthy,socket_timeout only,2,200,3.13
healthy,socket_timeout only,2,200,3.17
healthy,socket_timeout only,2,200,3.17
healthy,socket_timeout only,2,200,3.84
healthy,socket_timeout only,2,200,3.44
healthy,socket_timeout only,2,200,3.62
healthy,socket_timeout only,2,200,3.2
healthy,socket_timeout only,2,200,3.34
healthy,socket_timeout only,2,200,3.25
healthy,socket_timeout only,2,200,3.16
healthy,socket_timeout only,2,200,3.19
healthy,socket_timeout only,2,200,4.08
healthy,socket_timeout only,2,200,4.17
healthy,socket_timeout only,2,200,3.68
healthy,socket_timeout only,2,200,3.74
healthy,socket_timeout only,2,200,3.62
healthy,socket_timeout only,2,200,3.24
healthy,socket_timeout only,2,200,3.31
healthy,socket_timeout only,2,200,3.03
healthy,socket_timeout only,2,200,3.06
healthy,socket_timeout only,2,200,3.35
healthy,socket_timeout only,2,200,3.12
healthy,socket_timeout only,2,200,2.97
healthy,socket_timeout only,2,200,3.18
healthy,socket_timeout only,2,200,3.43
healthy,socket_timeout only,2,200,3.24
healthy,socket_timeout only,2,200,3.01
healthy,socket_timeout only,2,200,2.99
healthy,socket_timeout only,2,200,2.84
healthy,socket_timeout only,2,200,3.02
healthy,socket_timeout only,2,200,2.96
healthy,socket_timeout only,2,200,3.35
healthy,socket_timeout only,2,200,3.13
healthy,socket_timeout only,2,200,3.23
healthy,socket_timeout only,2,200,3.01
healthy,socket_timeout only,2,200,3.57
healthy,socket_timeout only,2,200,3.04
healthy,socket_timeout only,2,200,3.14
healthy,socket_timeout only,2,200,2.97
healthy,socket_timeout only,2,200,3.23
healthy,socket_timeout only,2,200,3.1
healthy,socket_timeout only,2,200,3.24
healthy,socket_timeout only,2,200,3.06
healthy,socket_timeout only,2,200,3.3
healthy,socket_timeout only,2,200,3.09
healthy,socket_timeout only,2,200,3.4
healthy,socket_timeout only,2,200,3.32
healthy,socket_timeout only,2,200,3.56
healthy,socket_timeout only,2,200,3.03
healthy,socket_timeout only,2,200,3.15
healthy,socket_timeout only,2,200,3.15
healthy,socket_timeout only,2,200,3.13
healthy,socket_timeout only,2,200,2.9
healthy,socket_timeout only,3,200,3.28
healthy,socket_timeout only,3,200,3.08
healthy,socket_timeout only,3,200,3.37
healthy,socket_timeout only,3,200,2.89
healthy,socket_timeout only,3,200,3.35
healthy,socket_timeout only,3,200,3.06
healthy,socket_timeout only,3,200,3.33
healthy,socket_timeout only,3,200,2.88
healthy,socket_timeout only,3,200,3.27
healthy,socket_timeout only,3,200,3.13
healthy,socket_timeout only,3,200,3.15
healthy,socket_timeout only,3,200,2.96
healthy,socket_timeout only,3,200,3.27
healthy,socket_timeout only,3,200,3.06
healthy,socket_timeout only,3,200,3.24
healthy,socket_timeout only,3,200,3.04
healthy,socket_timeout only,3,200,3.44
healthy,socket_timeout only,3,200,3.18
healthy,socket_timeout only,3,200,3.57
healthy,socket_timeout only,3,200,4.43
healthy,socket_timeout only,3,200,4.34
healthy,socket_timeout only,3,200,4.51
healthy,socket_timeout only,3,200,4.22
healthy,socket_timeout only,3,200,3.54
healthy,socket_timeout only,3,200,3.9
healthy,socket_timeout only,3,200,4.38
healthy,socket_timeout only,3,200,4.17
healthy,socket_timeout only,3,200,3.89
healthy,socket_timeout only,3,200,3.5
healthy,socket_timeout only,3,200,3.55
healthy,socket_timeout only,3,200,3.5
healthy,socket_timeout only,3,200,3.17
healthy,socket_timeout only,3,200,3.45
healthy,socket_timeout only,3,200,3.17
healthy,socket_timeout only,3,200,3.37
healthy,socket_timeout only,3,200,3.02
healthy,socket_timeout only,3,200,3.32
healthy,socket_timeout only,3,200,3.57
healthy,socket_timeout only,3,200,3.84
healthy,socket_timeout only,3,200,3.32
healthy,socket_timeout only,3,200,3.05
healthy,socket_timeout only,3,200,3.15
healthy,socket_timeout only,3,200,3.18
healthy,socket_timeout only,3,200,3.32
healthy,socket_timeout only,3,200,2.98
healthy,socket_timeout only,3,200,3.36
healthy,socket_timeout only,3,200,3.01
healthy,socket_timeout only,3,200,3.15
healthy,socket_timeout only,3,200,3.12
healthy,socket_timeout only,3,200,3.13
healthy,socket_timeout only,3,200,3.1
healthy,socket_timeout only,3,200,3.1
healthy,socket_timeout only,3,200,3.35
healthy,socket_timeout only,3,200,3.49
healthy,socket_timeout only,3,200,3.17
healthy,socket_timeout only,3,200,3.32
healthy,socket_timeout only,3,200,3.11
healthy,socket_timeout only,3,200,3.62
healthy,socket_timeout only,3,200,3.27
healthy,socket_timeout only,3,200,3.3
healthy,socket_timeout only,3,200,3.22
healthy,socket_timeout only,3,200,3.47
healthy,socket_timeout only,3,200,3.67
healthy,socket_timeout only,3,200,3.38
healthy,socket_timeout only,3,200,3.31
healthy,socket_timeout only,3,200,3.18
healthy,socket_timeout only,3,200,3.25
healthy,socket_timeout only,3,200,3.05
healthy,socket_timeout only,3,200,3.3
healthy,socket_timeout only,3,200,3.17
healthy,socket_timeout only,3,200,3.64
healthy,socket_timeout only,3,200,3.1
healthy,socket_timeout only,3,200,3.7
healthy,socket_timeout only,3,200,3.32
healthy,socket_timeout only,3,200,4.15
healthy,socket_timeout only,3,200,4.54
healthy,socket_timeout only,3,200,4.11
healthy,socket_timeout only,3,200,4.04
healthy,socket_timeout only,3,200,3.92
healthy,socket_timeout only,3,200,3.52
healthy,socket_timeout only,3,200,3.79
healthy,socket_timeout only,3,200,3.48
healthy,socket_timeout only,3,200,3.57
healthy,socket_timeout only,3,200,3.56
healthy,socket_timeout only,3,200,3.26
healthy,socket_timeout only,3,200,3.43
healthy,socket_timeout only,3,200,3.33
healthy,socket_timeout only,3,200,3.74
healthy,socket_timeout only,3,200,3.22
healthy,socket_timeout only,3,200,3.34
healthy,socket_timeout only,3,200,3.09
healthy,socket_timeout only,3,200,3.64
healthy,socket_timeout only,3,200,3.62
healthy,socket_timeout only,3,200,3.48
healthy,socket_timeout only,3,200,3.61
healthy,socket_timeout only,3,200,3.48
healthy,socket_timeout only,3,200,3.55
healthy,socket_timeout only,3,200,3.23
healthy,socket_timeout only,3,200,3.28
healthy,socket_timeout only,3,200,3.07
healthy,socket_timeout only,4,200,3.7
healthy,socket_timeout only,4,200,3.38
healthy,socket_timeout only,4,200,3.19
healthy,socket_timeout only,4,200,3.6
healthy,socket_timeout only,4,200,3.05
healthy,socket_timeout only,4,200,3.23
healthy,socket_timeout only,4,200,3.07
healthy,socket_timeout only,4,200,3.2
healthy,socket_timeout only,4,200,3.15
healthy,socket_timeout only,4,200,3.41
healthy,socket_timeout only,4,200,3.55
healthy,socket_timeout only,4,200,3.42
healthy,socket_timeout only,4,200,3.23
healthy,socket_timeout only,4,200,3.67
healthy,socket_timeout only,4,200,3.39
healthy,socket_timeout only,4,200,3.31
healthy,socket_timeout only,4,200,3.38
healthy,socket_timeout only,4,200,3.52
healthy,socket_timeout only,4,200,3.61
healthy,socket_timeout only,4,200,4.41
healthy,socket_timeout only,4,200,3.72
healthy,socket_timeout only,4,200,3.43
healthy,socket_timeout only,4,200,3.08
healthy,socket_timeout only,4,200,3.34
healthy,socket_timeout only,4,200,3.28
healthy,socket_timeout only,4,200,3.35
healthy,socket_timeout only,4,200,2.98
healthy,socket_timeout only,4,200,3.26
healthy,socket_timeout only,4,200,3.62
healthy,socket_timeout only,4,200,3.61
healthy,socket_timeout only,4,200,3.14
healthy,socket_timeout only,4,200,3.35
healthy,socket_timeout only,4,200,3.17
healthy,socket_timeout only,4,200,3.19
healthy,socket_timeout only,4,200,2.95
healthy,socket_timeout only,4,200,3.29
healthy,socket_timeout only,4,200,3.15
healthy,socket_timeout only,4,200,3.16
healthy,socket_timeout only,4,200,3.01
healthy,socket_timeout only,4,200,3.19
healthy,socket_timeout only,4,200,2.98
healthy,socket_timeout only,4,200,3.16
healthy,socket_timeout only,4,200,3.07
healthy,socket_timeout only,4,200,3.2
healthy,socket_timeout only,4,200,2.89
healthy,socket_timeout only,4,200,3.22
healthy,socket_timeout only,4,200,2.91
healthy,socket_timeout only,4,200,3.93
healthy,socket_timeout only,4,200,3.53
healthy,socket_timeout only,4,200,3.29
healthy,socket_timeout only,4,200,3.36
healthy,socket_timeout only,4,200,3.44
healthy,socket_timeout only,4,200,3.35
healthy,socket_timeout only,4,200,3.03
healthy,socket_timeout only,4,200,3.2
healthy,socket_timeout only,4,200,3.13
healthy,socket_timeout only,4,200,3.61
healthy,socket_timeout only,4,200,3.13
healthy,socket_timeout only,4,200,3.49
healthy,socket_timeout only,4,200,2.98
healthy,socket_timeout only,4,200,3.36
healthy,socket_timeout only,4,200,2.99
healthy,socket_timeout only,4,200,3.22
healthy,socket_timeout only,4,200,3.19
healthy,socket_timeout only,4,200,3.2
healthy,socket_timeout only,4,200,3.3
healthy,socket_timeout only,4,200,3.82
healthy,socket_timeout only,4,200,3.34
healthy,socket_timeout only,4,200,3.37
healthy,socket_timeout only,4,200,3.48
healthy,socket_timeout only,4,200,5.42
healthy,socket_timeout only,4,200,4.59
healthy,socket_timeout only,4,200,4.16
healthy,socket_timeout only,4,200,4.59
healthy,socket_timeout only,4,200,4.36
healthy,socket_timeout only,4,200,4.14
healthy,socket_timeout only,4,200,4.68
healthy,socket_timeout only,4,200,3.89
healthy,socket_timeout only,4,200,5.3
healthy,socket_timeout only,4,200,4.52
healthy,socket_timeout only,4,200,4.32
healthy,socket_timeout only,4,200,3.63
healthy,socket_timeout only,4,200,4.25
healthy,socket_timeout only,4,200,4.01
healthy,socket_timeout only,4,200,4.03
healthy,socket_timeout only,4,200,4.22
healthy,socket_timeout only,4,200,3.79
healthy,socket_timeout only,4,200,4.14
healthy,socket_timeout only,4,200,3.61
healthy,socket_timeout only,4,200,3.35
healthy,socket_timeout only,4,200,3.69
healthy,socket_timeout only,4,200,3.97
healthy,socket_timeout only,4,200,4.46
healthy,socket_timeout only,4,200,4.61
healthy,socket_timeout only,4,200,3.63
healthy,socket_timeout only,4,200,3.74
healthy,socket_timeout only,4,200,3.63
healthy,socket_timeout only,4,200,3.3
healthy,socket_timeout only,4,200,3.76
healthy,socket_timeout only,4,200,3.35
healthy,socket_timeout only,5,200,3.85
healthy,socket_timeout only,5,200,3.5
healthy,socket_timeout only,5,200,3.48
healthy,socket_timeout only,5,200,3.46
healthy,socket_timeout only,5,200,3.22
healthy,socket_timeout only,5,200,3.27
healthy,socket_timeout only,5,200,3.15
healthy,socket_timeout only,5,200,3.4
healthy,socket_timeout only,5,200,3.1
healthy,socket_timeout only,5,200,3.5
healthy,socket_timeout only,5,200,3.35
healthy,socket_timeout only,5,200,3.24
healthy,socket_timeout only,5,200,2.94
healthy,socket_timeout only,5,200,3.31
healthy,socket_timeout only,5,200,3.67
healthy,socket_timeout only,5,200,3.17
healthy,socket_timeout only,5,200,3.16
healthy,socket_timeout only,5,200,3.09
healthy,socket_timeout only,5,200,3.35
healthy,socket_timeout only,5,200,3.33
healthy,socket_timeout only,5,200,3.15
healthy,socket_timeout only,5,200,3.07
healthy,socket_timeout only,5,200,3.43
healthy,socket_timeout only,5,200,3.38
healthy,socket_timeout only,5,200,3.4
healthy,socket_timeout only,5,200,3.16
healthy,socket_timeout only,5,200,3.24
healthy,socket_timeout only,5,200,3.04
healthy,socket_timeout only,5,200,3.45
healthy,socket_timeout only,5,200,3.08
healthy,socket_timeout only,5,200,3.58
healthy,socket_timeout only,5,200,3.03
healthy,socket_timeout only,5,200,3.32
healthy,socket_timeout only,5,200,3.47
healthy,socket_timeout only,5,200,3.83
healthy,socket_timeout only,5,200,4.07
healthy,socket_timeout only,5,200,3.49
healthy,socket_timeout only,5,200,3.8
healthy,socket_timeout only,5,200,3.28
healthy,socket_timeout only,5,200,3.37
healthy,socket_timeout only,5,200,3.29
healthy,socket_timeout only,5,200,3.37
healthy,socket_timeout only,5,200,3.38
healthy,socket_timeout only,5,200,3.59
healthy,socket_timeout only,5,200,3.49
healthy,socket_timeout only,5,200,3.57
healthy,socket_timeout only,5,200,4.0
healthy,socket_timeout only,5,200,3.67
healthy,socket_timeout only,5,200,4.58
healthy,socket_timeout only,5,200,4.95
healthy,socket_timeout only,5,200,4.66
healthy,socket_timeout only,5,200,4.09
healthy,socket_timeout only,5,200,4.28
healthy,socket_timeout only,5,200,4.17
healthy,socket_timeout only,5,200,3.67
healthy,socket_timeout only,5,200,4.1
healthy,socket_timeout only,5,200,3.45
healthy,socket_timeout only,5,200,3.57
healthy,socket_timeout only,5,200,3.51
healthy,socket_timeout only,5,200,3.08
healthy,socket_timeout only,5,200,3.42
healthy,socket_timeout only,5,200,3.45
healthy,socket_timeout only,5,200,3.99
healthy,socket_timeout only,5,200,4.04
healthy,socket_timeout only,5,200,3.66
healthy,socket_timeout only,5,200,3.62
healthy,socket_timeout only,5,200,3.35
healthy,socket_timeout only,5,200,3.37
healthy,socket_timeout only,5,200,3.15
healthy,socket_timeout only,5,200,3.45
healthy,socket_timeout only,5,200,3.42
healthy,socket_timeout only,5,200,3.23
healthy,socket_timeout only,5,200,3.26
healthy,socket_timeout only,5,200,3.19
healthy,socket_timeout only,5,200,3.24
healthy,socket_timeout only,5,200,3.24
healthy,socket_timeout only,5,200,3.3
healthy,socket_timeout only,5,200,3.11
healthy,socket_timeout only,5,200,3.23
healthy,socket_timeout only,5,200,3.12
healthy,socket_timeout only,5,200,3.52
healthy,socket_timeout only,5,200,3.25
healthy,socket_timeout only,5,200,3.22
healthy,socket_timeout only,5,200,2.99
healthy,socket_timeout only,5,200,3.22
healthy,socket_timeout only,5,200,3.08
healthy,socket_timeout only,5,200,3.08
healthy,socket_timeout only,5,200,3.04
healthy,socket_timeout only,5,200,3.22
healthy,socket_timeout only,5,200,3.17
healthy,socket_timeout only,5,200,3.28
healthy,socket_timeout only,5,200,2.99
healthy,socket_timeout only,5,200,3.28
healthy,socket_timeout only,5,200,3.05
healthy,socket_timeout only,5,200,3.4
healthy,socket_timeout only,5,200,3.03
healthy,socket_timeout only,5,200,3.44
healthy,socket_timeout only,5,200,3.22
healthy,socket_timeout only,5,200,3.26
healthy,socket_timeout only,5,200,3.3
refusing connections,"both timeouts, no retries",1,503,59.12
refusing connections,"both timeouts, no retries",1,503,62.81
refusing connections,"both timeouts, no retries",1,503,62.03
refusing connections,"both timeouts, no retries",1,503,61.29
refusing connections,"both timeouts, no retries",1,503,61.05
refusing connections,"both timeouts, no retries",1,503,61.42
refusing connections,"both timeouts, no retries",1,503,59.95
refusing connections,"both timeouts, no retries",1,503,62.92
refusing connections,"both timeouts, no retries",1,503,60.9
refusing connections,"both timeouts, no retries",1,503,62.29
refusing connections,"both timeouts, no retries",1,503,61.64
refusing connections,"both timeouts, no retries",1,503,63.62
refusing connections,"both timeouts, no retries",1,503,60.72
refusing connections,"both timeouts, no retries",1,503,60.99
refusing connections,"both timeouts, no retries",1,503,63.03
refusing connections,"both timeouts, no retries",1,503,62.17
refusing connections,"both timeouts, no retries",1,503,62.11
refusing connections,"both timeouts, no retries",1,503,61.6
refusing connections,"both timeouts, no retries",1,503,61.01
refusing connections,"both timeouts, no retries",1,503,61.39
refusing connections,"both timeouts, no retries",1,503,61.4
refusing connections,"both timeouts, no retries",1,503,62.4
refusing connections,"both timeouts, no retries",1,503,62.87
refusing connections,"both timeouts, no retries",1,503,61.04
refusing connections,"both timeouts, no retries",1,503,62.21
refusing connections,"both timeouts, no retries",1,503,61.39
refusing connections,"both timeouts, no retries",1,503,62.61
refusing connections,"both timeouts, no retries",1,503,60.55
refusing connections,"both timeouts, no retries",1,503,62.9
refusing connections,"both timeouts, no retries",1,503,62.45
refusing connections,"both timeouts, no retries",1,503,61.67
refusing connections,"both timeouts, no retries",1,503,62.02
refusing connections,"both timeouts, no retries",1,503,62.21
refusing connections,"both timeouts, no retries",1,503,61.09
refusing connections,"both timeouts, no retries",1,503,63.22
refusing connections,"both timeouts, no retries",1,503,61.92
refusing connections,"both timeouts, no retries",1,503,61.13
refusing connections,"both timeouts, no retries",1,503,62.16
refusing connections,"both timeouts, no retries",1,503,60.87
refusing connections,"both timeouts, no retries",1,503,61.45
refusing connections,"both timeouts, no retries",1,503,61.9
refusing connections,"both timeouts, no retries",1,503,63.09
refusing connections,"both timeouts, no retries",1,503,61.36
refusing connections,"both timeouts, no retries",1,503,62.36
refusing connections,"both timeouts, no retries",1,503,61.9
refusing connections,"both timeouts, no retries",1,503,62.25
refusing connections,"both timeouts, no retries",1,503,63.39
refusing connections,"both timeouts, no retries",1,503,61.55
refusing connections,"both timeouts, no retries",1,503,61.86
refusing connections,"both timeouts, no retries",1,503,62.21
refusing connections,"both timeouts, no retries",1,503,64.14
refusing connections,"both timeouts, no retries",1,503,63.07
refusing connections,"both timeouts, no retries",1,503,62.84
refusing connections,"both timeouts, no retries",1,503,61.43
refusing connections,"both timeouts, no retries",1,503,61.42
refusing connections,"both timeouts, no retries",1,503,62.5
refusing connections,"both timeouts, no retries",1,503,61.37
refusing connections,"both timeouts, no retries",1,503,60.28
refusing connections,"both timeouts, no retries",1,503,61.43
refusing connections,"both timeouts, no retries",1,503,62.08
refusing connections,"both timeouts, no retries",1,503,59.1
refusing connections,"both timeouts, no retries",1,503,63.09
refusing connections,"both timeouts, no retries",1,503,61.53
refusing connections,"both timeouts, no retries",1,503,61.98
refusing connections,"both timeouts, no retries",1,503,63.12
refusing connections,"both timeouts, no retries",1,503,63.4
refusing connections,"both timeouts, no retries",1,503,62.76
refusing connections,"both timeouts, no retries",1,503,63.6
refusing connections,"both timeouts, no retries",1,503,63.45
refusing connections,"both timeouts, no retries",1,503,62.97
refusing connections,"both timeouts, no retries",1,503,59.09
refusing connections,"both timeouts, no retries",1,503,63.57
refusing connections,"both timeouts, no retries",1,503,61.18
refusing connections,"both timeouts, no retries",1,503,62.54
refusing connections,"both timeouts, no retries",1,503,63.7
refusing connections,"both timeouts, no retries",1,503,61.67
refusing connections,"both timeouts, no retries",1,503,61.95
refusing connections,"both timeouts, no retries",1,503,62.03
refusing connections,"both timeouts, no retries",1,503,60.18
refusing connections,"both timeouts, no retries",1,503,63.71
refusing connections,"both timeouts, no retries",1,503,61.62
refusing connections,"both timeouts, no retries",1,503,60.63
refusing connections,"both timeouts, no retries",1,503,61.99
refusing connections,"both timeouts, no retries",1,503,61.48
refusing connections,"both timeouts, no retries",1,503,60.34
refusing connections,"both timeouts, no retries",1,503,63.63
refusing connections,"both timeouts, no retries",1,503,61.15
refusing connections,"both timeouts, no retries",1,503,61.62
refusing connections,"both timeouts, no retries",1,503,60.4
refusing connections,"both timeouts, no retries",1,503,63.19
refusing connections,"both timeouts, no retries",1,503,62.42
refusing connections,"both timeouts, no retries",1,503,63.05
refusing connections,"both timeouts, no retries",1,503,62.05
refusing connections,"both timeouts, no retries",1,503,61.68
refusing connections,"both timeouts, no retries",1,503,63.44
refusing connections,"both timeouts, no retries",1,503,60.01
refusing connections,"both timeouts, no retries",1,503,62.13
refusing connections,"both timeouts, no retries",1,503,61.54
refusing connections,"both timeouts, no retries",1,503,63.47
refusing connections,"both timeouts, no retries",1,503,62.41
refusing connections,"both timeouts, no retries",2,503,62.74
refusing connections,"both timeouts, no retries",2,503,61.36
refusing connections,"both timeouts, no retries",2,503,61.49
refusing connections,"both timeouts, no retries",2,503,60.32
refusing connections,"both timeouts, no retries",2,503,60.28
refusing connections,"both timeouts, no retries",2,503,61.36
refusing connections,"both timeouts, no retries",2,503,62.38
refusing connections,"both timeouts, no retries",2,503,62.51
refusing connections,"both timeouts, no retries",2,503,60.36
refusing connections,"both timeouts, no retries",2,503,103.83
refusing connections,"both timeouts, no retries",2,503,64.92
refusing connections,"both timeouts, no retries",2,503,60.38
refusing connections,"both timeouts, no retries",2,503,60.57
refusing connections,"both timeouts, no retries",2,503,60.18
refusing connections,"both timeouts, no retries",2,503,62.61
refusing connections,"both timeouts, no retries",2,503,61.95
refusing connections,"both timeouts, no retries",2,503,61.82
refusing connections,"both timeouts, no retries",2,503,63.39
refusing connections,"both timeouts, no retries",2,503,59.96
refusing connections,"both timeouts, no retries",2,503,61.4
refusing connections,"both timeouts, no retries",2,503,61.5
refusing connections,"both timeouts, no retries",2,503,60.19
refusing connections,"both timeouts, no retries",2,503,61.49
refusing connections,"both timeouts, no retries",2,503,61.85
refusing connections,"both timeouts, no retries",2,503,62.14
refusing connections,"both timeouts, no retries",2,503,62.28
refusing connections,"both timeouts, no retries",2,503,60.09
refusing connections,"both timeouts, no retries",2,503,63.18
refusing connections,"both timeouts, no retries",2,503,60.38
refusing connections,"both timeouts, no retries",2,503,62.3
refusing connections,"both timeouts, no retries",2,503,62.15
refusing connections,"both timeouts, no retries",2,503,63.92
refusing connections,"both timeouts, no retries",2,503,61.95
refusing connections,"both timeouts, no retries",2,503,63.81
refusing connections,"both timeouts, no retries",2,503,61.91
refusing connections,"both timeouts, no retries",2,503,60.34
refusing connections,"both timeouts, no retries",2,503,63.11
refusing connections,"both timeouts, no retries",2,503,63.75
refusing connections,"both timeouts, no retries",2,503,60.96
refusing connections,"both timeouts, no retries",2,503,62.13
refusing connections,"both timeouts, no retries",2,503,62.16
refusing connections,"both timeouts, no retries",2,503,63.31
refusing connections,"both timeouts, no retries",2,503,62.06
refusing connections,"both timeouts, no retries",2,503,61.36
refusing connections,"both timeouts, no retries",2,503,59.37
refusing connections,"both timeouts, no retries",2,503,60.29
refusing connections,"both timeouts, no retries",2,503,61.08
refusing connections,"both timeouts, no retries",2,503,62.39
refusing connections,"both timeouts, no retries",2,503,62.45
refusing connections,"both timeouts, no retries",2,503,61.91
refusing connections,"both timeouts, no retries",2,503,63.54
refusing connections,"both timeouts, no retries",2,503,61.85
refusing connections,"both timeouts, no retries",2,503,61.54
refusing connections,"both timeouts, no retries",2,503,61.8
refusing connections,"both timeouts, no retries",2,503,60.38
refusing connections,"both timeouts, no retries",2,503,61.87
refusing connections,"both timeouts, no retries",2,503,62.47
refusing connections,"both timeouts, no retries",2,503,62.66
refusing connections,"both timeouts, no retries",2,503,61.53
refusing connections,"both timeouts, no retries",2,503,61.85
refusing connections,"both timeouts, no retries",2,503,62.43
refusing connections,"both timeouts, no retries",2,503,63.18
refusing connections,"both timeouts, no retries",2,503,61.02
refusing connections,"both timeouts, no retries",2,503,63.29
refusing connections,"both timeouts, no retries",2,503,61.45
refusing connections,"both timeouts, no retries",2,503,61.03
refusing connections,"both timeouts, no retries",2,503,61.2
refusing connections,"both timeouts, no retries",2,503,62.65
refusing connections,"both timeouts, no retries",2,503,62.88
refusing connections,"both timeouts, no retries",2,503,61.85
refusing connections,"both timeouts, no retries",2,503,62.05
refusing connections,"both timeouts, no retries",2,503,62.61
refusing connections,"both timeouts, no retries",2,503,61.73
refusing connections,"both timeouts, no retries",2,503,63.89
refusing connections,"both timeouts, no retries",2,503,61.34
refusing connections,"both timeouts, no retries",2,503,62.68
refusing connections,"both timeouts, no retries",2,503,61.89
refusing connections,"both timeouts, no retries",2,503,61.27
refusing connections,"both timeouts, no retries",2,503,62.11
refusing connections,"both timeouts, no retries",2,503,61.08
refusing connections,"both timeouts, no retries",2,503,63.54
refusing connections,"both timeouts, no retries",2,503,63.03
refusing connections,"both timeouts, no retries",2,503,61.57
refusing connections,"both timeouts, no retries",2,503,63.3
refusing connections,"both timeouts, no retries",2,503,60.11
refusing connections,"both timeouts, no retries",2,503,62.96
refusing connections,"both timeouts, no retries",2,503,61.3
refusing connections,"both timeouts, no retries",2,503,63.3
refusing connections,"both timeouts, no retries",2,503,61.14
refusing connections,"both timeouts, no retries",2,503,63.22
refusing connections,"both timeouts, no retries",2,503,63.34
refusing connections,"both timeouts, no retries",2,503,59.74
refusing connections,"both timeouts, no retries",2,503,59.93
refusing connections,"both timeouts, no retries",2,503,62.33
refusing connections,"both timeouts, no retries",2,503,62.78
refusing connections,"both timeouts, no retries",2,503,61.44
refusing connections,"both timeouts, no retries",2,503,61.34
refusing connections,"both timeouts, no retries",2,503,63.66
refusing connections,"both timeouts, no retries",2,503,62.12
refusing connections,"both timeouts, no retries",2,503,62.45
refusing connections,"both timeouts, no retries",3,503,61.63
refusing connections,"both timeouts, no retries",3,503,62.68
refusing connections,"both timeouts, no retries",3,503,60.3
refusing connections,"both timeouts, no retries",3,503,62.81
refusing connections,"both timeouts, no retries",3,503,61.11
refusing connections,"both timeouts, no retries",3,503,62.97
refusing connections,"both timeouts, no retries",3,503,62.56
refusing connections,"both timeouts, no retries",3,503,62.77
refusing connections,"both timeouts, no retries",3,503,61.98
refusing connections,"both timeouts, no retries",3,503,61.33
refusing connections,"both timeouts, no retries",3,503,61.13
refusing connections,"both timeouts, no retries",3,503,62.12
refusing connections,"both timeouts, no retries",3,503,60.22
refusing connections,"both timeouts, no retries",3,503,60.75
refusing connections,"both timeouts, no retries",3,503,62.32
refusing connections,"both timeouts, no retries",3,503,60.14
refusing connections,"both timeouts, no retries",3,503,62.6
refusing connections,"both timeouts, no retries",3,503,62.63
refusing connections,"both timeouts, no retries",3,503,61.9
refusing connections,"both timeouts, no retries",3,503,59.79
refusing connections,"both timeouts, no retries",3,503,60.45
refusing connections,"both timeouts, no retries",3,503,61.94
refusing connections,"both timeouts, no retries",3,503,62.59
refusing connections,"both timeouts, no retries",3,503,64.61
refusing connections,"both timeouts, no retries",3,503,61.0
refusing connections,"both timeouts, no retries",3,503,62.82
refusing connections,"both timeouts, no retries",3,503,60.79
refusing connections,"both timeouts, no retries",3,503,62.5
refusing connections,"both timeouts, no retries",3,503,60.49
refusing connections,"both timeouts, no retries",3,503,62.33
refusing connections,"both timeouts, no retries",3,503,61.88
refusing connections,"both timeouts, no retries",3,503,62.06
refusing connections,"both timeouts, no retries",3,503,64.03
refusing connections,"both timeouts, no retries",3,503,63.04
refusing connections,"both timeouts, no retries",3,503,60.92
refusing connections,"both timeouts, no retries",3,503,62.82
refusing connections,"both timeouts, no retries",3,503,61.4
refusing connections,"both timeouts, no retries",3,503,61.77
refusing connections,"both timeouts, no retries",3,503,61.4
refusing connections,"both timeouts, no retries",3,503,60.47
refusing connections,"both timeouts, no retries",3,503,61.37
refusing connections,"both timeouts, no retries",3,503,63.2
refusing connections,"both timeouts, no retries",3,503,61.65
refusing connections,"both timeouts, no retries",3,503,62.48
refusing connections,"both timeouts, no retries",3,503,62.01
refusing connections,"both timeouts, no retries",3,503,62.07
refusing connections,"both timeouts, no retries",3,503,61.0
refusing connections,"both timeouts, no retries",3,503,61.17
refusing connections,"both timeouts, no retries",3,503,60.87
refusing connections,"both timeouts, no retries",3,503,61.42
refusing connections,"both timeouts, no retries",3,503,61.37
refusing connections,"both timeouts, no retries",3,503,64.12
refusing connections,"both timeouts, no retries",3,503,60.9
refusing connections,"both timeouts, no retries",3,503,63.21
refusing connections,"both timeouts, no retries",3,503,63.91
refusing connections,"both timeouts, no retries",3,503,62.47
refusing connections,"both timeouts, no retries",3,503,63.06
refusing connections,"both timeouts, no retries",3,503,61.27
refusing connections,"both timeouts, no retries",3,503,62.01
refusing connections,"both timeouts, no retries",3,503,61.51
refusing connections,"both timeouts, no retries",3,503,60.9
refusing connections,"both timeouts, no retries",3,503,60.78
refusing connections,"both timeouts, no retries",3,503,61.22
refusing connections,"both timeouts, no retries",3,503,61.47
refusing connections,"both timeouts, no retries",3,503,61.59
refusing connections,"both timeouts, no retries",3,503,61.06
refusing connections,"both timeouts, no retries",3,503,60.61
refusing connections,"both timeouts, no retries",3,503,62.66
refusing connections,"both timeouts, no retries",3,503,62.67
refusing connections,"both timeouts, no retries",3,503,62.14
refusing connections,"both timeouts, no retries",3,503,61.45
refusing connections,"both timeouts, no retries",3,503,62.18
refusing connections,"both timeouts, no retries",3,503,60.99
refusing connections,"both timeouts, no retries",3,503,62.13
refusing connections,"both timeouts, no retries",3,503,59.92
refusing connections,"both timeouts, no retries",3,503,61.95
refusing connections,"both timeouts, no retries",3,503,62.02
refusing connections,"both timeouts, no retries",3,503,61.49
refusing connections,"both timeouts, no retries",3,503,60.53
refusing connections,"both timeouts, no retries",3,503,63.31
refusing connections,"both timeouts, no retries",3,503,61.4
refusing connections,"both timeouts, no retries",3,503,61.76
refusing connections,"both timeouts, no retries",3,503,60.25
refusing connections,"both timeouts, no retries",3,503,63.53
refusing connections,"both timeouts, no retries",3,503,61.81
refusing connections,"both timeouts, no retries",3,503,62.03
refusing connections,"both timeouts, no retries",3,503,62.79
refusing connections,"both timeouts, no retries",3,503,61.64
refusing connections,"both timeouts, no retries",3,503,62.16
refusing connections,"both timeouts, no retries",3,503,62.63
refusing connections,"both timeouts, no retries",3,503,62.21
refusing connections,"both timeouts, no retries",3,503,61.78
refusing connections,"both timeouts, no retries",3,503,62.09
refusing connections,"both timeouts, no retries",3,503,61.38
refusing connections,"both timeouts, no retries",3,503,62.25
refusing connections,"both timeouts, no retries",3,503,62.19
refusing connections,"both timeouts, no retries",3,503,62.43
refusing connections,"both timeouts, no retries",3,503,63.42
refusing connections,"both timeouts, no retries",3,503,62.02
refusing connections,"both timeouts, no retries",3,503,60.93
refusing connections,"both timeouts, no retries",4,503,61.31
refusing connections,"both timeouts, no retries",4,503,61.12
refusing connections,"both timeouts, no retries",4,503,61.99
refusing connections,"both timeouts, no retries",4,503,60.8
refusing connections,"both timeouts, no retries",4,503,61.75
refusing connections,"both timeouts, no retries",4,503,63.25
refusing connections,"both timeouts, no retries",4,503,62.04
refusing connections,"both timeouts, no retries",4,503,63.03
refusing connections,"both timeouts, no retries",4,503,61.24
refusing connections,"both timeouts, no retries",4,503,62.63
refusing connections,"both timeouts, no retries",4,503,59.38
refusing connections,"both timeouts, no retries",4,503,61.95
refusing connections,"both timeouts, no retries",4,503,60.16
refusing connections,"both timeouts, no retries",4,503,62.58
refusing connections,"both timeouts, no retries",4,503,64.88
refusing connections,"both timeouts, no retries",4,503,63.21
refusing connections,"both timeouts, no retries",4,503,62.46
refusing connections,"both timeouts, no retries",4,503,60.14
refusing connections,"both timeouts, no retries",4,503,61.68
refusing connections,"both timeouts, no retries",4,503,62.69
refusing connections,"both timeouts, no retries",4,503,62.31
refusing connections,"both timeouts, no retries",4,503,63.19
refusing connections,"both timeouts, no retries",4,503,62.49
refusing connections,"both timeouts, no retries",4,503,62.78
refusing connections,"both timeouts, no retries",4,503,60.9
refusing connections,"both timeouts, no retries",4,503,63.67
refusing connections,"both timeouts, no retries",4,503,62.26
refusing connections,"both timeouts, no retries",4,503,61.37
refusing connections,"both timeouts, no retries",4,503,62.44
refusing connections,"both timeouts, no retries",4,503,63.7
refusing connections,"both timeouts, no retries",4,503,62.54
refusing connections,"both timeouts, no retries",4,503,62.68
refusing connections,"both timeouts, no retries",4,503,62.68
refusing connections,"both timeouts, no retries",4,503,63.01
refusing connections,"both timeouts, no retries",4,503,63.78
refusing connections,"both timeouts, no retries",4,503,62.37
refusing connections,"both timeouts, no retries",4,503,63.26
refusing connections,"both timeouts, no retries",4,503,64.61
refusing connections,"both timeouts, no retries",4,503,61.54
refusing connections,"both timeouts, no retries",4,503,62.52
refusing connections,"both timeouts, no retries",4,503,62.29
refusing connections,"both timeouts, no retries",4,503,63.03
refusing connections,"both timeouts, no retries",4,503,61.02
refusing connections,"both timeouts, no retries",4,503,61.8
refusing connections,"both timeouts, no retries",4,503,60.59
refusing connections,"both timeouts, no retries",4,503,62.04
refusing connections,"both timeouts, no retries",4,503,61.86
refusing connections,"both timeouts, no retries",4,503,60.37
refusing connections,"both timeouts, no retries",4,503,61.84
refusing connections,"both timeouts, no retries",4,503,61.22
refusing connections,"both timeouts, no retries",4,503,63.11
refusing connections,"both timeouts, no retries",4,503,63.03
refusing connections,"both timeouts, no retries",4,503,61.37
refusing connections,"both timeouts, no retries",4,503,62.63
refusing connections,"both timeouts, no retries",4,503,61.16
refusing connections,"both timeouts, no retries",4,503,63.63
refusing connections,"both timeouts, no retries",4,503,64.04
refusing connections,"both timeouts, no retries",4,503,62.64
refusing connections,"both timeouts, no retries",4,503,60.37
refusing connections,"both timeouts, no retries",4,503,62.55
refusing connections,"both timeouts, no retries",4,503,61.08
refusing connections,"both timeouts, no retries",4,503,61.26
refusing connections,"both timeouts, no retries",4,503,62.97
refusing connections,"both timeouts, no retries",4,503,61.61
refusing connections,"both timeouts, no retries",4,503,61.79
refusing connections,"both timeouts, no retries",4,503,62.68
refusing connections,"both timeouts, no retries",4,503,61.65
refusing connections,"both timeouts, no retries",4,503,63.05
refusing connections,"both timeouts, no retries",4,503,62.41
refusing connections,"both timeouts, no retries",4,503,62.25
refusing connections,"both timeouts, no retries",4,503,59.12
refusing connections,"both timeouts, no retries",4,503,61.11
refusing connections,"both timeouts, no retries",4,503,60.75
refusing connections,"both timeouts, no retries",4,503,63.22
refusing connections,"both timeouts, no retries",4,503,61.31
refusing connections,"both timeouts, no retries",4,503,61.15
refusing connections,"both timeouts, no retries",4,503,62.56
refusing connections,"both timeouts, no retries",4,503,61.9
refusing connections,"both timeouts, no retries",4,503,62.24
refusing connections,"both timeouts, no retries",4,503,62.66
refusing connections,"both timeouts, no retries",4,503,61.03
refusing connections,"both timeouts, no retries",4,503,61.68
refusing connections,"both timeouts, no retries",4,503,62.11
refusing connections,"both timeouts, no retries",4,503,61.94
refusing connections,"both timeouts, no retries",4,503,61.1
refusing connections,"both timeouts, no retries",4,503,61.47
refusing connections,"both timeouts, no retries",4,503,63.47
refusing connections,"both timeouts, no retries",4,503,61.01
refusing connections,"both timeouts, no retries",4,503,61.06
refusing connections,"both timeouts, no retries",4,503,61.73
refusing connections,"both timeouts, no retries",4,503,62.42
refusing connections,"both timeouts, no retries",4,503,63.43
refusing connections,"both timeouts, no retries",4,503,60.98
refusing connections,"both timeouts, no retries",4,503,63.25
refusing connections,"both timeouts, no retries",4,503,61.15
refusing connections,"both timeouts, no retries",4,503,61.42
refusing connections,"both timeouts, no retries",4,503,60.74
refusing connections,"both timeouts, no retries",4,503,62.88
refusing connections,"both timeouts, no retries",4,503,64.21
refusing connections,"both timeouts, no retries",4,503,62.9
refusing connections,"both timeouts, no retries",5,503,60.77
refusing connections,"both timeouts, no retries",5,503,62.01
refusing connections,"both timeouts, no retries",5,503,60.85
refusing connections,"both timeouts, no retries",5,503,62.04
refusing connections,"both timeouts, no retries",5,503,60.91
refusing connections,"both timeouts, no retries",5,503,61.58
refusing connections,"both timeouts, no retries",5,503,62.29
refusing connections,"both timeouts, no retries",5,503,62.63
refusing connections,"both timeouts, no retries",5,503,58.94
refusing connections,"both timeouts, no retries",5,503,61.83
refusing connections,"both timeouts, no retries",5,503,61.7
refusing connections,"both timeouts, no retries",5,503,61.65
refusing connections,"both timeouts, no retries",5,503,62.1
refusing connections,"both timeouts, no retries",5,503,60.61
refusing connections,"both timeouts, no retries",5,503,61.17
refusing connections,"both timeouts, no retries",5,503,62.68
refusing connections,"both timeouts, no retries",5,503,62.48
refusing connections,"both timeouts, no retries",5,503,61.46
refusing connections,"both timeouts, no retries",5,503,62.56
refusing connections,"both timeouts, no retries",5,503,62.17
refusing connections,"both timeouts, no retries",5,503,64.08
refusing connections,"both timeouts, no retries",5,503,61.06
refusing connections,"both timeouts, no retries",5,503,62.21
refusing connections,"both timeouts, no retries",5,503,61.1
refusing connections,"both timeouts, no retries",5,503,61.27
refusing connections,"both timeouts, no retries",5,503,60.49
refusing connections,"both timeouts, no retries",5,503,62.98
refusing connections,"both timeouts, no retries",5,503,61.42
refusing connections,"both timeouts, no retries",5,503,61.8
refusing connections,"both timeouts, no retries",5,503,62.41
refusing connections,"both timeouts, no retries",5,503,60.89
refusing connections,"both timeouts, no retries",5,503,63.76
refusing connections,"both timeouts, no retries",5,503,61.49
refusing connections,"both timeouts, no retries",5,503,61.03
refusing connections,"both timeouts, no retries",5,503,60.64
refusing connections,"both timeouts, no retries",5,503,61.72
refusing connections,"both timeouts, no retries",5,503,60.8
refusing connections,"both timeouts, no retries",5,503,63.07
refusing connections,"both timeouts, no retries",5,503,60.61
refusing connections,"both timeouts, no retries",5,503,61.24
refusing connections,"both timeouts, no retries",5,503,62.19
refusing connections,"both timeouts, no retries",5,503,63.63
refusing connections,"both timeouts, no retries",5,503,63.74
refusing connections,"both timeouts, no retries",5,503,62.71
refusing connections,"both timeouts, no retries",5,503,63.71
refusing connections,"both timeouts, no retries",5,503,62.65
refusing connections,"both timeouts, no retries",5,503,61.99
refusing connections,"both timeouts, no retries",5,503,61.59
refusing connections,"both timeouts, no retries",5,503,61.55
refusing connections,"both timeouts, no retries",5,503,61.32
refusing connections,"both timeouts, no retries",5,503,61.36
refusing connections,"both timeouts, no retries",5,503,61.56
refusing connections,"both timeouts, no retries",5,503,61.63
refusing connections,"both timeouts, no retries",5,503,62.22
refusing connections,"both timeouts, no retries",5,503,61.37
refusing connections,"both timeouts, no retries",5,503,63.17
refusing connections,"both timeouts, no retries",5,503,62.3
refusing connections,"both timeouts, no retries",5,503,62.7
refusing connections,"both timeouts, no retries",5,503,60.99
refusing connections,"both timeouts, no retries",5,503,63.84
refusing connections,"both timeouts, no retries",5,503,61.83
refusing connections,"both timeouts, no retries",5,503,61.61
refusing connections,"both timeouts, no retries",5,503,60.7
refusing connections,"both timeouts, no retries",5,503,63.2
refusing connections,"both timeouts, no retries",5,503,61.68
refusing connections,"both timeouts, no retries",5,503,63.85
refusing connections,"both timeouts, no retries",5,503,62.56
refusing connections,"both timeouts, no retries",5,503,61.47
refusing connections,"both timeouts, no retries",5,503,60.75
refusing connections,"both timeouts, no retries",5,503,61.87
refusing connections,"both timeouts, no retries",5,503,61.86
refusing connections,"both timeouts, no retries",5,503,60.11
refusing connections,"both timeouts, no retries",5,503,62.78
refusing connections,"both timeouts, no retries",5,503,62.43
refusing connections,"both timeouts, no retries",5,503,63.13
refusing connections,"both timeouts, no retries",5,503,62.04
refusing connections,"both timeouts, no retries",5,503,63.31
refusing connections,"both timeouts, no retries",5,503,61.04
refusing connections,"both timeouts, no retries",5,503,60.17
refusing connections,"both timeouts, no retries",5,503,62.29
refusing connections,"both timeouts, no retries",5,503,61.62
refusing connections,"both timeouts, no retries",5,503,63.44
refusing connections,"both timeouts, no retries",5,503,63.41
refusing connections,"both timeouts, no retries",5,503,62.06
refusing connections,"both timeouts, no retries",5,503,61.87
refusing connections,"both timeouts, no retries",5,503,62.12
refusing connections,"both timeouts, no retries",5,503,61.9
refusing connections,"both timeouts, no retries",5,503,63.03
refusing connections,"both timeouts, no retries",5,503,60.8
refusing connections,"both timeouts, no retries",5,503,62.58
refusing connections,"both timeouts, no retries",5,503,60.81
refusing connections,"both timeouts, no retries",5,503,63.34
refusing connections,"both timeouts, no retries",5,503,62.28
refusing connections,"both timeouts, no retries",5,503,62.98
refusing connections,"both timeouts, no retries",5,503,61.83
refusing connections,"both timeouts, no retries",5,503,62.21
refusing connections,"both timeouts, no retries",5,503,61.61
refusing connections,"both timeouts, no retries",5,503,61.85
refusing connections,"both timeouts, no retries",5,503,64.43
refusing connections,"both timeouts, no retries",5,503,64.44
refusing connections,both timeouts,1,503,3787.91
refusing connections,both timeouts,2,503,3920.26
refusing connections,both timeouts,3,503,4526.08
refusing connections,both timeouts,4,503,5117.34
refusing connections,both timeouts,5,503,5383.2
refusing connections,socket_timeout only,1,503,26013.45
refusing connections,socket_timeout only,2,503,26296.53
refusing connections,socket_timeout only,3,503,26749.14
refusing connections,socket_timeout only,4,503,26736.78
refusing connections,socket_timeout only,5,503,26602.47
hung,"both timeouts, no retries",1,503,61.42
hung,"both timeouts, no retries",1,503,61.51
hung,"both timeouts, no retries",1,503,78.03
hung,"both timeouts, no retries",1,503,77.3
hung,"both timeouts, no retries",1,503,63.13
hung,"both timeouts, no retries",1,503,77.73
hung,"both timeouts, no retries",1,503,61.41
hung,"both timeouts, no retries",1,503,62.08
hung,"both timeouts, no retries",1,503,61.69
hung,"both timeouts, no retries",1,503,63.0
hung,"both timeouts, no retries",1,503,61.74
hung,"both timeouts, no retries",1,503,74.63
hung,"both timeouts, no retries",1,503,62.36
hung,"both timeouts, no retries",1,503,75.57
hung,"both timeouts, no retries",1,503,60.6
hung,"both timeouts, no retries",1,503,60.77
hung,"both timeouts, no retries",1,503,61.22
hung,"both timeouts, no retries",1,503,61.92
hung,"both timeouts, no retries",1,503,64.31
hung,"both timeouts, no retries",1,503,61.41
hung,"both timeouts, no retries",1,503,61.95
hung,"both timeouts, no retries",1,503,59.58
hung,"both timeouts, no retries",1,503,60.19
hung,"both timeouts, no retries",1,503,78.99
hung,"both timeouts, no retries",1,503,62.18
hung,"both timeouts, no retries",1,503,77.44
hung,"both timeouts, no retries",1,503,77.02
hung,"both timeouts, no retries",1,503,59.9
hung,"both timeouts, no retries",1,503,59.73
hung,"both timeouts, no retries",1,503,61.26
hung,"both timeouts, no retries",1,503,62.23
hung,"both timeouts, no retries",1,503,77.5
hung,"both timeouts, no retries",1,503,61.98
hung,"both timeouts, no retries",1,503,61.46
hung,"both timeouts, no retries",1,503,62.05
hung,"both timeouts, no retries",1,503,61.92
hung,"both timeouts, no retries",1,503,61.26
hung,"both timeouts, no retries",1,503,59.8
hung,"both timeouts, no retries",1,503,60.99
hung,"both timeouts, no retries",1,503,62.65
hung,"both timeouts, no retries",1,503,62.48
hung,"both timeouts, no retries",1,503,62.62
hung,"both timeouts, no retries",1,503,61.89
hung,"both timeouts, no retries",1,503,75.42
hung,"both timeouts, no retries",1,503,60.94
hung,"both timeouts, no retries",1,503,62.06
hung,"both timeouts, no retries",1,503,60.83
hung,"both timeouts, no retries",1,503,63.35
hung,"both timeouts, no retries",1,503,79.55
hung,"both timeouts, no retries",1,503,62.23
hung,"both timeouts, no retries",1,503,62.64
hung,"both timeouts, no retries",1,503,77.43
hung,"both timeouts, no retries",1,503,61.54
hung,"both timeouts, no retries",1,503,60.62
hung,"both timeouts, no retries",1,503,62.6
hung,"both timeouts, no retries",1,503,77.52
hung,"both timeouts, no retries",1,503,62.74
hung,"both timeouts, no retries",1,503,63.21
hung,"both timeouts, no retries",1,503,91.98
hung,"both timeouts, no retries",1,503,61.9
hung,"both timeouts, no retries",1,503,76.89
hung,"both timeouts, no retries",1,503,76.23
hung,"both timeouts, no retries",1,503,63.98
hung,"both timeouts, no retries",1,503,61.32
hung,"both timeouts, no retries",1,503,63.29
hung,"both timeouts, no retries",1,503,76.14
hung,"both timeouts, no retries",1,503,61.83
hung,"both timeouts, no retries",1,503,62.1
hung,"both timeouts, no retries",1,503,62.32
hung,"both timeouts, no retries",1,503,61.54
hung,"both timeouts, no retries",1,503,62.09
hung,"both timeouts, no retries",1,503,62.57
hung,"both timeouts, no retries",1,503,60.98
hung,"both timeouts, no retries",1,503,62.69
hung,"both timeouts, no retries",1,503,63.97
hung,"both timeouts, no retries",1,503,59.33
hung,"both timeouts, no retries",1,503,76.82
hung,"both timeouts, no retries",1,503,62.38
hung,"both timeouts, no retries",1,503,61.44
hung,"both timeouts, no retries",1,503,62.08
hung,"both timeouts, no retries",1,503,77.57
hung,"both timeouts, no retries",1,503,63.31
hung,"both timeouts, no retries",1,503,61.05
hung,"both timeouts, no retries",1,503,62.2
hung,"both timeouts, no retries",1,503,62.26
hung,"both timeouts, no retries",1,503,63.33
hung,"both timeouts, no retries",1,503,79.11
hung,"both timeouts, no retries",1,503,62.12
hung,"both timeouts, no retries",1,503,79.56
hung,"both timeouts, no retries",1,503,76.4
hung,"both timeouts, no retries",1,503,60.67
hung,"both timeouts, no retries",1,503,77.57
hung,"both timeouts, no retries",1,503,77.52
hung,"both timeouts, no retries",1,503,60.54
hung,"both timeouts, no retries",1,503,60.1
hung,"both timeouts, no retries",1,503,63.16
hung,"both timeouts, no retries",1,503,62.71
hung,"both timeouts, no retries",1,503,62.35
hung,"both timeouts, no retries",1,503,60.59
hung,"both timeouts, no retries",1,503,61.54
hung,"both timeouts, no retries",2,503,76.97
hung,"both timeouts, no retries",2,503,61.43
hung,"both timeouts, no retries",2,503,63.19
hung,"both timeouts, no retries",2,503,62.41
hung,"both timeouts, no retries",2,503,77.05
hung,"both timeouts, no retries",2,503,60.67
hung,"both timeouts, no retries",2,503,63.17
hung,"both timeouts, no retries",2,503,76.24
hung,"both timeouts, no retries",2,503,76.62
hung,"both timeouts, no retries",2,503,59.86
hung,"both timeouts, no retries",2,503,77.97
hung,"both timeouts, no retries",2,503,62.09
hung,"both timeouts, no retries",2,503,60.64
hung,"both timeouts, no retries",2,503,60.49
hung,"both timeouts, no retries",2,503,61.81
hung,"both timeouts, no retries",2,503,62.04
hung,"both timeouts, no retries",2,503,75.49
hung,"both timeouts, no retries",2,503,77.72
hung,"both timeouts, no retries",2,503,61.31
hung,"both timeouts, no retries",2,503,62.26
hung,"both timeouts, no retries",2,503,78.15
hung,"both timeouts, no retries",2,503,59.91
hung,"both timeouts, no retries",2,503,75.87
hung,"both timeouts, no retries",2,503,62.93
hung,"both timeouts, no retries",2,503,61.95
hung,"both timeouts, no retries",2,503,61.38
hung,"both timeouts, no retries",2,503,63.45
hung,"both timeouts, no retries",2,503,62.44
hung,"both timeouts, no retries",2,503,62.37
hung,"both timeouts, no retries",2,503,62.05
hung,"both timeouts, no retries",2,503,61.83
hung,"both timeouts, no retries",2,503,58.96
hung,"both timeouts, no retries",2,503,78.07
hung,"both timeouts, no retries",2,503,62.35
hung,"both timeouts, no retries",2,503,63.25
hung,"both timeouts, no retries",2,503,62.32
hung,"both timeouts, no retries",2,503,63.29
hung,"both timeouts, no retries",2,503,77.36
hung,"both timeouts, no retries",2,503,77.65
hung,"both timeouts, no retries",2,503,61.8
hung,"both timeouts, no retries",2,503,61.05
hung,"both timeouts, no retries",2,503,61.1
hung,"both timeouts, no retries",2,503,63.63
hung,"both timeouts, no retries",2,503,62.46
hung,"both timeouts, no retries",2,503,62.98
hung,"both timeouts, no retries",2,503,76.89
hung,"both timeouts, no retries",2,503,76.39
hung,"both timeouts, no retries",2,503,61.25
hung,"both timeouts, no retries",2,503,60.62
hung,"both timeouts, no retries",2,503,62.36
hung,"both timeouts, no retries",2,503,77.05
hung,"both timeouts, no retries",2,503,78.38
hung,"both timeouts, no retries",2,503,77.0
hung,"both timeouts, no retries",2,503,76.01
hung,"both timeouts, no retries",2,503,63.96
hung,"both timeouts, no retries",2,503,60.41
hung,"both timeouts, no retries",2,503,62.86
hung,"both timeouts, no retries",2,503,61.42
hung,"both timeouts, no retries",2,503,62.1
hung,"both timeouts, no retries",2,503,61.01
hung,"both timeouts, no retries",2,503,61.68
hung,"both timeouts, no retries",2,503,61.04
hung,"both timeouts, no retries",2,503,60.63
hung,"both timeouts, no retries",2,503,92.77
hung,"both timeouts, no retries",2,503,60.34
hung,"both timeouts, no retries",2,503,61.51
hung,"both timeouts, no retries",2,503,76.5
hung,"both timeouts, no retries",2,503,61.4
hung,"both timeouts, no retries",2,503,90.28
hung,"both timeouts, no retries",2,503,60.11
hung,"both timeouts, no retries",2,503,61.37
hung,"both timeouts, no retries",2,503,63.2
hung,"both timeouts, no retries",2,503,63.74
hung,"both timeouts, no retries",2,503,77.74
hung,"both timeouts, no retries",2,503,62.66
hung,"both timeouts, no retries",2,503,61.1
hung,"both timeouts, no retries",2,503,60.05
hung,"both timeouts, no retries",2,503,62.09
hung,"both timeouts, no retries",2,503,62.24
hung,"both timeouts, no retries",2,503,60.83
hung,"both timeouts, no retries",2,503,77.52
hung,"both timeouts, no retries",2,503,60.6
hung,"both timeouts, no retries",2,503,61.85
hung,"both timeouts, no retries",2,503,59.25
hung,"both timeouts, no retries",2,503,77.17
hung,"both timeouts, no retries",2,503,61.64
hung,"both timeouts, no retries",2,503,75.7
hung,"both timeouts, no retries",2,503,59.81
hung,"both timeouts, no retries",2,503,61.09
hung,"both timeouts, no retries",2,503,61.55
hung,"both timeouts, no retries",2,503,61.97
hung,"both timeouts, no retries",2,503,61.32
hung,"both timeouts, no retries",2,503,60.65
hung,"both timeouts, no retries",2,503,61.49
hung,"both timeouts, no retries",2,503,61.05
hung,"both timeouts, no retries",2,503,61.43
hung,"both timeouts, no retries",2,503,62.3
hung,"both timeouts, no retries",2,503,60.34
hung,"both timeouts, no retries",2,503,91.69
hung,"both timeouts, no retries",2,503,61.09
hung,"both timeouts, no retries",3,503,60.56
hung,"both timeouts, no retries",3,503,62.23
hung,"both timeouts, no retries",3,503,63.74
hung,"both timeouts, no retries",3,503,76.52
hung,"both timeouts, no retries",3,503,63.29
hung,"both timeouts, no retries",3,503,61.94
hung,"both timeouts, no retries",3,503,93.12
hung,"both timeouts, no retries",3,503,62.33
hung,"both timeouts, no retries",3,503,61.06
hung,"both timeouts, no retries",3,503,76.12
hung,"both timeouts, no retries",3,503,61.19
hung,"both timeouts, no retries",3,503,75.69
hung,"both timeouts, no retries",3,503,93.67
hung,"both timeouts, no retries",3,503,76.87
hung,"both timeouts, no retries",3,503,61.3
hung,"both timeouts, no retries",3,503,75.08
hung,"both timeouts, no retries",3,503,62.42
hung,"both timeouts, no retries",3,503,76.82
hung,"both timeouts, no retries",3,503,62.96
hung,"both timeouts, no retries",3,503,61.93
hung,"both timeouts, no retries",3,503,61.19
hung,"both timeouts, no retries",3,503,62.91
hung,"both timeouts, no retries",3,503,62.45
hung,"both timeouts, no retries",3,503,62.63
hung,"both timeouts, no retries",3,503,76.2
hung,"both timeouts, no retries",3,503,61.82
hung,"both timeouts, no retries",3,503,76.89
hung,"both timeouts, no retries",3,503,62.33
hung,"both timeouts, no retries",3,503,61.78
hung,"both timeouts, no retries",3,503,62.21
hung,"both timeouts, no retries",3,503,77.81
hung,"both timeouts, no retries",3,503,61.36
hung,"both timeouts, no retries",3,503,62.01
hung,"both timeouts, no retries",3,503,62.06
hung,"both timeouts, no retries",3,503,63.03
hung,"both timeouts, no retries",3,503,61.68
hung,"both timeouts, no retries",3,503,63.54
hung,"both timeouts, no retries",3,503,61.14
hung,"both timeouts, no retries",3,503,63.34
hung,"both timeouts, no retries",3,503,61.95
hung,"both timeouts, no retries",3,503,60.27
hung,"both timeouts, no retries",3,503,62.12
hung,"both timeouts, no retries",3,503,62.13
hung,"both timeouts, no retries",3,503,61.73
hung,"both timeouts, no retries",3,503,77.71
hung,"both timeouts, no retries",3,503,61.38
hung,"both timeouts, no retries",3,503,61.92
hung,"both timeouts, no retries",3,503,60.63
hung,"both timeouts, no retries",3,503,78.93
hung,"both timeouts, no retries",3,503,61.77
hung,"both timeouts, no retries",3,503,60.36
hung,"both timeouts, no retries",3,503,62.12
hung,"both timeouts, no retries",3,503,61.91
hung,"both timeouts, no retries",3,503,63.04
hung,"both timeouts, no retries",3,503,62.19
hung,"both timeouts, no retries",3,503,63.45
hung,"both timeouts, no retries",3,503,74.48
hung,"both timeouts, no retries",3,503,62.53
hung,"both timeouts, no retries",3,503,64.48
hung,"both timeouts, no retries",3,503,61.77
hung,"both timeouts, no retries",3,503,77.81
hung,"both timeouts, no retries",3,503,63.28
hung,"both timeouts, no retries",3,503,60.52
hung,"both timeouts, no retries",3,503,59.48
hung,"both timeouts, no retries",3,503,61.15
hung,"both timeouts, no retries",3,503,77.89
hung,"both timeouts, no retries",3,503,61.16
hung,"both timeouts, no retries",3,503,60.94
hung,"both timeouts, no retries",3,503,76.97
hung,"both timeouts, no retries",3,503,76.85
hung,"both timeouts, no retries",3,503,77.58
hung,"both timeouts, no retries",3,503,78.41
hung,"both timeouts, no retries",3,503,60.16
hung,"both timeouts, no retries",3,503,61.24
hung,"both timeouts, no retries",3,503,63.11
hung,"both timeouts, no retries",3,503,63.07
hung,"both timeouts, no retries",3,503,62.51
hung,"both timeouts, no retries",3,503,62.02
hung,"both timeouts, no retries",3,503,63.06
hung,"both timeouts, no retries",3,503,61.23
hung,"both timeouts, no retries",3,503,77.77
hung,"both timeouts, no retries",3,503,77.43
hung,"both timeouts, no retries",3,503,77.28
hung,"both timeouts, no retries",3,503,61.94
hung,"both timeouts, no retries",3,503,63.23
hung,"both timeouts, no retries",3,503,63.1
hung,"both timeouts, no retries",3,503,61.57
hung,"both timeouts, no retries",3,503,59.68
hung,"both timeouts, no retries",3,503,62.17
hung,"both timeouts, no retries",3,503,61.02
hung,"both timeouts, no retries",3,503,101.25
hung,"both timeouts, no retries",3,503,54.18
hung,"both timeouts, no retries",3,503,62.32
hung,"both timeouts, no retries",3,503,77.64
hung,"both timeouts, no retries",3,503,61.97
hung,"both timeouts, no retries",3,503,61.93
hung,"both timeouts, no retries",3,503,61.33
hung,"both timeouts, no retries",3,503,61.76
hung,"both timeouts, no retries",3,503,61.91
hung,"both timeouts, no retries",3,503,61.6
hung,"both timeouts, no retries",4,503,62.99
hung,"both timeouts, no retries",4,503,78.4
hung,"both timeouts, no retries",4,503,77.07
hung,"both timeouts, no retries",4,503,61.51
hung,"both timeouts, no retries",4,503,60.87
hung,"both timeouts, no retries",4,503,61.53
hung,"both timeouts, no retries",4,503,61.9
hung,"both timeouts, no retries",4,503,61.24
hung,"both timeouts, no retries",4,503,60.82
hung,"both timeouts, no retries",4,503,62.72
hung,"both timeouts, no retries",4,503,61.85
hung,"both timeouts, no retries",4,503,61.6
hung,"both timeouts, no retries",4,503,60.56
hung,"both timeouts, no retries",4,503,62.32
hung,"both timeouts, no retries",4,503,77.92
hung,"both timeouts, no retries",4,503,60.19
hung,"both timeouts, no retries",4,503,61.68
hung,"both timeouts, no retries",4,503,76.96
hung,"both timeouts, no retries",4,503,60.82
hung,"both timeouts, no retries",4,503,59.65
hung,"both timeouts, no retries",4,503,62.24
hung,"both timeouts, no retries",4,503,60.55
hung,"both timeouts, no retries",4,503,63.84
hung,"both timeouts, no retries",4,503,61.9
hung,"both timeouts, no retries",4,503,62.53
hung,"both timeouts, no retries",4,503,61.79
hung,"both timeouts, no retries",4,503,76.48
hung,"both timeouts, no retries",4,503,63.89
hung,"both timeouts, no retries",4,503,74.94
hung,"both timeouts, no retries",4,503,61.47
hung,"both timeouts, no retries",4,503,78.42
hung,"both timeouts, no retries",4,503,95.23
hung,"both timeouts, no retries",4,503,63.72
hung,"both timeouts, no retries",4,503,75.9
hung,"both timeouts, no retries",4,503,77.14
hung,"both timeouts, no retries",4,503,61.11
hung,"both timeouts, no retries",4,503,62.25
hung,"both timeouts, no retries",4,503,63.63
hung,"both timeouts, no retries",4,503,65.03
hung,"both timeouts, no retries",4,503,60.65
hung,"both timeouts, no retries",4,503,62.73
hung,"both timeouts, no retries",4,503,60.89
hung,"both timeouts, no retries",4,503,60.89
hung,"both timeouts, no retries",4,503,63.02
hung,"both timeouts, no retries",4,503,62.78
hung,"both timeouts, no retries",4,503,61.63
hung,"both timeouts, no retries",4,503,63.21
hung,"both timeouts, no retries",4,503,62.64
hung,"both timeouts, no retries",4,503,61.63
hung,"both timeouts, no retries",4,503,61.89
hung,"both timeouts, no retries",4,503,60.61
hung,"both timeouts, no retries",4,503,61.04
hung,"both timeouts, no retries",4,503,61.42
hung,"both timeouts, no retries",4,503,60.35
hung,"both timeouts, no retries",4,503,63.16
hung,"both timeouts, no retries",4,503,60.65
hung,"both timeouts, no retries",4,503,61.1
hung,"both timeouts, no retries",4,503,62.25
hung,"both timeouts, no retries",4,503,75.49
hung,"both timeouts, no retries",4,503,61.62
hung,"both timeouts, no retries",4,503,61.65
hung,"both timeouts, no retries",4,503,79.85
hung,"both timeouts, no retries",4,503,61.97
hung,"both timeouts, no retries",4,503,62.58
hung,"both timeouts, no retries",4,503,61.44
hung,"both timeouts, no retries",4,503,62.17
hung,"both timeouts, no retries",4,503,61.25
hung,"both timeouts, no retries",4,503,60.13
hung,"both timeouts, no retries",4,503,61.42
hung,"both timeouts, no retries",4,503,62.27
hung,"both timeouts, no retries",4,503,60.33
hung,"both timeouts, no retries",4,503,80.28
hung,"both timeouts, no retries",4,503,62.69
hung,"both timeouts, no retries",4,503,62.64
hung,"both timeouts, no retries",4,503,61.79
hung,"both timeouts, no retries",4,503,62.5
hung,"both timeouts, no retries",4,503,62.21
hung,"both timeouts, no retries",4,503,73.99
hung,"both timeouts, no retries",4,503,78.52
hung,"both timeouts, no retries",4,503,60.69
hung,"both timeouts, no retries",4,503,61.91
hung,"both timeouts, no retries",4,503,63.85
hung,"both timeouts, no retries",4,503,61.57
hung,"both timeouts, no retries",4,503,60.18
hung,"both timeouts, no retries",4,503,77.24
hung,"both timeouts, no retries",4,503,63.32
hung,"both timeouts, no retries",4,503,61.38
hung,"both timeouts, no retries",4,503,63.48
hung,"both timeouts, no retries",4,503,61.89
hung,"both timeouts, no retries",4,503,62.05
hung,"both timeouts, no retries",4,503,59.87
hung,"both timeouts, no retries",4,503,63.3
hung,"both timeouts, no retries",4,503,63.74
hung,"both timeouts, no retries",4,503,61.68
hung,"both timeouts, no retries",4,503,63.82
hung,"both timeouts, no retries",4,503,76.34
hung,"both timeouts, no retries",4,503,63.22
hung,"both timeouts, no retries",4,503,77.31
hung,"both timeouts, no retries",4,503,60.54
hung,"both timeouts, no retries",4,503,61.47
hung,"both timeouts, no retries",5,503,61.88
hung,"both timeouts, no retries",5,503,61.7
hung,"both timeouts, no retries",5,503,77.0
hung,"both timeouts, no retries",5,503,61.61
hung,"both timeouts, no retries",5,503,61.84
hung,"both timeouts, no retries",5,503,77.0
hung,"both timeouts, no retries",5,503,61.03
hung,"both timeouts, no retries",5,503,60.91
hung,"both timeouts, no retries",5,503,61.7
hung,"both timeouts, no retries",5,503,61.72
hung,"both timeouts, no retries",5,503,61.98
hung,"both timeouts, no retries",5,503,62.32
hung,"both timeouts, no retries",5,503,62.31
hung,"both timeouts, no retries",5,503,77.57
hung,"both timeouts, no retries",5,503,61.71
hung,"both timeouts, no retries",5,503,76.37
hung,"both timeouts, no retries",5,503,63.35
hung,"both timeouts, no retries",5,503,59.62
hung,"both timeouts, no retries",5,503,61.04
hung,"both timeouts, no retries",5,503,75.75
hung,"both timeouts, no retries",5,503,63.12
hung,"both timeouts, no retries",5,503,60.66
hung,"both timeouts, no retries",5,503,61.58
hung,"both timeouts, no retries",5,503,61.73
hung,"both timeouts, no retries",5,503,77.95
hung,"both timeouts, no retries",5,503,60.73
hung,"both timeouts, no retries",5,503,61.14
hung,"both timeouts, no retries",5,503,62.02
hung,"both timeouts, no retries",5,503,62.64
hung,"both timeouts, no retries",5,503,62.57
hung,"both timeouts, no retries",5,503,62.62
hung,"both timeouts, no retries",5,503,59.85
hung,"both timeouts, no retries",5,503,78.76
hung,"both timeouts, no retries",5,503,63.17
hung,"both timeouts, no retries",5,503,91.11
hung,"both timeouts, no retries",5,503,62.68
hung,"both timeouts, no retries",5,503,60.18
hung,"both timeouts, no retries",5,503,59.9
hung,"both timeouts, no retries",5,503,61.9
hung,"both timeouts, no retries",5,503,61.96
hung,"both timeouts, no retries",5,503,60.95
hung,"both timeouts, no retries",5,503,62.67
hung,"both timeouts, no retries",5,503,62.43
hung,"both timeouts, no retries",5,503,63.27
hung,"both timeouts, no retries",5,503,61.67
hung,"both timeouts, no retries",5,503,61.06
hung,"both timeouts, no retries",5,503,78.82
hung,"both timeouts, no retries",5,503,62.83
hung,"both timeouts, no retries",5,503,61.18
hung,"both timeouts, no retries",5,503,63.51
hung,"both timeouts, no retries",5,503,78.06
hung,"both timeouts, no retries",5,503,78.45
hung,"both timeouts, no retries",5,503,62.96
hung,"both timeouts, no retries",5,503,61.64
hung,"both timeouts, no retries",5,503,92.51
hung,"both timeouts, no retries",5,503,63.2
hung,"both timeouts, no retries",5,503,75.41
hung,"both timeouts, no retries",5,503,74.94
hung,"both timeouts, no retries",5,503,63.91
hung,"both timeouts, no retries",5,503,63.99
hung,"both timeouts, no retries",5,503,62.01
hung,"both timeouts, no retries",5,503,61.7
hung,"both timeouts, no retries",5,503,62.43
hung,"both timeouts, no retries",5,503,61.11
hung,"both timeouts, no retries",5,503,62.09
hung,"both timeouts, no retries",5,503,62.7
hung,"both timeouts, no retries",5,503,62.68
hung,"both timeouts, no retries",5,503,60.59
hung,"both timeouts, no retries",5,503,61.63
hung,"both timeouts, no retries",5,503,90.26
hung,"both timeouts, no retries",5,503,76.87
hung,"both timeouts, no retries",5,503,75.59
hung,"both timeouts, no retries",5,503,60.91
hung,"both timeouts, no retries",5,503,63.06
hung,"both timeouts, no retries",5,503,77.26
hung,"both timeouts, no retries",5,503,77.28
hung,"both timeouts, no retries",5,503,62.92
hung,"both timeouts, no retries",5,503,59.64
hung,"both timeouts, no retries",5,503,62.99
hung,"both timeouts, no retries",5,503,62.55
hung,"both timeouts, no retries",5,503,78.01
hung,"both timeouts, no retries",5,503,61.84
hung,"both timeouts, no retries",5,503,62.95
hung,"both timeouts, no retries",5,503,76.26
hung,"both timeouts, no retries",5,503,62.85
hung,"both timeouts, no retries",5,503,63.23
hung,"both timeouts, no retries",5,503,60.22
hung,"both timeouts, no retries",5,503,61.92
hung,"both timeouts, no retries",5,503,78.52
hung,"both timeouts, no retries",5,503,60.09
hung,"both timeouts, no retries",5,503,61.64
hung,"both timeouts, no retries",5,503,77.81
hung,"both timeouts, no retries",5,503,62.63
hung,"both timeouts, no retries",5,503,59.98
hung,"both timeouts, no retries",5,503,79.59
hung,"both timeouts, no retries",5,503,60.7
hung,"both timeouts, no retries",5,503,61.62
hung,"both timeouts, no retries",5,503,77.86
hung,"both timeouts, no retries",5,503,61.95
hung,"both timeouts, no retries",5,503,75.98
hung,both timeouts,1,503,4431.34
hung,both timeouts,2,503,4748.93
hung,both timeouts,3,503,5338.42
hung,both timeouts,4,503,5743.28
hung,both timeouts,5,503,4780.64
hung,socket_timeout only,1,503,4574.17
hung,socket_timeout only,2,503,5559.48
hung,socket_timeout only,3,503,4881.52
hung,socket_timeout only,4,503,4850.54
hung,socket_timeout only,5,503,4211.88
